"code","iso","country","COE.ind.1996","COE.ind.1997","COE.ind.1998","COE.ind.1999","COE.ind.2000","COE.ind.2001","COE.ind.2002","COE.ind.2003","COE.ind.2004","COE.ind.2005","COE.ind.2006","COE.ind.2007","COE.ind.2008","COE.ind.2009","COE.ind.2010","COE.ind.2011","COE.ind.2012","COE.ind.2013","COE.ind.2014","COE.ind.2015","COE.ind.2016","COE.ind.2017","COE.ind.2018","COE.ind.2019","COE.ind.2020","COE.ind.2021","COE.ind.2022","COE.ind.2023","COE.ind.2024","COE.ind.2025"
4,"AFG","Afghanistan",NA,NA,NA,NA,NA,NA,NA,52.5829738755432,53.8229081629065,51.4277852319107,52.2301246210719,50.812000687533,52.4841585133021,52.677202847166,53.180363590704,54.3187191735497,50.3863641556419,51.3842622638065,52.5813444873984,51.6511058162205,51.1790482212712,50.3367212573356,52.654221255591,49.7923737169573,48.7802240760592,50.1704050330341,50.6225174147591,50.6312008366963,49.7192896431261,NA
8,"ALB","Albania",NA,NA,NA,NA,NA,NA,NA,50.0892664253003,54.0090365508003,53.1204200830473,54.3732796231594,49.2240338243508,56.8561435761712,58.5482992626633,58.7189025436326,55.7327576977427,53.3653869377674,60.0205345736809,61.1029022137979,58.6967678873551,61.9430216330485,60.3643219336128,62.8868868248698,63.820222565218,63.5954836311255,62.0819331051773,64.8290959200351,63.5369093096068,62.4635463695521,NA
12,"DZA","Algeria",NA,NA,NA,NA,NA,NA,NA,55.3122793629359,55.7329261041223,55.156555408448,54.9505346124826,51.6734819503733,55.7486195854657,55.8919193029242,56.0294318115613,53.8849283427705,44.8556363101638,54.3421707950893,50.5461508888253,47.4412595082398,46.6825253480483,45.0689770317772,48.9240025646976,47.8439507439835,42.7562599289549,42.2617480817389,43.0147228592957,43.4886100729522,44.4981196913983,NA
20,"AND","Andorra",NA,NA,NA,NA,NA,NA,NA,49.5424874264398,52.4024169113747,52.9587878034156,53.3746887862002,54.0780897268093,55.8787048583059,57.4682076629598,57.5527253755885,58.0315414284257,57.6067204412694,59.0699780919945,59.9124595547326,59.0282639520201,59.8122563111615,59.7063448015283,60.9435259830419,61.6344812660279,61.4612621575831,60.4656085271712,61.6132349479671,59.9724313662268,60.3458052967305,NA
24,"AGO","Angola",NA,NA,NA,NA,NA,NA,NA,34.0846180003198,34.0045961200215,33.7779917409066,35.5320982447933,33.9792046178063,34.8017521252227,37.2570483683146,35.1682403589063,33.8050624443963,38.4793370251134,37.8596004599206,41.1726418765877,36.7634964648818,37.2659189135979,42.7719299044517,43.672225163985,40.6127612427731,41.6677151350284,43.4821517687018,43.5216226548037,39.7900381594231,38.6570128709801,NA
660,"AIA","Anguilla",NA,NA,NA,NA,NA,NA,NA,77.2313391373343,79.3915080353383,78.9148101399213,79.3505945843609,80.5187930746,81.2295613618537,83.5651920552337,81.2789369391472,83.6550173715224,82.5725879957341,83.407163748806,85.0754602788633,84.1411040501966,84.5525290377406,84.8162930460508,85.6860730697293,86.6582435352131,84.901738298221,83.953942863515,86.5328747236578,83.6441085782948,83.0676698331192,NA
28,"ATG","Antigua and Barbuda",NA,NA,NA,NA,NA,NA,NA,72.6741665836514,79.3845607776463,78.17596282342,73.2588022351276,79.1263328987378,81.1266893831941,81.8155938783772,79.0000832955557,83.1160832510517,82.2743646203815,83.0334183442032,84.6871132308209,83.4312392806019,83.6944440845653,84.6642403408701,85.2578980329343,86.2889585412259,84.3856503454858,83.5831022289459,86.283041989322,83.2812553348615,82.499463915919,NA
32,"ARG","Argentina",NA,NA,NA,NA,NA,NA,NA,60.8839700640242,64.0398319765789,65.2711799913663,62.724182113242,61.3872758550698,63.0047895764041,65.8810878950121,67.2325626425054,68.5460796620289,65.7797245374075,66.8059135310699,68.6509237798276,67.5677827672181,68.8927751764757,68.073681142587,68.5465520684476,67.0975300082005,62.2617512175023,67.8453030576553,64.8940219683938,66.4763160594651,64.0701964612254,NA
51,"ARM","Armenia",NA,NA,NA,NA,NA,NA,NA,54.3610487374131,56.1164955026715,55.3663898502482,55.9309412365929,56.6462192323029,57.6679352656964,59.6998671295949,57.3619686736613,59.2113044592973,57.5259700627793,58.7923663529109,59.295248899517,58.2975286290332,57.6808039266388,57.2772192461615,59.2843249768865,57.8221335461718,58.4895817543404,57.79954330913,60.0584241404375,58.8088498461677,58.6016793630338,NA
533,"ABW","Aruba",NA,NA,NA,NA,NA,NA,NA,77.7818056672008,79.2062687543222,77.2499434423985,80.1781920094401,79.130843644036,81.3760398106568,83.0977133834665,79.0973197807747,81.2537002722666,81.6662805767896,81.3218557776615,83.7532682358809,81.7916825229176,80.9996596099851,79.8535134429443,82.7660914127349,82.330251839914,79.9457588198603,81.5360460492012,82.4516655407112,77.5616453208501,76.361168188616,NA
36,"AUS","Australia",NA,NA,NA,NA,NA,NA,NA,69.5126174563798,72.2148303498792,72.3486265513117,71.5634684870509,74.6875583765703,78.873737292505,77.276566705384,78.9451906741804,79.6092820779493,80.4161307190155,77.9647606580155,79.9830379101365,80.0522616606078,79.9751232266805,81.7760778885185,82.2795369995956,62.8193642599533,77.1096243186955,85.5875770733289,86.9946757178791,84.0966831504457,82.5176009220652,NA
40,"AUT","Austria",NA,NA,NA,NA,NA,NA,NA,41.6821825067583,45.4685743083037,45.5471379349413,46.0113484643237,48.6289582689341,49.5783449961871,50.2881186481184,49.4933714008726,51.0034075911526,52.4041359936021,52.1030473911087,52.5201275527585,51.9859047017654,54.109682001555,54.8654980494802,55.8386767833064,57.3385682383434,56.558762886887,55.3168452468029,57.8400259250355,55.6646045280214,55.9533153987621,NA
31,"AZE","Azerbaijan",NA,NA,NA,NA,NA,NA,NA,56.9900695586102,58.6187800058006,58.7610304140946,58.5389118416702,59.2523447578548,61.1660386552222,61.9894270497746,58.6434687115312,61.4406533780594,59.634836240714,61.2630035574752,62.0701088638551,60.634127739744,61.8505379878222,61.7778064820808,63.0420024307437,62.1435405569913,61.9337254801092,60.4618912477117,63.5628118509849,61.2391632088271,61.9448116584782,NA
44,"BHS","Bahamas",NA,NA,NA,NA,NA,NA,NA,72.1037153951818,72.4655850034563,72.5169430496874,72.8539713321662,73.7322543890413,75.8432480038765,78.0246901873092,74.6203339565783,76.3894545044991,76.9288327902263,78.4124255320391,77.9895764776413,79.0422234478307,77.7135677728613,79.8384582672079,81.6871160879863,82.3148595211932,80.5285910244102,79.9142865378485,83.4830986861477,79.7046506548252,78.3308432409486,NA
48,"BHR","Bahrain",NA,NA,NA,NA,NA,NA,NA,45.6903218412079,45.0974264144381,45.0112288457497,44.5569980919542,43.2467037609263,46.1767244300049,48.3433333768419,42.1456159345364,47.4293826883692,45.367070132164,45.8636401963067,45.852191132747,44.7574258901524,42.6827482324013,39.5038051122812,41.3321801341723,41.6303405039434,40.2543795077825,39.852173818292,37.8022869169461,39.7543941978112,39.9865570761594,NA
50,"BGD","Bangladesh",NA,NA,NA,NA,NA,NA,NA,8.13112224450177,9.69747440795275,10.0148312995529,6.04788744403145,6.55048973358022,6.85203656104703,3.5973790925471,7.6366366573918,4.60021975599724,4.62805755548919,5.32841199587875,2.62145278590005,3.40071602434256,3.08435550518196,6.00340129001911,1.23030787114747,2.97388820584293,0.840589436030115,0,3.42455811644263,0,0.816789091344006,NA
52,"BRB","Barbados",NA,NA,NA,NA,NA,NA,NA,78.6830257981783,80.5292497177504,80.0886117458585,81.0883686402039,80.655492372643,82.4856473918071,84.2570110185646,82.635336535785,83.5755242574833,83.4398861998444,83.4901921627908,84.9632183133337,83.53426718252,84.0623211349356,84.2736612158016,85.2895627773163,85.9395529085964,83.7735634057431,83.5415963228857,85.8356970933477,82.8357803687027,81.572262725032,NA
112,"BLR","Belarus",NA,NA,NA,NA,NA,NA,NA,55.5614462840444,57.9058083715721,58.1091617766099,57.6180476802083,59.5578807226521,61.3244793552231,61.7001522589908,58.4113062123122,62.0615065802609,61.3740077374206,62.0046015270536,62.1224544003584,61.9718252212611,62.8353250277281,64.2378582117794,63.9207253492794,64.3995496684858,64.6486235980907,61.8461830290094,65.8220903750716,62.6241211832232,63.2306420535146,NA
56,"BEL","Belgium",NA,NA,NA,NA,NA,NA,NA,35.5918000310464,40.4116342119453,41.8513305233683,43.6304213139386,44.9610170609155,47.0643252583725,48.2990585834975,47.369384222846,49.0996018033897,50.4477817480542,50.2574769229763,52.0551248099449,53.6325359926254,53.5264388255422,54.3659987534806,56.3932195363689,58.5297539187716,60.9223156251555,58.4240469378508,60.5582136656401,59.798840710671,58.9775122864567,NA
84,"BLZ","Belize",NA,NA,NA,NA,NA,NA,NA,63.2908590067315,70.9667358556781,61.1898467489267,71.3472697881035,68.2514216859175,71.6754894732822,72.7790197763305,68.8133891948378,68.5377054414886,72.498836781022,69.2420229201459,72.7042681252104,72.3796458562574,71.2153136799972,71.0673285864588,75.12061599217,72.099577274308,70.7079152796795,74.1320250331966,75.4910535788999,69.0035841015247,67.4418875695679,NA
204,"BEN","Benin",NA,NA,NA,NA,NA,NA,NA,45.4822662599207,41.9230365246693,43.9731261919165,45.6170416735518,40.5983560066523,40.255732322004,44.9818986149217,44.8203467865114,43.7685582299123,44.4970498100068,42.5664347162709,44.2604577878808,40.6692481126702,40.297261483629,39.0024167030882,40.4008677591346,40.0470141820321,38.9965753840504,40.0984567101986,38.7740808965343,39.0458346184131,38.3342108535294,NA
60,"BMU","Bermuda",NA,NA,NA,NA,NA,NA,NA,68.6843559060902,70.6329962709583,70.854661926298,71.3966987776318,71.4899362832028,73.6482375674007,76.6750909596903,72.7470733929098,75.65006991369,75.1062556200728,76.380008178648,76.6150629388844,76.789368617695,77.0101655812849,78.0817995751184,78.8047008598338,79.7176028293312,78.4584075396849,77.9986101760671,81.1877823474947,76.1705412710338,77.5414078242999,NA
64,"BTN","Bhutan",NA,NA,NA,NA,NA,NA,NA,20.4879814137398,21.507877173953,20.5576822591883,18.5943217720478,19.0940272650323,19.5815203537229,14.8631257137631,17.9667925843386,17.1712308239356,15.9787650175011,18.5493871087264,14.4131701638988,17.0406383150494,17.03681217298,17.9865363804419,16.1404120334945,18.1652547737721,16.0575092259988,14.1264537697302,16.1894859711554,15.4663642362649,15.3064450559045,NA
68,"BOL","Bolivia",NA,NA,NA,NA,NA,NA,NA,53.3206861620912,49.5713353794628,50.9850235661696,55.9387111333311,49.8256208896469,57.3818201313097,62.1323239727749,48.0715539711737,56.6753562028126,61.2280982178542,63.6396264282564,63.0662020414074,60.1730264256847,55.2311868553045,58.5909986821096,62.2721693584917,57.4743602467919,53.291703684553,56.9173247592523,53.4963770196051,54.1040739311461,43.3746502323834,NA
70,"BIH","Bosnia and Herzegovina",NA,NA,NA,NA,NA,NA,NA,46.5284657378919,50.3791394523067,49.1642267558158,51.1592234072842,51.2565225475951,53.7663757961564,54.7465963647698,55.2087035319046,54.0701208576927,53.5584807271933,57.054564035878,57.7861050049274,56.1113714107467,58.1366364692351,56.940771883127,59.4787596105734,60.3982475136476,59.8728227671809,59.1312198049714,61.2296469823512,59.7344467851118,59.1013607201989,NA
72,"BWA","Botswana",NA,NA,NA,NA,NA,NA,NA,66.8634805752223,68.5940123409495,64.0989472418167,66.2347220102083,65.0727379241252,59.3727498006115,67.0612911129069,54.0437247644731,58.4733719153506,64.3875224464197,66.6325669404004,67.4341130630941,64.8233008117646,65.6718924843889,64.6320005784578,64.2267283498644,64.8186324383661,63.9774361504638,62.2201177333688,61.194826726207,58.7225071118644,62.9105401790289,NA
76,"BRA","Brazil",NA,NA,NA,NA,NA,NA,NA,54.7607094820295,56.1386835983024,55.6231921572623,56.9801733258036,55.3910248068127,59.9427822814109,61.575809317951,57.7444465350468,61.3210957480198,60.5800757339112,63.1999930626918,60.9801707636817,58.4791914817068,60.0860425276787,60.4169073900337,61.1283429443229,58.9337143965892,58.5877977887772,59.6393183115805,60.2292936160649,59.1715787990984,53.4276847000281,NA
92,"VGB","British Virgin Islands",NA,NA,NA,NA,NA,NA,NA,77.4152751849381,79.3476821501827,78.9373812810545,79.521353808181,80.4526616826474,81.2121571962136,83.6011360569899,80.9277948243249,83.6366056205651,82.4937364741551,83.4113108457981,85.0184045192205,84.200934618323,84.5491894236526,84.870941701672,85.7001400244597,86.6065399081193,83.9914269176626,84.0355805300885,86.4494288882426,83.7944404566478,83.0796674987429,NA
96,"BRN","Brunei Darussalam",NA,NA,NA,NA,NA,NA,NA,38.9672512079818,46.6347482883307,29.0779697766848,41.6512861929619,52.2287796465655,56.665143085701,9.85148340700803,45.2337502863013,31.3999533544563,33.6537021816959,45.3139487339776,46.0354904971679,33.7550351491062,37.366524999316,60.6200910393564,41.6057031214005,27.5791217112475,52.6047375021899,50.677410346274,52.8580272570698,51.2084710627486,36.7967866896594,NA
100,"BGR","Bulgaria",NA,NA,NA,NA,NA,NA,NA,46.2672035443483,47.839091517649,48.1689744391932,48.6791171795839,50.3916976678464,51.4881384347723,53.1244666163362,52.583498577853,52.4145816691316,53.1078098979898,54.9274185542537,55.9713387683414,55.0770649285722,56.0071578779399,56.3525285695018,57.8528972037047,57.9205591920761,58.5756951145291,57.6581627068031,59.9862449960744,58.4423224694139,57.8573369195647,NA
854,"BFA","Burkina Faso",NA,NA,NA,NA,NA,NA,NA,52.765525949916,49.6852217319177,52.0900646999922,54.7126354381927,54.1501800260621,55.3449915741943,54.1277964326137,51.6155212059688,53.1642016092458,55.4008331444361,52.9969106338539,52.7405781396261,54.5696385196339,51.716876015275,50.8904866267496,51.8083974958125,52.5682690401923,51.2940761196675,50.1756469610587,51.9298728412989,49.9555082424229,50.6934504963278,NA
108,"BDI","Burundi",NA,NA,NA,NA,NA,NA,NA,21.9816494337481,22.9149188167272,22.8728789568597,25.2414686597537,21.1465404413636,22.9703159758978,23.1620528455667,21.4152120779922,21.8795761075795,19.9658225466997,20.3600716955181,20.3580769947259,19.31104011946,20.2866033199267,23.8076653962689,20.7464478284992,23.1127406221116,19.6591535847951,20.3995829896461,20.695635902569,21.0750281357991,19.5312097058184,NA
132,"CPV","Cabo Verde",NA,NA,NA,NA,NA,NA,NA,72.1583428769529,74.6084557854758,74.1862145635715,75.1654376412902,74.5335000050842,76.3359358220685,78.9287590736594,77.5704426101118,77.7670723965446,77.2198778389003,78.0063633410859,79.4124051947285,77.6583600745335,78.2377599573366,80.2909831750992,80.5075294922111,80.6530116938696,79.3117470867559,77.6250752342462,81.7676174769911,77.8311835313766,78.364588349684,NA
116,"KHM","Cambodia",NA,NA,NA,NA,NA,NA,NA,41.4103750028657,38.2180394034006,40.3828212843134,44.211919681632,44.3625359287296,44.0670951897107,41.4875022112803,41.7229855860629,40.7764156213054,43.2366187335525,39.9994898707496,41.503510818052,39.7552476336103,39.5024050932555,47.2901367755252,44.4860448885938,45.3323590773333,42.4260601044738,43.7483849425055,46.4455080898723,45.967281852739,45.769345348233,NA
120,"CMR","Cameroon",NA,NA,NA,NA,NA,NA,NA,40.8827019325778,39.1697802498038,40.6716525759558,42.6841557540474,40.8911523926975,41.0318093378655,44.0157922693577,42.4440085245997,42.7805399166795,44.5619400936644,41.8713304988292,43.069010581348,41.3456192334741,38.5215854053969,39.5743812418969,40.0030980443373,39.6585165150739,37.6158206732441,36.8575393313697,39.0047622608057,37.896191303398,38.2029649060853,NA
124,"CAN","Canada",NA,NA,NA,NA,NA,NA,NA,42.6317443222716,48.1571636486154,48.1752274925806,50.0081316058582,51.7960856897172,53.0518189049099,55.9955680509817,54.5088992464367,56.1690056170585,54.8235315769767,56.2919302898848,57.0001964037981,55.5608176609634,58.7239190417123,57.8196471191319,58.1567418938701,60.1192603158989,61.2948378916009,57.3317536180383,61.4494203711896,51.5357756189887,57.6464966864194,NA
136,"CYM","Cayman Islands",NA,NA,NA,NA,NA,NA,NA,72.6655185381369,72.9978774021953,73.9586887845882,74.5918577909534,74.9871285378036,76.6610869815963,77.6793744587727,74.6290222577392,76.8260139473405,77.2301289380304,77.7526272570171,77.7618150170328,77.1664204020923,77.2729654646791,80.069595433715,80.9780283124029,81.6282265540386,79.5482138288491,79.7796412819955,82.3451365267538,79.6246392706577,77.8095917039786,NA
140,"CAF","Central African Republic",NA,NA,NA,NA,NA,NA,NA,26.1172333964077,26.1512736759809,26.649095968891,28.2995446101766,28.8873639413541,26.4997149357745,31.0090711699433,30.1035661481576,28.4726839462195,34.32301648532,32.4989139570731,30.817747448778,30.9090796516718,29.9330198679613,33.9048474620828,29.523074119612,33.9150466605116,31.244738625837,31.5505955678447,33.0763562718706,35.6336693113325,32.8977286966641,NA
148,"TCD","Chad",NA,NA,NA,NA,NA,NA,NA,47.4443818816945,44.3559119651725,47.409759452088,47.8070212531114,48.6500784890896,50.5027945215253,52.5292315184233,51.5671835861444,52.0275696852801,52.3755661082489,50.1728863600127,53.4270758133283,54.5082494130347,51.3375579674324,53.7003599905198,52.3760643682922,54.2820308369178,52.4655071862699,51.7269056234497,54.7858572646056,53.49547508967,53.4720880676497,NA
152,"CHL","Chile",NA,NA,NA,NA,NA,NA,NA,25.3972674656749,26.6029227523947,27.7794272817869,27.4192821344879,26.1405970315472,25.3703218218776,27.728620143275,26.099209702929,25.8247497720771,27.5729523840321,25.4684644914528,24.9421826604933,26.5888132078375,23.3744850377108,21.3130988510021,24.615163556324,24.294495846201,26.1794623823996,24.4325837056788,22.6969991000914,27.7979133923765,24.8774109200356,NA
156,"CHN","China",NA,NA,NA,NA,NA,NA,NA,5.77361661607711,6.07781298258027,6.26370836104373,4.43872636845387,3.10159499946133,3.54849160161658,3.13070005048762,4.35877195772407,3.47011776052392,3.75688500963783,2.71437979474339,2.72463707979736,2.69694572616542,3.50465504226834,3.50174121161791,3.27363782441462,2.18149205689529,2.83824189485324,4.07477158797333,4.72514367977641,3.19261262582755,4.56373896213439,NA
170,"COL","Colombia",NA,NA,NA,NA,NA,NA,NA,48.0102718213878,50.3150724072796,51.141835347272,52.5738512883208,49.9287898042436,53.5366127566551,52.7309545705325,50.4434698747065,55.4941322089421,52.5751579161645,52.0428833251545,51.1310188766602,49.3936689257672,48.1345549699501,51.5146031243748,50.7675421947607,49.139945342997,48.2519247712343,50.3616443126133,49.5922967181939,47.7271863279817,45.7023203363322,NA
174,"COM","Comoros",NA,NA,NA,NA,NA,NA,NA,80.2627758712025,81.1224859520048,80.0071438033979,79.8938075668926,77.6354942981184,81.8164041075567,83.9011649816663,81.9897300610658,81.949721450098,81.7945508752973,82.3127305779704,82.0245917993993,79.6587997226972,81.9719033808051,82.2210078402071,82.6459695076069,84.379198334685,81.8137038705578,83.9338654182985,82.5638899360704,82.3734948046995,78.8596771279236,NA
184,"COK","Cook Islands",NA,NA,NA,NA,NA,NA,NA,94.3211628937609,95.0684446797701,95.4513556925431,96.5206570834764,95.2544921775781,98.4767852431984,100,99.5747125570748,100,100,100,100,100,100,99.2952767670008,99.8986351458621,100,98.58634372209,100,100,100,97.3308635437541,NA
188,"CRI","Costa Rica",NA,NA,NA,NA,NA,NA,NA,66.4894880802031,68.0651503014274,66.5113039865039,68.1853527205954,67.1188161001556,69.5001401060076,70.0002146164262,67.1096306963319,69.3247349908393,67.9378236263583,67.9114208115369,69.437257025458,68.3080442683549,67.2425183400206,67.8713295989118,67.9066330751145,69.1667526064226,67.4881807666553,68.2790342126354,68.5711524959848,67.2389347079088,63.8362339661298,NA
384,"CIV","Cote d'Ivoire",NA,NA,NA,NA,NA,NA,NA,48.2850147926435,50.2812956214993,49.8525834511344,51.4686519211897,48.3623022077691,46.7590210106792,49.1974467792212,51.2852689530308,48.8977392307343,51.2266074553162,50.1289999046198,53.1810886687334,48.3119981796207,46.9793009272233,47.8681343719908,49.5915427763838,48.9533891520131,47.3466576745408,49.8703311271069,48.0798852066278,48.3537991573539,46.7187739828166,NA
191,"HRV","Croatia",NA,NA,NA,NA,NA,NA,NA,40.3113202030375,43.7100259010368,42.7825035667319,45.0512894236164,45.617788256251,47.5631625591826,49.6216818997175,49.6650967453733,48.284244115947,49.633991668498,51.1084235037892,52.5825097677251,49.6147562824702,52.031229520039,52.5481865475801,54.410024452319,55.6509587610548,55.307095371742,54.3933144562954,55.585433583203,54.3574004827246,53.8084637172494,NA
192,"CUB","Cuba",NA,NA,NA,NA,NA,NA,NA,67.6469303018922,67.9229297951896,68.2451370579296,68.9290733409141,69.5055243508426,71.6457746663722,72.4242155405432,70.7073447160659,71.5482556662885,72.4472208346831,72.8676160697004,73.2444023961926,72.9130298122351,73.2216166467835,74.3191108825596,75.8462745333157,75.8689443074823,73.8404307135396,73.6386755387023,76.7080218140542,73.0720823044813,72.7643022720578,NA
531,"CUW","Curacao",NA,NA,NA,NA,NA,NA,NA,77.2404721172389,78.5378308574303,76.2286294831832,79.5546712016034,78.4087569174134,80.5667629240224,82.6559774876547,77.8022118540342,80.3047836066957,81.0636882473012,80.593829072297,83.3007379781156,81.1985815280159,80.1444300191949,80.7792118429191,83.5931474245633,82.3907081389017,80.2389480692404,81.6422769250983,82.3684781599163,77.9978762352751,75.9142822324034,NA
196,"CYP","Cyprus",NA,NA,NA,NA,NA,NA,NA,56.801439622214,59.9113358209461,59.7776458698257,61.2238956888487,60.7167110641541,62.0426007970017,64.1369614868306,61.0393880706503,64.141440779215,62.7411669043085,62.4108111484551,65.5283347882064,64.2362984806499,63.7437605713111,66.049917479542,67.1838663267544,68.1349001030799,67.2382291942396,62.9108522023139,68.0957273631786,65.9161515259518,66.6307644091374,NA
203,"CZE","Czechia",NA,NA,NA,NA,NA,NA,NA,38.1421075473905,42.1481174269005,40.7110551349768,40.8791005818096,45.6259538901283,46.0514134406867,45.9463232780336,44.8496477408743,46.9785476640754,48.9420604103448,48.8515975061001,48.5588840868164,49.6937776248343,50.4598193316486,51.4531915816502,53.2140162968539,53.7716420063164,54.4138133938616,51.4598196125365,54.4761973787683,53.9345607412692,53.3219664692681,NA
180,"COD","Dem. Rep. Congo",NA,NA,NA,NA,NA,NA,NA,29.7592670664478,27.6851196734276,26.4406837596663,28.2189561047037,27.7409076496211,26.8276891390047,27.4602153384723,26.0709624033329,25.4578474950087,26.7636647829736,25.1502149091326,26.3074812411504,23.5538768000975,24.9085287881463,30.8827899237519,27.4751428117154,28.3050785606033,25.4687051831972,25.8068215559691,26.3669644536607,27.1378465985494,25.8920484205392,NA
208,"DNK","Denmark",NA,NA,NA,NA,NA,NA,NA,51.6704241176766,57.3025812648402,57.2878381630626,56.4900877483645,59.308040394385,60.6565413014121,61.4441509950433,60.6524998531957,62.4117377703127,62.1116908671421,63.3164448411578,61.9005864791521,63.9716838726027,64.2273602509372,66.1143333132525,65.0928729802471,66.5441645978249,68.0607778679401,64.7984806712509,68.5835055990332,64.5243945557008,65.2739709059646,NA
262,"DJI","Djibouti",NA,NA,NA,NA,NA,NA,NA,67.1999275993025,66.5009196208293,67.7849694678432,67.988264134675,66.5332102798654,68.3046938188683,69.7344500914814,67.8816657530789,65.9604796742924,67.7492560527755,67.5531768191421,69.2855290288117,67.6628355197314,66.6172718465832,59.7204323654113,62.2351151718911,62.3745421956608,59.052917026208,59.4056489497974,61.9806195180879,60.3674036116314,62.4463778198809,NA
212,"DMA","Dominica",NA,NA,NA,NA,NA,NA,NA,77.2871722815094,79.4826531668195,78.3990755122465,79.5325356152288,79.8152184765822,81.2044165345881,83.4983101566439,81.2642054010393,82.6472311715055,82.329252732755,82.7246464605945,84.4699828508209,83.0640138604037,82.9579368596357,84.2168639655934,85.1229293030665,85.9309978616643,83.8279407436921,83.2972887738897,85.9417181914718,82.8622295925851,81.7939976173608,NA
214,"DOM","Dominican Republic",NA,NA,NA,NA,NA,NA,NA,59.0107209391227,59.5617293088629,56.1362605088688,58.1441909861676,58.5693462052293,61.9179241070666,64.4106026366233,60.8417535155164,62.9675824935688,62.7123948069622,64.3289697338842,64.5238369154253,65.1082747057987,64.1290062589033,63.9469437059026,65.8178840095832,64.6395270049446,64.4413771975245,63.6991984578025,65.1175664726078,62.9952032766574,62.9981980131186,NA
218,"ECU","Ecuador",NA,NA,NA,NA,NA,NA,NA,53.3840313037174,54.8555042465548,53.2764120476275,57.0496193589984,53.1164017142216,57.1347788008326,56.2784136927629,54.3131076159866,57.5332043086243,56.77608930813,55.6051395730441,56.3576870927972,53.8608418561884,51.8701210586028,54.6934738734216,54.9996250318831,53.9379374363095,52.4278638659568,55.0251962125333,51.1382188534442,53.9899962086303,49.4585508839654,NA
818,"EGY","Egypt",NA,NA,NA,NA,NA,NA,NA,32.9358746742356,34.1423321567628,32.6398234702737,32.0924909092327,32.7078956373872,33.2334881958105,32.9799087481971,31.3869082302752,34.1396511297936,32.9926704108374,30.4157748943263,28.8639407140561,31.0253934980375,30.1548409733047,28.9584113319601,29.3743274843269,28.9651810810932,27.8494629734789,26.0472449487877,27.552488501581,25.7037182038443,25.7272818785808,NA
222,"SLV","El Salvador",NA,NA,NA,NA,NA,NA,NA,48.377822487898,47.8530520484754,46.8115729435887,49.4336515382297,48.0917989503922,51.6538835732372,48.2511344917546,49.3458122388232,49.2869716320926,48.0974108422586,48.1275068749712,47.9382650526033,47.4450273359761,46.6127367031046,48.7218017914992,48.2239471684953,46.3563458670334,47.4241981771239,48.99104340974,48.7003304049075,46.4254554975104,46.9874180331857,NA
226,"GNQ","Equatorial Guinea",NA,NA,NA,NA,NA,NA,NA,60.6814676001216,58.1173418110565,57.7318301023157,60.0314745389086,59.58219269379,57.2227749369422,60.7738222600967,57.9871719375248,58.4755493772605,61.6204569421922,58.0729926238387,59.7177325533744,54.8947490482836,54.5843256270694,54.4259258214562,54.8533567848511,53.9816909714784,52.9972647433982,52.950776751139,53.8437172041361,53.0277340012124,52.2818573294941,NA
232,"ERI","Eritrea",NA,NA,NA,NA,NA,NA,NA,60.9059347696776,60.4864942971481,60.8764302445727,60.7184189504506,60.0066016031528,60.4542013396166,62.814850334114,60.6686564544545,61.2325988396293,60.6812359049174,60.3831259006224,61.1647231137887,61.8833000244657,60.8382359059963,49.6389126350374,50.096024002461,48.1217534232444,49.0590468024753,49.6359115326507,52.5936271458562,50.5932237277912,52.0656657321666,NA
233,"EST","Estonia",NA,NA,NA,NA,NA,NA,NA,51.9401885648841,53.9293943221633,54.3461667949919,53.2632284929522,54.8513337546856,57.47659298746,57.7882149440914,54.9221126492173,58.2582018387189,57.7038101783593,58.1676807967324,58.0208692765945,59.9423838696911,59.7160621393737,62.1562003338102,60.9145075342031,62.0965368940794,64.122211561028,60.2582098781956,63.0179379008424,59.1660775753682,60.8827181446383,NA
748,"SWZ","Eswatini",NA,NA,NA,NA,NA,NA,NA,48.1646158033029,46.5574399800087,43.9095271935608,46.7854610081391,38.2213456916553,43.2465313641467,47.2592058128531,42.324658894799,44.6031640005915,44.5480920865485,43.7208719760742,41.1710796591387,42.3284846342086,45.2868246426308,44.0306113555493,41.8939967383982,40.9407706020605,41.9042092138214,40.6705769885139,41.2348823975719,41.7214022892865,37.743743845714,NA
231,"ETH","Ethiopia",NA,NA,NA,NA,NA,NA,NA,38.0143285372315,38.0649552555544,37.0658447354343,38.5254240537516,37.4542924323748,38.0553811753153,38.8645090605877,37.0485510854989,37.4755962388325,37.0687464363083,36.3039548877632,36.7966415842303,36.5316218386007,35.7934217265271,35.7355301212919,35.8775655532515,36.0972160988116,34.6750447928521,34.7991606459807,36.3106166328182,35.6007795209517,34.5663532158065,NA
234,"FRO","Faeroe Islands",NA,NA,NA,NA,NA,NA,NA,63.4338986726988,68.1489433646044,68.9038560216775,67.842109562006,69.4285233975158,69.4966589417318,72.2817323890469,70.1310113267441,71.7371717239617,69.9777904036859,71.3831819749878,70.8543891057251,72.0483065264558,73.3106344002841,73.6347424558434,73.0113285518429,73.5982291404072,74.430462570276,71.8318957318173,76.087762684314,70.4236394869151,71.9116978050367,NA
238,"FLK","Falkland Islands",NA,NA,NA,NA,NA,NA,NA,93.0580071857143,91.1822939866883,92.7120964798766,92.8459676799192,93.2126812407775,94.6819818200239,98.3273036485919,95.9064753553466,96.3339279137924,95.5593375151024,98.2602563092771,98.9585702519247,98.1480390554676,97.6100787449443,98.0867150453051,98.2271183145499,98.568291113342,96.0990133858459,99.0693074210502,96.2251770858577,98.3505249097963,96.802253500012,NA
242,"FJI","Fiji",NA,NA,NA,NA,NA,NA,NA,88.7554450770554,91.1443081994249,90.1154714581854,91.9081308719949,90.3856819912547,92.9988432265327,95.5122052248503,92.9283041842046,95.1022420004383,95.1064216299611,95.9986619222345,93.8929278248885,95.0857892318725,94.2706698987836,94.4430260549133,94.725385789477,95.0833937615546,94.4484037999074,94.1454372487496,94.7004741286826,94.9483994621722,91.9051631941593,NA
246,"FIN","Finland",NA,NA,NA,NA,NA,NA,NA,54.899226435744,57.3269228434783,57.7121503216925,57.1099374588518,59.5697828580728,60.6238548473138,62.093807842926,59.994147093444,62.2239142079379,61.6379644091296,63.1513729115596,62.4283799022632,64.089250071145,64.1122421182478,66.2765457795167,64.6906337200673,66.1350982418705,68.1544457432521,63.9097620573549,67.2928589535687,63.4510552540373,64.8496474390241,NA
250,"FRA","France",NA,NA,NA,NA,NA,NA,NA,40.7482688891752,44.9283154618378,45.9287940604042,46.4254290087173,47.5606126974836,50.1683064035265,52.0704452916456,51.8541516007046,52.395348095042,53.4208920053313,54.0086462100257,55.0008409583627,55.3890574651295,55.7707056293531,57.0591957330723,59.0444006762719,60.3175598426663,61.6083801737321,59.4641263918843,61.0537884833352,59.7518247769918,59.657452283857,NA
258,"PYF","French Polynesia",NA,NA,NA,NA,NA,NA,NA,92.6923876314777,94.6931692343841,94.4840053272532,96.3648994573622,94.9667718601301,97.8670931279008,100,99.2813241332704,100,100,100,100,100,100,99.3186630101504,99.9297821259208,100,99.1816651899684,100,100,100,97.2561968245272,NA
266,"GAB","Gabon",NA,NA,NA,NA,NA,NA,NA,56.5895303044649,53.6634657954011,53.3935980135225,54.9492914836061,55.2546538173683,52.1803310233116,54.5505194001435,52.2046795504047,52.2198129686649,55.7364153088227,52.1842776630854,54.1279258840293,50.2735590644061,49.4697095908235,50.8892329366719,50.8089428840914,49.4707658900366,48.8124473911314,48.003798068988,48.9978440050068,47.8869669588573,46.9069178727276,NA
270,"GMB","Gambia",NA,NA,NA,NA,NA,NA,NA,58.4300500423828,56.251443625256,55.8406310011205,55.7985072395581,54.6061925906887,53.1197566931492,57.1268750473919,51.6686326486883,55.4253074772929,57.5483995533854,55.2321459119552,57.5737340077433,55.3579285987063,53.4461778052689,54.7079898807535,55.1913673300541,54.3495953432871,50.958840468266,51.3809730927388,52.2883095834702,51.1256580229442,49.8991816274955,NA
268,"GEO","Georgia",NA,NA,NA,NA,NA,NA,NA,56.9558033141465,59.0322430689835,59.3319873810599,59.0136062432015,59.0733380955894,61.690916501071,63.295374545912,60.3903795795814,61.8508629271992,61.474077979725,63.0690529084685,63.6509895699038,62.695153941236,63.9438422867207,63.2545402178111,64.5700661947471,64.0488480028407,64.0767464132667,63.3054671419134,65.7410940375152,63.712388103338,63.651982661944,NA
276,"DEU","Germany",NA,NA,NA,NA,NA,NA,NA,40.5869405022326,45.1361968716091,45.3146795188371,46.292378473346,49.1992123122114,50.2669956242309,51.1517242335359,50.3217375613438,51.7276160640834,53.3779999159851,54.182646318454,53.6516092342025,54.7370460919173,55.9058588773566,56.4417651482934,58.1027209169051,59.8795664297544,61.1100137187013,58.7088701155586,61.7571330363225,60.1805107927452,59.3779882870788,NA
288,"GHA","Ghana",NA,NA,NA,NA,NA,NA,NA,44.8653146059624,44.3802456247472,42.9100218553308,47.069141134145,41.5652556634796,40.1316837189472,46.0533754897521,45.2549463394245,42.7113343439949,46.8805460166877,44.1212917372592,47.0292049160286,40.3503821268956,38.4834192602148,39.7252521887429,41.5545688312283,42.4638576929403,39.8588436519166,44.1760272603368,39.9211431586593,41.6032593610756,40.3099536914361,NA
300,"GRC","Greece",NA,NA,NA,NA,NA,NA,NA,49.4506312215549,51.9444679961999,52.5889584453479,52.8580949152414,49.1502919176482,55.433927041056,56.8198068599078,56.296593287141,57.2467901945816,56.4177237573501,58.4683139644021,59.3381207403386,58.3373333123277,59.2266872343676,60.5924272645372,61.7618388435743,62.5680680392856,62.7616695441946,58.0186445725512,63.7301234188312,58.5457889280175,60.7613843041651,NA
304,"GRL","Greenland",NA,NA,NA,NA,NA,NA,NA,66.3028838573889,70.6182161987708,70.2914962367488,70.8735361139911,71.1360359815003,71.7536940862244,74.479944385097,72.7653249541775,73.6546264518903,71.1677384722744,72.7292243900767,72.2957035514791,73.3784146345391,74.4769989801659,74.6922113420866,74.394187940544,75.1585525914069,75.3947850638771,71.7712877992754,77.2258036650492,69.4773654805881,73.6873828852715,NA
308,"GRD","Grenada",NA,NA,NA,NA,NA,NA,NA,79.1522559675444,80.6982497090774,80.1647474470002,81.3062611847677,80.7822579864629,82.4977898423936,84.2331335208252,82.2391329905047,83.4843611444133,83.569574009927,83.4875507492324,84.9651950084646,83.3710405295869,84.1128295613451,84.1008749247491,85.2180254769998,85.0627787099228,83.2242018356078,83.4096828066939,85.1983036720462,82.4900096729999,79.461327310046,NA
320,"GTM","Guatemala",NA,NA,NA,NA,NA,NA,NA,37.8330559819922,44.0834398888717,37.5043883099983,42.4387115316571,40.5906766954895,44.5113254031636,42.0891783754191,41.4151320135002,41.43057401407,42.2799633198308,41.3973596315295,43.8528193104719,43.6345521518018,41.9670525901024,42.5470567087184,44.8569405192008,42.1607125305182,41.8628321598574,44.397317023467,43.4436322953603,41.2037156763103,39.7803856704021,NA
831,"GGY","Guernsey",NA,NA,NA,NA,NA,NA,NA,54.0398325919268,60.9883177794833,60.7282753285491,60.3966219658796,61.1465130953641,62.9280935731118,66.7003090018341,64.6184890430526,64.3339439900291,65.2800540325234,66.2621389912757,66.1365114461056,67.0200616558003,67.001892613767,69.9076671942209,68.3404157329138,69.6664175110578,69.9393641940011,68.438539671751,71.4595151219255,68.1254628760508,69.0100836074644,NA
324,"GIN","Guinea",NA,NA,NA,NA,NA,NA,NA,35.7602207430428,33.320271587653,37.273367485258,34.9621407783191,30.9433799186159,34.0818262307569,28.9335363404715,37.0475421737563,34.6157972413328,33.1289348344418,35.5367055005033,33.9429220874519,31.607187840029,27.5370579228674,34.0163138900207,38.7296257768858,36.2732213255308,36.9787466504299,39.0709556714932,39.2063570514108,37.1049513632543,36.9162978669625,NA
624,"GNB","Guinea-Bissau",NA,NA,NA,NA,NA,NA,NA,51.5054003588968,51.7745954657054,52.7090900146285,52.7073021101942,48.2876844263689,50.6255939913823,51.2170123276206,50.2432871472896,50.8403076285099,53.042641664104,51.9157848228502,53.4605920111147,50.9879111488232,48.3813752775049,53.9142227706749,52.7414968349838,52.3591352445662,48.9716439225183,51.2289627180877,51.8016025743673,50.8037696865655,49.9070276518082,NA
328,"GUY","Guyana",NA,NA,NA,NA,NA,NA,NA,75.3347721985401,77.3521425541305,76.1755657031771,77.6072220811406,76.6174309773571,78.449453228226,78.059864709523,76.0957526205336,78.2629392655933,79.0121289424882,79.0039597771989,79.5185889016897,76.6787946499133,77.6201348123493,79.1059612238117,79.7863334022194,78.844898999897,77.1536007211382,77.756634232369,77.6166601239127,74.9845769045402,70.7828068819861,NA
332,"HTI","Haiti",NA,NA,NA,NA,NA,NA,NA,56.1534431653509,56.6926811546204,56.1033775809143,54.9567231151811,55.7300101861858,56.9918116777533,57.8445890355398,57.255517831783,56.9156140681486,57.4980394696212,57.5531538685031,59.0401692026742,58.5386415133973,58.1065396016907,59.6529698318419,60.8050042854112,59.736259820148,59.3172934532378,57.9925503111532,60.3052347697422,59.6455394638127,58.626378453515,NA
336,"VAT","Holy See",NA,NA,NA,NA,NA,NA,NA,37.170019139708,41.2211456989092,41.6733091943357,42.4054905045714,43.6912939093113,47.4706627678435,49.769232593426,50.8323873590735,48.1862265408687,49.0748713347536,50.942049086342,52.7430884820986,50.107904593313,52.930438719873,54.0448417891341,57.9256370240454,59.7671014114244,59.0463070963776,59.2235427480079,59.7569590645503,59.075491395783,58.4972597845778,NA
340,"HND","Honduras",NA,NA,NA,NA,NA,NA,NA,53.3461774968552,60.7262626276376,51.6483023705889,58.3707452455349,57.1775228416093,59.6821489914543,58.9861003929809,59.472850078911,55.427993208841,61.0860552900775,56.8574126445523,58.9071450760761,59.7750864729001,56.6460536440757,59.6170918057608,59.8223206559117,57.461424695639,52.5075041324798,62.5484875900034,62.326065178368,54.9217576753199,55.7763888432526,NA
344,"HKG","Hong Kong",NA,NA,NA,NA,NA,NA,NA,3.27738801287748,0,4.53783059833111,0,0,0,0,0,0,0,0,0,0,0,1.60090245243985,0,0,2.43573764144944,2.7060135898287,2.38837195040132,1.66172444085085,3.75468451254396,NA
348,"HUN","Hungary",NA,NA,NA,NA,NA,NA,NA,42.3220821385638,47.0258355012435,45.4188290600572,46.4251601840152,49.0749813194009,50.4498370217967,51.1593892510223,51.0346771642643,51.1160298751058,52.280964787542,53.2385991284303,53.6769840633241,52.7268090646818,54.9226353610498,55.351979829093,56.5667174522735,57.5633004505292,57.6103879830421,55.3646169602861,58.6735804267524,56.6100548174881,56.4456597371322,NA
352,"ISL","Iceland",NA,NA,NA,NA,NA,NA,NA,63.1281278139655,67.2639231240574,67.648951309914,67.9926081860195,68.6882365375302,68.7605520738564,71.1652528128531,69.2795681990651,71.0076796467625,69.0479241516327,70.5819904441152,69.9336934090187,71.3099947632458,71.8870954935048,72.9585589047547,72.7086623592284,72.9480618091492,73.7965273959285,70.8731888650572,75.6562605562947,70.0812830861964,71.779176987166,NA
356,"IND","India",NA,NA,NA,NA,NA,NA,NA,6.64018106427858,5.57729472299792,7.42998542944906,6.19520263711435,5.52596919118329,3.691359718092,5.20992002824147,4.26550121200927,2.85128797999867,4.31699275378222,3.96797328559617,2.88015231280292,1.47804995640888,0.294201694044688,1.34936410966942,0,1.83798546253723,0.231936305867947,0,0,0,0,NA
360,"IDN","Indonesia",NA,NA,NA,NA,NA,NA,NA,20.0792784117098,15.9886384309822,15.6446677077351,15.3284669289214,22.512487037038,23.3704056264503,19.3257900895727,24.583583521511,24.7597383164076,23.6947754347259,26.537531198969,18.3419987399606,12.8733138001388,28.2534726557052,38.4989025216164,38.6275569136995,30.7681204857483,41.4676759009695,40.4155046431834,40.4787725897961,37.916978094527,40.7663127282262,NA
364,"IRN","Iran",NA,NA,NA,NA,NA,NA,NA,41.52135067996,41.0864489311295,40.1145374532222,40.4335335506121,38.4874979716167,38.8242913123034,38.9684132128492,36.1230127481699,35.2240743758926,33.729203705728,33.6756108877032,31.6503920813342,30.5075937403849,29.7012201979247,25.3527097500432,26.6515950790594,23.4836144497345,22.1257173850241,21.9300239829899,23.15614748678,23.5191812253179,23.2932321554692,NA
368,"IRQ","Iraq",NA,NA,NA,NA,NA,NA,NA,42.4046244834526,42.5696804228348,42.3730196080977,43.1000044159676,42.102089550219,42.0930264701255,42.0119696517269,39.3184132198641,40.7446545698596,38.1525961296872,37.1785281300992,37.1185637393157,35.0497858422716,34.1447991210145,33.3990988490328,34.8041212732606,32.522176494051,31.2105767418361,32.4526598221678,33.774751687293,30.527996782667,32.1170282521382,NA
372,"IRL","Ireland",NA,NA,NA,NA,NA,NA,NA,58.5154867109646,64.7162194193649,64.4578028370348,63.9229812067419,64.7194649698842,65.7049099189411,69.1441279401117,65.3403277076643,68.385313495532,67.231989185928,67.5829144166116,68.5893254561538,68.9323918810019,69.4789630357115,71.2617623378896,70.3150648164518,70.9667265304583,71.6676459393516,69.6045281950896,72.9305465240557,68.9186117703526,69.5092035950707,NA
833,"IMN","Isle of Man",NA,NA,NA,NA,NA,NA,NA,54.7192217872589,61.9504126701842,62.0929167624634,60.8842494055056,62.474695745595,63.3435898890002,66.753334265551,63.0610118807668,65.5305633462902,64.9187309658961,65.5452468245163,66.1086162006806,67.2828102777715,67.349061440278,70.4617171025542,68.7738897427331,69.6606104410911,70.6943876031125,68.7261678964226,72.1090859188476,67.9407005969591,68.7745032069366,NA
376,"ISR","Israel",NA,NA,NA,NA,NA,NA,NA,35.6136280161246,36.0451816350477,35.1114841070536,35.0604698166788,33.3297697371838,32.9336506461731,32.4630717849573,27.3908885736906,32.3911209901855,29.2174937600861,28.1889456260132,25.9925948469527,25.2712950743169,24.2980927492087,27.7298684877563,26.5214873733064,27.202542545674,26.2426463366692,24.3279213814183,27.2359684963843,25.0640801452792,25.2831481557661,NA
380,"ITA","Italy",NA,NA,NA,NA,NA,NA,NA,32.0486814427212,34.9281684708904,36.4342916209365,36.5061511204595,38.1122473102787,41.2590472331817,42.8815960767744,44.4263957105775,42.266373818795,43.758793796742,45.6792201218997,46.4907928899237,45.0882891619359,48.0227325589648,48.2151640917524,52.9809788162341,54.5567108333853,54.6373186067845,54.1569782951953,55.0886820011655,53.9924415466961,53.7729818759938,NA
388,"JAM","Jamaica",NA,NA,NA,NA,NA,NA,NA,62.2304489930645,61.4726037759078,60.2879062124292,62.5726284010927,62.5660271111081,64.6418111601262,64.894009049009,61.1180823094943,63.582048149822,64.3564358388979,64.024860982002,64.2951137957833,63.8603799023359,61.6947916685984,67.1944467461933,69.3509780991465,68.7498577977167,67.3669004286772,67.5758675148539,67.7422834796436,67.02693608152,65.9683426055833,NA
392,"JPN","Japan",NA,NA,NA,NA,NA,NA,NA,36.3204157894638,41.4940492586403,42.8965324815314,43.4338491344504,44.2669276426395,44.0386933779753,46.5346025641382,48.455784584344,50.1762066822522,50.6890959928533,50.5499222820483,49.7588697400781,51.3504404545396,53.3997865655868,55.2530292286976,55.7324917576966,56.3540405161806,58.1195586679729,57.7661770816826,59.2577951142457,58.2688207320075,58.6106228230068,NA
832,"JEY","Jersey",NA,NA,NA,NA,NA,NA,NA,51.7548122858957,58.4498015410599,58.3452695286048,57.8621151642561,58.8321125391427,60.9273419012415,64.2147075400844,62.6814632868037,62.0898994103407,63.117735088949,64.4027169001226,63.9641129895737,65.0060045764436,64.8925565223634,67.7994950725795,66.4670922373248,67.8778292414611,68.2699072223162,66.8940305434927,69.5898013184486,66.4616295719252,67.4175828786151,NA
400,"JOR","Jordan",NA,NA,NA,NA,NA,NA,NA,41.5886228376545,41.8671101405388,42.0071648217181,40.9824353943951,40.2831136431535,40.4932388776951,40.5051786076758,38.355539462467,38.7946731152369,37.1361062896006,37.5273181141305,36.1009931741231,34.9874938802076,35.0213843991601,33.6451221238673,33.9294119544607,34.6195651192506,31.9635327287676,31.2432212773359,32.5771990915709,31.7754351553258,31.1804790780313,NA
398,"KAZ","Kazakhstan",NA,NA,NA,NA,NA,NA,NA,55.6716233265756,57.4949795363477,58.1483860583015,58.8466265435587,59.2414494740082,60.0478503328794,63.3952959229616,60.766276435272,62.6464592119369,56.8512132239013,62.3764920477064,62.3943741595679,62.2479443497514,62.7416884625864,63.2254403760592,63.624976722927,62.756590213003,63.1093500445486,60.6182582436976,64.9332879092508,62.5512487923838,63.4558382127061,NA
404,"KEN","Kenya",NA,NA,NA,NA,NA,NA,NA,33.3802719361565,32.969789245332,32.3096689166969,33.0915545271125,30.2544916332408,30.8484906099171,32.2174706791695,30.2858051173299,29.1217429708793,28.3250231914519,28.7121381383774,28.6579907892765,26.9804619588561,26.821964436886,28.6626335055693,27.0054712196787,28.2690392594729,25.5914254250837,26.0911580954861,26.8164614462538,27.2873602660913,23.8833830064519,NA
296,"KIR","Kiribati",NA,NA,NA,NA,NA,NA,NA,90.1280121800935,91.5582070504004,91.0960333002897,91.1648694015756,90.5765766181073,95.7611074585694,95.2312512105335,92.1907624304687,98.0762787016817,95.7737470139654,95.9180406071042,98.7169173870302,96.139557365987,93.6009208647265,96.6730301132008,98.8719737266826,95.2122499105937,94.7209318682237,96.4706677572836,98.1103684226954,95.9638758704674,91.4721128950308,NA
689,"XKX","Kosovo",NA,NA,NA,NA,NA,NA,NA,44.0707718976146,47.0795128757466,45.0012378174652,46.6797827301827,45.007231469088,50.8777608392386,51.381070032107,52.8973738922982,49.558395665261,47.6790054327822,54.7339991817887,55.533880380521,54.2612999225992,57.6653639203531,56.8601569623,58.1765184323421,58.6864243219728,59.5717086867422,58.7155966610145,61.2657067910376,60.0141566506244,58.4515136283817,NA
414,"KWT","Kuwait",NA,NA,NA,NA,NA,NA,NA,36.7569436075879,35.2631069256322,35.8393033780227,36.0722597354116,36.348845178752,36.4261536747803,37.0949234235287,34.4494040627516,37.448438498562,35.0999374398267,35.0656517135932,34.43950844645,34.4536462469309,33.5755255729169,30.6496257214143,32.7568813691987,31.7084094468669,31.8006203206206,30.5267562298496,30.4735264814204,28.1333436126746,32.101517635594,NA
417,"KGZ","Kyrgyzstan",NA,NA,NA,NA,NA,NA,NA,58.9121695563916,60.3589881925247,59.8044118069233,60.8820295803535,59.8633069882317,61.3672152718699,63.3409465152485,62.3737581086751,62.2963882704981,59.9718920526666,62.3166884869623,62.0114767517486,61.4279305848188,61.8425692318969,60.8541522969907,61.7145133899616,61.6334384874511,60.1478800713832,60.2442575549314,62.3246606970082,61.3553918950868,60.3918744014876,NA
418,"LAO","Laos",NA,NA,NA,NA,NA,NA,NA,22.3941081304742,11.8635039567176,18.452554700199,21.6870772265713,12.8368841644661,24.8505751885349,20.6111558959776,11.0782943449937,24.676910864452,15.4085161655573,19.1599135222694,17.7386887548592,17.4150632100199,5.22601056603496,27.7700725866973,30.0058320403857,18.055121483231,23.7810208495779,23.4012093673572,34.3559578880872,14.4527406826658,24.0714692187132,NA
428,"LVA","Latvia",NA,NA,NA,NA,NA,NA,NA,48.0635821882454,50.9556586721391,50.4501572871742,49.455095304962,51.9903493962371,54.0667377765123,53.453112747358,51.1528088881256,54.5235595871738,54.7721008822827,53.6309562646996,54.6965143920892,55.5435210522104,55.4178573008652,58.766034515971,57.6438953962158,59.4824829359871,60.659693464903,57.7941523370494,59.7411670682698,56.5964391096398,57.4347177961818,NA
422,"LBN","Lebanon",NA,NA,NA,NA,NA,NA,NA,35.8103518090337,35.2480587796063,35.7451026683584,34.6397936905326,34.5975047247801,33.9299317694719,35.1288529480352,29.7238263121916,34.1783152158954,31.7343853010988,32.0481082430975,31.4214569833776,30.3311619793261,29.2845505632196,33.2311116926553,34.637338945256,34.632825424203,32.602253809527,31.8966508806455,33.8232130045492,32.3335395524694,32.7706529981731,NA
426,"LSO","Lesotho",NA,NA,NA,NA,NA,NA,NA,50.2696005936926,53.2484272631253,51.8581817149046,53.4168027110804,50.8104383831073,53.6103263544267,54.5720587037499,48.1570642881737,53.1656029897714,53.254247608377,53.9008558510837,51.8279106901367,52.0262637685183,51.9195935973276,51.8138248811326,51.545873245212,50.627343905783,48.536350963768,50.0634055314288,48.1126550142562,49.3701240506393,48.3026759856581,NA
430,"LBR","Liberia",NA,NA,NA,NA,NA,NA,NA,51.5526786065023,54.3709932548851,57.4981558722634,55.7309671048826,49.9866999245573,52.4354809064479,34.6095322215775,56.6394021472162,54.4332003013747,50.3564765722468,55.1231098719325,52.416343608043,43.2837835722691,49.0148754855509,49.2692823395474,53.1922423924061,47.5616128071462,49.0742702953819,54.6293766188998,52.0722308561974,46.5226126421533,45.5558494777731,NA
434,"LBY","Libya",NA,NA,NA,NA,NA,NA,NA,60.6050003660034,62.6949177229916,62.853327221527,62.5896813738383,62.0195925461081,64.0083393940622,65.6184108394125,64.2155040893685,63.7630407803954,63.1099707325357,64.2398642866522,63.5767896363703,63.0764225391514,63.4082123437108,63.1025422012664,64.1745980061078,63.5312879092109,61.7536605708963,61.1850366646549,62.1450107263936,59.8577399475958,61.6410409168846,NA
438,"LIE","Liechtenstein",NA,NA,NA,NA,NA,NA,NA,42.676450101505,46.6452853403018,45.8202438494407,46.3792471762974,48.1649484432545,49.436599177821,51.2772925272722,51.5254563345132,52.1239097020442,53.146010609063,52.8729088647313,54.0790001268582,53.503983426036,55.6564953000487,56.2197093584445,57.838937493873,59.0804777077503,59.9097318657553,58.1283881790685,60.6133166875433,58.2734095391382,59.0807355274361,NA
440,"LTU","Lithuania",NA,NA,NA,NA,NA,NA,NA,50.3811983696356,53.169776365639,52.8212288014317,52.3001659176008,55.0262024230238,56.6051557692175,55.7033655579134,53.9996139799988,56.9493941505925,56.7059416562165,56.5882068957005,57.6434026279753,57.617423682385,57.9799801917454,60.0026594847978,58.4943347326803,60.7562991648285,61.4284199099567,57.9381528110722,60.7669851427797,58.4350504866455,59.1281512040487,NA
442,"LUX","Luxembourg",NA,NA,NA,NA,NA,NA,NA,39.4906285182959,43.5579908292724,44.1083680578215,44.8108153075563,46.6685264017392,48.7764543789993,50.270055055479,49.3390849593849,49.9579919510808,51.9973788556067,51.8888994108223,52.5722811816068,53.2977725008987,53.8681689060044,53.765743200829,55.9911206698046,57.8387836084379,59.63520219266,57.2324361748947,58.9957933568435,58.6418302015346,57.9947102334983,NA
446,"MAC","Macao",NA,NA,NA,NA,NA,NA,NA,4.58051923976575,1.45393306082724,7.34483884547032,1.77823008767251,1.06868106910945,0.000215239910374976,0,2.75016119613932,0.997129540721943,3.04102556541686,1.96435223238549,1.51861751451608,1.85602307919532,2.18059787200644,4.32369900575807,2.42023334489306,1.54951729977059,6.55696787018177,5.91185103105596,5.41352063330771,4.74679241994012,7.28545168953738,NA
450,"MDG","Madagascar",NA,NA,NA,NA,NA,NA,NA,61.2335869631565,66.2930797503558,60.7921373497936,60.891100604856,59.9799589919378,61.9068088033865,60.5470855960376,56.7910506827909,56.7743759800781,58.6104038622429,57.4241448913365,60.6634883589236,58.870994786547,59.8548921121457,64.2275612174535,63.0908860681865,64.2664110903412,63.2314714936668,65.2365749784924,64.6225409530169,60.7631997953553,60.997412500023,NA
454,"MWI","Malawi",NA,NA,NA,NA,NA,NA,NA,46.1483407414283,47.6822397300358,46.3600587917851,48.0184948890338,41.8803818472523,41.771156089465,45.6735331456473,43.8769040824736,42.2568970515899,41.670745716819,43.3534768255772,43.8462683990624,43.5876761232013,45.5485833531697,47.7862160062466,45.6961425368805,47.3127271070392,46.307261765325,43.8484094383871,45.8293449578844,40.9859425257138,42.9270767115925,NA
458,"MYS","Malaysia",NA,NA,NA,NA,NA,NA,NA,29.6038688924242,26.8761237455405,23.7445570428332,24.6383626268168,35.5748935916021,37.6006198845943,28.7257781381115,37.1807922520541,31.441172470361,32.7135585272451,32.0983961320452,23.8913610229326,16.9221023348927,37.4915004726261,43.8387912589847,40.5503995064329,27.5503969740516,45.8161979535698,44.7909558210386,46.3965449749891,43.3388622803862,45.8350432882534,NA
462,"MDV","Maldives",NA,NA,NA,NA,NA,NA,NA,70.4198964367082,70.9000701261228,72.7617536085695,71.7783954625378,71.5279045589788,73.9744953771214,74.0601509438044,73.135468726476,72.5691211174704,74.7925991742895,72.6333501512495,72.260612596342,75.0898350767247,70.9882836825453,72.849119245238,73.8962342634943,74.3765195187383,73.3112634193521,73.4953093756075,74.9927057400838,72.3539740916987,73.7728329249182,NA
466,"MLI","Mali",NA,NA,NA,NA,NA,NA,NA,54.838885937181,52.2582423048777,53.8652652453793,55.3435160746935,56.5821352831797,57.2314900975195,56.1258806551599,54.4571397745478,54.946113847064,57.2955762683193,55.1062148501203,55.4249062566192,55.8370339985365,53.432372638533,54.0503767445529,55.9908469004697,57.1259970623961,54.6265422354943,53.4428117372181,54.9912543193873,52.782975136276,53.9190986098134,NA
470,"MLT","Malta",NA,NA,NA,NA,NA,NA,NA,59.096904801695,62.8237574926725,62.9962288310829,63.4614768499206,62.4618849961198,65.7942152719668,66.9004977250902,66.4126313005974,66.1826056853482,65.3388678221796,67.9822056107925,68.3902011820797,67.2896315341223,69.0172410494107,70.0043075825104,71.721958163057,71.0834412678034,70.8682285093442,68.9568589530355,70.967234009278,68.3461144497032,69.5938254051762,NA
584,"MHL","Marshall Islands",NA,NA,NA,NA,NA,NA,NA,87.7723022604681,89.6119523953331,87.6514603219185,89.0940206672693,88.032220900485,91.9696015732162,91.4802801068955,88.9279923706235,94.7453653298275,92.8109339500732,92.1875973502206,94.1264977380474,90.5868188082054,90.8024519089171,92.6495889908043,95.4826724445699,91.5841748650939,91.3519719821738,92.7430786572777,94.4437343397821,92.6659166340814,89.8558250667005,NA
478,"MRT","Mauritania",NA,NA,NA,NA,NA,NA,NA,67.575454673839,67.6455632173749,68.0816313323137,68.6594376866925,68.7308400175467,69.652195335918,70.5019082131476,68.6988120261909,69.7465779217747,69.4836605812128,69.4385250855159,70.5488013310485,69.4638589778452,69.2421952258538,69.2420656393826,70.9174809046915,70.3286688345709,68.4398914804937,67.4174960351725,69.2416836787344,66.9471753946897,67.909267001246,NA
480,"MUS","Mauritius",NA,NA,NA,NA,NA,NA,NA,82.8086586652086,82.1676422696825,82.2445263204877,83.7807926456207,81.5379631444878,83.5158734965179,82.8312464939422,81.5621809006289,81.7412833509688,85.5870050483271,84.3334661216076,84.7898464446198,82.8823366430834,83.7990550792335,90.5010001930716,90.0098420714917,90.8046333570443,90.0028054369399,92.2614498632088,92.6190430390452,88.8443663894164,88.66907989515,NA
484,"MEX","Mexico",NA,NA,NA,NA,NA,NA,NA,39.2128389713788,42.0500209275981,39.2852799479603,40.2986323565532,40.5568368816766,41.895637856607,41.6103335995109,42.6883254742683,40.0209805555891,41.7924747242512,42.0144438797335,43.12474298152,42.9440441371486,41.4510681346055,40.7208720810046,42.058743263626,39.2774559298742,41.1659728074738,40.0900662450715,41.0445100723415,40.6890558665102,39.5555502026607,NA
583,"FSM","Micronesia",NA,NA,NA,NA,NA,NA,NA,88.0878304332583,87.0811639080481,87.7669375955034,85.3838137415213,88.8049638591189,92.231574217946,88.8040791669776,89.3098000556729,94.9644118672862,91.5252452836245,91.0167903363047,91.8669989987084,86.6101377174666,90.566469809397,93.1864372915889,92.5956881269391,89.7788933950116,91.0149692857154,92.8512236068964,94.4995696581455,92.5832350310378,89.8579532708447,NA
498,"MDA","Moldova",NA,NA,NA,NA,NA,NA,NA,54.4039303899738,55.7117751884451,55.3204142195804,56.2642378092423,57.6502758937419,58.4842482499067,59.8713617058186,58.0427415549437,59.6100311324645,59.4286768108256,61.0088730705404,60.3705392473523,60.5676983674398,61.6776976558089,63.2832355943272,63.5740750410709,64.2370632874627,64.4428221258318,61.8933950148805,65.5912273637896,63.0166018207265,63.2691347832541,NA
492,"MCO","Monaco",NA,NA,NA,NA,NA,NA,NA,36.9713709338516,40.4472453885344,42.1599100116714,42.5916377059186,44.2797449726838,45.470776459076,46.960936808378,47.8397566425907,48.1501875701637,48.9720528951501,49.2681272922138,50.4463729811113,50.0168383566964,52.0515257427724,52.7267703156209,55.6091462057963,56.1742736597511,57.1094475368038,55.6046184674911,56.0992860468851,55.4361760487416,55.5844687850508,NA
496,"MNG","Mongolia",NA,NA,NA,NA,NA,NA,NA,55.5688322154763,64.8391719832617,64.3950119815281,60.5144597505144,54.2887076663899,55.9704649686784,59.3644402418919,63.3523514028158,64.6416952605676,59.2522774741288,64.3808065784607,64.6426783516771,62.1576092042745,63.2702167395587,54.2583939470912,66.7670678179831,63.8007157737257,65.1728547852893,61.1631433293326,67.9678323157894,64.7201967980742,64.9072111632887,NA
499,"MNE","Montenegro",NA,NA,NA,NA,NA,NA,NA,50.2419394634915,54.0692799521855,52.8127738564425,54.3975900838004,49.8404874978284,57.0459862725788,58.4630247002012,58.8198791967724,56.3567635626361,51.2629789619769,60.7580451679617,61.3263676522592,59.0056078457466,62.1973923062542,60.4870546181307,63.0432920632188,63.7373161409544,63.4704946335098,61.7566901034654,64.7045742478039,63.6634131540589,62.6276993308217,NA
504,"MAR","Morocco",NA,NA,NA,NA,NA,NA,NA,57.8228086968017,57.8189757809342,58.1086761406728,58.5803291106926,57.7268945014247,59.7590275182349,60.1111144016578,59.6647587558844,56.2945842690907,54.8736781389268,56.1342255384061,56.5270601208051,51.7772637890098,52.8408910177313,51.5038447738755,52.9530992271345,51.2880306985198,48.647346878481,48.9640754009653,48.9559592374502,48.1278843949813,49.4911714507867,NA
508,"MOZ","Mozambique",NA,NA,NA,NA,NA,NA,NA,60.7993012195303,62.9507092524169,60.9519112032239,62.2467643988669,57.0878971132961,56.2342871985275,63.3800646516792,59.4817260688732,60.5240444724437,59.7495933905094,59.8065899562965,60.0531357072906,59.5046731864461,61.9723688535787,63.4797175589315,61.0089307021799,62.8867894928482,62.9525098147682,61.4729099269865,62.868850656714,59.5641476900531,59.1195281101077,NA
104,"MMR","Myanmar",NA,NA,NA,NA,NA,NA,NA,29.140329824136,24.8117783392161,28.7460149146471,29.4550479502642,23.9380973934459,30.6447832946657,24.2883333084416,25.5772470529226,32.5360874479745,28.9493689950214,31.2287853254725,31.8927137620332,33.2407558522181,30.5898380968575,38.105382794977,36.972194760332,35.064964438292,34.4247520277844,31.1322757803555,38.0092805985807,32.7971921806131,35.095235817322,NA
516,"NAM","Namibia",NA,NA,NA,NA,NA,NA,NA,64.3405199319394,64.184316689789,62.3492380688081,64.0431970734816,61.7669782337932,62.2044045704403,62.4512438307707,58.6070007338416,53.878530790955,53.2243861260604,60.6009121627085,62.2947468966329,60.3179638892696,61.7283669151376,61.9880730740169,62.0175662134782,63.5618518176714,59.6980582162677,58.1369213286377,60.282131517373,58.0130994651544,59.3227589223966,NA
520,"NRU","Nauru",NA,NA,NA,NA,NA,NA,NA,90.8440113467152,92.2861862395053,91.8047730156231,90.5855312907601,91.5618537980181,96.4333127205546,95.4337251059473,92.8685052251032,98.8975796161812,97.2671760789451,96.8119312526474,98.8911270927843,96.4886259650695,94.5293231100634,97.2419148636987,98.8240286938762,95.6662113609301,94.7888408068381,96.8013434098124,98.0832752544139,96.4650612233552,91.976606971747,NA
524,"NPL","Nepal",NA,NA,NA,NA,NA,NA,NA,0,0,0.418030918751825,0,0,0,0,0,0,0,0,0,0,0,0,0,0,0,0,0,0,0,NA
528,"NLD","Netherlands",NA,NA,NA,NA,NA,NA,NA,40.7557706238468,45.8444770530774,47.3690995831546,48.6750057929151,50.6619729286125,51.8993777237369,53.1224561305349,52.1693560501458,53.0464770892813,54.8637982474551,56.5955211102889,55.7448643084461,57.817815452116,58.1206192932587,59.5950362855679,60.8936527774971,62.9337405821235,65.128244406399,62.8203725822469,65.7722703621692,63.2219367509105,62.9594875147303,NA
540,"NCL","New Caledonia",NA,NA,NA,NA,NA,NA,NA,91.2132105180745,90.9926683708667,91.3032670342625,93.4450589789858,92.5514512983933,95.4092249398355,97.4131678660882,96.0585095791771,95.5374732886536,97.0000956485939,98.2744392509544,98.6260044066659,97.1355060384896,95.0837775818673,94.8241129255726,94.8660689118417,95.6924932834607,92.6749919015454,95.9770215081893,93.9272533436904,94.7619811459764,94.1662099155082,NA
554,"NZL","New Zealand",NA,NA,NA,NA,NA,NA,NA,85.5131432051021,87.5100615822908,85.8731638702068,88.3594200622777,87.3263967696052,90.3301103647908,92.6200066440198,89.7428359708185,91.2069359719535,92.4626694920942,91.1314331444395,93.4613459335625,92.6286660124408,92.3198361663836,93.844710729729,93.8298972578819,93.1733211494899,92.1356084527725,95.4583414502937,95.1213342545462,95.8086369785528,91.9400986704423,NA
558,"NIC","Nicaragua",NA,NA,NA,NA,NA,NA,NA,66.0439180979882,69.9133305993528,65.6669681147636,69.4698819414328,69.2704416237242,71.5907138456371,72.1607674034244,68.0828190109864,69.9441701863633,71.7463925918586,70.2205824583881,72.0832659493823,71.7114601595152,69.5947903314582,71.1406510427269,73.410580164633,72.6491240636754,70.5699989408872,73.6945431669199,73.9587631601079,69.8869634857803,66.9837388421026,NA
562,"NER","Niger",NA,NA,NA,NA,NA,NA,NA,53.8099519329727,52.5166250657619,53.9602917885496,54.6835733976071,54.0660154866799,55.774031202324,53.8604113840201,53.0782497226124,54.0178451495399,52.1422135836268,50.8338117171191,52.2336845554835,53.790362709335,50.9266708519245,52.3920217462501,50.9686616003115,50.7671127198276,50.6522674966165,49.2961569500224,51.9599548644794,49.6799297586527,50.5806815595072,NA
566,"NGA","Nigeria",NA,NA,NA,NA,NA,NA,NA,29.9936311148602,28.1564965299684,29.9281863879965,29.8770563808415,27.5090471143141,26.9291810930114,29.6574950355691,29.1088519842079,27.9721046829235,27.7083876053699,26.49092537147,27.0649987036439,26.12363593316,23.608553703375,23.2595021839204,22.4727062438249,21.1235658760468,21.3488156180778,20.117785399958,20.7162882038623,19.7318531684753,19.9893480749693,NA
570,"NIU","Niue",NA,NA,NA,NA,NA,NA,NA,94.2693340299811,95.2700418195036,96.025834293889,96.7763044777687,95.5560700778595,98.5447722026108,100,99.7865575293849,100,100,100,100,100,100,99.58025875578,100,100,98.9755435857119,100,100,100,96.8719492121618,NA
408,"PRK","North Korea",NA,NA,NA,NA,NA,NA,NA,0,3.0088929616132,7.4767126438288,3.17081550459568,0.837478028808079,4.04077958142997,3.42226023228618,6.65892311907632,6.34457384329821,6.6762125155191,6.21468450973617,3.30260707505168,3.2360372698172,6.92521373222191,8.23826651642858,7.71299171080237,6.07877102209524,7.16939860453637,6.62997146354249,8.48178550218327,5.9092554523276,6.53909326683521,NA
807,"MKD","North Macedonia",NA,NA,NA,NA,NA,NA,NA,45.7185569002813,48.6683749684795,46.7336062826244,48.3470114280349,46.8457402874615,52.2189084623851,53.3254999262633,54.0308162245182,50.5552950026158,49.6026895469657,55.0682234337013,56.5403274714745,54.9523058254183,58.1247176411232,57.2098098874811,59.0016312638484,59.1742193332483,59.7066066522226,58.1398786542726,61.6114247622874,60.1834070520556,58.542531513396,NA
578,"NOR","Norway",NA,NA,NA,NA,NA,NA,NA,52.6723583264194,56.6775030052479,58.4308389073671,56.9183130309593,59.5614249268781,60.8030197183845,61.7669841009171,60.6356362151321,62.4063839680949,61.7371444361439,63.3288259684223,63.5353946929443,64.6243680901674,64.5313083559024,64.985757750369,64.6186027912806,65.27372916066,68.0719869301225,64.257757305364,67.7673645530055,63.2488278057963,64.5528247946262,NA
512,"OMN","Oman",NA,NA,NA,NA,NA,NA,NA,62.1239195954829,62.2367179689191,62.3971118291146,61.8415198313316,61.1793546700891,60.9226931556174,62.4459304903408,60.9692457561949,61.9036887443145,59.8841006143229,60.6906633394459,60.9139028596076,59.015984941682,58.0606069455533,54.3656583275203,54.2415465365682,54.6549243361574,53.3279956867164,51.9504609692753,52.1019317693496,52.6497395724633,52.0034233171618,NA
586,"PAK","Pakistan",NA,NA,NA,NA,NA,NA,NA,6.89728748086013,6.16884402301746,7.43640868459435,7.31701707965581,4.69477589270952,6.14472814043006,5.7938357526714,2.47521541754733,4.56213017385022,4.25157517221533,2.82481975363901,2.64054424309816,1.76578339593715,0,0.621520855543864,0.131623102456089,2.98014706261118,0.237081027949856,0,0,0,0,NA
585,"PLW","Palau",NA,NA,NA,NA,NA,NA,NA,82.8251718025142,81.2696390722794,83.1652602970216,81.4091136277235,85.1888391907801,91.2057035237765,81.8235923609282,89.2648668986741,89.671438726597,84.9240551022822,86.8241040456151,84.7797998345014,79.0578262272605,89.3851379732087,91.9747817439089,87.57410336765,82.9918113249473,90.2405474179857,92.0554529367622,93.0302711680231,88.5116256944831,88.2886285194176,NA
591,"PAN","Panama",NA,NA,NA,NA,NA,NA,NA,67.057128617071,68.3451848590714,67.2128580412044,68.3540111411567,67.7656406188069,70.5523106333689,69.6063367577616,69.1665753093114,70.3266400894533,67.799821474491,66.8874315350321,68.4801973933029,66.3968920072335,67.6078459405398,67.4074543909856,67.763115095732,67.4985547375894,67.8403183522882,68.2380947477688,69.7362353430232,67.1235018899554,64.7510995704232,NA
598,"PNG","Papua New Guinea",NA,NA,NA,NA,NA,NA,NA,77.5115982080229,73.7244688650068,80.2880980910072,78.5868708508699,78.6046168988937,80.9118163869699,81.0161234108371,75.5092995121177,82.805035454258,81.1296961450544,81.0536401979556,78.9905230155956,71.5146585626356,80.7696392683279,78.5954047483653,79.0567897970924,79.2885272789408,82.0434418040149,80.2680589310742,78.0374685305484,81.0700935305456,79.3279827233004,NA
600,"PRY","Paraguay",NA,NA,NA,NA,NA,NA,NA,46.5124340067225,48.7833052625771,52.7561254848301,51.8268079998898,48.4360459483654,59.2391668606285,59.1659073782351,57.4994444228501,61.3888478829069,57.6748053589705,60.6116192797022,61.4633441533411,58.395848168814,60.396884658522,59.5762838856511,60.7010862904826,56.3321670102281,50.5116561810547,54.5627268627442,57.5945436304208,55.9782451145796,50.4122402977084,NA
604,"PER","Peru",NA,NA,NA,NA,NA,NA,NA,63.5776633682546,64.4725417641447,62.8263504571932,66.6226710841984,63.3046134169808,67.2901550980487,68.2692470152351,62.1128018650703,67.9100083939682,65.3276268009078,67.0712734844882,66.2894286354335,62.6747095815301,61.3793350457128,61.6142746206975,59.7366663826126,58.1358950469436,56.8035920631962,59.3267710528988,57.5955613085434,59.3691322763551,54.0573808876732,NA
608,"PHL","Philippines",NA,NA,NA,NA,NA,NA,NA,51.3023895197715,49.3509232318599,48.8220306367131,49.0496358564698,52.8917431293326,56.0636222343221,49.5060121549712,55.3742139105092,54.7835803973661,53.6992125288847,56.3637484742863,54.8878776047073,51.9942247396246,57.598885225073,59.1416122936107,59.6586452059217,55.3455177982909,59.9506343271697,60.8082262698212,61.8377866646957,59.8086481613459,60.1402920487795,NA
616,"POL","Poland",NA,NA,NA,NA,NA,NA,NA,42.1926685569057,45.7155629700443,44.4322909827393,43.670849578819,49.5888301319009,50.1066771722822,49.6961719374542,49.2343706442158,51.9933847789405,52.298279797727,53.1841227252164,53.6593275378914,54.7375520994915,55.4533699486915,56.7841399907324,57.4025080727074,59.3978988664434,59.7513163619986,56.704512684249,60.4546829065582,57.7575967371383,57.9097803160369,NA
620,"PRT","Portugal",NA,NA,NA,NA,NA,NA,NA,47.2068423423309,53.6437035303931,44.6796531902669,52.7121533656674,55.7964801245783,60.7728744450799,58.3297558171119,57.0572727811972,55.3560346081211,57.5345423923611,58.3458470152157,65.983821942855,61.6869729391998,58.8119811183507,48.5998429341209,67.2319649985504,67.6895069258632,66.4940696483816,66.9850329756423,65.7159792769116,65.959596068484,59.5543768199857,NA
634,"QAT","Qatar",NA,NA,NA,NA,NA,NA,NA,45.9128725749647,45.1446105166954,46.4925020690208,45.8878478251915,45.8758304247861,46.0931806025244,48.268503246953,42.874025074767,47.8296850514626,45.3808718536833,46.4326180423331,45.777796782102,44.6298557714354,43.2608840961532,39.3236510805325,39.9528860779678,41.1980607342987,39.9628255877095,38.7577159937362,37.3005408638426,38.4568717580631,39.1873203527979,NA
178,"COG","Republic of Congo",NA,NA,NA,NA,NA,NA,NA,40.0176691295608,35.9286107911373,36.2637396419861,35.9086493467926,36.3618865057098,32.4673599389891,34.0443815099001,32.7753313955396,33.1436658096066,37.8329871604726,33.9937527360226,36.9117015277796,35.1655621906416,33.1668833993602,36.8598920104416,34.5080788751032,33.5680631231393,32.6573605388425,31.2104797162495,33.054644734768,31.7524774430354,31.3360513177514,NA
642,"ROU","Romania",NA,NA,NA,NA,NA,NA,NA,45.1472951488955,47.2487943610071,46.8059982338509,47.4656095096325,50.1892758363741,50.5869170643022,52.1760697178033,51.7530075721106,51.9028743678566,51.9873662252307,54.4430536457474,55.0497787573383,54.7763754434551,56.1094077658978,57.03994927225,58.0162243515132,58.3798020023812,59.3078350774796,57.7737798012861,60.4554638752037,58.9338102671663,58.4800988828401,NA
643,"RUS","Russia",NA,NA,NA,NA,NA,NA,NA,49.7013683515162,55.597541175734,53.416122245471,54.7837658376556,54.0012662798097,55.2384777954364,57.7102268389585,43.1212448844458,58.5737667043198,55.1478614780922,58.5929577580467,57.4616051344976,57.9198039554813,58.1107884874178,60.788729598079,59.1038007105207,58.5739929331417,60.9440626905642,56.5330221748952,59.4909199020811,58.3991225932829,59.1904672200135,NA
646,"RWA","Rwanda",NA,NA,NA,NA,NA,NA,NA,16.2609349902539,16.3839641651882,14.8745355448363,16.5082560783858,13.7633853189843,13.9601435845397,15.4771488610675,13.2227203337403,12.2185606026769,10.8840772794327,12.0811643920881,11.943252652286,11.8585765520957,11.7076853871095,13.3197612885358,12.0707944118101,10.7538834321716,10.8227605222173,12.8121339270767,13.4059112342602,11.8457778508999,10.9676634034906,NA
652,"BLM","Saint Barthelemy",NA,NA,NA,NA,NA,NA,NA,76.8790075338299,79.432789420601,78.7841726819734,78.7261773016181,80.3746101285042,81.2412985640453,83.3777623407765,81.0717768548582,83.5853200772184,82.5468562328729,83.3590871554827,85.0044689027574,83.9606638536364,84.3849101886901,84.797901633794,85.4730542896938,86.5080192640957,84.7970270140658,83.8406860098683,86.4686353041281,83.5699647858076,82.9444466513588,NA
659,"KNA","Saint Kitts and Nevis",NA,NA,NA,NA,NA,NA,NA,74.6086184792927,79.3696998843928,78.2259777252227,75.7369522582046,79.6267651275849,81.1578119235624,82.3806572246275,79.5996771828042,83.1753175465326,82.2739751355655,83.0629901234043,84.6665159779501,83.2974039541912,83.7674145647463,84.6549922440274,84.7553147621088,85.8080418062173,84.3902714360419,83.3816002966632,86.2364235781004,83.3190221506858,82.4869165541766,NA
662,"LCA","Saint Lucia",NA,NA,NA,NA,NA,NA,NA,78.1144505946474,79.8939416997893,79.0609657008837,80.4011372235093,80.1066988471295,81.6887056091836,83.7536068318299,81.7868947349333,82.8563372631886,82.7847726131538,82.9272505819453,84.5073170629137,83.0894559330194,83.1657910910637,84.1363316783495,85.1577510244768,85.7828752555272,83.6380944638839,83.3284643421349,85.8426764590779,82.8577837334628,81.4756298831703,NA
882,"WSM","Samoa",NA,NA,NA,NA,NA,NA,NA,93.7492175327349,94.8617719436372,95.0171575350807,95.8566394624293,94.7835183362215,97.6944943866245,99.5678418217926,98.3653532285543,99.9222660425662,99.1935150936703,100,100,99.4475417677944,100,99.0812915375024,99.9350894912909,100,98.5265649650931,100,100,99.386789717248,96.7341565353056,NA
674,"SMR","San Marino",NA,NA,NA,NA,NA,NA,NA,38.0551401218881,40.3680791345435,41.4969248828981,42.6624745210977,44.4510969846077,46.4810981677175,48.3020407755155,48.8107766706366,47.4590060749411,48.3709692444664,49.5775803833705,50.7476289562885,48.9145682779366,51.6966050785087,52.4766316853448,54.7597767201483,56.1785427082789,56.0960154377504,56.6056807149256,56.8625355022183,55.8542027524418,55.5147320270348,NA
678,"STP","Sao Tome and Principe",NA,NA,NA,NA,NA,NA,NA,75.9277820329934,72.910844981127,71.9958146019544,75.1401468095252,73.5717913375972,72.0534066646532,75.3203835776953,73.4879142573208,73.2115702427413,77.5460990476389,74.8151045319114,77.0077526881852,71.4933069934665,71.2029084233998,70.5454250394245,72.008460853378,70.061950254094,68.2178415725085,69.8392823683234,70.6591005025511,68.498539610046,66.9238376240693,NA
682,"SAU","Saudi Arabia",NA,NA,NA,NA,NA,NA,NA,58.7991207477405,59.689267529364,59.6480708988781,60.1575899290579,58.822088347102,59.7493473837812,60.9911132700184,59.1061551816968,60.0011725588764,58.867850223804,59.0486688444303,59.7094833917755,58.5352231859214,57.7904737274198,54.7569707139528,55.5652248369922,55.7766736009921,54.3604459236248,53.5908076961156,54.8295711508448,54.1817707140942,55.061129628588,NA
686,"SEN","Senegal",NA,NA,NA,NA,NA,NA,NA,60.1058984947059,59.1375899373638,57.9765798644022,58.8346069592304,58.4570981198101,57.5369353660952,59.903246710776,55.8792080063533,58.3327908349368,60.0343593940654,57.7587385570542,60.2815272235236,57.3113885203314,56.9647570411688,57.3021971171915,59.547295545549,58.2008985837846,54.2948174811664,55.0159186778456,55.8587299853806,54.6398889985742,53.7502762127936,NA
688,"SRB","Serbia",NA,NA,NA,NA,NA,NA,NA,43.5059442724938,46.9764109188048,45.5982835894881,46.8426320868542,48.3067139086479,50.3348826451479,50.9266185614043,52.0772429940706,50.7914710144663,51.7815110698927,54.4162216295239,55.027838882757,54.0420998492138,56.4510921280273,56.8879088170074,57.6229827058732,57.5339305762452,58.9105260976673,58.0346368873457,60.5545051156275,58.4423646680391,58.1525948384577,NA
690,"SYC","Seychelles",NA,NA,NA,NA,NA,NA,NA,83.426796304333,84.113295265012,84.1293910242992,83.5894541613129,83.7489735648612,86.3091415862719,86.959184074594,87.2612286599315,86.6511735576646,87.4249051194523,87.7970512307558,87.3491158907292,87.0279067203478,86.1590876520963,86.4880123520447,88.2620992989372,88.9067335201326,88.2118542747465,88.6356489003016,89.5421887900649,86.9451724234351,84.6246497631051,NA
694,"SLE","Sierra Leone",NA,NA,NA,NA,NA,NA,NA,34.721551164776,35.0690461735333,45.631227486492,38.9079014305566,27.5687578280662,36.7148682688585,18.3578306175866,45.3351979759042,38.5605350487941,28.3422211231402,35.4198403489181,25.7457527519738,22.668029742255,25.956365824732,33.091593066473,39.2829165025025,36.6780582050111,34.8706653383173,42.1988931078858,40.7845176487114,32.596589326916,34.9883617504106,NA
702,"SGP","Singapore",NA,NA,NA,NA,NA,NA,NA,40.3207492508366,38.8965649583496,39.8463030180759,29.0268417035143,48.6105075785364,44.6985877097488,42.1651655652675,45.2623209687815,42.3406456641599,40.1064246881632,36.0571866759576,35.8730513959682,19.1210746381633,48.5463966013756,57.3981289424162,54.6127280277774,36.7654707877975,61.5929104071307,57.2355471776208,61.6065936270268,56.5586269511228,58.583338491906,NA
534,"SXM","Sint Maarten",NA,NA,NA,NA,NA,NA,NA,77.1197327758917,79.4220648863042,78.8614734578584,79.1419581522958,80.4600803303372,81.2473361657389,83.4937125269296,81.2518489427935,83.6274386808662,82.581831601002,83.3952310298286,85.0425180822518,84.0709779819072,84.4755302106355,84.7916916645118,85.6206418687582,86.6182815829309,84.8617998681094,83.9244038940185,86.498245586894,83.6079030450764,83.0123608511994,NA
703,"SVK","Slovakia",NA,NA,NA,NA,NA,NA,NA,41.0467905550766,44.7289970075959,43.1017434061349,43.6337297178034,47.4814220229099,48.9487475475856,49.03345038775,49.0651717839916,49.5757713347532,50.9690153944429,51.6740015917325,52.6938746187734,51.9871970374157,53.730475364555,54.148947893543,55.8948863313499,56.9803964038348,57.3516696765854,54.6603431339882,58.3212449012792,55.969848274045,56.0760890532375,NA
705,"SVN","Slovenia",NA,NA,NA,NA,NA,NA,NA,35.8000835989317,38.0402932914008,38.6744089085084,40.1879477806022,41.1725699734561,42.9103671692324,45.401132375535,44.9358965313927,44.8366870749258,46.1663959164014,46.9741814054453,48.7235099950902,45.7301030313575,48.0757724663858,48.5000881341451,50.7871768682915,52.3164179242694,51.9159612262027,50.9294925965208,52.2348647161955,50.252906851424,50.2486428113445,NA
90,"SLB","Solomon Islands",NA,NA,NA,NA,NA,NA,NA,93.1345968635454,94.3062168229391,93.3392621107872,94.473172274562,93.5114693715619,96.6001234280225,96.8866521987489,95.7483647017389,97.6945637367559,97.6975240813917,97.7849707235315,97.3958248383567,94.9548746589133,95.8070371374151,96.8395855678302,95.8239259673879,96.3955072422744,95.5407651899169,96.4310929244189,96.1165856378987,96.1126448783579,93.8490911840015,NA
706,"SOM","Somalia",NA,NA,NA,NA,NA,NA,NA,76.8657464243286,76.3833609661526,77.9504766792552,77.6466890815799,76.2882111340933,78.5962324788153,79.4220888614796,79.8752217297513,79.1977238524443,79.2964927188095,81.013817668939,80.9532393654696,79.4054815251076,77.9088183831347,79.2030656303512,79.7500653194845,80.412934889442,77.7766162237495,78.4330098968795,80.019664475899,76.1810465161429,74.9033289929312,NA
710,"ZAF","South Africa",NA,NA,NA,NA,NA,NA,NA,37.1880070079036,34.9579576213531,31.5520629132962,30.6430821799989,28.5993958665571,27.3973659322358,26.9630973322947,24.939018661978,24.6832859305482,24.3789162643108,22.4648575964792,21.5903792703836,18.8033193607047,18.8302269212491,17.8905384139879,16.5458665054031,12.4653248497616,13.348677421121,15.6225087448472,13.5989470369859,15.2328942404741,13.3323542130686,NA
410,"KOR","South Korea",NA,NA,NA,NA,NA,NA,NA,3.46293498087624,7.60480127506439,11.0086427937301,7.17360635636834,6.68703418540774,7.11548357723977,7.17488092736447,9.25916347987682,10.3776838515801,12.347604832832,10.2990617584673,7.60428873523004,8.61378569721387,10.641846578147,13.9480041547651,12.9904507112652,10.3529648077288,14.1890179815651,12.9179421044567,14.5423991749161,11.4293318125077,14.63093191604,NA
728,"SSD","South Sudan",NA,NA,NA,NA,NA,NA,NA,34.9708663301372,37.0378048953918,34.2599744728626,39.5373492319515,35.9681594559562,36.581887480714,34.734504514912,40.1587760492247,37.9045260270233,37.0865700174976,36.0638465870038,39.0268619814478,35.1068201057421,35.781762736856,40.5535810592517,37.1646707976699,44.7148675500431,39.936870031339,36.9994375457506,44.0701848084619,40.0497755741627,37.6690655250961,NA
724,"ESP","Spain",NA,NA,NA,NA,NA,NA,NA,50.1927429892896,52.008800308544,52.6252271062037,53.7736517337074,54.1954345614878,57.2632609291845,58.9208322933189,59.2634607443249,58.1325343424312,57.6127211471029,61.0623267077542,62.1624121076159,59.6836462578388,61.5591225501417,61.7687099286699,64.9136149969197,65.0959233180862,65.0660495807209,63.633136708434,64.9092433633032,63.6757298711961,63.836511967625,NA
144,"LKA","Sri Lanka",NA,NA,NA,NA,NA,NA,NA,44.1670598036792,45.4226246314843,43.2972125855561,43.6257464040531,43.4695330155264,43.0031598316904,43.2981168148114,43.4754120536142,43.3451876465679,43.2593722439374,42.1290064794163,41.3824264104579,40.100333430522,39.7971219573034,40.3921596614961,38.5283833653792,40.2600994230054,40.1767608924746,40.1218504237353,38.9121862770507,39.7960332197423,38.7451755708709,NA
670,"VCT","St. Vincent and the Grenadines",NA,NA,NA,NA,NA,NA,NA,78.5798956431128,80.2992074886925,79.6718198511927,80.8559094630518,80.4308322823273,82.1068914608906,83.9749620354558,82.1884610054316,83.2534523297356,83.1593788918982,83.2127324250863,84.7191517481311,83.2745401915028,83.6398079096431,84.1419550349502,85.1739392930825,85.5724970013787,83.5338234806882,83.2907572127748,85.6646115044673,82.8032796974315,80.7548047076429,NA
275,"PSE","State of Palestine",NA,NA,NA,NA,NA,NA,NA,36.402548156113,36.7203191147089,35.7702839433169,35.7008600996425,33.8890532508264,33.7601439768771,33.163512378394,29.0165821899514,32.7062663109461,29.6612395332252,28.74779588256,26.3100305021319,25.694469580954,24.981583582457,26.3836992176109,25.5212715571248,26.0439661541773,24.908037879339,23.1476808100144,25.7944802101657,23.779570557379,23.9775989435628,NA
729,"SDN","Sudan",NA,NA,NA,NA,NA,NA,NA,57.2673004058516,56.4006095208288,58.1484535268505,58.6751024884773,58.0464111398179,60.2030233927465,61.3929138246882,60.0406729260834,61.8297379286437,60.1475058483398,59.4954215720835,60.4051289656101,61.1236065942934,61.3672492372427,60.6767507166852,58.9382975103281,59.7517223136562,58.8043250849243,58.0120740559641,59.0901087299596,59.2450501847145,57.9609463531168,NA
740,"SUR","Suriname",NA,NA,NA,NA,NA,NA,NA,75.5963821956794,76.3675882880136,75.8277291644671,76.7740592530446,75.9109151488037,76.8688646218523,77.2756359180946,76.4559458712215,77.4273913874248,78.5488412410245,78.394108545459,78.9711965251579,76.2621366059344,77.3189459498918,78.0038134434023,79.012735245325,78.4912756489913,76.6764910052192,76.5826469987847,76.6993953980385,75.6512537885783,72.1871004098243,NA
752,"SWE","Sweden",NA,NA,NA,NA,NA,NA,NA,55.1149092832266,59.4011803329641,59.5341411480503,58.2920050756425,61.0607513488468,62.0397389587559,63.3425206094921,62.0895905678177,64.4364847074985,63.3327774804658,64.6616506856653,63.6111468628407,65.731704739425,66.2602779259326,67.6117447607489,66.2815766025569,67.5753465951092,69.2485237209465,65.6383761949939,69.7252222709612,65.2267205647188,66.3315922394332,NA
756,"CHE","Switzerland",NA,NA,NA,NA,NA,NA,NA,38.893771380934,43.0422744018543,42.4665615992336,42.6468795986425,45.5401813612494,46.9163712905257,48.7050481892694,48.8801915966748,49.1245416428398,50.8263703733114,50.4730496920366,51.1722181117134,51.3316785689927,53.6134718015418,54.5348595845505,57.1773041523257,58.9746583036455,60.203678809517,58.1788068838649,60.1744451255628,58.6003604922297,58.8525837273999,NA
760,"SYR","Syria",NA,NA,NA,NA,NA,NA,NA,43.9474595799416,44.5163542837089,44.9379736670421,44.4057393147338,44.0815692508976,45.0074637720188,45.5197900991419,43.6386891905262,43.9343518261237,42.9413284540959,43.4593815990767,43.5537160880776,42.2267269005248,42.1048833678013,41.3519640249701,42.2419757572628,41.9069791144476,40.187807585371,39.7255517962922,41.4507635261534,40.0108028000561,40.3576755035824,NA
158,"TWN","Taiwan",NA,NA,NA,NA,NA,NA,NA,29.4925042405599,31.4798092981867,32.1393355610319,32.6197470855904,31.8209869359007,32.6842110812317,32.1946120755378,32.2532100631223,35.1118017713457,34.6129018248278,35.2715037856744,34.6293527505368,35.7171151196029,36.3820656110259,40.4597657777054,39.407032848065,40.6975653239429,40.8375905318024,42.2061067925996,44.5149488381115,40.9757266806245,40.5887441106063,NA
762,"TJK","Tajikistan",NA,NA,NA,NA,NA,NA,NA,50.9655275184806,53.0288840120651,51.5319731778249,52.2114714685937,51.7591083890323,52.6446980289375,54.7305263165624,53.8953885769196,54.7099842567218,52.2813494309296,54.0091507561001,53.4144277990316,54.2894705257697,53.7105683845313,53.1493135511,54.4639373504725,54.0908149354242,52.7787534240567,52.1990539383136,54.3593481454592,53.4354624981642,52.716489355916,NA
834,"TZA","Tanzania",NA,NA,NA,NA,NA,NA,NA,55.598152021441,58.3446970461778,57.1113618373552,60.2608063405154,54.5568200622153,57.9944426772222,59.3772488777953,57.0047689664337,57.7638005151815,56.0105126848209,58.2588384263191,58.526424763759,55.0934753304889,56.1128831016413,60.0413804665632,57.9331381455909,59.2854556143244,55.5295528468228,57.2131645952206,58.3486869621386,59.2059322687833,54.5236433207105,NA
764,"THA","Thailand",NA,NA,NA,NA,NA,NA,NA,27.2376071071995,24.0560263036441,27.0246887922358,28.8264508332865,27.3402328482554,29.8524743498064,27.5932243565566,29.0181180820842,28.5268894507886,27.09762707717,28.4325238089369,29.1491353818122,28.6792020476272,29.2422321091514,32.5572606684551,31.2075782478175,30.8315454031212,32.0021048636094,31.7639482942391,31.7182065449365,30.9912722297231,32.0547017049328,NA
626,"TLS","Timor-Leste",NA,NA,NA,NA,NA,NA,NA,69.5284828159979,67.1056848305204,68.8960139640002,67.4142685214974,70.9812728833038,72.6060879393802,70.5176849432733,77.2459991911193,72.0648479919343,70.6860823721171,76.7940707375091,68.4361806458729,73.4562937536934,74.066929716725,73.2244410832433,72.0538479757167,72.2044253948377,76.7026703071893,76.4271762190036,75.4049991336558,75.1706939490284,76.1727596796834,NA
768,"TGO","Togo",NA,NA,NA,NA,NA,NA,NA,43.7126327298822,42.0726596702013,41.6117800028412,44.2716487749032,40.563401467781,38.7202331087259,43.1470637611503,43.0345507690259,41.7531251097817,45.301849942439,42.7770993885301,44.8026133955285,39.63675481837,39.7509753373814,39.2596269698606,41.222700573705,41.8458481456358,39.7986113877737,42.46422536432,40.1701716918216,41.3286890841087,40.2282349427228,NA
776,"TON","Tonga",NA,NA,NA,NA,NA,NA,NA,94.190124552646,94.8452989455863,95.2218237018193,96.2571916836339,95.380864871466,98.317342399572,100,98.9159461430451,99.9769497667094,99.6572267363212,100,100,100,100,99.6239714706523,100,100,98.9487937359386,100,100,99.9554795235345,96.7574193443776,NA
780,"TTO","Trinidad and Tobago",NA,NA,NA,NA,NA,NA,NA,76.3083601190492,77.6371655205152,76.3719070105794,77.1672248985517,77.2873982278548,79.4143045181297,80.5999996257044,76.8875840329929,79.5832477289525,80.0258819916212,79.0221005636196,81.2660098814364,79.481685591763,78.1763745810736,80.9672965205032,82.2246163938299,81.6294982683357,80.2840038080243,80.8220398590339,81.6939010369444,79.0858774460126,77.1405046138955,NA
788,"TUN","Tunisia",NA,NA,NA,NA,NA,NA,NA,51.0982707357412,51.9346349886805,51.9942565780507,50.5430562647482,50.2731024462663,50.6103476438026,53.0543390998636,53.1077001902149,51.7953133176681,50.3075378318709,52.5480288128698,50.2260837895765,48.6145082244352,48.061440331664,49.6078034353586,50.5951708889125,51.6606132408979,47.8716201125209,47.3940288586121,46.654452109391,46.8010510258987,48.2823845219522,NA
792,"TUR","Turkiye",NA,NA,NA,NA,NA,NA,NA,48.0282637817191,50.1442919214199,51.2387426418664,51.5075313028234,52.5978302537831,54.7152748561062,56.2609841994163,55.6471680084116,57.3440011628688,56.8335372103023,57.8983152878727,59.2251103684239,58.5834725164516,59.4926168122385,59.9780948687574,61.061190866501,61.061642292546,61.2509746014417,60.2401452454124,62.8151068095516,60.3097957748484,60.9483139425801,NA
795,"TKM","Turkmenistan",NA,NA,NA,NA,NA,NA,NA,59.1063354585794,60.9462172314077,61.2705373388748,61.9861025836801,61.659801653185,62.6135742230432,64.7063627302914,61.4161980620499,63.6920768455834,60.342315677305,63.2415613691765,63.0874141469583,63.1434388880923,63.2331122874656,63.8173413610298,64.5588440802642,63.7598462329031,63.1445857719324,60.5790370750232,64.6339434316672,62.3535251834746,63.1244176870885,NA
796,"TCA","Turks and Caicos Islands",NA,NA,NA,NA,NA,NA,NA,76.3664777519303,76.6554516171972,77.1057209584101,78.0848118541221,77.9871113129287,79.6643849261967,82.2601636175417,78.4866647550602,81.7521922744238,80.3626458916724,82.5857510335839,83.1425725735409,82.9200642672884,82.0857020490723,82.9088652293596,84.7422758200069,84.6957286838767,83.2725902616617,83.1462017805156,86.0523445506163,82.5195389442835,81.507650932045,NA
798,"TUV","Tuvalu",NA,NA,NA,NA,NA,NA,NA,93.7336248552525,94.7074408759439,94.9619747500507,95.9485114304164,94.3583137251289,97.7561847042426,99.7659490323465,96.974946062551,100,99.3875947730202,100,100,100,100,98.3926363463694,99.2383571298673,99.274927567205,97.7733579558407,99.7777188374344,99.9998691797182,98.8575273062557,96.1217466799112,NA
800,"UGA","Uganda",NA,NA,NA,NA,NA,NA,NA,27.2001672576445,29.3008911545232,26.2073365066722,31.2529423697652,27.5501589491192,28.9178339667265,31.7456112447542,28.698491477501,27.4555296285825,26.4336064255958,27.3821795926476,28.5475798475791,26.5805649409806,27.0960023207483,28.9949336191284,27.1758139090951,28.639807049565,27.3513219105171,28.5047436639381,29.2635051695073,28.6131358521271,27.1950647139934,NA
804,"UKR","Ukraine",NA,NA,NA,NA,NA,NA,NA,54.3864958731336,56.1809326803883,55.655138892853,56.1959845360616,57.2527487790992,57.9910186410535,59.4123213629055,57.5338657281022,59.5868542036943,59.4021199633896,60.2584367928319,59.9460383555886,59.6709576304405,60.9241652020714,62.3083133842764,62.5629903450941,62.6091284739947,62.9042674328082,60.7997868962139,64.5946635619321,61.7057521931917,61.731031517517,NA
784,"ARE","United Arab Emirates",NA,NA,NA,NA,NA,NA,NA,46.7116368629561,46.4485532117164,46.525961240383,45.3840655072884,45.5631225888904,45.5190561913921,44.8618091320607,43.3003404444382,45.2672623384001,42.2146047555238,43.1487357550509,42.9327538394087,41.0642210417849,39.3686705024621,36.4867213496017,37.183739203,37.1467950167718,35.4526952551844,36.1131294709629,35.1737343666609,35.3999937468125,36.2404465719256,NA
826,"GBR","United Kingdom",NA,NA,NA,NA,NA,NA,NA,43.506495074231,49.094009041253,50.8556697588867,51.2113803017274,52.1680798342891,54.3139743130368,56.0266369636098,53.8566423730902,57.2403121464632,56.7277457022245,58.1250931831728,58.8286547574424,60.9470439404668,59.842443380569,62.2698670754891,63.3494742012359,64.2741683636977,66.8330051492149,64.3923449406097,67.2668290590487,63.9450352977966,64.830627871216,NA
840,"USA","United States of America",NA,NA,NA,NA,NA,NA,NA,35.2147450819838,41.8394068321632,43.4487323093984,44.6450424950649,45.1935713231405,48.3596108118362,48.9820549138151,51.5482612624019,52.0436598220847,52.1710112982281,53.8509875979752,54.10551356724,54.1077380024238,55.3183524398005,55.2584309578922,56.2643287714686,58.9439435304271,54.0218597941206,56.8922640230468,60.6762100515553,56.0115479259601,57.4047084212467,NA
858,"URY","Uruguay",NA,NA,NA,NA,NA,NA,NA,73.2503546814887,77.3433201396679,76.8649429506368,76.0853841531482,73.0535088683966,78.4768519800395,80.3523014866688,78.673696620714,82.6952486144396,75.9841919761461,79.751010836849,78.534497514859,78.71487797631,80.9477903985526,78.9281463294828,80.8559379293577,77.1923908116817,77.37267187072,80.877179554429,78.9033225897445,78.4427829786158,76.5506702753508,NA
860,"UZB","Uzbekistan",NA,NA,NA,NA,NA,NA,NA,52.7386074417657,54.0435203897465,53.7372958884954,54.8975012136995,54.6301761857208,55.1310691351644,57.5325528678075,55.4143135931934,56.7717179030727,53.8884911244738,56.3748689943497,55.8777060403253,56.1206628031805,56.2712787829722,55.5858085103997,56.6938093065946,55.9909145318885,54.6707009773563,53.961345540224,56.4255451016921,54.9822172890276,54.9359699309302,NA
548,"VUT","Vanuatu",NA,NA,NA,NA,NA,NA,NA,91.1715864166612,93.2099741067166,92.7982858671607,91.2592748718419,93.2229156375777,96.9061030198002,98.0822335244041,95.7997089626678,95.2311216820143,96.1018043210118,97.1203353363276,95.8821796762294,92.301523817874,92.2717042488088,95.935359691654,96.2835060627498,98.3175033452596,97.5852691282517,99.7566728537359,98.2149463902018,98.0265800838203,95.8677084110853,NA
862,"VEN","Venezuela",NA,NA,NA,NA,NA,NA,NA,59.6418679672944,63.9256335128336,60.8107618577677,64.4226835562692,62.65276777499,65.5749469745738,66.9685293041916,59.2725121978124,65.4172268151877,64.6942052647323,63.0168844193492,65.5193156162609,64.6587967442796,60.7674704957246,61.9236489518257,63.8956695223188,61.3867679437857,58.9057753707181,63.5729249987264,63.2723825033417,60.1810380733274,56.6321511100881,NA
704,"VNM","Viet Nam",NA,NA,NA,NA,NA,NA,NA,19.2338648931082,17.806238789015,19.4020036516897,19.5173891742607,18.8215401541432,19.0138889292267,21.6623790989527,20.5161624789993,20.1263445726939,21.2865458929769,21.3367742810946,21.9966126310365,22.0807874293922,21.800898611309,24.9652752030627,25.6287920247411,24.3366303121617,27.048231005613,25.8167025829192,25.1168699677169,24.3204549333973,25.4991307941386,NA
876,"WLF","Wallis and Futuna Islands",NA,NA,NA,NA,NA,NA,NA,95.0376989022449,96.3015564000786,96.8152605171125,97.6364231302403,96.1921820278297,99.0499554466755,100,100,100,100,100,100,100,100,99.8503341719557,100,100,99.4246682001465,100,100,99.5597540582283,97.0053164456224,NA
732,"ESH","Western Sahara",NA,NA,NA,NA,NA,NA,NA,70.5332574720617,73.24366390702,72.6952194348181,73.6381999745067,73.2734086130125,75.1222350977528,77.8999308769457,76.2222106501795,76.359801751145,75.1673659145215,76.580933624414,78.1205775013879,77.1286000144683,77.5153402754376,78.27191351231,78.8023990663356,79.2013158979637,77.7461472601017,76.2203665735128,79.8919147641435,76.0014618108216,77.1250813367262,NA
887,"YEM","Yemen",NA,NA,NA,NA,NA,NA,NA,60.5802222732672,60.8830944021673,61.0832604139356,61.3956006468807,59.511637139104,60.6794553030949,61.5057512514189,60.2675094658426,59.039733634937,58.3046507898993,58.4463981424046,58.0651531323964,57.2446965630693,56.0062273618921,50.7870826827077,51.2149010216023,50.5831491830678,48.8495469604377,47.7927102238322,50.4775820915166,49.3454835599228,50.6133808203127,NA
894,"ZMB","Zambia",NA,NA,NA,NA,NA,NA,NA,51.5707518046043,52.8488298750493,51.6690767417952,53.4916195413649,47.7403905448364,48.3740294494919,53.0238636223942,49.4704775001022,46.9495099346539,45.9899690569243,48.5869726407541,48.4777003579151,46.6483533044877,49.1250476501345,52.5875536977617,51.2123378938888,52.6349278294952,50.2858844115,50.4600055664867,51.5824376012841,49.4590826601726,49.6135062547299,NA
716,"ZWE","Zimbabwe",NA,NA,NA,NA,NA,NA,NA,54.3784713794595,54.0638011580377,51.2540196087226,53.833829085788,48.2572423592133,48.3329468179903,50.7227431745227,48.093989716383,46.8645193249605,47.9744233438258,49.9898705630525,51.028272956481,48.4929446741951,51.8218811564348,51.5813491471209,52.0434489142679,51.9592214932778,54.8297462770872,50.3079340656078,53.4766367509667,48.4322777893676,50.0233852483571,NA
