"code","iso","country","FCD.ind.1996","FCD.ind.1997","FCD.ind.1998","FCD.ind.1999","FCD.ind.2000","FCD.ind.2001","FCD.ind.2002","FCD.ind.2003","FCD.ind.2004","FCD.ind.2005","FCD.ind.2006","FCD.ind.2007","FCD.ind.2008","FCD.ind.2009","FCD.ind.2010","FCD.ind.2011","FCD.ind.2012","FCD.ind.2013","FCD.ind.2014","FCD.ind.2015","FCD.ind.2016","FCD.ind.2017","FCD.ind.2018","FCD.ind.2019","FCD.ind.2020","FCD.ind.2021","FCD.ind.2022","FCD.ind.2023","FCD.ind.2024","FCD.ind.2025"
4,"AFG","Afghanistan",NA,NA,NA,NA,NA,NA,NA,NA,NA,NA,NA,NA,NA,NA,NA,NA,NA,NA,NA,NA,NA,NA,NA,NA,NA,NA,NA,NA,NA,NA
8,"ALB","Albania",21.4742998680843,22.9580547062634,21.0373253578767,20.9927396727998,19.7826718227334,22.2835667959568,20.7377845177009,25.7162837960405,20.7313870183311,19.3671124820502,19.5809407787701,19.4755249217502,19.3801599062291,19.4370865276258,19.487629129031,19.4569303147956,19.441179068224,19.4410761895885,20.8925223362983,19.2739268579214,20.33130765746,20.8537255699591,19.1246832713794,19.2783205206251,NA,NA,NA,NA,NA,NA
12,"DZA","Algeria",41.6092573555377,42.7085095552853,43.338881956519,44.1621981965267,44.5107905263402,45.0669604887301,44.8893429085993,45.7209963676215,44.8121435423854,44.1492607973134,44.0316911361959,42.857213128643,42.1384240498078,41.0257255875158,37.1964426837942,36.90621757339,36.9100340413861,36.5209785676055,36.2095491820398,36.0717626418381,36.4429130820597,34.1337524788385,32.9955233145325,33.8714298916112,NA,NA,NA,NA,NA,NA
20,"AND","Andorra",NA,NA,NA,NA,NA,NA,NA,NA,NA,NA,NA,NA,NA,NA,NA,NA,NA,NA,NA,NA,NA,NA,NA,NA,NA,NA,NA,NA,NA,NA
24,"AGO","Angola",50.8527099606937,54.5915442843268,45.1228677942751,46.3664000819367,46.0129255837671,39.6932429973958,44.5888493313891,42.2152999111237,40.8891611033766,39.345389808275,38.1779935747104,39.0130356102791,45.813838707435,43.2607592420858,44.9223403230496,43.3910554893207,43.868579215983,43.1742033573774,40.9548669098428,46.3291109161112,46.4209255863811,48.6460049069734,41.9523369879651,42.0501403962442,NA,NA,NA,NA,NA,NA
660,"AIA","Anguilla",NA,NA,NA,NA,NA,NA,NA,NA,NA,NA,NA,NA,NA,NA,NA,NA,NA,NA,NA,NA,NA,NA,NA,NA,NA,NA,NA,NA,NA,NA
28,"ATG","Antigua and Barbuda",NA,NA,NA,NA,NA,NA,NA,NA,NA,NA,NA,NA,NA,NA,NA,NA,NA,NA,NA,NA,NA,NA,NA,NA,NA,NA,NA,NA,NA,NA
32,"ARG","Argentina",42.8156985085568,40.5638053516728,46.9046110021275,44.2802385755809,39.7877008883328,38.8966880059064,43.4871127816515,41.8119107753471,42.9451377916694,44.7126947556538,47.4773254591896,48.0395086390208,47.5229915928227,44.2413480473608,50.5414334298479,50.8008221750914,50.5781047202606,50.3701784314665,50.0674724918833,50.0593156699279,49.9839157084805,50.336750566079,47.8757446925981,47.779660198541,NA,NA,NA,NA,NA,NA
51,"ARM","Armenia",NA,NA,NA,NA,NA,NA,NA,NA,NA,NA,NA,NA,NA,NA,NA,NA,NA,NA,NA,NA,NA,NA,NA,NA,NA,NA,NA,NA,NA,NA
533,"ABW","Aruba",79.5436416296,79.4066681553441,80.3730164070779,80.3927996274109,78.6658509526448,84.1282716254257,82.3661924739899,90.5625766145121,90.471975106224,90.4601288349235,91.1144755470156,90.554652749623,90.8531528208176,90.3752332079189,90.7473209734393,91.3565534732,92.580370199576,92.8233751984946,93.2585496829576,92.9815297988133,92.9816154540909,93.01591855114,93.0160037945237,92.5478079255218,NA,NA,NA,NA,NA,NA
36,"AUS","Australia",13.6107475912715,14.087601910946,14.2196318608754,14.0780816581793,17.9421076389182,14.3159462713695,29.611350894117,32.4678130738437,36.4412530498559,39.4424121983246,38.2476747301135,43.798971481718,41.8942878814774,40.9574074896965,41.9908121099852,42.8891274860306,44.1615762882317,43.8415474089754,44.2525485350531,44.3130210622539,42.7338801528865,43.3977357492327,43.5108334186516,44.5179327384962,NA,NA,NA,NA,NA,NA
40,"AUT","Austria",NA,NA,NA,NA,NA,NA,NA,NA,NA,NA,NA,NA,NA,NA,NA,NA,NA,NA,NA,NA,NA,NA,NA,NA,NA,NA,NA,NA,NA,NA
31,"AZE","Azerbaijan",NA,NA,NA,NA,NA,NA,NA,NA,NA,NA,NA,NA,NA,NA,NA,NA,NA,NA,NA,NA,NA,NA,NA,NA,NA,NA,NA,NA,NA,NA
44,"BHS","Bahamas",NA,NA,NA,NA,NA,NA,NA,NA,NA,NA,NA,NA,NA,NA,NA,NA,NA,NA,NA,NA,NA,NA,NA,NA,NA,NA,NA,NA,NA,NA
48,"BHR","Bahrain",9.58304327271675,12.2354833823762,16.5573010048862,25.222063563321,36.9302068094499,38.6820703421734,37.4344273991799,40.0406917757879,39.2598964693908,33.814596080136,30.3956414356808,30.2842465221662,22.4238213012295,27.1706781564821,22.4660172109991,23.4702042593161,33.1027589693799,24.8817929818837,26.1062183522694,26.3889177828193,29.5923606050347,26.3460483616809,26.3460483615176,26.3460483614214,NA,NA,NA,NA,NA,NA
50,"BGD","Bangladesh",33.1031742066521,34.0227295169803,33.3066942324419,34.1661244028872,35.6502673811384,37.9532394470328,39.8238997123341,42.2302252273572,43.6482256382362,44.9373675548033,45.9880761809546,46.9765522834126,48.0388757841319,51.79964853574,57.8144501278655,53.4098617522102,49.3352000445517,51.5972609943056,54.4899111056785,56.8040092080517,56.3898413642981,57.0003914226032,56.244839103591,55.8288615082552,NA,NA,NA,NA,NA,NA
52,"BRB","Barbados",75.0048539040526,67.7264546587119,75.5804456391694,76.7953314837272,76.007220953823,75.5902223799279,81.3325332152269,79.7594811986655,74.8818882329769,67.0227003113697,73.6365754937529,78.3460099843356,82.5550056125636,88.3254888909023,85.5147722885185,78.7452500819228,72.8505710834215,77.8568006845854,76.9269482219533,59.7548519759184,60.7497694620295,65.8694964601215,66.6958482515257,75.9672381410461,NA,NA,NA,NA,NA,NA
112,"BLR","Belarus",NA,NA,NA,NA,NA,NA,NA,NA,NA,NA,NA,NA,NA,NA,NA,NA,NA,NA,NA,NA,NA,NA,NA,NA,NA,NA,NA,NA,NA,NA
56,"BEL","Belgium",13.0157813760085,15.3778961750973,16.3120097846125,12.5592905148227,15.4284500863333,14.0694925825695,18.2906426305639,14.453570494531,17.3296522661988,15.3885401034908,17.4565945158963,20.6125256426179,14.7737540740416,10.5683960702229,9.99679609515734,16.1652342088747,16.1115506236887,13.8960796420542,13.6761706761504,10.5123783304158,8.48152515846,9.27811038874252,10.2402473124294,10.4420362234315,NA,NA,NA,NA,NA,NA
84,"BLZ","Belize",15.5806711851091,18.4527091930773,21.4854817740514,26.4799941171355,28.982962860444,27.7200211638422,30.4912092514146,29.8833101066524,29.6898122206522,32.2469870410534,35.4153816230188,35.3391287021679,35.4395058140465,34.9148537646983,36.7597791027998,46.157315556512,52.214557034135,28.2411953790352,38.6494187867565,49.8747524119704,50.2157519723993,50.5906278756644,51.5515433227296,51.5319520722111,NA,NA,NA,NA,NA,NA
204,"BEN","Benin",99.4466836063137,99.4907331490481,99.5374690903663,99.5950143863846,99.6758153954605,99.7218821340533,99.7819877908309,99.8658706750612,99.9301868423562,99.9754219420561,99.9858176404992,99.9985498183119,99.9671937392093,99.9333907451889,99.9741202826941,99.9881566654477,99.9989757584458,99.9996019190849,99.9752022807494,99.9943773252228,99.9957894966249,99.9980414307551,99.9930648493472,99.9825302029994,NA,NA,NA,NA,NA,NA
60,"BMU","Bermuda",99.6338471324672,99.5930787289744,99.1092843867666,NA,95.4519476029481,98.2492372506154,99.8915843465475,99.8443041261945,99.4489264097222,99.5892302662951,98.9986728366654,98.881982068365,98.4409098001847,99.7003678279594,NA,99.0934441703099,98.7237843355732,98.8487176317578,76.8135352708469,75.0742443952007,74.7674313682401,74.6007753745479,72.708874748791,70.6964142238153,NA,NA,NA,NA,NA,NA
64,"BTN","Bhutan",NA,NA,NA,NA,NA,NA,NA,NA,NA,NA,NA,NA,NA,NA,NA,NA,NA,NA,NA,NA,NA,NA,NA,NA,NA,NA,NA,NA,NA,NA
68,"BOL","Bolivia",NA,NA,NA,NA,NA,NA,NA,NA,NA,NA,NA,NA,NA,NA,NA,NA,NA,NA,NA,NA,NA,NA,NA,NA,NA,NA,NA,NA,NA,NA
70,"BIH","Bosnia and Herzegovina",NA,NA,NA,NA,NA,NA,NA,NA,NA,NA,NA,NA,NA,NA,NA,NA,NA,NA,NA,NA,NA,NA,NA,NA,NA,NA,NA,NA,NA,NA
72,"BWA","Botswana",NA,NA,NA,NA,NA,NA,NA,NA,NA,NA,NA,NA,NA,NA,NA,NA,NA,NA,NA,NA,NA,NA,NA,NA,NA,NA,NA,NA,NA,NA
76,"BRA","Brazil",14.9390609758905,15.2896333679072,13.5245345358526,11.6111365980582,11.2800421964608,11.9450380787768,10.9905523964179,11.1682948127505,12.2563712454544,11.7743073686984,12.1686267772464,11.7966219924622,12.351423063419,13.6027942403069,13.267639141496,11.7668286005957,12.3301042592565,12.7487840665717,11.2599907522498,11.3166274408806,11.3702595703541,11.3985101726416,10.4116685055648,11.3185747532603,NA,NA,NA,NA,NA,NA
92,"VGB","British Virgin Islands",92.0934842515793,97.5558459418617,98.2153002301803,97.722793826401,99.4922305374064,98.4162689089604,98.3242874711908,99.3116838693566,99.2912964660127,99.3784081629836,98.7872173991708,99.1966243411052,99.3837322046244,99.3943840812598,99.4066354863701,99.4175934393811,99.6565770946988,99.2538180525115,99.1470195233766,99.8873666901013,99.8877044847522,99.8877044847502,99.887704484751,99.8877044847497,NA,NA,NA,NA,NA,NA
96,"BRN","Brunei Darussalam",26.0702394479647,16.6684177938014,24.9435470437803,28.8642790406124,27.6966637811873,25.8003455050226,36.8402624207893,36.9242036711692,38.1737243236786,37.2172115809719,35.8959363527202,31.2098199839667,31.3892572552455,38.5506547685897,33.1121951548156,38.9157650633744,38.9144708708546,38.9128322077329,38.9039882345426,44.7336546563639,34.1576636093637,38.9416811177412,32.8188584951173,31.577915146042,NA,NA,NA,NA,NA,NA
100,"BGR","Bulgaria",72.8936082368757,68.5261018198391,72.2316571969321,69.5884257830214,70.5697705455336,71.3970360256552,70.184216331308,75.7720342132912,74.2061425375743,83.3207909779386,75.0709811600334,68.4891396081794,68.7882609333978,67.049920410448,54.5256883456212,55.8963653893739,55.5480610390999,54.3032520094089,54.3505430492983,53.2352583107199,52.5689944921319,51.9199671627694,49.8063327362306,52.72572950533,NA,NA,NA,NA,NA,NA
854,"BFA","Burkina Faso",NA,NA,NA,NA,NA,NA,NA,NA,NA,NA,NA,NA,NA,NA,NA,NA,NA,NA,NA,NA,NA,NA,NA,NA,NA,NA,NA,NA,NA,NA
108,"BDI","Burundi",NA,NA,NA,NA,NA,NA,NA,NA,NA,NA,NA,NA,NA,NA,NA,NA,NA,NA,NA,NA,NA,NA,NA,NA,NA,NA,NA,NA,NA,NA
132,"CPV","Cabo Verde",35.4559139076908,36.0040636521233,37.9402746000393,39.3524993053722,46.2294410659836,42.0701746530386,39.8511400317169,43.0556716622323,42.8362245384596,47.2290633802223,41.9974835038858,44.096379875614,42.5822978837177,43.6519358870338,45.0141861479686,25.2970310327181,28.1281568692379,21.6786317532903,23.8980204397609,39.0115852550939,39.2198220223965,34.9410783585119,38.2005290843548,34.8172119676777,NA,NA,NA,NA,NA,NA
116,"KHM","Cambodia",94.2851018719558,94.3234204263414,94.4213050826139,93.1299274855397,91.690574167884,91.6540353805216,91.5265851316888,89.726590310326,89.7168804449192,89.3993695942828,89.2006425923354,88.9223141059836,89.3416549362712,88.3025717500515,88.1475584794512,87.6176654676209,87.5155114237877,87.6164186715477,71.3361306853503,87.9287321225596,87.9229110362059,87.9342926999034,85.626114722543,85.908588523092,NA,NA,NA,NA,NA,NA
120,"CMR","Cameroon",67.2586698891367,69.0298899209447,70.0215077618232,66.5563682347252,66.8267286870636,64.9473553123565,73.7688015820557,74.4312364394006,71.4985257749882,80.5062772995313,85.5760531314331,74.4134098633744,78.8920923146708,80.4921263656306,84.2931840284828,84.635916491892,84.4830777854767,84.3874255066232,84.7574942209038,85.1635857576668,86.5577279783646,88.4237786706908,88.9666418160968,89.4536953771066,NA,NA,NA,NA,NA,NA
124,"CAN","Canada",57.5333177475664,58.8189219093328,62.1450234056196,61.3354905241416,58.0709794402177,57.2234343355745,58.34772847514,58.9969579369395,59.2249173458006,60.7185627003547,60.4641269288371,59.6103811812238,58.6820898897771,57.4624998284673,62.4249052037998,54.9736338742188,54.9174654468057,54.4341625879295,57.0132673035565,57.0807665520592,63.5638930739928,50.5602244380785,52.8113845519139,54.715807621035,NA,NA,NA,NA,NA,NA
136,"CYM","Cayman Islands",48.2453875710111,50.2395991867295,53.2590023623832,56.7563672481863,59.4686849277097,59.4686849277097,60.0026443476608,60.0026443476608,60.0026443476608,60.0026443476608,60.0026443476608,60.0026443476608,60.0026443476608,60.0026443476608,NA,NA,NA,NA,NA,NA,NA,NA,NA,NA,NA,NA,NA,NA,NA,NA
140,"CAF","Central African Republic",NA,NA,NA,NA,NA,NA,NA,NA,NA,NA,NA,NA,NA,NA,NA,NA,NA,NA,NA,NA,NA,NA,NA,NA,NA,NA,NA,NA,NA,NA
148,"TCD","Chad",NA,NA,NA,NA,NA,NA,NA,NA,NA,NA,NA,NA,NA,NA,NA,NA,NA,NA,NA,NA,NA,NA,NA,NA,NA,NA,NA,NA,NA,NA
152,"CHL","Chile",71.8819784278272,72.7665891030371,72.0964935570928,82.0540284069987,80.1594951547414,76.2004374229563,79.0454387068577,78.748553217629,82.0323130027875,81.0913899058184,81.0231089861022,80.0590477418674,83.3628000740307,83.5885601021907,84.5715115882005,94.7786446408471,91.8341043392207,90.2428207500149,91.3036540129441,93.5266346295191,93.272927134046,87.5963769368271,87.4059874056934,88.1092526119435,NA,NA,NA,NA,NA,NA
156,"CHN","China",76.7375954920067,77.4755168269777,77.8355648684465,77.7237983785007,76.8409200446982,74.612120715799,74.059163621879,74.8435741476871,75.3217906492664,75.4418731056326,75.5333904162661,75.1583472796597,76.1196766499433,76.023100223583,75.2036472813261,78.2820216418444,80.4051682885154,80.6022301942627,57.6563955133195,69.809837073833,69.5189666184451,67.6698023943655,66.3255990815668,66.3214742387915,NA,NA,NA,NA,NA,NA
170,"COL","Colombia",37.0320923337218,34.8869021617024,25.4634367191944,37.2111372889591,32.7962166816671,31.3829250971014,57.645106365854,31.4311157794304,30.1454394699141,53.0368560233871,45.4578647210926,47.147947719691,39.2076980656903,34.2511366021695,61.5114349218096,58.4091279379435,55.5428773351282,47.16218216798,46.7718883006222,44.6775877138124,55.1867448223637,37.0578705034245,52.70932325436,39.3568806261129,NA,NA,NA,NA,NA,NA
174,"COM","Comoros",NA,NA,NA,NA,NA,NA,NA,NA,NA,NA,NA,61.1342296284702,NA,NA,NA,30.445670595042,14.3989704312644,21.3817907836403,11.7259356974057,11.7221898556926,1.43786067113899,0.32580056698589,0,0.0725320474254403,NA,NA,NA,NA,NA,NA
184,"COK","Cook Islands",99.9997511665091,NA,NA,NA,NA,NA,55.0212051671515,42.7683207420507,27.4173348198119,23.4802451025284,27.0808852836917,22.6715012173031,25.8732231460062,33.1721811467452,31.2409598667502,20.5772497426897,19.2354404550568,20.7561805015508,18.8169026750599,18.308302119574,18.2016422864789,15.786454058031,15.6606735029374,26.7728708298021,NA,NA,NA,NA,NA,NA
188,"CRI","Costa Rica",0,5.76384983864916,6.17097401811428,8.09216763641911,12.6376782012503,14.6462472035377,14.9944271357864,13.9242549486293,4.17654644565826,5.17185786306948,2.90380518321174,3.96564305591457,2.57389604053938,1.30294631942806,3.82754009342771,0.621171379555079,1.49005680914085,2.07595125208711,0,0,0,0,0,0,NA,NA,NA,NA,NA,NA
384,"CIV","Cote d'Ivoire",58.5243903215647,60.1522912504861,61.8741438991531,63.9623295160973,65.1275833277719,66.2051783538659,66.157740075107,75.7578637276936,75.8960410965917,66.0242915181829,77.5588082464391,77.5134070716182,77.155420491521,73.3824074578871,66.8701672677534,69.3965215743706,73.1725315871745,72.3961206984182,63.0080441058536,63.9732327440378,61.6496735142741,65.865846020804,65.8697796377469,59.4557241310996,NA,NA,NA,NA,NA,NA
191,"HRV","Croatia",34.7156625636492,34.8436106534699,36.7725231425917,42.1168900931085,44.1710907634455,43.5414547482596,51.5553914069637,42.8108983119733,39.4814546417297,38.0317260117517,39.8145100691149,39.8865504092644,43.335766112923,45.9880910586739,42.9818808553292,48.9253520005115,47.6172913489442,49.8050639711012,47.9182307828488,67.0147326556907,66.5004609332619,66.6565767264344,66.6093322409442,66.5661523454306,NA,NA,NA,NA,NA,NA
192,"CUB","Cuba",60.9783901304153,88.562551309741,91.6933490719423,70.9659871928902,84.0184114068673,97.1276343222294,94.9291499657739,92.5863331614901,90.6539457994624,88.080204274793,89.8843474667931,98.4140804567471,99.2679664702129,99.1855311529412,98.8451425979703,58.9110730046583,64.7785231364448,98.976478619045,98.9744142158025,98.9538726475867,99.0740495849671,99.079888789528,98.6036636951847,99.0114138498106,NA,NA,NA,NA,NA,NA
531,"CUW","Curacao",58.380979866128,57.9155656065624,58.182400633001,57.4541324101936,57.0558868878079,57.9061739137971,59.2500508360603,60.2588846537031,60.6351572426152,91.5045779287773,61.1414591650919,62.8195234056044,52.1901102617078,53.6482900207703,58.0401774716815,57.8084546909128,57.8382751440622,20.516574510415,26.3295587395955,20.218255171571,23.1268350571005,24.9358879769437,28.20269468168,20.7457799642253,NA,NA,NA,NA,NA,NA
196,"CYP","Cyprus",14.9246384194916,17.2205252803562,19.9928418605943,23.3146088829936,27.2422860358616,27.4660842984725,27.9433848904908,27.9122158295791,27.8193633137766,27.7156604451565,27.5047493488784,27.5148090721229,27.5318670111068,27.5933913365923,27.5880371839164,32.29193055219,13.0852406514685,14.1446787161329,14.1814926129345,16.5595178771161,17.907408895487,16.6022932902195,20.7950526770677,21.8905121794261,NA,NA,NA,NA,NA,NA
203,"CZE","Czechia",NA,NA,NA,NA,NA,NA,NA,NA,NA,NA,NA,NA,NA,NA,NA,NA,NA,NA,NA,NA,NA,NA,NA,NA,NA,NA,NA,NA,NA,NA
180,"COD","Dem. Rep. Congo",NA,NA,NA,NA,NA,NA,NA,NA,NA,NA,NA,NA,NA,NA,NA,NA,NA,NA,NA,NA,NA,NA,NA,NA,NA,NA,NA,NA,NA,NA
208,"DNK","Denmark",65.4288084776523,63.8804927012991,59.6590898265237,60.7511163811756,60.7561324426361,61.3436291318856,59.228711703906,52.3516259469164,55.8383415216243,53.5134215028633,54.7371317496802,64.2510697498688,67.5521295624959,69.938964968998,66.8914751322673,62.2096269937867,57.343580914062,61.2312755933933,60.6421881841316,74.8173781870104,71.233630316828,70.6943476140802,72.8634785702438,71.0125778025413,NA,NA,NA,NA,NA,NA
262,"DJI","Djibouti",83.4627792356115,83.4140992679476,83.6598503734566,83.6146722398049,83.6860634420042,NA,NA,NA,NA,NA,NA,NA,NA,NA,NA,NA,NA,NA,NA,NA,NA,NA,NA,NA,NA,NA,NA,NA,NA,NA
212,"DMA","Dominica",89.2990456838979,89.2771091285856,89.2306336707527,75.369681088613,71.4634375299898,83.439500169537,95.806681993801,94.0641140512461,NA,29.6867532073766,21.9690204614392,18.5419626973695,16.756977629619,14.7230091733314,13.1742124687696,13.6313978196786,13.9503168041344,14.4543060937332,15.5760744626805,17.2431662314598,28.7469160568092,31.9318437432101,37.5438592724626,28.8512317540655,NA,NA,NA,NA,NA,NA
214,"DOM","Dominican Republic",NA,98.4830464612177,99.0025716837735,99.6398743698461,98.7427409056442,98.5868078855021,97.34523228473,99.3779005182575,98.7894509022822,NA,99.1736134069352,99.2460584319527,NA,NA,NA,NA,NA,NA,NA,NA,NA,NA,NA,NA,NA,NA,NA,NA,NA,NA
218,"ECU","Ecuador",78.5183502389444,62.7343987837562,57.6423673456418,55.7550167017808,65.6630149844053,69.8923147724333,66.2516773255404,61.7897499549268,64.4759718007543,64.8100515815162,64.1664487514388,69.7654570533598,64.8891194904972,65.1711639675941,62.5936092594778,56.3441825972209,56.0575045034705,56.2043413572945,62.7397193604283,68.8096806888446,77.3084235678918,83.4267442912202,71.9335284130237,72.4402237832202,NA,NA,NA,NA,NA,NA
818,"EGY","Egypt",31.4934619992463,31.9517777064579,31.063842990455,31.3786401720196,27.6862674476167,26.3692572234832,26.1609152449219,22.7341989075146,23.9904311431561,25.2999430956558,27.4516842863634,36.9055280440024,34.6742491396671,34.4992835751627,32.656449018095,28.4394617093358,25.1603700629857,25.5001375907562,26.2429851335021,26.4360401298311,29.7987679038814,29.9636548785792,31.2205459935592,30.5023266032909,NA,NA,NA,NA,NA,NA
222,"SLV","El Salvador",4.48100458299712,7.25055129655968,4.74690552054213,7.66861925775446,11.0562622612574,12.9995728815125,21.1140428122525,13.356051303466,20.9764713896674,21.2929934913829,19.1286833204916,20.4277310498541,26.7272437356665,30.6015409115842,24.4129516263864,43.2640559798156,43.4082445822384,44.942251378265,46.3506716658308,22.2721183825596,15.2188929875828,15.8202486113697,18.2096965248924,17.8387633036977,NA,NA,NA,NA,NA,NA
226,"GNQ","Equatorial Guinea",93.4287094793104,96.8022653189368,97.3628360030011,97.4101959546237,97.4537474490439,97.4935257784619,97.5295037928579,97.5616125460234,97.6770560030813,97.7890901219972,97.8977826248661,96.4400011548234,97.0056957583714,82.7106653399056,84.5166798254341,88.3197243381467,96.0282215410125,96.4208597355317,96.6740577939839,96.5882162705546,96.5575851744076,96.5650410228937,96.5703218765564,95.4543699345607,NA,NA,NA,NA,NA,NA
232,"ERI","Eritrea",NA,NA,NA,NA,NA,NA,NA,NA,NA,NA,NA,NA,NA,NA,NA,NA,NA,NA,NA,NA,NA,NA,NA,NA,NA,NA,NA,NA,NA,NA
233,"EST","Estonia",82.4047796737017,79.4214470316346,80.5360847080592,77.9572656709861,58.4042422038346,73.4143011032594,70.7874229093587,72.9573203652948,71.8159360619829,67.6407047165786,72.0784731535085,71.4805263471879,72.8196498513563,72.1829619712368,52.8323207642892,42.115650062233,51.0690043388882,47.3246509380161,52.1530516984393,52.5776474925373,55.137469094605,51.1226505045396,53.9432312805908,53.9358916977503,NA,NA,NA,NA,NA,NA
748,"SWZ","Eswatini",NA,NA,NA,NA,NA,NA,NA,NA,NA,NA,NA,NA,NA,NA,NA,NA,NA,NA,NA,NA,NA,NA,NA,NA,NA,NA,NA,NA,NA,NA
231,"ETH","Ethiopia",NA,NA,NA,NA,NA,NA,NA,NA,NA,NA,NA,NA,NA,NA,NA,NA,NA,NA,NA,NA,NA,NA,NA,NA,NA,NA,NA,NA,NA,NA
234,"FRO","Faeroe Islands",61.7647862936757,62.7541358401834,65.7909088279872,67.5520877989846,69.9605315158013,70.4088417447059,70.8398633338095,73.5982900092345,75.5950265631964,77.6955668067929,79.4841343125293,83.0637494490789,77.9051257808643,81.8295214996543,76.3049040371533,76.9149588324335,79.5132838854397,80.0425069134607,83.2488329082115,84.4634702579915,84.6760397350875,91.7917363781197,93.4626247682336,96.3647877727927,NA,NA,NA,NA,NA,NA
238,"FLK","Falkland Islands",59.4016272851901,59.4025585263475,59.4017997510251,59.4025062884434,59.4015813422411,59.401296571752,59.401824479203,59.4012514428312,59.4014346815663,59.4011774405131,59.4012364953182,59.2703741495525,59.3525063986922,59.2765216943241,59.3809704455947,59.2944213929391,58.1006572941506,57.0295415084776,59.3938985116138,59.8248369870877,59.9821415909766,59.4452521299157,58.0823876304214,58.5459336435254,NA,NA,NA,NA,NA,NA
242,"FJI","Fiji",65.5765618752648,63.2053201178173,58.4105409127889,60.4339988417539,42.9438843183419,39.4676381921894,39.0700148104542,40.9597124561076,33.1819064106214,34.5613617026708,35.6028653184851,44.2947479618445,37.853136043823,33.8045990924157,38.1209164071472,34.0399739691581,34.2031445182412,35.7849301965503,36.1562238913234,37.0691598975827,35.6959602709601,33.5527094119064,36.4898240348187,36.9685842550083,NA,NA,NA,NA,NA,NA
246,"FIN","Finland",92.5539354150612,92.312897983141,93.3749467543501,92.7227351822574,91.9856874905237,92.9743662720216,94.3256200354572,93.3556418415528,94.7940718525037,95.7921515008375,95.9994492349991,96.0895120701732,96.2411357244914,96.262832575347,93.7950779723225,92.2130611013498,92.2287133686582,93.8134736557966,94.3315637414077,95.3050574899599,96.2567897519015,96.0142504118802,95.1135785830533,95.5779785642192,NA,NA,NA,NA,NA,NA
250,"FRA","France",24.4987539480977,23.04377130859,24.0134752395049,26.0388336892034,24.6870745680884,24.4874754677027,24.0155421053947,25.479255442196,25.8734265808388,26.5768732062749,25.9610667715499,25.2004217644328,26.1605738375933,26.8596548882244,27.2690974805015,22.4102413706742,29.0034032542309,30.6690831254847,30.8847712585518,29.9295080404807,36.3535318340975,36.3338527386517,35.2410181246747,36.1462003906406,NA,NA,NA,NA,NA,NA
258,"PYF","French Polynesia",58.4230010862322,40.683386822796,36.931709221728,36.7067968688315,39.0961665915702,33.6992450542043,36.4947199245546,50.2859888398186,56.9510544524797,55.8191695048646,57.5584994426674,50.8712124319803,58.070434219264,51.1894696537728,55.4854107118879,53.3674015959928,50.7105927253341,49.450183037091,47.3593862985112,44.0675752293422,45.4290921604489,47.9597148038065,42.9588039982339,39.9895737952723,NA,NA,NA,NA,NA,NA
266,"GAB","Gabon",83.7598161399026,88.8086696866934,86.770412876126,86.369620740661,84.8182629279988,89.1045311224944,86.9245962383215,88.0870671304119,87.1598301143638,76.3976332984299,80.2196657133482,78.4486905765995,83.9137492599746,86.7922569525396,87.4359149754643,87.8198063744182,87.2004290525147,86.6048057193614,86.1331802455755,87.0437706291142,87.1521043993674,87.3205941020696,87.3670805821236,87.3785644329867,NA,NA,NA,NA,NA,NA
270,"GMB","Gambia",64.8763365822752,70.6532593471238,76.1086179083635,69.3405723493989,56.6706266552681,64.9727029429824,69.8593903564569,60.0190188252864,61.6484072990969,77.5066751308271,95.7886084387786,98.9919991668006,98.4153947464469,99.5761377646393,98.5642189297995,98.3475438568508,96.8311093840945,99.1651848668996,98.2634346224269,99.9838359696418,NA,NA,NA,NA,NA,NA,NA,NA,NA,NA
268,"GEO","Georgia",59.5397945829074,59.4046744299016,58.4194681095206,61.4425779761432,58.9668939385346,57.7864719821968,56.543499852302,54.2570811739647,49.4413053692872,48.3685962432219,48.160390138203,46.6102715659968,45.4804837100859,45.8401919284431,45.2484542484215,47.3431515460563,50.6156145861088,45.5586838240001,47.235881880055,46.9202324886579,47.0997950169577,46.895881339,34.2380395111905,34.2615868477832,NA,NA,NA,NA,NA,NA
276,"DEU","Germany",26.3785696739763,28.0018599542303,32.9525409501692,28.7217679005482,28.6976142724281,32.2265051359736,31.3482467253534,33.7966848567681,31.7723347135485,31.1496839279352,33.6990740410526,33.4520291557526,30.9645023928611,30.6429043998752,28.7274266526716,33.28999246001,34.0287494720519,34.3756478210978,35.1774505257253,37.3743111877957,41.7125087758809,44.5998666289806,44.0985341046371,45.4174958231342,NA,NA,NA,NA,NA,NA
288,"GHA","Ghana",20.983531577209,22.2123463500729,21.3319444742934,21.1249527700511,20.7380740850974,20.1384028775938,18.033920336398,20.1840824944414,25.1790842565124,23.5694340469425,22.8723524464339,20.8285804741526,23.1359224958798,19.6953997127397,16.1694011819812,22.8147793581536,19.7999757091397,18.9421398866084,17.5002224225295,19.1320330447713,18.7581606556011,18.2558342098295,17.6125031054293,17.3778586062795,NA,NA,NA,NA,NA,NA
300,"GRC","Greece",23.4047882046757,20.9476892856218,24.516748357734,26.7059059781642,23.7285041984326,24.3835939900977,23.2280063463656,28.2647004427498,28.1206849201469,30.4573843676404,31.0750106723677,30.4684768617845,30.2780217633319,31.4952214107412,32.2920602534462,30.1844821305137,33.6554009067313,36.0203833113967,40.1802883454367,35.1849120778999,41.6283140014182,35.7725983357536,35.9932112934841,42.874930992224,NA,NA,NA,NA,NA,NA
304,"GRL","Greenland",25.3922007388121,22.6791652063219,27.5934738160618,33.3896909549052,32.3459020918689,26.9444388671943,18.9920827381916,13.0220472175153,48.6350726731582,49.8476639793841,49.6411801348884,47.071351488919,46.5145532241378,46.4665178922653,47.6022583223499,44.6574257765506,45.0821778490551,47.309151098045,49.7390344451466,45.5963753856027,44.1188887147433,46.8677970451512,45.6315143720623,42.9435441186517,NA,NA,NA,NA,NA,NA
308,"GRD","Grenada",46.5831619995306,52.1164826929506,49.0393256488012,52.3574942889403,48.0817193731409,45.8981939403983,51.7299616366681,49.8784439701988,52.4136583046792,48.2528260602037,55.9152373247246,53.272792360179,47.1914598231343,51.7115659919768,50.5411321136874,73.9016214178492,71.5471581753587,75.4780690126518,70.4823465902869,41.2701887190738,39.6748198716746,41.4642026935021,41.1584515887177,47.7384414533005,NA,NA,NA,NA,NA,NA
320,"GTM","Guatemala",31.5320775823423,41.4164589635131,35.1420086489277,39.7079484003323,45.1845229632091,47.6668176562679,54.1432439038919,41.0396804271569,51.2703961554314,52.1956827630699,55.7183137298767,49.2227151818759,47.8245855153544,54.5657097203539,38.4600261456994,38.1946350980301,53.1819361652409,41.9333756460766,37.7843244920437,33.5629451625762,29.8257566869893,36.8903569163617,34.6823838268618,31.1918266718976,NA,NA,NA,NA,NA,NA
831,"GGY","Guernsey",NA,NA,NA,NA,NA,NA,NA,NA,NA,NA,NA,NA,NA,NA,NA,NA,NA,NA,NA,NA,NA,NA,NA,NA,NA,NA,NA,NA,NA,NA
324,"GIN","Guinea",33.4335926108968,32.1489942223616,34.0542184015523,40.8250035877465,40.5487133057816,42.2071176221411,34.9542653165896,40.2043202538974,35.6460403133056,36.0270826011844,33.383279967515,31.6960373743025,33.805650471126,34.4282348296311,35.9711279169036,30.7414330034972,31.8252492701986,29.6899001449802,27.2503925429311,23.945961426024,24.2173639309881,24.9619318281141,22.2770180842362,24.177310339844,NA,NA,NA,NA,NA,NA
624,"GNB","Guinea-Bissau",99.9656752772895,NA,69.6788392553149,87.5076529866115,NA,NA,NA,93.4544577255811,NA,NA,NA,NA,NA,NA,NA,NA,NA,NA,NA,NA,NA,NA,NA,NA,NA,NA,NA,NA,NA,NA
328,"GUY","Guyana",33.5982852676363,30.4552167812864,36.4802224887646,37.0750496647073,26.8747145887287,21.2375660738462,25.0481920659964,27.9478062415395,32.177847541717,30.904183803811,29.8955941569154,25.848391036232,26.967914199156,26.6921123508062,24.681150700569,21.4560909540327,21.1803710935421,20.5814813723757,21.9659299117906,20.0781062774148,19.8802034490394,20.8844882960649,20.9390692640612,25.2121022378295,NA,NA,NA,NA,NA,NA
332,"HTI","Haiti",NA,NA,NA,NA,NA,NA,NA,NA,NA,NA,NA,NA,NA,NA,NA,NA,NA,NA,NA,NA,NA,NA,NA,NA,NA,NA,NA,NA,NA,NA
336,"VAT","Holy See",NA,NA,NA,NA,NA,NA,NA,NA,NA,NA,NA,NA,NA,NA,NA,NA,NA,NA,NA,NA,NA,NA,NA,NA,NA,NA,NA,NA,NA,NA
340,"HND","Honduras",33.1513918459386,26.5213831229886,29.848427949638,38.9422285393687,24.7470820113519,35.3746933598653,36.2252107770162,93.0151932277924,36.5606351329602,37.4330018627274,57.4002173679532,55.7530408389184,65.8570594889131,31.7000943415634,50.2756664560303,27.9908883123738,32.4288581775276,45.5075291252657,37.0200760508853,35.6573854239344,34.2619069093382,32.425296041415,31.2247469137748,33.5210035076272,NA,NA,NA,NA,NA,NA
344,"HKG","Hong Kong",28.1936555446529,30.7575075616065,33.7602102422627,37.3635949559141,41.7386525548847,41.7346898511979,42.3052628444372,42.3104841885007,42.316698808829,42.3082535716712,42.3108796628343,42.3029413093224,42.3106585270498,42.3107822456477,42.3080312555683,42.3075700020151,42.3124993060312,42.1955247117717,42.1987082001307,42.2075118379124,42.20968657048,42.2252976583251,42.2291262440564,42.230794889061,NA,NA,NA,NA,NA,NA
348,"HUN","Hungary",NA,NA,NA,NA,NA,NA,NA,NA,NA,NA,NA,NA,NA,NA,NA,NA,NA,NA,NA,NA,NA,NA,NA,NA,NA,NA,NA,NA,NA,NA
352,"ISL","Iceland",64.1471404954267,64.7716577577036,63.9246468637338,65.6277006909864,66.5801354738277,68.9230071493784,69.368105443452,68.4478110039655,68.6340479738741,67.9383804325301,67.0255558797519,67.3780559798111,66.5250340101382,65.7988713047393,65.6330524946767,67.2784178525043,70.2283372722565,69.5992431579595,69.1836770294431,70.2879593354911,68.9113082368754,73.83200217846,77.1566363011587,77.1510217373667,NA,NA,NA,NA,NA,NA
356,"IND","India",50.867339998544,48.1370980110528,47.6834847808411,47.5733033433693,48.3839725372466,50.3360516932239,50.5807845875235,52.96438666754,51.7072036778085,52.9521238093985,55.6396915042815,56.8902622537686,57.9604681157785,52.2435661035506,51.305045472469,55.6110386741005,54.2615987412489,55.1633692233076,54.0860903577724,54.4760551598579,53.6757323050069,53.866158297718,55.5512787005745,56.3780372151227,NA,NA,NA,NA,NA,NA
360,"IDN","Indonesia",34.5253017187683,36.7144160705675,35.3042323396027,36.4581496418134,36.4262554124944,37.0006036188203,37.5860732809894,39.3865999958578,40.8364600266586,44.9242038021161,48.8087396843286,52.8150309858492,55.0520685747458,55.7166017036572,57.7629636396458,57.2711736163936,57.5279911137386,57.6521503090629,57.1777054657128,57.2648630287769,57.1688753757454,56.892387829393,57.3379992399887,55.7526138826225,NA,NA,NA,NA,NA,NA
364,"IRN","Iran",47.0030242630719,53.134151135082,49.6809944129343,50.8441636915476,51.0183766355377,51.5578436245329,50.2205673690776,49.4817742719503,51.7756458278285,53.1530023745166,53.9586434028701,60.8954418000373,60.8716868283487,60.8254478084525,59.1626228570194,60.6351296033723,60.5499381381929,59.8751849682426,59.5957911588385,59.589110662843,60.029354494897,60.5684825769176,60.786147837349,60.2454713764276,NA,NA,NA,NA,NA,NA
368,"IRQ","Iraq",NA,NA,NA,NA,NA,NA,NA,NA,NA,NA,NA,NA,NA,NA,NA,NA,NA,NA,NA,NA,NA,NA,NA,NA,NA,NA,NA,NA,NA,NA
372,"IRL","Ireland",25.6984889334299,23.9934418328995,26.8909984633214,31.5504901965259,32.220255970429,34.7845316637321,32.738082637809,33.9158190218331,35.7427121350675,36.4258338739575,35.6801947705881,33.3885687386123,34.3606385328356,36.302885398878,36.595301732968,43.5290209788322,51.8247778842626,51.052258330098,49.7170468838871,37.7849678416307,33.1896514129041,35.6559731707264,39.5551429455325,40.0837020817881,NA,NA,NA,NA,NA,NA
833,"IMN","Isle of Man",NA,NA,NA,NA,NA,NA,NA,NA,NA,NA,NA,NA,NA,NA,NA,NA,NA,NA,NA,NA,NA,NA,NA,NA,NA,NA,NA,NA,NA,NA
376,"ISR","Israel",34.7375951982873,33.6433609249418,33.1208720126402,29.5498226933431,29.2608577280708,26.3336235966475,25.8244728687427,25.0929857925315,22.070886416075,24.3865155661739,22.9850663059381,21.6898766867899,17.0340390396073,15.6161882795357,14.3689295913729,19.3271473555844,19.4936175165718,17.5796878854028,17.397771016388,17.4515345876569,17.8696123802923,20.7436837020631,20.8238460129596,20.8093514426482,NA,NA,NA,NA,NA,NA
380,"ITA","Italy",43.730018734665,42.8075103250501,43.6402772257471,44.1039205207959,43.2937635226712,41.7187616038442,41.7301012452062,41.6927525411569,42.2715031249333,42.4229436609973,43.1811511737582,41.5770188792974,38.9193746104491,43.021204485299,41.8900391717215,36.9912338596713,51.1864332054458,54.1876456369678,61.9545189499728,49.3567006167679,46.2760198523146,48.2005182110152,46.9648815136119,45.6015780720084,NA,NA,NA,NA,NA,NA
388,"JAM","Jamaica",85.2564821869397,87.2965868496102,89.2958047902599,89.743023570537,95.9414241473564,91.2054494569443,91.4045615362991,92.3663283952948,91.6618763084177,91.615910655625,87.6901667817185,88.9407195742914,91.5130230435918,89.9464096918878,90.828420617386,89.6594381016683,91.2093501444095,88.5966015967451,89.5558023307529,90.4940417951664,90.8022633983929,89.62952589332,88.06112682853,87.8034748391349,NA,NA,NA,NA,NA,NA
392,"JPN","Japan",34.3368468832105,33.7390944330094,33.6227086066523,34.2973902340647,34.3873547051138,34.5308016874457,34.3371183752987,36.8174146705116,36.9438284777664,37.429952118867,38.4196312680445,37.8665217730203,37.3823452951619,39.0838135378648,36.8313327825959,38.0694017896762,37.4730839032876,38.0486618586403,38.2404363980463,36.7754039313164,38.2539041327178,38.4720931649158,38.4779641179071,40.7947826567119,NA,NA,NA,NA,NA,NA
832,"JEY","Jersey",NA,NA,NA,NA,NA,NA,NA,NA,NA,NA,NA,NA,NA,NA,NA,NA,NA,NA,NA,NA,NA,NA,NA,NA,NA,NA,NA,NA,NA,NA
400,"JOR","Jordan",NA,NA,NA,NA,NA,NA,NA,NA,NA,NA,NA,NA,NA,NA,NA,NA,NA,NA,NA,NA,NA,NA,NA,NA,NA,NA,NA,NA,NA,NA
398,"KAZ","Kazakhstan",NA,NA,NA,NA,NA,NA,NA,NA,NA,NA,NA,NA,NA,NA,NA,NA,NA,NA,NA,NA,NA,NA,NA,NA,NA,NA,NA,NA,NA,NA
404,"KEN","Kenya",55.0667328783136,48.0041318574229,35.6612232502964,44.7265589186463,48.4968757603059,64.9966804880824,63.6244681888514,65.3015545684219,47.2878648172341,48.6094515144848,53.0305034158587,63.0330929249845,62.5539902014614,62.9141681853304,63.3899286214776,66.6092314207455,67.8889735068241,68.0381246736637,68.3199954112936,65.3820777711478,67.6234204915339,65.4638948859603,69.6565363514434,69.0679303087446,NA,NA,NA,NA,NA,NA
296,"KIR","Kiribati",89.7540392593462,92.156228829418,87.981788580683,89.2190817449743,88.3771084656221,83.8203976959248,91.4622333297145,90.0382288525482,87.6213835487644,83.4909360241641,89.8646067167464,87.2492483806536,89.1276624193084,80.8372753559123,81.6589341242912,79.6999402250971,79.5920267168453,80.0262690185945,79.2960253175849,80.2331358754658,81.2715061384747,81.3945478891886,81.1434322982039,81.0547705261222,NA,NA,NA,NA,NA,NA
689,"XKX","Kosovo",NA,NA,NA,NA,NA,NA,NA,NA,NA,NA,NA,NA,NA,NA,NA,NA,NA,NA,NA,NA,NA,NA,NA,NA,NA,NA,NA,NA,NA,NA
414,"KWT","Kuwait",0,0,0,0,0,0,0,0,0,0,0,0,0,0,0,0,0,0,0,0,0,0,0,0,NA,NA,NA,NA,NA,NA
417,"KGZ","Kyrgyzstan",NA,NA,NA,NA,NA,NA,NA,NA,NA,NA,NA,NA,NA,NA,NA,NA,NA,NA,NA,NA,NA,NA,NA,NA,NA,NA,NA,NA,NA,NA
418,"LAO","Laos",NA,NA,NA,NA,NA,NA,NA,NA,NA,NA,NA,NA,NA,NA,NA,NA,NA,NA,NA,NA,NA,NA,NA,NA,NA,NA,NA,NA,NA,NA
428,"LVA","Latvia",21.3265443728546,26.0178640901304,27.9001956409057,32.3400793093598,35.4358624452338,36.1772635704143,34.3491441416021,34.8662077987191,34.236735991717,35.5979265773979,36.5346829706694,34.6614240191699,34.1937057178345,34.5749770467144,33.8181976594664,55.2013455620912,54.0496607777485,54.7957188725664,52.0313561377466,41.9429372192951,49.5020110240621,48.9846237348477,50.7986995575016,52.1384567595387,NA,NA,NA,NA,NA,NA
422,"LBN","Lebanon",83.399991520356,91.5023264779899,91.573558077764,91.5751875801246,91.5532689460538,91.4793741760493,91.465455898067,91.4709857438935,91.4749046130022,91.4589027027485,91.8510735313402,92.119152989351,69.4922553219836,92.1641936250492,92.1866848569159,92.327712066256,92.4717891307826,92.8305878757033,93.2011999139362,92.8565256173697,92.5825563957225,92.9313503818537,93.5098984210259,93.653379156009,NA,NA,NA,NA,NA,NA
426,"LSO","Lesotho",NA,NA,NA,NA,NA,NA,NA,NA,NA,NA,NA,NA,NA,NA,NA,NA,NA,NA,NA,NA,NA,NA,NA,NA,NA,NA,NA,NA,NA,NA
430,"LBR","Liberia",58.1818904843113,55.4575626548935,37.3958421819135,28.1017092019893,35.4693854271783,39.7035041753527,37.2519628470981,37.7632387442572,28.2374027922671,73.6848478893653,99.8671561767171,99.8962037030015,NA,NA,99.2580708128861,96.2783090482432,96.0322542918387,98.2761500150853,98.4237223267976,98.5019315554485,99.614756677717,92.7618922018405,97.4832465360971,95.9899645800117,NA,NA,NA,NA,NA,NA
434,"LBY","Libya",43.9045945433452,41.4052627083252,41.1621547439271,41.568187164192,42.4783910275663,41.8023085480459,45.4854664433314,36.7732099041779,36.7155838876727,36.3517900900874,36.1541300735649,34.6285568002395,39.211109940147,40.0480430451801,39.3802490485948,31.9986749326438,34.7430560655105,36.1590735886477,33.915529273125,34.458317356936,37.0934972402994,35.643896738365,38.2707423938116,38.8376056553571,NA,NA,NA,NA,NA,NA
438,"LIE","Liechtenstein",NA,NA,NA,NA,NA,NA,NA,NA,NA,NA,NA,NA,NA,NA,NA,NA,NA,NA,NA,NA,NA,NA,NA,NA,NA,NA,NA,NA,NA,NA
440,"LTU","Lithuania",26.063635797122,27.4999088975867,31.6467633448883,34.8545193625204,40.2956144892695,39.2741231524915,35.392438570962,38.6029444433508,36.7328102601891,38.9189394167269,40.2884661084073,41.190799010079,39.8483238700137,40.9338661347466,36.8339236426333,68.487388351322,56.9216919410467,69.984503411742,74.4792347072836,67.3071716560145,69.7983513091382,67.256223830914,63.7192678544804,72.7746853384068,NA,NA,NA,NA,NA,NA
442,"LUX","Luxembourg",NA,NA,NA,NA,NA,NA,NA,NA,NA,NA,NA,NA,NA,NA,NA,NA,NA,NA,NA,NA,NA,NA,NA,NA,NA,NA,NA,NA,NA,NA
446,"MAC","Macao",NA,NA,NA,NA,NA,NA,NA,NA,NA,NA,NA,NA,NA,NA,NA,NA,NA,NA,NA,NA,NA,NA,NA,NA,NA,NA,NA,NA,NA,NA
450,"MDG","Madagascar",29.0631936992952,27.0629287102341,25.5751465611651,29.2857362045895,28.6098815343539,32.8367216925288,42.1654709455427,42.8651430343274,44.4777302226773,56.8784430547826,56.5366743218414,59.4058945359718,63.3586103564235,63.7423617234928,64.9249825499765,71.8033424499309,57.6354270376051,52.4885051955008,57.5365283727901,57.7529653276679,52.5955206149805,46.4610382021543,48.5857364610113,52.130811162755,NA,NA,NA,NA,NA,NA
454,"MWI","Malawi",NA,NA,NA,NA,NA,NA,NA,NA,NA,NA,NA,NA,NA,NA,NA,NA,NA,NA,NA,NA,NA,NA,NA,NA,NA,NA,NA,NA,NA,NA
458,"MYS","Malaysia",75.3866361751179,77.1483454456212,77.3370890963581,80.0834092015599,81.1134668648921,81.790407005039,82.8725850228464,83.8967084391769,85.8305185375558,87.6624061770572,87.2083784845162,87.3575402059875,87.2154503269216,87.0665780421244,87.1420753888119,86.8789801944608,87.1481132723437,87.2804853027658,86.8614234180509,86.7439363293914,86.858688375549,86.5529586227718,86.2902870115878,87.0238288551775,NA,NA,NA,NA,NA,NA
462,"MDV","Maldives",NA,NA,NA,NA,NA,NA,NA,NA,NA,NA,NA,NA,NA,NA,NA,NA,NA,89.3774820410894,89.7528814014266,97.1897170111948,91.7245002368643,95.7104433674546,97.7385870361313,99.4537541304227,NA,NA,NA,NA,NA,NA
466,"MLI","Mali",NA,NA,NA,NA,NA,NA,NA,NA,NA,NA,NA,NA,NA,NA,NA,NA,NA,NA,NA,NA,NA,NA,NA,NA,NA,NA,NA,NA,NA,NA
470,"MLT","Malta",13.9349913136154,5.47932568647525,8.49693731706732,12.3888716017464,4.16054517592343,5.18140721042165,4.34205738770784,8.81035451405425,10.2995604174403,14.1097899728565,12.1673329960581,12.0384440353501,12.2210583972201,11.9679718505194,11.7473891269557,32.0374087007445,29.7858382446015,29.590276116411,28.1938027864578,30.0399012973166,27.1769484372304,31.1655640685956,30.2348656793752,29.1019037413686,NA,NA,NA,NA,NA,NA
584,"MHL","Marshall Islands",NA,NA,NA,NA,70.9964752489563,57.9363784867767,67.4278046363065,62.5217025505777,57.3759624327883,57.9822294932292,64.4843559052252,60.7605250779255,68.4270473385233,63.4081788781843,69.6291936036064,71.2193316789686,72.8161263858749,75.9998508594783,79.6406220641169,82.2846518252793,72.3632388024796,66.793795196751,70.4641814543614,68.7932364198912,NA,NA,NA,NA,NA,NA
478,"MRT","Mauritania",1.45327425406524,0,0,0,2.74007438421653,2.82122353194431,4.20054059388933,8.39306935084242,13.3171917245676,14.8043336964975,3.76273826583908,3.77712104751832,3.53191603711967,5.72978144403318,8.7393355564279,57.0580671438881,39.4771285999769,43.3555353599767,51.2467110635341,50.4799221418382,51.3480590304006,50.5057657644646,51.4679659600403,51.547539375721,NA,NA,NA,NA,NA,NA
480,"MUS","Mauritius",84.4670417666288,78.6496791831537,82.2058965248268,82.1437127652267,94.1890384569389,98.4301622325553,NA,76.0877716867184,74.656217175403,71.9998303075409,73.7336919480564,78.1667973255009,81.4948232483262,94.224823405836,87.1083594595383,NA,NA,94.253189392207,76.46963712034,75.1945355469274,74.0469207746201,71.6967599773257,69.4428835608567,69.0525505763519,NA,NA,NA,NA,NA,NA
484,"MEX","Mexico",23.1720445946548,26.9293558293838,24.9238606313151,26.0593248187098,26.8271827262276,29.5182172528719,30.4676676340172,26.5865909630889,27.2806906380356,27.6339951252484,27.5640714150646,27.8979203123301,30.9848866555697,32.7174462590716,30.1039875512353,27.6998988689607,29.1125459786959,35.7961085544054,34.8033748794534,26.2755693147169,24.8581352389885,26.2967563418978,31.0616439854508,27.4835793421216,NA,NA,NA,NA,NA,NA
583,"FSM","Micronesia",73.3269029623824,74.078528817393,62.9923335303074,64.6510399647922,60.3090702876975,57.6036961857526,68.9800374884901,61.4252716591644,59.0860887900429,61.3342128474724,70.0615678084775,55.6076354336005,66.7781050442024,57.1527842144283,61.7205866773591,60.299572136251,61.8906226210898,58.8574515602974,58.2016737439248,60.0633610096585,61.9308995581581,65.5912604809881,62.9667406059458,62.6592584627269,NA,NA,NA,NA,NA,NA
498,"MDA","Moldova",NA,NA,NA,NA,NA,NA,NA,NA,NA,NA,NA,NA,NA,NA,NA,NA,NA,NA,NA,NA,NA,NA,NA,NA,NA,NA,NA,NA,NA,NA
492,"MCO","Monaco",NA,NA,NA,NA,NA,NA,NA,NA,NA,NA,NA,NA,NA,NA,NA,NA,NA,NA,NA,NA,NA,NA,NA,NA,NA,NA,NA,NA,NA,NA
496,"MNG","Mongolia",NA,NA,NA,NA,NA,NA,NA,NA,NA,NA,NA,NA,NA,NA,NA,NA,NA,NA,NA,NA,NA,NA,NA,NA,NA,NA,NA,NA,NA,NA
499,"MNE","Montenegro",38.1049925510842,38.282198213519,41.0460460285054,45.4266577102697,48.9188423701318,47.0665816621492,56.1798760641272,48.2189986108467,47.3015272889932,45.3634991952578,46.7842516562497,47.1886523026736,50.0701148032035,54.3797196424823,54.5366674652839,58.9859158710921,55.9060348040356,59.1921005386991,58.5105841609203,37.3009407142318,37.7507212027991,45.039518925514,43.4563184855004,43.0387199322585,NA,NA,NA,NA,NA,NA
504,"MAR","Morocco",35.5245561319496,38.0416348138771,37.1767994826823,37.6318497926225,38.209282847794,39.7007532275179,39.7398423813686,40.9093544417657,43.1942673665365,44.73841161959,40.7691924478709,41.198058740246,43.2249308776343,42.0036130618602,43.0460389668712,43.6532247589175,44.2288899442772,43.6912940254006,44.2392756322942,45.9572884647805,46.1412991697106,45.2707477582768,44.816184058842,45.2125047694535,NA,NA,NA,NA,NA,NA
508,"MOZ","Mozambique",22.9470432717995,20.4522032491758,23.3643488064451,24.6284553734157,24.9833788883956,24.5329729051294,24.5368959023755,23.1606261152713,21.6732565746424,19.0001378950568,21.9670894519274,24.6766025795271,28.9442175884786,30.5116748804479,26.9119686194567,30.4618308620258,38.9000802939373,38.7490026707378,33.749960772577,38.9688771412841,40.6147939874557,38.5353895314172,42.621280271608,47.1976602325399,NA,NA,NA,NA,NA,NA
104,"MMR","Myanmar",66.3248739853238,66.0096915669758,65.6196717638831,65.1430885659659,64.5343140002078,64.4549889215454,64.3453197910376,64.3195102163613,64.1784614174764,64.1818506796271,64.9779484871212,64.8455673589486,64.9883982106761,64.5290476965473,65.1281112597597,65.0258808050922,64.9342967258305,65.2302844796594,64.6898549927992,65.3730549865548,65.2529078877277,65.2131259317602,52.2919716065768,52.5463197424046,NA,NA,NA,NA,NA,NA
516,"NAM","Namibia",55.1696238772328,55.8534600553294,54.6635793711624,53.868655460682,54.625924167577,54.6208481019328,58.4974842172412,56.172919549823,56.7530898244706,56.7763317684891,59.1966841302487,58.4304738093746,57.1960596240586,56.975764483076,56.5597901109606,56.0743205236586,57.9176792488552,58.2075585564246,58.5645731807827,58.9393375276648,59.1231523643357,60.40112225064,56.1883721575766,56.0397192827517,NA,NA,NA,NA,NA,NA
520,"NRU","Nauru",NA,NA,NA,NA,NA,NA,NA,99.9999976225284,NA,NA,NA,NA,NA,NA,NA,NA,NA,NA,NA,NA,NA,NA,NA,NA,NA,NA,NA,NA,NA,NA
524,"NPL","Nepal",NA,NA,NA,NA,NA,NA,NA,NA,NA,NA,NA,NA,NA,NA,NA,NA,NA,NA,NA,NA,NA,NA,NA,NA,NA,NA,NA,NA,NA,NA
528,"NLD","Netherlands",19.7554030551525,20.830603815519,25.2180798862778,22.7582869420587,23.8565529619989,24.3397401508053,24.5556038417114,26.4464056391426,28.6416579437342,30.7178987357544,28.2847445211586,27.6854764342976,26.1394697604376,21.9121790692637,21.6433753158799,27.1913839198316,23.8804792162805,21.8532313538825,25.7663451215749,26.8307299870345,27.29585455456,28.6249059358129,24.9728309554838,25.4287154388456,NA,NA,NA,NA,NA,NA
540,"NCL","New Caledonia",66.8460964743185,72.0215484246387,59.445092674713,59.8887391908559,65.3701285630406,61.0342825932763,60.7896319009395,60.9551896853764,55.2261979185549,58.1282502819218,64.3066303422058,67.3161022807821,66.4126840160859,62.373644292711,58.9546180081922,58.997745758687,60.0287187312125,58.8632896937107,56.8330307824054,54.6396786848631,56.7703009821994,56.7253916173592,56.1135055132801,52.4484036841869,NA,NA,NA,NA,NA,NA
554,"NZL","New Zealand",26.8993323256952,27.2760899816308,28.0025779228469,28.3705139411558,29.4387799930844,29.8392618666024,31.738015229242,31.9129832607687,32.4012835183235,32.6903264960872,33.809532199242,34.7980642042804,35.7943127225209,36.1954161038395,36.4993226344811,36.3610241371518,36.1602634061932,36.4734484489738,35.8366817071463,35.0474286238299,34.8749782917709,34.84988351365,34.9771845595032,35.0698685317952,NA,NA,NA,NA,NA,NA
558,"NIC","Nicaragua",10.9373180513952,11.336549693272,9.37691646253789,9.75292924765671,12.3446513036384,11.9063482102944,12.2184800045602,13.5204144281731,16.176248601492,19.2044068743743,29.1348722933848,26.0177046854175,33.0608647100225,30.7403207054167,31.1023365867322,29.5271212776507,46.3299802296608,42.6791949289744,43.0232082117677,36.8989000120077,31.9214975985004,39.2728861884282,40.8247037168105,39.8203861427618,NA,NA,NA,NA,NA,NA
562,"NER","Niger",NA,NA,NA,NA,NA,NA,NA,NA,NA,NA,NA,NA,NA,NA,NA,NA,NA,NA,NA,NA,NA,NA,NA,NA,NA,NA,NA,NA,NA,NA
566,"NGA","Nigeria",80.4001942146086,85.5495850742381,89.2841627324854,88.8401380033693,88.3559394433466,88.0993879779786,88.2615707944571,86.8297672853284,87.7983978457533,87.9633369195299,88.320465004025,86.8704273003488,88.2813223138208,87.7572076906033,87.8000030308302,88.3750436681861,88.9611747840491,89.508039604934,90.6050525239125,91.0671703017936,91.4858302851273,92.4240579427596,93.8196302747129,95.3201016537783,NA,NA,NA,NA,NA,NA
570,"NIU","Niue",NA,NA,NA,NA,NA,NA,NA,NA,NA,87.7934154788931,91.5952537769619,91.8933228890834,31.1783645195612,94.1733466396203,NA,NA,NA,NA,NA,NA,NA,NA,NA,NA,NA,NA,NA,NA,NA,NA
408,"PRK","North Korea",90.6439785513188,90.5524316714501,91.0042021684022,90.4326251832647,89.9160529859055,90.3973616392151,90.359600506861,90.3102153941394,90.1617806213737,90.2585845561301,90.2602066250748,90.2733670977158,90.2897237029643,90.3590667160351,90.3604291019526,91.1516898410983,91.123805745864,91.1073924225626,91.0508047110697,90.8686204312911,90.5115291943568,90.5013009529548,90.5013009529548,90.5013009529548,NA,NA,NA,NA,NA,NA
807,"MKD","North Macedonia",NA,NA,NA,NA,NA,NA,NA,NA,NA,NA,NA,NA,NA,NA,NA,NA,NA,NA,NA,NA,NA,NA,NA,NA,NA,NA,NA,NA,NA,NA
578,"NOR","Norway",70.7191036474109,71.2425912625298,74.8672901594946,73.1381175734571,74.8494817928462,76.1999652230901,75.2734091780409,74.305600601801,73.6204108589356,73.5650702531038,72.465023418228,72.2437356952086,72.6332648268645,72.9024029548049,71.6815776367383,90.6941336803933,90.6965061597035,91.6962335398877,92.3927824670202,92.3843121184331,91.2898265403514,92.185443361744,92.5858774983206,91.411088889064,NA,NA,NA,NA,NA,NA
512,"OMN","Oman",74.8661830081972,73.8208075897101,77.6813827590117,78.0578780737443,76.9632683559735,79.3951002403842,73.7591699383021,75.6479908723556,74.7184217656511,72.6095102261773,75.6064729147634,79.3710721856193,78.7389925960658,76.5828781055552,78.5302088845282,76.8899825046524,79.3743658199081,81.5325531756691,82.1426775971399,82.5569181364116,82.7673901838939,82.616794534968,82.6253194985058,82.536685994978,NA,NA,NA,NA,NA,NA
586,"PAK","Pakistan",58.5088430753043,58.0761529136102,59.931686948123,60.8454775872051,60.6384795213963,60.8984792399994,63.0123063378237,86.2774542716954,86.7302360952227,86.5627509141316,87.0694631905798,89.0512869011785,89.149747895948,87.9545086905049,87.6485461898196,87.5773540872699,87.136886842983,86.9285494615247,87.4258882711209,86.706223854441,87.1016931328607,86.4592022805626,86.8267839047239,90.5418756046576,NA,NA,NA,NA,NA,NA
585,"PLW","Palau",99.1520814437289,99.1201197990199,99.197329009876,99.2505753257435,97.9881720005936,NA,NA,NA,99.1957514071397,NA,NA,NA,NA,NA,NA,99.9736853668355,NA,NA,NA,NA,NA,NA,NA,NA,NA,NA,NA,NA,NA,NA
591,"PAN","Panama",27.7812431241826,31.3166337491559,33.313961064878,28.6988278506499,37.6369475041132,42.1933951974199,45.576781622953,41.0077635384182,41.6164480404798,48.0093949578401,44.4070972627536,36.6330961229055,37.9355661473918,40.3503580948295,39.2439928350022,40.9332436135093,61.1343890089255,21.6507274740224,48.2312253888018,44.7668228563646,43.9519420212447,39.0930683160836,40.6051586476051,46.9417934480217,NA,NA,NA,NA,NA,NA
598,"PNG","Papua New Guinea",65.3420376058666,68.9463714428011,63.0908965670716,62.5162968741107,62.4865780781141,57.4293985758857,64.8738615529816,59.4869674429732,55.4434303499193,56.7020647130182,61.7795758799649,59.2132259667575,67.5776219333894,62.1317944887031,65.9549380411133,67.9647677600883,68.3732469992457,71.1781666050873,72.2075795540478,74.5872754494412,74.8995091291257,74.1771026545113,73.9194015034991,74.0632518908696,NA,NA,NA,NA,NA,NA
600,"PRY","Paraguay",NA,NA,NA,NA,NA,NA,NA,NA,NA,NA,NA,NA,NA,NA,NA,NA,NA,NA,NA,NA,NA,NA,NA,NA,NA,NA,NA,NA,NA,NA
604,"PER","Peru",56.998207817263,58.8783104519201,77.1065057974765,54.2106596438407,51.7067374204031,57.2844347528319,52.3210395871697,55.8242219358989,49.103309928439,51.1652101357751,53.6089764292696,53.5374819036069,52.8287585210835,45.2786355211179,43.0759665132496,44.4504405284742,47.8467637663228,46.4079030284187,57.3785784589029,50.9527613530135,53.744056497774,59.0777534045637,58.6949466197007,59.9512709652894,NA,NA,NA,NA,NA,NA
608,"PHL","Philippines",80.9703755027956,82.1461209771053,80.1236062819198,80.9831916296581,81.2778067104007,81.1678370531472,82.1797911350599,81.0077018399827,80.9609906692173,81.8132383393615,83.1275341447082,82.1511393033103,83.2105408469812,83.0936442886028,84.5097359165461,85.2006022867533,84.6572057611536,84.7449700343032,84.4155804984674,84.9148913713894,85.1240362530066,85.2794422614413,85.2056272084589,85.3095144877296,NA,NA,NA,NA,NA,NA
616,"POL","Poland",75.5942940185743,73.1270307485739,72.5439142116247,75.8956902695134,69.7443562427087,75.1147464161056,75.4501414983568,71.3718656771896,73.9425041392007,62.2916198354324,59.5675650815118,65.3406887648361,68.1505760536515,68.5128662340587,66.0268717760538,60.9120433766173,58.4116519398919,57.1752728882268,57.8278293447609,62.889915581586,61.9359491950064,65.4517309105187,65.9834811564802,77.2213291217328,NA,NA,NA,NA,NA,NA
620,"PRT","Portugal",22.1749058386578,18.9521340983555,19.5643312575911,21.6129550566446,20.660100985544,20.7074726592365,21.845094298888,20.734952141734,22.5969184659301,19.2526297890682,20.0065824751939,25.1255120469635,21.3031855822964,21.7876361632759,20.3727738199344,18.8400579158925,18.7380263264329,18.3717524259074,17.1862345775206,17.9628854359193,18.2291736513185,17.1911019769088,15.8725257883276,16.8547740902707,NA,NA,NA,NA,NA,NA
634,"QAT","Qatar",59.6596475676819,59.640702841686,59.6650248791483,59.7627857977917,59.0981685640533,58.9727049550775,59.1257387422345,58.7939652330977,58.9054875899419,58.8551792367655,58.8020061762196,58.9939659432536,58.9540594948765,59.2469070699628,59.293647530092,59.4069607110739,59.7111578501884,59.5668791526689,59.5232037905538,59.6139802660634,59.6512767760965,59.6767778526704,59.7199277594429,59.6843787710021,NA,NA,NA,NA,NA,NA
178,"COG","Republic of Congo",50.0894823716262,50.2581532453908,50.452645667952,50.6865292527053,53.2041270926455,49.5162371686752,54.3160458876555,54.6127060150573,66.5578029689888,78.6521989400641,69.1012623865188,70.5822461718016,73.2020729034732,61.3908271069079,69.4920471384121,69.24691130405,67.5788283609041,45.2673144391265,42.4721491670618,41.0866736430556,64.9218802683297,66.7826298743488,66.3256619872234,57.1881196642229,NA,NA,NA,NA,NA,NA
642,"ROU","Romania",17.3038625247333,17.4380705134648,20.1179184484221,23.2935103605516,27.3318727155661,27.2683593720905,27.9259537967804,27.9412673980973,27.9137971630046,27.9294382988838,28.0964928391953,28.1404542205457,28.1785807759878,28.1539333028598,28.1243926396273,35.0764508622564,96.007680573669,96.4693299492192,97.6686063711029,87.7050121821235,87.3971656556046,87.1758242509179,87.3070461755629,87.3541083105257,NA,NA,NA,NA,NA,NA
643,"RUS","Russia",11.1577475834306,13.7092074205679,13.6057144346682,15.0503897593266,16.768175034574,16.7459031703163,19.944642303955,18.7645865177706,20.3265676768237,19.8391648613439,19.6851891456712,18.8709906158518,25.135525052864,26.9908817883651,24.2692202610936,21.9875256050175,21.1315781699984,21.6248642920607,21.8114645624963,21.5215168247146,22.3237894071542,20.8837184713362,20.1258568507046,19.8036141631546,NA,NA,NA,NA,NA,NA
646,"RWA","Rwanda",NA,NA,NA,NA,NA,NA,NA,NA,NA,NA,NA,NA,NA,NA,NA,NA,NA,NA,NA,NA,NA,NA,NA,NA,NA,NA,NA,NA,NA,NA
652,"BLM","Saint Barthelemy",59.3947011016798,59.3443234330826,59.4563890491779,59.5202711283444,59.4474643651869,59.4706777427047,59.4938590449606,59.4709332048185,59.4929673359594,59.5149725553349,59.5369489281629,59.5588965195496,59.5808153943528,59.6027056172547,59.6245672526108,59.6357492823896,59.6468086792116,59.6638442697358,59.6781609660355,59.6942650556027,59.7099039758579,59.7255284645037,59.7383799987324,59.7543164996486,NA,NA,NA,NA,NA,NA
659,"KNA","Saint Kitts and Nevis",NA,98.6769865641001,97.087008770041,95.7898776669929,95.0870406940153,97.2923044443701,97.9974197317889,94.5575577528613,NA,NA,NA,NA,NA,NA,NA,NA,66.8040048571978,67.0681431311449,66.2124140214996,31.1434772774785,26.8852445082041,29.6367957776466,5.96604203332632,5.91034106498016,NA,NA,NA,NA,NA,NA
662,"LCA","Saint Lucia",77.2235831115051,76.6449178314022,79.5942648196149,91.3403841901204,NA,NA,NA,99.2706175035172,97.0460955925241,NA,NA,NA,NA,NA,NA,69.6026436351697,68.6069653188168,68.6271227155214,81.4901271063833,81.7793302317076,81.8860231974045,82.0717684174836,79.175100831175,79.2636800470405,NA,NA,NA,NA,NA,NA
882,"WSM","Samoa",82.4406880170852,74.8375448444711,74.3505859123185,76.4261022030569,76.3112897348467,75.8338337765451,77.5946217205347,83.3053184693844,86.9895127976379,88.197046063627,83.6038152517105,80.3528653835974,83.0799574269228,80.5602249559169,81.3487783307936,86.2959265038295,84.0937991108926,85.3873669384131,90.2699485490223,89.9895904033639,89.2552772402931,84.1752087984825,84.4826966578736,38.9978755146605,NA,NA,NA,NA,NA,NA
674,"SMR","San Marino",NA,NA,NA,NA,NA,NA,NA,NA,NA,NA,NA,NA,NA,NA,NA,NA,NA,NA,NA,NA,NA,NA,NA,NA,NA,NA,NA,NA,NA,NA
678,"STP","Sao Tome and Principe",84.4408477629398,87.6839932400155,85.1246828001661,86.1531008114735,85.8992087353957,89.7731126106467,87.8997698043979,88.608703194304,89.024657888957,99.672366524202,99.6934238450279,99.6727399576714,99.6996525031397,95.6547837295164,99.6990662898581,99.6619159443376,NA,NA,NA,NA,NA,NA,NA,NA,NA,NA,NA,NA,NA,NA
682,"SAU","Saudi Arabia",25.3554528770828,28.4619876532066,32.9651988264688,40.6414880775453,41.2968409015882,47.7821187532643,44.3498603587449,45.1594359235776,53.9271834417869,47.5512753113074,50.6679196654474,49.5080665556552,50.2935505271158,49.9001208609247,49.2876691998723,49.5271689650619,49.6384289299302,50.6297306873774,50.1648165780012,50.0909920079875,50.0849783037298,50.0950241980088,50.4994194462958,50.6992959797072,NA,NA,NA,NA,NA,NA
686,"SEN","Senegal",33.6835648313819,33.3652487753279,34.8902752579327,35.5245351788674,33.1027200925404,36.03982323547,36.7885010393698,40.4326157023722,44.1855947074793,47.6316593368931,44.7622695765978,44.4152491779383,47.1586588752709,47.283094631455,54.1223452050743,58.0488318316589,70.9952141558537,65.6481129466034,60.8893763222571,48.8104038843924,46.2474672434621,54.0834610099299,52.4839120605163,54.8797935824427,NA,NA,NA,NA,NA,NA
688,"SRB","Serbia",NA,NA,NA,NA,NA,NA,NA,NA,NA,NA,NA,NA,NA,NA,NA,NA,NA,NA,NA,NA,NA,NA,NA,NA,NA,NA,NA,NA,NA,NA
690,"SYC","Seychelles",NA,70.065306033359,65.0473102066481,63.2797492672152,60.0392362133007,59.3785439308535,55.7440268434,55.1539488274096,54.5504211531852,53.6339985920313,57.2737067857435,53.2427066365652,55.5600666661287,53.9756633446331,56.1488408521271,55.191443395519,47.6379554467918,51.5586739707743,38.1304779098744,53.7033130351267,54.1158618885805,55.084257308323,54.1139532247336,53.9128120737071,NA,NA,NA,NA,NA,NA
694,"SLE","Sierra Leone",47.6794867598107,34.3585212528521,33.118927838456,32.1879946874174,29.7482067376155,36.5163408513789,39.3799573146657,50.1270853556419,54.8365837334305,59.3395036322647,57.9791750876577,56.5740356227766,55.653641246471,51.8415077865856,49.7607287726851,92.8262136153396,93.6343500973456,94.5477791999947,94.7588091031326,96.2183809528699,96.2183809528699,96.2183809528699,96.2183809528699,96.2183809528699,NA,NA,NA,NA,NA,NA
702,"SGP","Singapore",NA,NA,NA,NA,NA,NA,NA,NA,NA,NA,NA,NA,NA,NA,NA,NA,NA,NA,NA,NA,NA,NA,NA,NA,NA,NA,NA,NA,NA,NA
534,"SXM","Sint Maarten",NA,NA,NA,NA,NA,NA,NA,NA,NA,NA,NA,NA,NA,NA,NA,NA,NA,NA,NA,NA,NA,NA,NA,NA,NA,NA,NA,NA,NA,NA
703,"SVK","Slovakia",NA,NA,NA,NA,NA,NA,NA,NA,NA,NA,NA,NA,NA,NA,NA,NA,NA,NA,NA,NA,NA,NA,NA,NA,NA,NA,NA,NA,NA,NA
705,"SVN","Slovenia",NA,NA,NA,NA,NA,NA,NA,NA,NA,NA,NA,NA,NA,NA,NA,NA,NA,NA,NA,NA,NA,NA,NA,NA,NA,NA,NA,NA,NA,NA
90,"SLB","Solomon Islands",75.4775677447318,74.6461148997413,70.2901256171714,72.8681313695308,73.1999663852951,76.8738287001584,79.7683731427768,75.2055960449229,71.6996377083361,75.3156365668831,78.1672438436161,77.3591090122813,86.0701297784157,82.1895573592384,40.6261725514835,70.4226561195061,88.2077501674959,90.493560290674,23.2927524606438,20.2721739580991,91.7441013048834,92.292655236611,47.8218809342392,45.6004200087042,NA,NA,NA,NA,NA,NA
706,"SOM","Somalia",34.6226152832442,33.9480722044601,33.3740803146072,32.8930908571703,32.4100626733655,32.0477102920632,31.6778829034189,31.3762237553461,31.1333857704121,31.6842932620117,31.607267482076,31.5158662965875,31.4331166514383,31.319705396815,31.2402282497749,31.2404004871189,31.2423279886884,31.2273311915007,31.2405877142079,31.2308901866468,31.1352534686869,31.1411325239923,30.791216755508,30.4628373352718,NA,NA,NA,NA,NA,NA
710,"ZAF","South Africa",53.7429049752545,53.0377239915678,53.0920362062384,52.2389421994888,51.6427682851447,51.5211199977549,51.5303724073814,51.1131236065167,51.1452531433917,51.1753970788727,51.4176458172193,51.0936028472272,51.1502834688973,51.8237196277773,51.1177166263974,51.6337178819244,50.6441329350398,51.5985530058742,50.9646504801163,51.0307004850055,50.6646887911504,50.6806498838895,51.1849804309532,57.6738925637863,NA,NA,NA,NA,NA,NA
410,"KOR","South Korea",26.1264185973602,25.3597524994645,24.0951374142563,27.1713966507718,25.1544843763476,27.9012445369813,23.8044518617526,24.653723356314,23.7832168096122,26.2836392053427,28.9035516518268,31.5070133310605,33.1825838378565,32.3189878562221,30.3918695014925,28.0644858308458,31.7494245365661,31.6091234489572,31.4127870948728,35.5952350259079,34.126809755949,35.2560415457716,34.9337908444892,36.2664835612067,NA,NA,NA,NA,NA,NA
728,"SSD","South Sudan",NA,NA,NA,NA,NA,NA,NA,NA,NA,NA,NA,NA,NA,NA,NA,NA,NA,NA,NA,NA,NA,NA,NA,NA,NA,NA,NA,NA,NA,NA
724,"ESP","Spain",27.7776605878383,29.8964782977343,31.1613881334644,31.2685806336089,28.4447086822539,28.7005016537604,27.3756788000166,30.6722835271226,30.7201272154629,30.5625439160013,31.8621348275069,32.0518315427867,33.0410533587377,35.6787141986616,36.7472750554642,32.1081646426515,39.934287970681,51.3946954423597,48.4774955501124,34.5779909166692,34.5654875908705,35.0024132765901,36.5816333942219,37.667690104119,NA,NA,NA,NA,NA,NA
144,"LKA","Sri Lanka",41.2897795337864,42.0605401772464,40.1140210128191,50.1115529983098,38.1685008440386,50.8445902638604,54.0229951695119,35.64761939417,36.2464556800377,54.5203304376125,47.1114455919496,48.2632850568176,46.3053357847194,46.4849434589925,46.6689556968528,58.2568141030967,57.7791755887757,59.1636670169256,53.8712489735085,63.0701821180563,59.3424006724494,62.2074576796111,65.9114779717933,60.3409214909468,NA,NA,NA,NA,NA,NA
670,"VCT","St. Vincent and the Grenadines",29.4756488404254,38.31352506106,40.1393377292484,29.641710616157,27.2003026526091,30.3120150263603,40.9040982959094,32.1420607371105,26.6496299613157,24.1514283578488,33.697940636372,33.8494752756898,29.7344144178335,33.4363447919782,39.2475609765498,36.6883408122052,63.1996397659167,64.103588137942,64.1741576311788,64.1389008048816,59.1134661523414,59.3059416318661,37.1753558809757,39.9476894784417,NA,NA,NA,NA,NA,NA
275,"PSE","State of Palestine",NA,NA,NA,NA,NA,NA,NA,NA,NA,NA,NA,NA,NA,NA,NA,NA,NA,NA,NA,NA,NA,NA,NA,NA,NA,NA,NA,NA,NA,NA
729,"SDN","Sudan",NA,NA,93.2168937903456,88.1648755560037,83.0655779981743,79.6424391402925,76.7531100978607,79.748264052869,84.3291489645187,87.9200623462705,92.9311083111361,NA,84.8869655913778,76.4607830669543,NA,NA,NA,NA,NA,NA,NA,NA,NA,NA,NA,NA,NA,NA,NA,NA
740,"SUR","Suriname",0.514765868866988,4.02963354410558,4.14575164854527,7.27698946986219,3.63568227065602,2.2165980609785,4.16078711563173,7.94038276455889,10.663284095452,11.0701464663573,20.7576153245887,21.4373549113926,41.1995752165388,39.7655726454009,35.1233897120501,35.981995277627,36.5721376971661,37.5464685232366,46.9890158533629,43.8801759296463,42.6131937438552,42.5805024746425,37.7487051520768,41.4444497282638,NA,NA,NA,NA,NA,NA
752,"SWE","Sweden",74.7650330120992,81.0382109379353,76.5140387026015,73.6443816036823,76.495452430987,71.1183307496098,68.3901156324579,66.7445122632632,72.0806100016986,75.0700917438712,71.9067778647189,78.2333801335422,77.2170807895911,74.5121003016824,72.3112591607459,52.5474373201866,54.7260441824184,53.778070085522,54.6150461476787,41.5344170038587,42.6596530274865,42.2646067596293,48.1376272035258,45.7916742654102,NA,NA,NA,NA,NA,NA
756,"CHE","Switzerland",NA,NA,NA,NA,NA,NA,NA,NA,NA,NA,NA,NA,NA,NA,NA,NA,NA,NA,NA,NA,NA,NA,NA,NA,NA,NA,NA,NA,NA,NA
760,"SYR","Syria",39.8360435065506,40.5229782124762,41.9731898179732,41.9753424916639,42.3599902238231,41.1855995922815,45.2088483246483,45.521338735787,46.8641694961429,49.224472009917,44.5385005192578,47.6358668702411,51.4987898803594,51.9905337615658,51.4506918461505,62.1116378191832,60.203871888793,57.7972865239161,54.6827295162682,53.6576309326036,47.5772163572939,46.75555455295,45.3885162119743,43.8789140490089,NA,NA,NA,NA,NA,NA
158,"TWN","Taiwan",37.4866305829273,38.5929447520003,38.7753610971544,40.1867978787313,39.8720934001256,37.6282069256619,37.7708534299249,40.0497488437476,36.9270512621548,38.0799710247328,43.7968206611201,48.0277206159585,48.7943425657781,42.4886217859794,41.9719988614786,42.1252829310436,43.846186123068,45.0085070202387,47.2966870306744,49.9380704003925,36.8171782450283,45.7146630204966,42.8314793187993,42.5221387654915,NA,NA,NA,NA,NA,NA
762,"TJK","Tajikistan",NA,NA,NA,NA,NA,NA,NA,NA,NA,NA,NA,NA,NA,NA,NA,NA,NA,NA,NA,NA,NA,NA,NA,NA,NA,NA,NA,NA,NA,NA
834,"TZA","Tanzania",60.2383553573699,57.8053283139349,55.4595826208147,61.5589186710757,62.0091922408847,63.6464629056188,62.6831384309615,65.7087894127804,71.1248656798665,65.8152462216837,61.9490076002054,64.4317526365663,72.2470911816411,72.8537944434595,68.9900249915367,67.2520790489776,70.9519129195114,71.7637359382175,72.500984601026,71.9597276288201,71.1581812341212,71.8348807972239,73.3783068992289,58.2760640213576,NA,NA,NA,NA,NA,NA
764,"THA","Thailand",57.1986539619663,60.9262529434485,65.4349313521078,70.7720942529506,77.2067744842057,77.2564526661151,77.7561853224713,78.1632608488466,79.0367044497995,79.3318891410923,79.4257998117342,79.2885799393095,77.7082279917685,77.4165720923301,77.7176992176602,77.7033194808989,77.8826243504072,77.3328883123694,77.3504054351276,77.1445424220441,77.0932654760334,76.1969811284148,77.2345998417603,77.8735190227405,NA,NA,NA,NA,NA,NA
626,"TLS","Timor-Leste",NA,NA,NA,NA,NA,NA,NA,NA,NA,NA,NA,NA,NA,NA,NA,NA,NA,NA,NA,NA,NA,NA,NA,NA,NA,NA,NA,NA,NA,NA
768,"TGO","Togo",85.4803052449152,84.6470186120223,84.2841772631137,83.3700244365625,87.5047341469018,86.1273015911187,87.3755834323266,87.5737336328105,87.4238081586474,87.5188520897757,88.9502265355642,88.0507665662433,88.6548814257442,86.9712861817363,85.456876914849,87.6950059749262,81.6483900741151,82.9803789881688,85.5112229119311,85.8468553263654,89.0673263350737,87.5726480147428,86.569235745757,86.9503607814991,NA,NA,NA,NA,NA,NA
776,"TON","Tonga",70.4867916420184,57.4352799454748,56.9535117301178,56.0545165669753,57.443604574385,51.1646174594995,51.4159735338291,57.5755192475901,95.9889202293329,76.3111759507561,77.4369441711064,66.8633652642472,77.6298620068487,98.3847634537191,NA,NA,NA,NA,NA,NA,NA,NA,NA,NA,NA,NA,NA,NA,NA,NA
780,"TTO","Trinidad and Tobago",25.4025207921516,25.2261428323122,27.2589047926995,24.681862686265,25.6870893235038,23.2138841041775,23.7499354466191,24.4341205075007,23.3355115066912,22.9759399742394,23.4071752524131,25.0500999090845,23.614306537161,24.0408236959355,23.9228055028891,23.2194948367728,23.6267381072662,22.4571012310178,22.6026986599117,21.6763474178998,22.4837991954852,22.3106239038762,22.1358935463011,21.9750343619897,NA,NA,NA,NA,NA,NA
788,"TUN","Tunisia",41.4039149098315,38.4505589306471,37.768674428218,38.0396577813614,38.4057518224977,39.0383264976102,38.4282195077966,36.1322250052745,39.7409847022945,41.1930020281575,42.7741077874623,41.7189964436143,42.3971497900336,42.2623893547044,41.083092465776,43.2577204684124,41.7096578026591,41.0514136282131,41.1447272571128,41.857185195372,41.4859612442483,41.3259386501692,41.5759475923391,41.3555572069371,NA,NA,NA,NA,NA,NA
792,"TUR","Turkiye",53.814693004634,55.1366698643033,54.1396006005868,55.7809443183411,53.3914211883415,54.8954307987657,57.1308860968033,56.4061612267837,56.2739860850843,55.0313414699568,56.5454759348194,55.2710726304812,52.5338730714331,51.9116824168844,52.1116851115808,51.7917143770734,55.1507818737804,53.1606505015686,50.8679018668264,51.081778981214,51.7659519882469,51.5990459168606,51.5190945644481,53.4470428979541,NA,NA,NA,NA,NA,NA
795,"TKM","Turkmenistan",NA,NA,NA,NA,NA,NA,NA,NA,NA,NA,NA,NA,NA,NA,NA,NA,NA,NA,NA,NA,NA,NA,NA,NA,NA,NA,NA,NA,NA,NA
796,"TCA","Turks and Caicos Islands",NA,NA,NA,NA,NA,NA,NA,NA,NA,NA,NA,NA,NA,NA,NA,NA,NA,98.2572327515955,98.2143742407429,NA,NA,NA,NA,NA,NA,NA,NA,NA,NA,NA
798,"TUV","Tuvalu",NA,NA,NA,NA,NA,NA,NA,NA,NA,NA,NA,NA,NA,72.941880880471,76.84822903185,78.9150219014639,76.1024084034936,68.1425820552538,67.9179966509075,67.1157705552451,66.6459996828155,67.4179757484271,64.8216702174863,66.2026512418778,NA,NA,NA,NA,NA,NA
800,"UGA","Uganda",NA,NA,NA,NA,NA,NA,NA,NA,NA,NA,NA,NA,NA,NA,NA,NA,NA,NA,NA,NA,NA,NA,NA,NA,NA,NA,NA,NA,NA,NA
804,"UKR","Ukraine",22.7359611325147,20.6050084139541,22.1408501313632,24.238761895609,24.1259014925282,25.0802410592668,25.7040505596108,25.7703715122171,26.6726929592951,29.5289133154351,27.7384564201546,29.2713329918641,31.9205798790393,32.6923527552886,33.4831705129595,36.844595886428,34.5883997951788,33.7468988759516,31.8393188482136,30.4507117110467,26.4029077695053,27.381722150124,22.9799854441126,23.2504183647007,NA,NA,NA,NA,NA,NA
784,"ARE","United Arab Emirates",90.174450631783,90.1489505926722,90.1029288231613,90.0693128649897,89.9588728538695,83.724479921954,83.2256775530325,83.0946085689883,83.8940566090831,83.91635140702,83.9353736465392,91.5006721124623,90.5793657382988,87.372479347281,89.2230044307552,89.0445901755828,89.0788446030755,89.6796513885444,89.426384979087,89.1533086782798,89.8219568674513,89.9015685850825,89.3952776218051,88.7077309143778,NA,NA,NA,NA,NA,NA
826,"GBR","United Kingdom",43.3094313230552,46.1601180964215,47.146288055509,46.9979293726822,47.6546041765162,52.970747110827,46.8269257452017,48.2235617263703,49.2063726062879,53.5249061065217,46.5890205832636,48.1170338302128,45.7417676202488,45.0056609240929,46.1046604078053,50.4155341633147,49.8518768899431,52.2133738617027,55.380103371807,53.6019992143264,52.4100577324983,52.8871294793271,57.9188856592415,55.8501973424029,NA,NA,NA,NA,NA,NA
840,"USA","United States of America",28.7556367108028,27.2262847500125,30.6954379649875,32.1619180326742,30.3439433093563,32.5955609412114,31.7297333440075,31.8017658060054,30.7496338946393,34.5661944226628,32.6830443671803,35.4810233852992,35.3156496738549,31.9648697345567,33.057696665553,34.5030613026896,35.9773074184468,38.2915282618816,36.322003076681,36.7457441952203,36.6763754079741,42.0241874987004,39.8387105399568,41.7004056950621,NA,NA,NA,NA,NA,NA
858,"URY","Uruguay",36.4524538992149,37.7457914299652,37.6831184072935,39.5572783148233,40.2217039761609,47.9642281750342,46.2294747835186,46.6331273966235,47.480765141049,47.5289572411021,47.4878198900219,46.7377803350598,47.6255058830687,50.2909593849703,52.3261848522762,49.5765724451712,51.0231103233094,52.1398900515466,51.7683496780959,52.2250206820613,53.5113752846056,51.9846844191584,50.5675158633607,50.8085003913812,NA,NA,NA,NA,NA,NA
860,"UZB","Uzbekistan",NA,NA,NA,NA,NA,NA,NA,NA,NA,NA,NA,NA,NA,NA,NA,NA,NA,NA,NA,NA,NA,NA,NA,NA,NA,NA,NA,NA,NA,NA
548,"VUT","Vanuatu",63.3501849240632,69.2138705443312,65.8455789717056,62.806224846283,55.4977912452304,48.9877348160182,41.3103434029954,43.310496969107,43.7285190176081,48.3758150168724,36.8302873801146,39.0797962929214,35.1795006366907,32.2177281870159,26.8343408654457,32.7626108200075,27.1161908332067,27.5400325115182,29.3627041137916,22.6800747203099,24.2711304156253,23.5423167101549,26.0695305511508,32.327712063621,NA,NA,NA,NA,NA,NA
862,"VEN","Venezuela",51.7581057464877,45.505122505429,49.8109236984879,52.0020766467808,53.2216103178056,55.6118571998779,56.9207674687536,60.9033153634055,63.6028160265735,57.3910914107446,57.8460241782512,61.3022568961845,61.4404887325446,75.703692033746,73.4561378051005,81.0348911805442,81.1796326959833,80.1725687809918,80.4093753241043,82.6465045697152,84.0436338605984,83.7477807749142,84.8986509321196,85.0748586788826,NA,NA,NA,NA,NA,NA
704,"VNM","Viet Nam",48.6412208751217,46.535218803967,44.5876313726668,43.4352359648017,41.9794944379848,40.9466146648092,39.849376699832,38.9214578045884,37.8388225969681,37.1050252322361,36.1547658083282,35.2946566177424,34.5130397915873,33.6999624388875,32.9343758538104,31.7439795914342,30.8917582351444,30.2021864788606,29.5661810815857,28.6858516864375,27.9944221359725,27.3388062459561,27.765707733541,27.6401476619869,NA,NA,NA,NA,NA,NA
876,"WLF","Wallis and Futuna Islands",NA,NA,NA,NA,NA,NA,NA,NA,NA,NA,NA,NA,NA,NA,NA,NA,NA,NA,NA,NA,NA,NA,NA,NA,NA,NA,NA,NA,NA,NA
732,"ESH","Western Sahara",NA,NA,NA,NA,NA,NA,NA,NA,NA,NA,NA,NA,NA,NA,NA,NA,NA,NA,NA,NA,NA,NA,NA,NA,NA,NA,NA,NA,NA,NA
887,"YEM","Yemen",44.339251069037,38.9355083174395,32.8924581416365,33.8953648803943,34.4341177605602,34.9131450706385,36.348943973499,50.6900722363005,57.5355246481177,67.1803127354595,83.537469939999,67.1036314849209,91.1721514657742,91.0105971200076,91.0831643946653,89.0271817091687,88.3607405691999,87.968268128011,88.1377731035786,87.7097553153651,87.7418334101717,87.7415468613654,87.5458135418919,87.5158849848081,NA,NA,NA,NA,NA,NA
894,"ZMB","Zambia",NA,NA,NA,NA,NA,NA,NA,NA,NA,NA,NA,NA,NA,NA,NA,NA,NA,NA,NA,NA,NA,NA,NA,NA,NA,NA,NA,NA,NA,NA
716,"ZWE","Zimbabwe",NA,NA,NA,NA,NA,NA,NA,NA,NA,NA,NA,NA,NA,NA,NA,NA,NA,NA,NA,NA,NA,NA,NA,NA,NA,NA,NA,NA,NA,NA
