"code","iso","country","HFD.ind.1996","HFD.ind.1997","HFD.ind.1998","HFD.ind.1999","HFD.ind.2000","HFD.ind.2001","HFD.ind.2002","HFD.ind.2003","HFD.ind.2004","HFD.ind.2005","HFD.ind.2006","HFD.ind.2007","HFD.ind.2008","HFD.ind.2009","HFD.ind.2010","HFD.ind.2011","HFD.ind.2012","HFD.ind.2013","HFD.ind.2014","HFD.ind.2015","HFD.ind.2016","HFD.ind.2017","HFD.ind.2018","HFD.ind.2019","HFD.ind.2020","HFD.ind.2021","HFD.ind.2022","HFD.ind.2023","HFD.ind.2024","HFD.ind.2025"
4,"AFG","Afghanistan",0,0,0,0,0,0,0,0,0,0.015688679879176,0.368157251906183,0.748850834487584,1.14264236737792,1.51696856652792,1.8709460381363,2.04780206101427,2.25931431925771,2.50199105669292,2.67827590285808,2.91130774961979,3.16344764540898,3.48089859032501,3.71231506676357,4.0476178569385,4.50477602211171,4.16853549539145,4.73956337032716,4.85538727149807,NA,NA
8,"ALB","Albania",10.3969704042513,10.9322381461496,11.6124835661936,12.2282716598217,12.7187734808117,13.3324991396483,13.8099969766611,14.3060039024487,15.0630446843663,15.9566130042876,17.1442813468919,18.5194932435007,19.7209352017536,20.9779190929745,22.1418360145424,23.2382280563052,24.3393407025558,25.428046798587,26.4919066831771,27.4706090786144,28.4062023816604,29.2511667905629,30.1751763992812,31.0627163128048,32.421336770867,33.4730671924368,34.4503427897201,38.7722543066379,NA,NA
12,"DZA","Algeria",44.4696554780449,45.7461144980068,47.1563096572303,48.677492504329,50.2829994407276,52.049818184667,54.0608120819913,56.2481617041195,58.5639632613186,60.8537352102155,63.0811987190079,65.4703045394876,68.0233584910241,70.5525186077989,72.7092306980885,74.5377192266767,76.300999173932,78.0521079282668,79.5859000543179,80.9192755212854,82.2193909459786,83.3609359068778,84.4160701759525,85.4825662221838,86.9553765032753,88.249858326701,89.1776710118624,100,NA,NA
20,"AND","Andorra",81.0454544875587,81.1686700871877,81.210525860734,81.2927899031323,81.4718498536148,82.0568620708789,82.7368087096866,83.586477768397,84.4247084873107,85.2137985600127,85.866441685331,86.4920811536107,87.0491288582904,87.5796125706101,88.0879098250431,88.6645025663657,89.2840527080407,89.9401233683429,90.6367243761877,91.322959258514,92.1607665027149,93.2380901440838,94.408765768268,95.4904048512339,96.4107951776222,96.2707177479204,95.6123813978243,98.3695060153722,NA,NA
24,"AGO","Angola",3.92054648355682,4.37139579797386,4.36077113062365,4.56507234117946,4.88983970726895,5.25103527451633,5.62406395346066,6.08809316582237,6.40313617455018,6.92757380262216,7.23333247650227,7.80931128529319,8.34400163902355,8.98621200887114,9.59288457328584,10.2867432107194,11.0890048093778,11.8573523960993,12.6328596247046,13.231286354185,13.8457177091472,14.3217383894051,14.7627084257401,15.1245549142522,15.8422358544952,16.4247271741753,16.42931574302,17.1907351952794,NA,NA
660,"AIA","Anguilla",NA,NA,NA,NA,NA,NA,NA,NA,NA,NA,NA,NA,NA,NA,NA,NA,NA,NA,NA,NA,NA,NA,NA,NA,NA,NA,NA,NA,NA,NA
28,"ATG","Antigua and Barbuda",58.566022935785,59.5548804665373,60.5857745803449,61.6559300419392,62.8483084800862,63.4665656830019,64.2423852231132,64.810101521914,65.4553553485409,66.0973657567207,67.1730179654969,68.3650718602696,69.5066756698473,70.7750484069046,71.675524191899,72.2527383354869,72.7711494141037,73.0818217646541,73.4925439280017,73.9484452276458,74.5157902230862,75.3135269394912,76.2036279002643,77.1742059453297,78.0303984187651,78.7817509505396,79.3959416798269,80.0461686870875,NA,NA
32,"ARG","Argentina",46.1515968324483,47.7044223120596,49.0460548555148,50.4220294998648,52.1672701082746,53.0254355512298,53.6273254942146,54.1169243680771,55.1261281499526,56.260560435138,57.5778094258015,58.8032450011496,61.1067022603207,63.1734133617667,65.0385713700944,66.9899720804665,69.1440205100593,71.2597996573872,73.5449991257255,75.2996994359356,76.7092108815788,78.8172264031548,80.6938716968654,82.323267401412,83.8660046352014,84.3138029590137,83.9936562613306,100,NA,NA
51,"ARM","Armenia",17.2301739848128,17.4609996375913,17.6923119436942,17.7320122343663,17.9436588180865,18.5059530317292,19.4351787981466,20.7168482534579,22.3308456680489,24.0906823573456,25.838401758937,27.9039730478443,30.4280387834108,33.0400643221459,35.4737484704272,37.3911999071873,39.2896110657409,41.229529625425,43.0183453559982,44.7537197263178,46.2035268204436,47.3994305071532,48.7773817172075,50.0055693542715,51.4277595510356,53.051878842979,54.7946575756191,69.2088234436808,NA,NA
533,"ABW","Aruba",NA,NA,NA,NA,NA,NA,NA,NA,NA,NA,NA,NA,NA,NA,NA,NA,NA,NA,NA,NA,NA,NA,NA,NA,NA,NA,NA,NA,NA,NA
36,"AUS","Australia",81.7241433078443,82.8231004805123,83.9427621863423,84.9692772972252,85.7977954828794,86.3264131761103,86.5877729379066,86.8648642504407,87.1118309268398,87.5893324647599,88.0356301275908,88.371238748333,88.7678277200383,89.4479613329493,89.9900909025336,90.4536716553506,91.1414358547747,91.7748654072538,92.154288543105,92.6167035971841,93.0967851616008,93.487794855805,93.9225385587317,94.2752958034852,95.2708961976682,96.5163965253316,98.7748453142857,97.4073888113635,NA,NA
40,"AUT","Austria",80.81311942354,80.9826998265928,80.9549116258307,80.8513407219921,80.9692828940866,80.8284474137347,80.2830258532468,79.7135104013529,79.3694567413681,79.0546468924953,78.8184666219013,78.6390180470691,78.4831423278166,78.2535062973904,78.4187774016473,78.8731964843999,79.3033273812195,79.8643756524324,80.5614921197385,80.8937217237381,81.5537324951544,82.1929446177388,82.8436971992031,83.6274988846787,84.1835531695712,84.6386057831984,84.6572612313106,85.3839291024948,NA,NA
31,"AZE","Azerbaijan",9.30272071001494,9.82581014445776,10.2753975033377,10.6724655673569,11.106837425659,11.8064421044556,12.6278356540482,13.6142235940814,14.8511005370911,16.1892713131525,18.0408314941348,20.7796930247589,24.0397186821349,27.526060758638,30.4103324113411,32.4355537660545,34.565904709662,36.6306952498464,38.3626764404096,39.523774443424,40.0648866588233,40.5789661668438,41.1120787147593,41.3478379806014,41.5845398875341,42.4267372003628,43.3624059848096,53.0398997052595,NA,NA
44,"BHS","Bahamas",69.6155339548583,70.1787077136969,70.5845564085326,70.8087800948818,71.131094614266,71.3663260840915,71.6969495533342,71.6028498021457,71.5191496307743,71.7191535109998,72.4033870278475,73.544512425185,74.619084623602,75.7595089256995,76.7835738609547,77.6257846780615,78.4740665886233,79.269879766494,79.7277035424965,80.2801517618357,80.838430936073,81.5382685336271,82.2216540130446,82.5427761689116,83.0844232751931,82.5227947508351,83.6293137781159,86.2580653647962,NA,NA
48,"BHR","Bahrain",60.1495610521487,60.9506976069393,61.9369484252606,63.0259070221439,63.8069046656571,64.432351537998,64.6797403886309,64.7827433932213,65.0487078236951,65.406251400709,65.9148363442671,66.4677588174714,67.1401518589093,67.8604996122592,68.3965150446059,69.1285672925303,70.1712491225582,71.6319065563945,73.1351206461042,73.8289774219829,74.6714838585596,75.5477156357857,76.2803029572945,77.1134694201769,78.0708758666528,79.6342410726028,82.0865077170789,81.2943942675219,NA,NA
50,"BGD","Bangladesh",0.763805319702087,0.988332682686277,1.17941302858391,1.29617376126399,1.48865598609021,1.64461182856475,1.72888954796741,1.82331755414238,2.00864772706403,2.09968327941715,2.22408036114548,2.4099426084165,2.75729923604457,2.96068853572876,3.14037272855238,3.38571360961555,3.53225565047936,3.78268907065191,4.03360334633268,4.42487249626471,4.76562983532116,5.18417864990384,5.5590649384031,6.07789015158627,7.04668448539331,7.19630600050704,7.10927223074677,7.06401015260587,NA,NA
52,"BRB","Barbados",86.7233641087294,87.9204108340722,89.6043132923386,91.0500563170352,92.0085062834861,93.0329016771063,93.8268846485264,94.3450048830073,95.1254025645821,95.7807033297806,96.239876009652,96.5953552811188,97.0916921858833,97.7320648459501,98.233556171472,98.5067525281891,98.9792294367942,99.165949702952,99.2820699386037,99.4227883831276,99.6231580101313,99.9067418644214,100,100,100,100,100,100,NA,NA
112,"BLR","Belarus",40.0450531838754,39.9734170994059,39.9611583210776,40.1054291847302,40.5089994398997,41.0262986265474,41.8248551741182,43.2110014526073,45.1092158408339,46.9989785716734,48.9669996920621,51.5989294664467,54.6851601012238,57.7826572029136,60.4917747224267,62.9603939277464,65.4396555685489,67.7367467161479,69.8415616591505,71.4788268503999,72.6213101056622,73.5944261404085,74.355428728711,75.1302962239829,76.0753702702045,76.9163594909203,77.4859017957881,90.4733182723298,NA,NA
56,"BEL","Belgium",88.3720546454625,89.1315948888112,89.6013744870984,90.0585763118178,90.6494808857085,90.9908653983732,90.7859831652201,90.5249027139821,90.4712663510988,90.2547840390171,89.8923247598866,89.0918848985007,88.2330794856663,87.7539107525869,87.8263275726282,88.283725684702,88.6913184398504,89.3201299253244,90.177831244254,90.653298645968,91.3837516626035,92.2415947777984,93.1240753591443,94.0859953902256,94.9205570828824,95.0635714702745,94.8039371220533,95.7026641968238,NA,NA
84,"BLZ","Belize",32.4531329969017,31.6323785789822,30.8865562684358,30.0477604774116,29.3886338839636,29.6853547415253,29.7457312509213,29.5160267825424,29.554016184075,29.5152706840963,29.6445908656582,29.729184036065,29.8752370160041,29.7680142916423,29.9231414356371,29.9841941067005,30.3146488932071,30.4603898778862,30.4519866348823,30.4683582085401,30.6619533127334,31.0298156608714,31.5502476336005,32.1361052154697,32.981694646922,33.8126412549433,34.1156036455915,33.5332648654659,NA,NA
204,"BEN","Benin",3.81957020423432,4.14119298375415,4.38913169144953,4.70821534030672,4.84878710527678,5.32734814257459,5.5810785640565,6.01703080795032,6.3961611211402,6.71500398111976,6.82420335800937,7.07601140683182,7.00709103788155,6.91358223851734,6.86610724655233,6.82985942668515,6.86846688491894,7.14536159932022,7.50405738642361,7.36780736002578,7.80435976022176,8.09694995763856,8.52074905258992,8.74922228537946,9.3073558406207,9.84883261705248,9.73092168226317,9.71253925897463,NA,NA
60,"BMU","Bermuda",60.3713895461411,61.3808570689018,62.2227530082147,62.8614667616145,63.6987748826595,64.7603684145287,65.9881573656421,67.0810852076467,67.8563075841087,68.7461980133262,69.5769503773086,70.5934441202071,71.9272766554618,72.9800800077494,73.7842737531966,74.0533676591454,74.5723440984414,75.033670603035,75.4051909132401,75.6975405044253,76.1178287258102,76.7141029592201,77.2953642002446,77.8435529324026,78.3936254042403,78.8813925221137,79.8011200578638,79.4676105149876,NA,NA
64,"BTN","Bhutan",7.26190456577906,7.32038930545467,7.9050124744126,8.6582941322058,8.76276824427119,9.19946494191534,9.75032770320367,10.1907768692907,10.7892935792813,11.5009565788701,12.3273184502957,13.2623164403395,14.3319884076406,15.510796836955,16.5709155209653,17.5831160312755,18.6460788698352,19.9817244121419,21.2355280396113,22.5150695646964,23.7215935294805,25.0568943575792,26.3106910908038,27.4878207806941,28.6185282094942,28.9128821126997,28.9401076180478,34.5384323704181,NA,NA
68,"BOL","Bolivia",12.8387703119724,13.3496230601934,13.8498334563417,14.2861554144507,14.7229931617984,15.1353144696847,15.5939544041262,16.0375726051138,16.4612208312223,16.8904960489246,17.2871025222347,17.7125198172915,18.1555405780538,18.6283489856563,19.1032478810395,19.6456556362911,20.3048360622551,21.1201958551312,22.0089292673318,22.8774836629618,23.7771289156522,24.8338724637501,25.8918910967749,26.9566830699086,27.6458623094729,28.8199492759645,29.7543035981675,31.2912633321907,NA,NA
70,"BIH","Bosnia and Herzegovina",11.1643290781616,11.7703596670561,12.5709358445119,13.3416503450638,14.0661742465359,14.7407432066167,15.5961370639758,16.4714688975503,17.3072697858996,18.0436669669264,18.8689852654058,19.6324763729681,20.5439641496248,21.369985596979,22.181622287409,22.8865060816237,23.7476613796257,24.5200834994873,25.2020584619189,25.7560444157413,26.6014775668363,27.2521371946749,27.9197837358147,28.6434593226485,29.6286424774783,30.8062932800806,31.8202512477268,33.1036127609239,NA,NA
72,"BWA","Botswana",14.1060134798401,14.4135627609918,14.6613394894197,15.2194208055189,15.5758664259941,15.8197892407696,16.634391179963,17.8135880646353,19.019661984366,19.9551660732234,20.0651800544413,21.67203275079,22.4397433365447,23.1418203711407,23.9355519889849,24.671663906138,25.4144077780707,26.2417549611493,27.0713647046482,27.7526004337032,28.5531557240363,29.4349131448519,30.1462023918682,30.8491184415204,32.0958853094124,32.577122312916,33.2275659392464,34.5906264501897,NA,NA
76,"BRA","Brazil",25.813717329265,26.7841524850997,27.439700345781,28.213503221947,29.0312868399046,29.7447045507615,30.4690043211268,31.14144858409,31.9399341904537,33.0480819963014,34.1038063806437,35.2353901344074,36.408221205021,37.5546313402307,38.6915197070624,39.7946700851174,41.052231285276,42.2570818345716,43.480340772252,44.3588634612046,45.0010532264483,45.7308077890192,46.4055066352592,47.0329497598259,47.969736375336,48.5491630728882,48.9699914455656,52.5835228860245,NA,NA
92,"VGB","British Virgin Islands",NA,NA,NA,NA,NA,NA,NA,NA,NA,NA,NA,NA,NA,NA,NA,NA,NA,NA,NA,NA,NA,NA,NA,NA,NA,NA,NA,NA,NA,NA
96,"BRN","Brunei Darussalam",53.0575145411635,54.2613672941066,55.537706341429,56.9188347489551,58.2046106442747,59.5647445186099,61.0150130363022,62.5080637400284,63.9562465731361,65.0612651183544,65.9924679860825,66.8206696431676,67.6060496747586,68.2435214618114,68.8043201650028,69.325938313724,69.7532211960049,70.0158780260857,70.3942579302803,70.8031522333108,71.5913694836407,72.9821584775882,74.6977336594794,76.3534220557387,77.5964347252076,77.9723939834294,78.0091975609358,79.0996667527204,NA,NA
100,"BGR","Bulgaria",27.4122454914344,27.1217396163658,27.3038764812395,27.6897053651749,28.1040929858677,28.5962846045368,29.2004086457835,29.9007896330199,30.7686514870441,31.3595312299458,32.3391969852237,33.8649000419626,35.5797153969893,37.0821853913757,38.4871238010141,39.6776292515752,40.9311821337636,42.0454788760761,42.8984175528931,43.8212147712011,44.8292330186897,45.6545758485499,46.6171105453668,47.5484362455578,48.3944406371992,49.4181336211241,51.1093510265678,54.6107586856398,NA,NA
854,"BFA","Burkina Faso",4.5459944140207,4.82091707217393,5.05774751118976,5.26849358639008,5.25261022509299,5.72856424347957,5.93072322902171,6.47390570374716,6.84931980741669,7.12276864176204,7.40659211741021,8.0048215922295,8.4391528460895,8.92412644196395,9.30715971540133,9.68619300609288,9.82981044078115,10.1879015286779,10.495799308346,10.1079871652289,10.2163900993896,10.3952394086061,10.6342224999825,10.8944250274399,11.6373507158743,12.0397888800549,11.6223610647455,11.3096500944356,NA,NA
108,"BDI","Burundi",4.12502026068107,4.30737448075965,4.61183451039135,4.85692759572972,4.99325753291778,5.2672758380363,5.36936202627173,5.50117183716921,5.42572095642458,5.454504385574,5.54387710629425,5.56782590119853,5.58904518228819,5.64453354200775,5.63063945041856,5.58384355992862,5.63014954260161,5.75011914667112,5.7534730927526,5.85224306707816,6.05409135381234,6.20815846211322,6.41397692717423,6.49902760737149,7.12784295297645,6.87104010419927,6.75986054127615,6.43612678146411,NA,NA
132,"CPV","Cabo Verde",11.5246859196958,11.8127475923749,12.172703008051,12.542999195208,12.9864163175433,13.3629814394545,13.7759943825146,14.1969598281761,14.6316484823001,15.0523068854252,15.5771524903661,16.1304168915911,16.9000582233108,17.5911956582438,18.234474966173,18.4630569119949,18.8756042746893,19.6499663523843,20.2528463793085,20.44215714255,21.0055561774347,21.3276490941319,21.6732930722148,22.1122025113704,23.3450109893381,24.195658542249,24.0900280748723,24.9654010451191,NA,NA
116,"KHM","Cambodia",0.925940432341918,1.15611955915232,1.3108552402752,1.69505188067332,2.17125864417572,2.46760320509289,2.91208536388598,3.50565788485379,3.95447398073088,4.37401621791382,4.96808239505874,5.3045761966046,5.76153815327578,6.2010800257703,6.60337177329131,7.07378985309474,7.34969143746548,7.65711272022683,8.13869465435728,8.47892632083048,8.80476722690739,9.33190010868445,9.66477118054956,9.97864248986062,10.4597324406234,11.3524006956617,10.6891997062208,10.2506348058134,NA,NA
120,"CMR","Cameroon",5.31195020906301,5.39473863638628,5.40395649207093,5.46617272219895,5.3785950368372,5.66399622692535,5.65603102786454,5.94553916761032,6.18111790981925,6.30256156216879,6.21321390840131,6.40561675193472,6.31898164868943,6.26914692414542,6.24424261486725,6.40402962174979,6.61609012125324,6.95150745669116,7.29984243499547,7.19936512800926,7.59285682416325,7.86497680370231,8.03721568505928,8.3192145497501,9.01581417635843,9.38815806127965,9.457293746267,9.26729684153264,NA,NA
124,"CAN","Canada",89.5827373636439,89.5886630543431,89.7103410953328,89.9398225926126,90.3295674495015,90.7621869647087,91.173054987538,91.7374193971063,92.4301558777283,93.1348273613987,94.1744512977077,95.427321356363,96.9732349878973,98.6312696764658,99.9976243025552,100,100,100,100,100,100,100,100,100,100,100,100,100,NA,NA
136,"CYM","Cayman Islands",NA,NA,NA,NA,NA,NA,NA,NA,NA,NA,NA,NA,NA,NA,NA,NA,NA,NA,NA,NA,NA,NA,NA,NA,NA,NA,NA,NA,NA,NA
140,"CAF","Central African Republic",0.138258335422435,0.429636904240326,0.509269637062175,0.624588381279864,0.914032191672405,1.09500750032502,1.23456489236949,1.5054828387434,1.72606258184284,1.91035645501051,1.9369464583241,2.10335513927842,2.34710454956151,2.41950181530007,2.2753125751057,2.27101751528397,2.43654661956964,2.43234644007143,2.50625928383388,2.38950002524874,2.45711872792779,2.3770283512282,2.50800433400327,2.49809992421977,2.80659315995671,3.17430030260547,2.51630302412123,2.32394213757507,NA,NA
148,"TCD","Chad",1.73927667570634,1.79871250603016,1.87698077046704,2.00710591263467,2.00458150855957,2.04053025068878,2.12100618949827,2.29899971258426,2.45482309755462,2.61035199941651,2.72090233394849,2.77942483648167,2.94252610243177,3.09548245793138,3.1577516822329,3.27687087547272,3.47195303903253,3.6732521350679,3.90520349847976,3.64835103534682,3.81631958214419,3.86571873543436,3.85403165809986,3.86503696464655,4.29895512657669,4.57867252098919,3.99967301087091,3.9588585860601,NA,NA
152,"CHL","Chile",27.6883670824826,29.219671900963,30.4096201639998,31.6135051438264,33.1668790895932,34.1242310568297,35.3324786103219,36.3341785213596,37.368275891863,38.5710500378607,39.8520460039847,41.0040720931317,42.6003837202294,43.9094509590893,45.0516518705207,46.5231406788411,48.0323065869982,49.4578185542959,50.8937283461267,52.0781167123729,53.1072721619075,53.9021605266441,54.7333652791659,55.4973979796805,56.9833342860137,57.9781045343554,58.5353002733371,63.253512908533,NA,NA
156,"CHN","China",6.60347264473889,7.09082466795287,7.57848621951692,8.07870571599467,8.55780112138062,9.12670538259823,9.85955435933455,10.6403884837547,11.6139109390902,12.6811861010738,13.9209576118303,15.1286236724488,16.4133492697578,17.7283689123987,19.1641803096601,20.6718592275486,22.4045813349707,24.0213693042675,25.7116674648641,27.1046805291189,28.179195364444,29.3524388291763,31.0081839134115,32.8548549930112,34.7509763818,35.6754365403704,36.837625149735,41.7879682546365,NA,NA
170,"COL","Colombia",28.0536704023918,29.1399907034105,30.0645659228216,30.3615729648985,30.9735787885881,31.5968900445943,32.1104225564357,32.3903162978604,32.7770344270455,33.1779673045813,33.7843589551799,34.8259160329283,35.9256053037705,37.2935055260528,38.5397585764192,39.9083763494258,41.4219854598719,42.9597953984046,44.4607759352289,45.8049411300438,47.1039171011513,48.449527467162,49.6717613773322,51.1032235829035,52.5798372170476,53.557607451851,54.4919682532058,63.2835924357527,NA,NA
174,"COM","Comoros",7.35638753550742,7.83156363824033,8.00598860176571,8.5024880829485,8.55858711809465,9.11446082175979,9.25308442322709,9.68554819593038,10.259733546753,10.2688177819286,10.7422098481048,10.4034899458282,10.6593252106755,11.097923245229,11.7649298819657,11.7661127842664,12.0130269164092,12.1263537053123,11.5760053415364,11.7253667407157,11.9598270655532,12.2458052873291,12.7132831538237,12.941576205852,13.4325084173526,13.719302720247,13.870700247398,13.5651668261124,NA,NA
184,"COK","Cook Islands",25.1365314573769,25.6470797248169,26.4393670596336,27.1962481319003,28.1456539248253,29.5253780473017,31.3617534709839,33.6447939626179,36.0272856381123,37.9798154289201,39.4972481928151,40.8982418132148,42.191602290781,43.3424276584551,44.2997873613305,45.1328000589412,45.824864514621,46.5262379843329,47.2549249853249,48.1231848275624,49.4377908420775,51.4974447785119,53.8975482931082,56.2905758074719,58.2859263300312,59.5508473758545,60.2670069354316,63.7265949760997,NA,NA
188,"CRI","Costa Rica",32.3732457892998,33.4800308464071,34.4309530470071,35.2588035135456,36.1813552642528,37.0926070911761,38.1555342049636,38.9822382741723,39.8767724346039,40.8882901763103,41.8587049427602,42.9933752442064,43.9853537326411,44.9416308559066,45.5640209074348,46.4808856278874,47.3378714113269,48.1781906956195,49.0149727904029,49.8815222716162,50.6509873333227,51.3752236271102,52.2374576143255,53.1184458748601,53.9557294093852,54.3719942953267,54.8311481344137,58.3209514858735,NA,NA
384,"CIV","Cote d'Ivoire",4.26451217527651,4.34426373153997,4.43943402131619,4.60330534047553,4.64899130867641,5.04128448350797,5.22679855224206,5.61982824216575,5.81986655466834,6.01581991339167,6.07229332682716,6.39957342295988,6.6087271329355,6.92947363260623,7.25722290032866,7.30316119916156,7.05515123708378,7.04064781327583,7.26126832074928,7.00193586722781,7.42577591685902,7.87818577880572,8.33879586224529,9.01439968783902,9.58578690977878,10.2246429083419,9.98409311757867,10.0116794511516,NA,NA
191,"HRV","Croatia",37.423400180156,37.977356055202,38.9646346224471,40.1191879298939,41.2995161721184,42.6790615868049,44.2187148757421,45.7677658805967,47.9507736690181,49.5827670998888,51.0980187661134,52.5784892878921,54.0384236791953,55.3165859895813,56.4233076148195,57.2492708775827,57.9830678640572,58.6258910239506,59.1329687687688,59.5931904821794,60.4256899560132,61.0315660354728,61.9592774796979,62.7527622013628,63.4461894733343,64.3534155488111,65.6454460345808,66.1655901347639,NA,NA
192,"CUB","Cuba",37.3676903980216,38.1301410828228,38.8241662311943,39.6096222613535,40.5900747632376,41.494739877999,42.7051250631627,43.5573039202309,44.3929534864319,45.221015389032,46.4408109224838,47.502494593107,48.4989912139417,49.5968068420664,50.6756009296043,52.0553934860357,53.287758274966,54.2945962407079,55.2162412725193,56.0376911295509,56.8253065531869,57.3746114780759,58.0656271135954,58.6776937183227,59.206826190775,58.7529326150871,60.7206693342978,64.9938379030942,NA,NA
531,"CUW","Curacao",NA,NA,NA,NA,NA,NA,NA,NA,NA,NA,NA,NA,NA,NA,NA,NA,NA,NA,NA,NA,NA,NA,NA,NA,NA,NA,NA,NA,NA,NA
196,"CYP","Cyprus",74.1845340088537,75.974294736321,77.9204830453719,79.8351707753334,81.6802572314964,83.4290374405043,85.0921879498911,86.6859850733651,88.1399061400815,89.500592594749,90.5473236675406,91.5723530553335,92.6283645322839,93.5571789410413,94.3167500433114,95.0805259985469,96.0224587730846,97.0963648592534,97.9286991836259,98.7783690446733,99.5983353287489,100,100,100,100,100,100,100,NA,NA
203,"CZE","Czechia",64.6238574720001,65.4038680453371,66.4765039129006,67.5520356511004,68.7197619684579,69.8080921296041,70.9556380358603,72.2215264528427,73.7079471586228,75.0255072690827,76.4115995127898,77.5622164429891,78.7558320959646,79.7555165492948,80.6789989811938,81.3804455686715,82.0369419647094,82.6084810454091,83.3721167234992,83.7352443565935,84.2788719572703,84.5709989843459,84.8767976528281,85.1535235466804,85.1179907127504,85.2902310670026,85.2955803666486,86.9234544957203,NA,NA
180,"COD","Dem. Rep. Congo",3.75978198777861,3.91889893102045,3.89947526554727,3.87424367948337,3.81911233598352,3.9028595009097,3.95355007116144,4.00666972083646,4.1725077639227,4.31425448963171,4.38634319700492,4.52158712267494,4.58917453410952,4.67388089833572,4.78897665102915,4.88090602654067,4.95144787499748,5.0201294087198,5.03973898026135,5.19306347201955,5.41304700729457,5.57936362308288,5.63321827225882,5.78102260942961,6.13281525494294,6.51916066818711,6.37783027251254,6.29164496831679,NA,NA
208,"DNK","Denmark",94.1743656380182,94.2225950603176,93.9408396718396,93.3591460925672,93.1336690664146,92.3645601387478,91.2907009206623,90.4344135642481,90.1353436103999,90.2573438122025,90.5061654999986,90.7655138146984,91.2082204617209,91.5121563214213,92.0706149209253,92.8185403657049,93.5904601497911,94.3810179489404,95.2755390073574,95.9021695508354,96.6576525184581,97.4873315976378,98.4150076447235,99.3901751398899,100,100,100,100,NA,NA
262,"DJI","Djibouti",13.2928768915278,13.8381792129089,14.2352811667079,14.7736995197706,15.2477149653841,15.8206266156773,16.4511982006014,17.2758763283807,17.4770966301233,17.7460071605924,17.7982251915672,17.7924004034913,17.7968031402034,17.9058418513565,17.8834483254972,17.9406182907639,17.9827398063274,18.1529340542351,18.5433740091464,18.562175173566,18.8159940284421,19.0101686746366,19.5994802750488,19.9657238322644,20.799162795846,21.0092842158789,21.1712007689574,20.8832051728165,NA,NA
212,"DMA","Dominica",22.4644756803952,23.3157667790807,24.0257626686631,24.8556028734657,25.5656469932798,26.2608826074468,26.8791499431614,27.4280242468922,28.0794399567757,28.7890326464623,29.5274069205065,30.3252324296611,31.1787906883978,31.9906560475751,32.7314297262984,33.4868256551749,34.1936741865393,34.9382607187856,35.6526419118328,36.2354668183253,36.7504354399696,37.2097853285763,37.6635663954554,38.0494158570375,38.4277508487328,38.8931513250184,39.1908199827998,41.4198774853836,NA,NA
214,"DOM","Dominican Republic",19.4703689003707,20.44562969971,21.4539629473394,22.3844023465798,23.1609727962661,23.8192029452233,24.4756061132157,25.0777759905352,25.6313710403283,26.2203037702456,26.8231161247827,27.4602730872096,28.1126104360444,28.7403207999271,29.2885879305001,29.7039986096551,30.0806505431531,30.5253468572868,30.9998756189864,31.3790546563192,31.8214359972461,32.309288998181,32.7624595138755,33.2585717433323,33.3430989397315,33.7355702413464,34.0245519976823,35.0260834772807,NA,NA
218,"ECU","Ecuador",29.0468888773625,29.9618727178059,30.397514706747,30.7877010386665,31.5799455154429,32.3290679471406,33.0378782096448,34.1883480685892,35.0777854964577,35.8293649000282,36.8046288457548,37.9026724157101,39.0542860980107,40.3557256981925,41.4671398294511,42.6035962193558,43.7555260196878,45.0025290954639,46.1165182535896,47.0598716805216,47.4303137643041,47.9102388597196,48.450434772306,48.8585897520924,49.3658487640492,49.4085264256173,48.4870393764888,49.6808503129406,NA,NA
818,"EGY","Egypt",22.2705811066398,23.6448403407889,25.1009232219104,26.8157188296726,28.5782285935295,30.0747944799266,31.7446574400108,33.5568462382769,35.7733345291534,37.9161953018645,39.666795750339,41.4776663450998,43.4234090629627,45.4694865070468,47.2839280191212,48.8052773518033,49.8254653626388,50.9693677779652,51.6002173712524,51.9261880836363,52.7100573911996,53.4354437503428,54.0680299948763,54.6838195917225,55.2614369563865,55.2904791356188,55.1542574764019,56.3906747069319,NA,NA
222,"SLV","El Salvador",15.7324163878232,16.407994318581,17.0744478689757,17.8325782832445,18.5540400984952,19.1235545149531,19.7278588048309,20.1411435921201,20.5181662245063,20.994367221683,21.5751453048552,22.2488897935169,23.010137019937,23.7231523617508,24.6179255250272,25.3918766511758,25.8681187374716,26.3582768477023,26.8473589811272,27.362835081644,28.3790512711573,29.1718867211428,30.0881205126756,30.7608403972928,31.577405066771,32.2001925240684,32.6656477390606,35.6147289238445,NA,NA
226,"GNQ","Equatorial Guinea",4.96706850489831,5.91263939272956,7.13630416624059,8.43613265390198,9.82208431602452,12.0608036144498,15.3868019773216,19.688527049238,24.4986616715826,28.3283766126825,30.8136385163284,33.3367999655393,35.607618839242,37.3100444532229,38.6832399847881,39.8130014307616,40.7636840392532,41.5970730891461,42.1175321908828,42.4354178200965,42.84429084162,43.2406675976951,43.7942889786848,44.2687768385796,44.5374963840232,44.3643331420962,43.4775344702657,45.8436847110684,NA,NA
232,"ERI","Eritrea",6.11010887725048,6.55665483561147,7.00279992524277,7.35695033706344,7.58669933720313,7.87291234428727,7.94579318040894,8.17440384454456,8.17818886236469,8.27522323467471,8.2894628830615,8.20237582094093,8.03605521818574,8.03009256658021,8.01590797008743,8.12604040434164,8.22201229196664,8.26882088715955,8.61533989335976,8.59801444352833,8.73630190053717,8.84156531887827,9.02080908120583,9.26736603718508,10.1480731159095,10.3086685885439,9.8399254471735,9.69688502058504,NA,NA
233,"EST","Estonia",31.6245046898105,32.4283121411953,33.10690648412,33.9488975794294,34.8546087331343,36.0518287464431,37.54857479307,39.5185783223993,41.9283674838257,44.1118398766284,46.1404118504941,48.4036302674762,50.7672662003108,53.1393266079566,55.0721703527404,56.9911849863147,58.6825392753801,60.2609686384647,61.8087813326477,63.1332010870561,64.0784578625662,65.2514994698267,66.2384742653606,67.1806753322303,67.7496188361093,67.7217937162028,67.7967396963777,72.0484293668899,NA,NA
748,"SWZ","Eswatini",6.90154883893835,7.2596417159023,7.60986779200724,7.7991777527632,7.84412254690133,7.6469230124011,7.65751392243901,7.49366471483548,7.33721026157174,7.35382277163011,7.61943987402098,8.16855912294717,8.59865326786105,8.94471064809395,9.73528817274909,10.5534772868892,11.1022719483712,11.6850292262296,12.2599723541934,12.8149561632245,13.5299397193211,13.991803613815,14.3486563624185,14.7714326651924,15.8843364791618,16.3470897696978,16.621840148135,16.7577924214264,NA,NA
231,"ETH","Ethiopia",2.73187275632742,2.93113996816196,3.181832498871,3.42072211642153,3.66963420878334,3.94847200185451,4.17841915778855,4.52453433178808,4.85335167023813,4.94802136761304,5.09494089906731,5.18932361098416,5.29805392506569,5.56811562306424,5.81569790619093,5.97849689795349,6.27769600628291,6.55999363491367,6.72116005307717,6.99225143156985,7.27156263599349,7.42145341869512,7.58788066084225,7.84063035995955,8.72106468440469,8.92749206721946,8.70938626274719,8.61947411378911,NA,NA
234,"FRO","Faeroe Islands",NA,NA,NA,NA,NA,NA,NA,NA,NA,NA,NA,NA,NA,NA,NA,NA,NA,NA,NA,NA,NA,NA,NA,NA,NA,NA,NA,NA,NA,NA
238,"FLK","Falkland Islands",NA,NA,NA,NA,NA,NA,NA,NA,NA,NA,NA,NA,NA,NA,NA,NA,NA,NA,NA,NA,NA,NA,NA,NA,NA,NA,NA,NA,NA,NA
242,"FJI","Fiji",9.04561516626018,9.2830422838191,9.53382550683368,9.77452531058125,10.0675896845731,10.3780341824256,10.6097638331954,10.8761257046036,11.2237127469711,11.5442533875404,11.8404580738612,12.1568840384906,12.4489283311801,12.7463638743021,13.2205487189621,13.8234944969857,14.5353991490642,15.3260001122255,16.187335273449,17.0478131138926,18.0105808394899,19.1141790830498,20.2062640834059,21.1786713319543,21.9357366584856,22.1868564115859,22.2781995395465,24.9103907064691,NA,NA
246,"FIN","Finland",94.343543388739,95.6240340558892,96.8198279474902,97.9538177686679,98.8985537338959,99.5969294283177,99.7771495861627,99.8894830326685,99.9989089398413,99.8803973288837,99.1642954317805,98.0069078703733,96.9369852580867,96.211835594815,96.0960981528539,96.7951813991199,97.9125187368307,99.412476428398,100,100,100,100,100,100,100,100,100,100,NA,NA
250,"FRA","France",91.2170012164009,92.0386269636716,92.5639206922114,93.1594098005301,93.7707124433239,94.1774080796218,94.3555259999777,94.4141758256222,94.9604048092465,94.9991659360794,95.1773860649911,95.2055223286785,95.1398070220104,95.1693490251775,95.3991805040179,95.6820874319537,95.8139804084551,96.1452580214293,96.5354909980891,96.5801431312976,96.9248407227507,97.2751282431366,97.5796329404531,97.8648982709498,98.1683598256217,98.1709616242821,96.9751855650497,97.7377150697324,NA,NA
258,"PYF","French Polynesia",NA,NA,NA,NA,NA,NA,NA,NA,NA,NA,NA,NA,NA,NA,NA,NA,NA,NA,NA,NA,NA,NA,NA,NA,NA,NA,NA,NA,NA,NA
266,"GAB","Gabon",28.0914083302299,28.6565200304199,29.367943894779,30.2707197944961,30.8463359176804,31.435947139089,31.9358466678622,32.5801605150968,33.2068237620391,33.7195655856527,34.4066516778536,35.1812677438689,36.0633764696109,37.0214803770666,38.1429564158043,39.1979172304927,40.2046750496264,41.0779344094389,42.0341965297769,42.7674729132266,43.6961508510945,44.6344775918409,45.4882678839299,46.2787821576538,47.4144994562432,48.4378162991119,48.7727585945409,52.4536464935507,NA,NA
270,"GMB","Gambia",4.34309239928673,4.61350834777807,4.41565842445532,4.13906001944264,4.89339922850512,5.54979107272122,5.72689196705184,5.75183949088778,5.09783219380721,5.01069881293166,5.35713351515021,5.55150350993728,6.11364966533047,6.2546898795528,6.67355615267418,7.59686191769279,7.66387174481324,7.77937792472434,7.26320883318319,7.39372743197892,7.01784885832171,6.21535491841244,6.4230207997833,6.13931309856456,7.06736984738312,7.50530983136132,7.13644999199303,6.90653944716357,NA,NA
268,"GEO","Georgia",10.4346136725821,9.62801737923748,8.93402105071775,8.31233998150994,8.13409525645339,8.37737720685207,8.90550349507318,9.87576762194146,10.6471489172549,11.3148130425054,11.995813604309,12.559556674528,13.2591215178665,14.5825108984898,16.0282819761813,18.3744561334574,20.139088247667,21.8956214784453,23.512418167925,24.9485792837839,26.3594632878376,27.6908804404944,28.7487605707645,30.1223950978771,31.0465383834119,32.2253997584808,33.5203078823105,40.6922779018105,NA,NA
276,"DEU","Germany",87.2291392236887,87.4919978611305,87.6265878622093,87.7381764375273,87.9282912928257,87.9010171659484,87.5588479722799,87.1519382889748,87.0352498110846,86.6458712356986,86.0249280641237,85.0321403760163,84.0875511690653,83.3946419221555,83.3095339823489,83.6309690555244,83.8736807988793,84.0565922900628,84.5903738176382,84.6665489166513,85.2196138642245,85.8557795304652,86.496513255295,87.301922975133,87.7481073668505,87.841289763487,87.6152187297636,87.6614111445411,NA,NA
288,"GHA","Ghana",3.70592894827573,3.92598757971636,4.16163785151468,4.47794150624314,4.62245922484563,4.91722472685137,5.16040038667769,5.55215922736025,5.76876024575463,5.8385988908408,5.83286977797714,6.10450772063054,6.32770068281066,6.58512145955414,6.82786542465242,6.85897017712806,7.16599087814311,7.80407492754254,8.29326830362744,7.99769185060926,8.19258796433284,8.33881809390593,8.49773680271518,8.7405604757364,9.1287175515273,9.54641015728424,9.31635857010667,9.6642412718099,NA,NA
300,"GRC","Greece",70.3005841592592,72.1350868268602,73.8762127422034,75.6706609808714,77.5437127912126,79.5041120882473,81.2979487097619,82.9931003312763,84.8149300914873,86.4518289381861,87.6715479778849,88.5624718294301,89.9554894616665,90.776789232413,91.5466903559035,92.1176199846516,92.8736693204752,94.0671127548822,95.1361516450545,95.7861606766796,96.5398260197333,97.1032958281148,97.9335073019104,98.5824724498317,99.2632546268127,100,100,100,NA,NA
304,"GRL","Greenland",100,100,100,100,100,100,100,100,100,100,100,100,100,100,100,100,100,100,100,100,100,100,100,100,100,100,100,100,NA,NA
308,"GRD","Grenada",24.9939252288353,26.1088660356735,27.2695638485682,28.6817223809588,29.9178692262623,31.0813261730257,32.3817422193098,33.6086858043581,34.8214365419806,35.812519583336,36.735377361499,37.5844490155951,37.9851035092822,38.5300501130576,38.8057232008534,39.1055110174967,39.313548804512,39.230163131295,39.3379770442121,39.6740113415801,39.6565611230433,40.0702219575974,40.4523501934016,40.823413077374,40.7510026712138,41.0096328305038,41.6250762278017,43.643547743626,NA,NA
320,"GTM","Guatemala",10.2140738359716,10.4988270480049,10.6884336180912,10.9233304190812,11.3840724850101,11.7803111309891,12.4549304914792,12.8059878529318,13.1059789936199,13.666443189556,14.0873170383635,14.6454992623462,15.182942975019,15.5395241005555,15.667849412532,15.7386568424979,16.0193245483826,16.1965218078776,16.3791739640874,16.4396880812382,16.7531963046724,17.2598534541782,18.0082816621407,18.7479869783672,19.6041159847764,19.5840280525987,19.7261499001584,19.8544329335796,NA,NA
831,"GGY","Guernsey",NA,NA,NA,NA,NA,NA,NA,NA,NA,NA,NA,NA,NA,NA,NA,NA,NA,NA,NA,NA,NA,NA,NA,NA,NA,NA,NA,NA,NA,NA
324,"GIN","Guinea",0.191878360261384,0.488263693501239,0.780184886958054,1.10593207241803,1.4639675697123,1.84721001272391,2.22213508045503,2.54496746213438,2.69371556085009,2.93797262786013,3.00515397703933,3.18899979937926,3.35374942422665,3.57328899850562,3.64630888868861,3.76259619377747,3.89647484961266,4.05815260285893,4.04214121152268,3.86944171349261,4.039071748659,4.21006458483308,4.41875089168676,4.59371170342651,5.25317316928552,5.47044785017411,5.10536144253159,4.97717053446841,NA,NA
624,"GNB","Guinea-Bissau",0.0806659308573927,0.409614244391591,1.08606826245187,1.28340656046069,1.46316395405394,1.4870092766816,1.52174577646534,1.60618584411387,1.71191072998057,1.56779453325196,2.0368529333541,2.11169128030771,2.11239762130216,2.46805210405098,2.62544688189942,2.8084812757983,2.90424724090775,3.20081123903678,3.24226499106001,3.03416731880979,3.05213101459668,3.02558619690784,3.20518195804951,3.2962495715134,3.83973604997995,4.4000154939792,3.7975555988544,3.64559236005073,NA,NA
328,"GUY","Guyana",19.0467889386891,19.6546123842515,20.7739623214259,21.9256848278287,23.0372955060606,22.8258458398012,22.9465283130672,23.1549452442301,23.4582747442426,24.0022630063985,24.6874906609943,25.4471478552153,26.3269104940109,27.2515620663345,28.424452516889,29.5021748611433,30.5660678648242,31.7649976019387,32.6775756047749,33.6943808602863,34.7379111836424,35.7386192079198,36.6452703019083,37.4165842200348,38.561081668336,39.4679827556405,41.2272845679764,43.6114765771903,NA,NA
332,"HTI","Haiti",1.06298891187797,1.00666553624575,1.57603361856638,1.54670379768388,1.67617926796282,1.67135755680277,1.77229226693341,1.82744459540298,1.81217435363621,2.01234249607819,2.15860915876968,2.2382493131642,2.40802510311428,2.60046822375463,2.69621032106485,2.54992486062352,2.64726555635237,2.53586693480919,2.53575023181959,2.5702219840714,2.61385658956382,2.68966255163396,2.66069518427832,2.71681400974445,3.09391066893217,3.15283341144386,2.86228140119039,2.70583757706407,NA,NA
336,"VAT","Holy See",NA,NA,NA,NA,NA,NA,NA,NA,NA,NA,NA,NA,NA,NA,NA,NA,NA,NA,NA,NA,NA,NA,NA,NA,NA,NA,NA,NA,NA,NA
340,"HND","Honduras",12.7343244278057,12.95380697571,13.2104036426948,13.3953099270768,13.6329423525815,13.8422381325803,14.0423191975194,14.227124102683,14.4190653554564,14.6650661190879,14.9296933963865,15.1975001231696,15.4183450484832,15.6137411336627,15.7306713178149,15.6590046143579,15.6876872825919,15.9063563818646,16.2217868440661,16.4973033488798,17.0498202950543,17.5781285828943,18.1278666240653,18.6489824631478,19.9812463404115,20.1628538394062,19.7727785379312,20.0651975191932,NA,NA
344,"HKG","Hong Kong",NA,NA,NA,NA,NA,NA,NA,NA,NA,NA,NA,NA,NA,NA,NA,NA,NA,NA,NA,NA,NA,NA,NA,NA,NA,NA,NA,NA,NA,NA
348,"HUN","Hungary",29.3595021189798,30.0824326736758,30.7589980011612,31.5848291022835,32.8080707188236,34.059252469705,35.1978343139819,36.3792514973151,37.6625760228918,38.5145625418512,39.8108819657793,40.9262714024149,42.0729593473435,43.0849877573677,43.9665579934849,44.9097433338727,45.7707799840705,46.6481981905154,47.3762307406724,47.9788344048707,48.871026682108,49.5119196925891,50.3550693777847,51.2096359391133,51.8856404475926,52.5655901102171,53.2372382067226,55.127188196414,NA,NA
352,"ISL","Iceland",98.422120384769,99.0395703885281,99.6114290652349,100,100,100,100,100,99.7135699558656,99.2648540248024,98.4668560276427,97.5711233200146,96.7251615500711,96.2705186551483,96.2197862374889,96.6952617034854,97.4898332135859,98.4591156114529,99.4501895758023,100,100,100,100,100,100,100,100,100,NA,NA
356,"IND","India",3.33553679369078,3.44499686253943,3.65757691716107,4.0992200245756,4.53150742046041,4.84814079855327,5.09368003308236,5.39687578181312,5.86185466555938,6.222365728288,6.25993929051923,6.26971898085758,6.52397452261457,6.92815103100233,7.25512588358255,7.43766673188674,7.62865767466414,8.00773222720071,8.41542290023719,8.96228381073823,9.34574474136893,9.96487948925936,10.6180979330027,11.58272994119,12.9664952941656,13.3735169537311,13.6278442166445,13.9534953169307,NA,NA
360,"IDN","Indonesia",10.6067474246261,10.9671662784582,11.3620314848433,11.7084248221045,11.9837971852034,12.1992903117775,12.3662862835613,12.4585209082296,12.0306293240003,12.6584780867378,12.8193460859713,13.0371891125288,13.3105151477795,13.715656196347,14.2310050651541,14.9765823592327,15.9371438129837,17.1217905725739,18.4156769515878,19.5421367684059,20.6036420686474,21.7394890337921,22.790647411471,23.8582957650514,24.9218161743101,25.4721741645124,26.610676811017,29.9126476869933,NA,NA
364,"IRN","Iran",42.6152416700679,44.4309633330092,46.3623884352184,48.3643464904311,50.2520587588068,52.1177040040271,54.1088909650949,55.9016489339159,58.4263730634576,60.3973260057433,62.2458857038019,64.1580324906172,65.9907627240527,67.6359750976359,68.9323898505433,69.9116629799831,70.803924522436,71.4706882774498,71.9522578125085,72.3352042490879,72.8324813470816,73.4572693142512,74.2541559780081,75.0546300022393,76.0261279427588,76.7506943506609,77.5279271245788,79.6679416968764,NA,NA
368,"IRQ","Iraq",18.9425845722933,19.3694928399887,20.0355838715156,20.8524231627632,21.6941138797308,22.6286855706253,23.6947194942089,24.8594108814928,26.2617804700698,27.7471576921384,29.4803112908589,31.5802472198698,34.0828683710562,36.8479447935914,39.2856721250432,41.4502084969567,43.6865745953104,45.9676959891611,47.8794229619515,49.1921008762721,50.1939437542873,51.047193977999,51.7329609498724,52.3626020529134,52.8738305483591,53.6096443577832,54.1804593504258,56.331675135988,NA,NA
372,"IRL","Ireland",83.9438111624995,85.9930818809429,87.7694787161751,89.2961910863296,90.5991623575335,90.6584823842257,89.3788327969993,88.0787868122827,87.2436220460624,87.3399823299418,88.0019469419462,88.9760596605644,90.1098784275643,91.3051274176861,92.5928856516515,93.5330564524087,94.5247300290061,95.5649420978809,96.6372365252526,97.2558643711889,97.7745508131975,98.3183180054472,98.7833492907197,99.2284428045365,99.8230913230218,100,100,100,NA,NA
833,"IMN","Isle of Man",NA,NA,NA,NA,NA,NA,NA,NA,NA,NA,NA,NA,NA,NA,NA,NA,NA,NA,NA,NA,NA,NA,NA,NA,NA,NA,NA,NA,NA,NA
376,"ISR","Israel",88.2304034860955,89.3497282786277,90.3260357392765,91.605269042994,92.5512955911118,93.42857974289,94.2572380433455,94.9233828479515,95.6570471389099,96.3343387182784,96.8525115572375,97.3311039631126,98.0382524491725,98.6929721489998,99.2510792586404,99.6131150666731,100,100,100,100,100,100,100,100,100,100,100,100,NA,NA
380,"ITA","Italy",74.4441690769336,75.3249174903894,76.0578591502931,77.0230815290931,77.9853996631095,78.8642554603793,79.446732764462,79.780391805445,80.8266207301937,81.2432329959936,81.8515033984356,82.2104398920241,82.5362497093569,82.8991181075015,83.4520099808168,83.9057456581202,84.4968467480926,85.394128245261,86.1648363083168,86.4652986507848,87.323245552392,87.7282873140387,88.4216849094776,88.9160432770739,89.40204476746,90.0582839944483,90.402474566242,91.4708666175522,NA,NA
388,"JAM","Jamaica",23.8568307513869,24.5277769293051,25.066599079518,25.5856026698789,26.1767894677577,27.0042632234498,28.0160458673802,28.8986582691252,29.8118478779676,30.887586333638,31.8435309262408,32.5908358469802,33.5466522927471,33.9000591721516,34.369554130296,34.6269335001617,35.0010867081199,35.0971374820115,35.0617157443659,35.2695688079368,35.7091248273523,36.2989838417377,36.9958054722795,37.6803969014767,38.3300222982279,38.939458568456,39.6040292300444,41.0842569126062,NA,NA
392,"JPN","Japan",90.0071305630535,90.6499223495353,91.1545619897237,91.4896567572079,92.2750526244557,92.9555850891339,93.5979092704807,94.1519604695036,94.7708912920748,95.0664714305725,95.520151411609,95.8263758002616,96.043985360603,96.3688141303661,96.4483836276514,96.4942671123234,96.6240325303646,96.7597619905166,96.9207993679014,97.1525592968816,97.4185523817033,97.7731576241575,98.103837124019,98.4201073298785,98.7943910406603,98.9253718454938,98.7981073380612,98.188626686354,NA,NA
832,"JEY","Jersey",NA,NA,NA,NA,NA,NA,NA,NA,NA,NA,NA,NA,NA,NA,NA,NA,NA,NA,NA,NA,NA,NA,NA,NA,NA,NA,NA,NA,NA,NA
400,"JOR","Jordan",68.2802926565913,69.369616722719,70.4833680909279,71.6367136231465,72.7590403497642,73.9253816092943,75.2502512728569,76.8097198559957,78.2686821423835,79.7254650659483,81.4642229605764,83.7836473915324,86.1551330874901,88.3207708580556,90.0180506225582,91.2581379612621,92.349092174051,93.3159252302005,94.2896066589613,95.2254690761275,96.174114774732,96.9931983983199,97.7847899589852,98.513125982357,99.5059260185044,100,100,100,NA,NA
398,"KAZ","Kazakhstan",17.8327702984714,17.8101422306676,17.7986378417182,17.7743566134148,17.8231968864296,18.3260707599271,19.2059878454717,20.4559948829491,22.3501150029734,23.9477204165472,25.695688599871,27.9301965539368,30.8275971178505,34.0954676688668,36.6261538789969,38.7318261426576,41.0979796378867,43.4606320076493,45.7857958026731,47.6040666797212,48.9410214299211,50.059865656598,50.9081145896282,51.540297315116,51.6915906972747,51.9348252970732,53.7120517255981,59.4984251832228,NA,NA
404,"KEN","Kenya",8.34934247238867,8.35020601004391,8.37603330645354,8.42821777770027,8.32810335912689,8.45416328249776,8.47251601474002,8.52631310237761,8.52276771717993,8.62374350694148,8.77261189946685,8.89016134349157,9.04486976520059,9.22372537198652,9.33095735273066,9.49217074523166,9.77635528378143,10.1228609230468,10.4561128298196,10.7269541727698,11.073752576859,11.4575048055012,11.8265408742658,12.2256907857815,12.6487329727356,12.7374479441666,13.1581597435527,13.1263978175841,NA,NA
296,"KIR","Kiribati",4.14066744561799,4.2183638102124,4.327023964706,4.38598756072651,4.50172770035483,4.67870170062761,4.84634867443739,5.06116253035799,5.29176821871846,5.51413958734338,5.74052004770452,5.9388663310809,6.15531664239926,6.40712580963762,6.67367783751502,6.98978499152756,7.38142351059986,7.8013993582117,8.25937285798938,8.70429042835683,9.15816856676481,9.62376281929876,9.83167602284587,10.5148040973344,11.023779429471,11.4177409813277,11.508576483976,11.9213799570348,NA,NA
689,"XKX","Kosovo",NA,NA,NA,NA,NA,NA,NA,NA,NA,NA,NA,NA,NA,NA,NA,NA,NA,NA,NA,NA,NA,NA,NA,NA,NA,NA,NA,NA,NA,NA
414,"KWT","Kuwait",71.9083231696293,72.7004487812999,74.3050535353021,76.4382219204804,78.1410039816365,79.2024128845216,80.1330848392372,81.1956013994819,82.5084855286999,83.5835067621664,84.4008031792343,85.4635312945666,86.6099463706258,88.0573609433081,89.2286587605869,90.6271349902454,92.0831033407129,93.4833436553243,94.8100151785779,95.5140799097936,96.1793348091383,96.7773339818834,97.3589171115662,97.9416368057459,99.3941483715758,100,100,100,NA,NA
417,"KGZ","Kyrgyzstan",5.62491641888516,5.85306504375583,5.98304342149633,6.15968158479427,6.19705007747184,6.27418002944357,6.09147959026814,5.99750251480462,6.19433231794541,6.229824048902,6.31644922324941,6.67441223720033,7.27267304281716,7.96925103914441,8.60146679442484,9.14147721018384,9.75825711939805,10.6315496016434,11.4411107267829,12.2915443594376,13.1058101237437,14.0167445716955,15.0336942903984,16.1440991397566,17.7214643262147,17.6829188720186,18.0400195750327,18.3293388476021,NA,NA
418,"LAO","Laos",0,0,0,0,0,0,0,0,0,0.315459591805208,0.693361157079821,1.021136291473,1.28482110659293,1.54286506169775,1.85534422159949,2.15817058181628,2.43322659153209,2.58638488786652,2.84838391775381,3.01064743230519,3.23542502785033,3.64001471763669,3.96190110152236,4.2409763838323,4.57392927279749,5.00551257488561,4.64247181396667,4.73154847534383,NA,NA
428,"LVA","Latvia",25.2625966782255,25.4094941077993,25.3386903976486,25.3797577521948,25.3700681671953,25.7553319816889,26.80314821219,28.4375345122722,30.2463353484438,31.9246841868586,33.6251572324866,35.7618816143746,38.316807715038,40.7291839661369,42.6410986439446,44.0398683011362,45.3596256966885,46.5521916441104,47.6414914451602,48.6918985757084,49.6857711896315,50.7936029230037,51.8135925734073,52.9319189938755,53.5145569408725,53.7428814384978,54.1131887574316,58.1021600041156,NA,NA
422,"LBN","Lebanon",43.7657455595273,44.7965483289896,45.9951583762901,47.3065186314963,48.5680807851824,49.8352824336344,51.1951294212369,52.4816050079253,53.7535870345643,54.9758926552472,56.306526126111,57.8260266033992,59.4974800044358,61.1984379981674,62.64596071259,63.4949287322994,64.2883608512536,64.9505354010741,65.6086489186488,66.2680595565425,66.911540433728,66.9633364611926,66.1401155899969,64.5656614311204,63.4514399929727,65.5826731709844,65.9653726998634,69.2581551562632,NA,NA
426,"LSO","Lesotho",4.61917252456733,4.4419384043572,4.2061358496495,3.90145110313748,3.52146051884442,2.68758946777804,2.07792239148175,2.42831154143077,2.85520402038046,3.81001693237265,4.87884432759199,5.33622414135404,5.42525371551277,5.34559268724209,5.28109085461232,5.23439230181982,5.25490492705352,5.26750988247655,5.19269850627786,5.26279916719253,5.59598178719051,5.99898343074078,6.33621130797484,6.7299804499479,7.6719304478364,8.13028491355406,7.45777083431707,6.98185561953214,NA,NA
430,"LBR","Liberia",0,0,0.0152046177384051,0.303695329269786,0.747328343609269,1.45121740741833,1.97194026361248,2.40782178234656,2.42554672505342,2.8747776696285,2.94966581736293,3.2724532555152,3.26504461686787,3.14162915389417,3.02354529407566,2.90718059910233,2.68611538452197,2.84828010377051,3.36098868705425,3.36529065908705,3.76551406690101,4.17565775860247,4.36741411141958,4.37169661654882,4.85421844124436,4.83586444346254,4.48960908284216,4.29429775155477,NA,NA
434,"LBY","Libya",67.8918498815198,69.1086112838951,70.1687807849615,71.2956506999725,72.5697517978379,73.9021435910383,75.338668503721,76.968445592324,78.6089144619468,80.156510222894,81.7920932832913,83.5378831880269,85.3257318695669,86.7753968158435,87.7089270653988,88.0891125593635,88.4154430510844,88.475962641034,88.5338966924549,88.654540317689,88.8999730137407,89.2607422566639,89.4929277997782,89.8845903475567,90.0070911450349,89.8941906788641,91.1302035440174,91.2440018752708,NA,NA
438,"LIE","Liechtenstein",NA,NA,NA,NA,NA,NA,NA,NA,NA,NA,NA,NA,NA,NA,NA,NA,NA,NA,NA,NA,NA,NA,NA,NA,NA,NA,NA,NA,NA,NA
440,"LTU","Lithuania",34.6172650199402,35.0738788368625,35.5088123128361,35.8602664538757,36.1363729839432,36.5651141671068,37.7355951788418,39.478993621657,41.4198238669991,43.056810068672,44.6023050411795,46.6509868201123,48.9763057583833,51.2122662354456,53.1213452857231,54.6968748595702,56.1874925190464,57.6480161158345,58.9599498164742,60.0317308612792,61.3262939018908,62.6471456568832,63.750003894167,64.5586627196332,65.132975131825,65.580057658147,65.9916779063486,70.4990810867762,NA,NA
442,"LUX","Luxembourg",74.4012654178461,75.4540042606019,76.5529572331266,77.6000674022254,78.5918709039869,79.447323826731,80.0556915539936,80.6709705874775,81.5264858940694,82.3473515194698,83.074313573335,83.9053895205556,84.7318566676934,85.587942030166,86.3896902479939,87.2379550054464,88.1992761368425,89.2071595014626,90.3201163396316,91.2556209254028,92.1928713033454,93.3648722887192,94.6537370006869,96.0196826975738,97.1865147691864,98.0380713931455,98.2685218700577,100,NA,NA
446,"MAC","Macao",NA,NA,NA,NA,NA,NA,NA,NA,NA,NA,NA,NA,NA,NA,NA,NA,NA,NA,NA,NA,NA,NA,NA,NA,NA,NA,NA,NA,NA,NA
450,"MDG","Madagascar",0.940724580270668,1.23352927673538,1.55656360899087,1.79886213091314,2.08195615941773,2.41120926582336,2.66990456461004,2.98560564493521,3.29093573204419,3.44943347386597,3.61744895262478,3.70355750782467,3.6951922087646,3.74746817742627,3.83089896967013,3.8180743717123,3.93366693763164,4.04682510241004,4.10047058339583,4.07330238624327,4.1573058284403,4.21938243128537,4.23802303967298,4.42655365438083,5.21306515919281,5.40197878483647,4.95645023245581,4.64464240283276,NA,NA
454,"MWI","Malawi",3.13515759726414,3.30463205780335,3.4797138525651,3.58258624359607,3.52740424343783,3.67732465660683,3.74070200158332,3.97154653781939,4.09623070567947,4.48656176922191,4.88963441436518,5.34005564113727,5.65382420907093,5.76532518044901,5.73776275200385,5.85050897868669,6.12260551623019,6.4982141265981,6.73521479632016,6.87994905853967,7.09017151658708,7.30022035994388,7.40384366509075,7.56774783587875,8.21806241173419,7.50513764839438,8.20434624685724,7.99213853119358,NA,NA
458,"MYS","Malaysia",51.3636024242415,53.4561587511249,55.3767834605456,57.1108437990682,58.9804233012431,60.6076237660093,62.0553520710103,63.4101260580485,64.7799811921269,66.0373063762588,67.1498832030173,68.0356047860508,68.7239428502411,69.4052118597921,70.1766340617755,71.1610612992637,72.3459838473891,73.5034074503754,74.598546424702,75.3923237154518,76.0231270070313,76.6554803028937,77.3376052737135,78.2289613118907,79.2707249354298,79.630603751573,79.5702196643566,83.420134020565,NA,NA
462,"MDV","Maldives",10.4540973078816,11.3859282240586,12.5072509206919,13.7371416241481,14.8544109346714,16.0466253672649,17.5199081179316,19.0546323452625,20.570753132373,22.3216219040794,24.0536073333701,25.9834985004757,28.0744714004141,30.1570269725809,32.1057861738412,34.0258586264898,36.0600006270628,38.1195609920004,40.1557025095993,41.8349323980292,43.1063135344128,44.2450499601094,45.3402632819924,46.4251643442943,47.5517965705826,48.5951947417175,49.263768469858,59.7736376513511,NA,NA
466,"MLI","Mali",2.52381235436113,2.83180300459834,3.10643238056244,3.40631517761013,3.65527471728069,4.11031887408373,4.26994860591772,4.68064171959155,5.03929874616483,5.34688340858978,5.51913794030845,5.77406404763998,5.89300119215598,6.03427667424303,6.20795769755871,6.47010615548169,6.60739823777639,6.90140353093494,6.92803351285235,6.50107814164423,6.43604918319461,6.2964681868494,6.35413154380211,6.59810415673158,7.31198733246674,7.48691189908268,7.1846559689827,6.97309185047831,NA,NA
470,"MLT","Malta",60.1139592535962,62.2372996413752,64.5277804957532,66.4553870343999,68.6590597339049,70.6341119021483,72.4142921436642,74.0987124276644,75.6886883759556,76.8522256223189,78.1561572821038,79.6127766137293,80.9073644324164,82.1682216978826,83.20501821977,83.8668881582953,84.678502893461,85.7342124376287,86.6411478299219,87.3181451593548,87.8513886725065,88.1602892889532,88.1548336556783,87.868593465943,87.7772350373364,86.9310683855078,85.8215677133536,89.0553227467201,NA,NA
584,"MHL","Marshall Islands",4.26225011553692,4.32309421828793,4.35518034166741,4.4497210847663,4.36162410889519,4.69248186515539,4.88721128298299,5.10916020612929,5.30306850559097,5.50057477234859,5.64069695641248,5.74609476035157,5.83407942911555,5.9521236428042,6.10746895736359,6.32110614739604,6.59327237146384,6.902997475467,7.27159359170069,7.68931904029121,8.14533060491307,8.68006189001346,9.28469564952547,9.93496769055147,10.5027526692824,10.7226215698875,11.5359073178628,11.6502647592795,NA,NA
478,"MRT","Mauritania",7.29435197880485,7.58192870537479,7.65912680599021,8.18268458038501,8.20569651392417,8.29902562966527,8.35562197869609,8.7381741905923,8.62340626744768,8.79986148780876,8.73813138567216,9.35491177444247,9.82946904408495,9.76114112754614,10.1305832556523,10.5239671556178,10.426088741718,11.0326891552537,11.74447752581,11.8390682330487,12.4976886716863,12.3658353995314,12.7482938454993,12.6344212244787,13.3910129824701,13.5180446587839,13.4884414771221,13.431448042996,NA,NA
480,"MUS","Mauritius",38.1583693197357,39.5955341776297,41.2291614322105,42.8062705802035,44.353307493913,45.7752918252206,47.1562997381557,48.4051591918431,49.5485238005228,50.4967338855068,51.9252942428552,53.1762683700675,54.3732957929469,55.5872110307057,56.7724364204786,58.0885743719654,59.3929701797194,60.879264907551,62.296665252637,63.6216215228184,64.892900796575,66.2199385320777,67.3298503550087,68.4934104135789,69.4806175177886,69.937201167951,70.5446739456767,78.1960760067747,NA,NA
484,"MEX","Mexico",32.6329929118293,33.4228703118034,34.5467698144044,35.5138434759371,36.5435289783379,37.2714892867633,37.6677236562805,38.114884474297,38.6343585236589,39.0864396664115,39.7352597277713,40.2754361191766,40.6167017066637,40.9923732447838,41.1932462506494,41.7727112801665,42.330137586981,42.7106905793482,43.0106910736394,43.4053292461185,43.6934393100851,44.1092613985683,44.5489777640137,45.0697236179908,45.654444318116,45.5529222148854,45.9615198573286,47.0654351633464,NA,NA
583,"FSM","Micronesia",2.59258343232094,2.77695993446588,2.94942827041523,3.14255602333662,3.00803801472927,3.57794402479809,3.77239835980696,4.02774650618291,4.28164774676742,4.57309968162021,4.88602084757157,5.1858100575721,5.50252602482755,5.83183795677328,6.19350961333201,6.54535580563619,6.88960251397047,7.21186701354978,7.56884330625245,7.9347573590963,8.36999590201535,8.81017661445701,9.25702619892495,9.70025800017903,10.0405805403593,9.9255618781234,10.7971381174268,11.2060671645489,NA,NA
498,"MDA","Moldova",7.36676468694161,7.86885323733861,8.40889656837946,8.43754766474827,8.62434717808112,9.18014353258073,9.83213960801046,10.7216541323118,12.0153874708963,12.9721841452383,14.200835267742,15.5494111262828,17.0014534353361,18.3433350008775,19.5669149824203,21.1166938797556,22.4812532800596,23.6402798464179,24.7115353569446,25.6736738187457,26.8618024510991,28.0109250236445,28.9796689475903,30.1649618868341,31.7063830840284,32.7637623658685,32.798033619822,36.0920294732191,NA,NA
492,"MCO","Monaco",88.2905746246159,88.7789801872151,89.1771632014808,89.4049331152274,89.9144020387596,90.3797905325183,90.801087315876,91.2146434257818,91.552029495816,92.0914707096602,92.687924651995,93.3402942438591,93.999783841743,94.6388473986844,95.2144961409151,95.9868057200754,96.8544472097423,97.8117677895534,98.8488732311804,99.6577492348405,100,100,100,100,100,100,100,100,NA,NA
496,"MNG","Mongolia",1.32771345980353,1.5663143217983,1.94246476729079,2.35416844800217,2.69677061074177,3.00725643390952,3.49902027943766,4.12201244338351,4.8296003722086,5.52192265344448,6.46955813518491,7.73697835647422,8.93990961990525,9.97344189610413,11.0116211285247,12.0857976028682,13.5050655018161,15.0952837796977,16.7810373470202,18.0539525992174,19.2437384575805,20.3897383983263,21.4078396189005,22.4994522123383,23.4498409154454,23.4241704700002,24.0842720345817,28.374117397596,NA,NA
499,"MNE","Montenegro",16.1001888115616,16.1514429834497,16.3188497230107,16.6943255344087,16.9730215513225,17.3747215307275,18.0084562799986,18.7751174827219,19.6846199997174,20.6555336920103,21.5914086895215,22.6512541654737,23.7417901149254,24.6400797101191,25.5564947156241,26.3420011973832,27.1738598474001,27.9755343639041,28.7030783214287,29.4744341295024,30.4091772949543,31.3436631918923,32.239334169639,33.2623245756486,34.2333738545899,35.2655213333747,35.9630428370626,37.2901539848446,NA,NA
504,"MAR","Morocco",16.3677634013071,17.0348911393489,17.6560725566158,18.2922438689294,18.9536585582946,19.7078131758508,20.4844372798911,21.2891467398358,22.1547011423231,23.0925424503438,24.143221905092,25.3110656748404,26.6307372971698,28.0287670906604,29.4152507070864,30.8556717264544,32.3886404915452,33.946079693274,35.5616954640915,37.0338576542031,38.4516778105791,39.7455744215671,41.0488469178806,42.360905240578,43.6574488994856,45.0633748206486,46.4253596341835,54.1831078480797,NA,NA
508,"MOZ","Mozambique",5.06419036204686,5.24759448318537,5.42343078790107,5.60946535224363,5.78186793770263,6.1803147305681,6.41907350444792,6.69128040662645,6.82319145506389,7.03065980721489,7.08745538920697,7.31782141055746,7.25485926261578,7.39691403382881,7.54633501283558,7.67478143175695,7.68854806189557,7.77185343840344,7.98332559326593,8.08602396436764,8.23815496826847,8.36538465440135,8.48275098229266,8.37962810955545,9.03409652668623,9.2462252876775,9.19417093844474,8.84808864474368,NA,NA
104,"MMR","Myanmar",0,0,0,0,0,0,0,0.236751618517474,0.479828014143138,0.745693683835498,1.09122262596323,1.45111598437343,0.98581474188174,2.10062068020557,2.44083015681977,2.79594849438141,3.06068304292097,3.21245266628252,3.47944816391478,3.80870280935298,4.11955035071102,4.62934369553649,5.02447258005301,5.35914457012586,5.81649835006471,5.69179836307499,5.74220441084532,5.95775960266594,NA,NA
516,"NAM","Namibia",7.76049277519309,8.06339578537496,8.35106737025278,8.60233341781107,8.80055842060692,9.12699055369434,9.25042393815038,9.47869967441477,9.93410508211838,10.2860102830938,10.7422242910057,11.0023140462203,11.3706318420542,11.8320291115306,12.2842740452832,12.7529990264827,13.2871304273075,13.8486388255937,14.4512058863748,14.8815107394399,15.3482565331945,15.8823493394761,16.2659096773323,16.5784083940642,17.6343823562031,18.2504580184987,17.8685936716874,18.2036612267431,NA,NA
520,"NRU","Nauru",19.5053031520066,17.8683212399632,16.3983535340346,15.3555185530492,14.7859192913561,14.5031326442337,14.3047703828216,14.1790848069761,14.095949030606,14.1197905384851,14.3306588882374,14.7353276661206,15.351153124862,15.998628331519,16.638105878139,17.3813795629433,18.3146933064674,19.316079741185,20.406474407104,21.4249733252381,22.4665542832405,23.7297006137738,25.1649693176043,26.6222272894807,27.7858809793815,28.2827373536502,30.0574467480593,33.0104588369636,NA,NA
524,"NPL","Nepal",2.83788727668956,3.08190816046086,3.36040255804818,3.65724562134201,3.93790755658424,4.20262610759175,4.4425326155383,4.63546013785724,4.8965111872452,5.09704477003825,5.42321350950493,5.79174663877848,6.23990924453693,6.62653069221869,7.10786749111615,7.41892177688203,7.63899608771615,8.01817055055926,8.33643698385561,8.84948329904624,9.11466904339679,9.52494799510519,9.84108474690071,10.2194988126149,11.1823319228096,11.4004781514438,11.1726337575489,11.0924155946138,NA,NA
528,"NLD","Netherlands",89.8109036272569,90.0427542281559,89.8936580057709,89.5975109643847,89.4225331221529,89.0293018478959,88.2694954341178,87.7374301934123,87.678902634466,87.8439511628257,88.4975785950519,89.2440608607023,90.0344834057841,90.8688530951649,91.6650825868097,92.3784768475737,92.9970915371081,93.7330107944199,94.6263114392367,95.0992405257429,95.8162674719352,96.63369050879,97.4433027952912,98.3622536608072,99.1876302027969,99.3854430491116,99.2028450762412,100,NA,NA
540,"NCL","New Caledonia",NA,NA,NA,NA,NA,NA,NA,NA,NA,NA,NA,NA,NA,NA,NA,NA,NA,NA,NA,NA,NA,NA,NA,NA,NA,NA,NA,NA,NA,NA
554,"NZL","New Zealand",85.8652695135694,87.2171686364826,88.6247988515801,89.6415944879144,90.8523928650093,91.9220910798012,93.2314082969055,94.551753436273,95.8709138481948,97.1466715955763,98.033325424135,98.8400938219129,99.6704362229725,100,100,100,100,100,100,100,100,100,100,100,100,100,100,100,NA,NA
558,"NIC","Nicaragua",13.1830699713328,13.6085745927254,13.4645751438321,14.3592350091528,14.6035998229055,14.7395768957997,14.8353142561226,14.9773972290953,15.1979952497797,15.3651543678779,15.6239538264776,15.6819935957886,15.7068579535831,15.7812364277144,15.8910381214127,15.9131808268951,16.0325718849954,16.1067550793869,16.3057903312115,16.6063285728845,16.9291026063668,17.4118637527093,17.7154944632119,17.7467730953428,18.1190018127963,18.5882924684145,19.7365180558181,20.654258202752,NA,NA
562,"NER","Niger",0.636632100610569,0.847906935189101,1.02810140279382,1.28787257006032,1.30740116916861,1.58385758461736,1.70355296434376,2.04214032417281,2.45650545593834,2.53209985120291,2.73383810706066,3.17067734824155,3.53832921677109,3.68218921352626,3.96867489021413,3.9124358419996,3.98165981817442,3.9303176290571,4.02036957071461,3.50655804126016,3.56163942260734,3.7397677069838,3.93069330023474,4.19333026495138,4.6810839940307,5.29756515247998,4.91429799890275,4.23064840691325,NA,NA
566,"NGA","Nigeria",4.39327144540846,4.55977886691382,4.67458194296039,4.85481515810174,4.95374811409597,5.24680875631725,5.53314376724076,5.98738442539235,6.30184892460866,6.68027546096478,6.99932525124812,7.48567304862459,7.90397438803635,8.19943398039901,8.36484271141704,8.60861147976274,8.78111902223583,9.14938993967381,9.45398297026816,9.234701713259,9.66341315612358,9.92540325239943,10.3117569565458,10.7703874929507,11.4520862727054,11.9941396098867,12.0700106788316,12.1906957313423,NA,NA
570,"NIU","Niue",16.9566163657607,17.47603701946,18.0180624301741,18.6380856363034,19.3487876486193,20.2369944292284,21.3080817535096,22.5475537508319,23.8306753697793,25.0271304730374,26.1189233569466,27.2471745086976,28.3392783570798,29.3818139865532,30.3728647108198,31.255982271153,32.0466614350161,32.8199254668939,33.6044545563825,34.4855490036868,35.5067634826514,36.6032271584042,37.771847420399,38.944800730187,40.9759065674018,41.8833072984075,42.4270800492302,45.6684003146012,NA,NA
408,"PRK","North Korea",6.05175501947539,6.01775511409481,5.97308200562588,5.94357270030009,5.93505114196576,5.94966587771556,5.98420860959547,6.05027113494099,6.12524616492568,6.21766077855197,6.33768468572352,6.45333046470921,6.57415545659869,6.68313390777681,6.76673650553703,6.83345376824728,7.03819600045107,7.12600289768928,7.38126778081907,7.58245773828504,7.79902350180585,7.88419561361366,8.02761660206606,8.16226586591662,8.5752573188097,8.70894689731759,8.65116988630226,8.48568615886005,NA,NA
807,"MKD","North Macedonia",15.5936968132777,15.772682995976,16.0197803145076,16.2556777366277,16.4725946877923,16.8349396192701,17.3038394025587,17.947482084822,18.5966465059005,19.1358022678211,19.8324323776712,20.690645586044,21.756271294889,22.8983747275294,24.0592260162384,25.1088532621368,26.4509270785146,27.8746982598957,29.2033335688308,30.4754651984056,31.7656132062504,32.9699343345593,34.2113740348649,35.3862732478494,36.9749671769393,38.6014503517781,39.7681152897616,45.9987802131177,NA,NA
578,"NOR","Norway",87.8807902560234,87.913331835367,87.8220833133479,87.886791795037,88.2728297097823,88.7377927279246,89.2967421061461,90.1792509258331,91.0915189504461,91.7352714288695,92.2810101298766,92.8295573711157,93.4563701294817,94.2130836084393,94.9648060645511,95.7851270002428,96.780663638918,98.1104254174621,99.4950946269221,100,100,100,100,100,100,100,100,100,NA,NA
512,"OMN","Oman",73.5786333601972,75.9742576530692,78.4904754022879,81.0292473685339,83.0596177096186,84.7994030595314,86.2059349453904,87.5349055613251,88.6695168571666,89.4921384911308,90.1003237549828,90.6762003948348,91.3179752543707,91.8619476151546,92.187782028244,92.280902536126,92.3083200813652,92.5370338904944,92.6789231030258,92.6733534477587,93.5114722346995,94.7113611976597,96.4928537340098,98.3950112110732,100,100,100,100,NA,NA
586,"PAK","Pakistan",5.14482239902287,5.29775861927823,5.4464420546536,5.61812015538382,5.73477454430018,5.87544331870576,6.00371209127344,6.1263640663641,6.24190083036694,6.23628700724829,6.6244626171442,6.85766061659798,7.07435712747007,7.32495602535816,7.60442686277032,7.74214447883581,7.8384041442027,8.02188661540949,8.23912248479483,8.61955869625902,8.92899645730135,9.37810704900701,9.76491296928548,10.2444142598235,10.9429121763685,11.1018108267091,11.6248185767622,11.4125317614162,NA,NA
585,"PLW","Palau",45.1463568116117,45.9116429646163,46.5899002768673,47.1920939734558,47.5967567079112,47.856983885109,48.0645660650917,48.2571580592521,48.4464807527691,48.7254886626979,49.1042969231812,49.6421168272742,50.2309401512087,50.7035260492111,50.9498506268083,50.8948725070048,50.6790338183992,50.4125129210112,50.2323108986904,50.2484490430682,51.0068661679112,52.6794487993204,54.9489795926072,57.2861951873122,58.3953261273648,57.3884795341757,56.3612318356948,57.7803838619156,NA,NA
591,"PAN","Panama",29.2276523964941,30.0384918735322,31.5204973265018,32.6563287621965,33.6590668502936,34.2633684674271,34.7835927344282,35.1505710023078,35.4816618908263,35.9219379465426,36.7933163001273,37.8773444936836,39.1263772411066,40.3360668842996,41.5064655929835,42.9113132236743,44.6810904978046,46.4302706344395,48.4399134137995,50.2307349657151,51.6357292148339,52.9359096962262,54.251442481584,55.3954174604819,56.5262359845297,57.336120684093,57.9979907537773,66.2122134884804,NA,NA
598,"PNG","Papua New Guinea",0.828523732797791,0.911130910384202,0.942930981964821,0.850951632123866,0.840150856584756,0.917786888799526,0.918164188426076,1.01514298785993,1.1264762440218,1.17281468330438,1.26656660511074,1.27728958994329,1.48898847267637,1.75699641130096,1.64372088416123,1.66427183204414,1.81003642806623,2.1817658655843,2.27346522284502,2.18878108256989,2.53304018924703,2.65855128138136,2.82799758126967,2.7745694696048,3.3906103243679,3.84878435987538,3.37236894669881,3.29220404757653,NA,NA
600,"PRY","Paraguay",16.113103084605,16.4419324981877,16.6347426331827,16.872804584685,17.1317320700483,17.4354023558086,17.6192613738854,17.7004879491595,17.6550076374469,17.75486828979,17.9538500605373,18.2857538924097,18.7452821420693,19.1086830346462,19.521951440674,20.1619275271325,20.894904776037,21.6580890310905,22.4548536952275,23.0767949313943,23.5660320078222,24.305101723566,24.8614288760816,25.3240094323037,25.9267315861285,25.9868279414969,27.0037312745769,29.1739232018005,NA,NA
604,"PER","Peru",22.1291347578072,22.9396280702918,23.7966843235585,24.8393392424372,25.7042268739853,26.4753092782831,26.9169208995099,27.0848855391076,27.3977335278552,27.9167582046025,28.5688531052182,29.1046919618187,29.4517388429226,29.6730366742071,30.2103806282923,31.1594839372045,32.4774139290256,34.1045560803831,35.8191944281348,37.2793725682842,38.0629909377339,38.4480682943193,39.0386301252889,39.8787887651524,41.8342978979767,42.1708911829264,43.0494091754196,45.647407291411,NA,NA
608,"PHL","Philippines",10.3280937494735,10.6223271118357,10.9062791826605,11.146544165408,11.2112250676876,11.1645330167763,11.1842253582122,11.5057785874206,11.717388477263,11.6359834858673,11.7319522958092,11.9358332704826,11.9370404836947,11.8933783861568,12.0057974317312,12.1918081685054,12.3670660442458,12.6842654063806,13.128839742988,13.3516900072189,13.5778701372734,13.9889868564478,14.3858046568924,14.8941471527496,16.1555454040612,15.4757797012449,16.0116433520962,16.8926583339325,NA,NA
616,"POL","Poland",29.2482354407063,30.5809966540119,32.2093469078281,33.8433742267968,35.8029190642131,37.4803255081621,39.1401245873321,40.5920597774261,42.2270313371907,43.816229391077,45.4304997762133,47.1637996871874,49.0270668322254,50.9263658347543,52.9469975599817,54.6963391787619,56.2538439567763,57.803276220516,59.3843460666054,60.4937782066181,61.6820391844541,62.7286863912192,63.6902184594963,64.6062635620794,65.3782999443361,66.2286727229333,66.4652485486555,71.6923218364722,NA,NA
620,"PRT","Portugal",56.295963869244,58.5314540156191,60.5902051815664,62.6070852130975,64.804817517139,66.6799570903141,68.3611265408869,70.018587132735,72.0598974251857,73.7221092969895,75.3349366439158,76.929029980717,78.4659080871374,79.8842620438894,81.2447353297763,82.5451956629607,83.5452446752518,84.6680947727692,85.7704861160842,86.7522021612133,87.8252240272487,89.1606403464361,90.369343937027,91.6839454445387,92.9040111921999,94.1095333436375,94.3553381234449,98.5910003383824,NA,NA
634,"QAT","Qatar",92.6152849053938,94.0003433539899,95.6015065300438,97.1179145611228,98.3442629751822,99.3376733285431,100,100,100,100,100,100,100,100,100,100,100,100,100,100,100,100,100,100,100,100,100,100,NA,NA
178,"COG","Republic of Congo",7.27692915179114,7.07015343790698,7.65077842213969,7.63006195233542,7.76303411902867,8.32307427139337,8.49659235505982,8.58244353903211,8.84909039080411,8.90923732064954,9.09271911551369,9.23792247104871,9.37037487103755,9.59028218667255,9.99289017589085,10.5357478144516,11.0487269976305,11.6427633420363,12.1681365122243,12.5091703258984,12.8720696902303,13.2106202743475,13.5266988220473,13.6067633984988,14.1097342939085,14.3110208745461,13.99754467461,14.473064790752,NA,NA
642,"ROU","Romania",17.8459295904963,18.3782672097728,19.2290539481547,20.0305833398549,21.0749355963873,21.9506929698821,22.8522014698535,24.2421619738616,25.9499328596504,27.5082987385793,29.4379870914918,31.7618631848169,34.2492339366409,36.6260328069207,38.7413381255448,40.5567259560808,42.1856446250888,43.7649966826466,44.9866589476655,46.1572388517626,47.538500759507,48.7537412656218,49.9588535107017,51.342681391232,52.9724327018989,54.3129592951715,55.3109828650296,63.3171781919085,NA,NA
643,"RUS","Russia",42.6670945789033,42.2850140178452,41.7847397193632,40.6995698826502,40.2071509489495,40.4527453183057,41.037808756194,42.3048128896667,44.2783180582546,46.1236120605121,48.6763815223923,51.5246038200695,54.3490940967691,57.4555459051038,59.7372177799675,61.7305677377429,63.5274358680848,65.216135285349,66.6097845176296,67.5526782896515,68.4669393451602,69.460789010191,70.0949922618013,70.7920878147838,71.0773828434823,71.7401219231625,72.9820217489894,78.5565601954078,NA,NA
646,"RWA","Rwanda",0.341587632618356,0.574314554577228,0.793880738490898,1.20123546454747,1.79236032608344,2.52376411878562,3.0350974551296,3.56409667019396,3.60368325752948,3.97763311182356,4.34951921774226,4.81563305343596,5.3717892553789,5.94663255915711,6.295491142066,6.5310853531446,6.74575561482398,6.84360966908254,6.85915178479702,7.05245498485853,7.3760417994077,7.65175125766129,7.88083087613651,8.02721206669749,8.57985579511229,8.85405671078692,8.5084665359709,8.37150752854762,NA,NA
652,"BLM","Saint Barthelemy",NA,NA,NA,NA,NA,NA,NA,NA,NA,NA,NA,NA,NA,NA,NA,NA,NA,NA,NA,NA,NA,NA,NA,NA,NA,NA,NA,NA,NA,NA
659,"KNA","Saint Kitts and Nevis",42.5271529866262,44.2205506367216,45.9249429636197,47.5688881201021,49.1293016656818,50.7063715324806,52.2816754541218,53.9014739310807,55.3843608198782,56.8762750377046,58.4754811645185,60.1763422874966,61.6636528198424,63.1020049134894,64.3261641089227,65.4530290282528,66.6008342653214,67.6822538272859,68.4999921549932,69.2772952737444,70.2374724459708,71.1485002530564,72.0700724901637,72.9262533460659,73.6756855972519,74.4506746260343,75.2787877523536,78.400469652896,NA,NA
662,"LCA","Saint Lucia",30.3412338144863,31.7782344547436,33.0902877429331,34.1604041433134,35.3975043683558,36.262966058222,37.1095184692497,37.8038085775091,38.6593155773592,39.3884242406818,40.3090035730421,41.384170904267,42.447039639364,42.7045622882566,43.1931290414539,43.7607217212182,44.3142590464871,44.6751596739001,45.2313517653408,45.7717885866827,46.2651146161497,46.9363944972202,47.7754550064713,48.5452150093321,48.7925930873937,49.419611898239,50.1431267812573,51.7804931499354,NA,NA
882,"WSM","Samoa",6.54835421820522,6.6070316410638,6.65362608534085,6.67486763243895,6.74234882675927,6.85842364385744,6.97756066486706,7.13792815935403,7.29275086191417,7.45124256604555,7.64135997085155,7.84835416837781,8.07182618973437,8.22983061243364,8.44055745821225,8.61558389748605,8.76442429497351,8.90549176450685,9.06885146648253,9.26151127591953,9.47196996252924,9.7191678941322,9.92244922706318,9.96977425034153,10.5178615781503,10.7427416298199,10.785105580065,10.628849656522,NA,NA
674,"SMR","San Marino",75.0379834761872,75.8632818645391,76.6990164640638,77.4885921155724,78.3477816488765,79.027405252756,79.6640016541975,80.3712438832396,81.3763884982436,82.0424467538455,82.8205823162248,83.6375211895978,84.3406525809101,85.1023746637301,85.8540855048445,86.65913332243,87.5153308273672,88.3360060370328,89.035628315409,89.7906958257408,90.4478994242505,91.1091800325239,91.9064415044699,92.6559273298428,93.8058642717404,93.8410679813223,93.8776880808101,94.8302789261545,NA,NA
678,"STP","Sao Tome and Principe",5.42455579821953,5.4451878154207,5.43930142374489,5.46125983413124,6.02356224770114,6.13712044418753,6.37442481225719,6.63052854762915,6.78016539512892,6.624866548778,6.60838866758166,6.92484899616585,7.36044884685246,7.92699754112087,8.25366749660036,8.99454455708954,9.84410919053924,10.4081994813731,10.8292236010429,11.2720732682972,11.8089523263495,12.4254919515894,12.8981411394565,13.2883043239761,13.8773238654314,14.5653844432098,14.8206927274664,15.4504850113874,NA,NA
682,"SAU","Saudi Arabia",56.4613578868891,58.1066142340082,59.7671683879039,61.3906625735542,62.7486487974509,63.8802913266802,64.8621813265476,65.763185000605,66.5985357835304,67.3833103369451,68.1722369243823,69.1125264322161,70.1223468792332,71.2333652460446,72.4130868863553,73.8580378774997,75.4259267698134,77.2362148112783,79.1290882499365,80.3276619553105,81.8428739581427,82.8906441375812,83.9147902491032,84.9055344611923,86.0290105126506,87.1616640917251,88.5735865180604,96.3453133972093,NA,NA
686,"SEN","Senegal",6.51014202512602,6.86162024172046,6.99693687854598,7.20539245926783,7.76373188839324,6.15459991228175,6.35587371240054,7.27514340389095,7.06266209803863,7.3267072026034,7.66338794180432,7.65458240418499,7.55970821996615,7.42799861599639,7.98936547633936,7.99996807738761,8.25163941768234,8.56837772145018,8.26889640945161,8.47333730064088,8.52476905863868,8.7305714381729,9.35344456684955,9.13393010561889,10.1189724413001,10.7133214083929,10.0085810769951,9.97332571240476,NA,NA
688,"SRB","Serbia",13.1932560232025,13.1553481752335,13.3589903588585,13.5920621468218,13.8224032572087,14.3291760099779,15.2124430190522,16.3024461490127,17.5198445569725,18.7182566607583,19.9459894671373,21.3013067629034,22.6166332220785,23.9690118448633,25.2399023306998,26.3644367917357,27.5199604909977,28.5768414864073,29.5421840078042,30.4291133352809,31.3942026822248,32.1982300602951,33.0227636545826,33.861943438063,34.7664191392976,35.7895070516009,37.0870300188432,39.7028905471244,NA,NA
690,"SYC","Seychelles",53.3979563075568,55.1851421406179,56.9535985100994,58.5989748580082,60.0599093641158,61.2296434138099,62.1597241162686,62.9972492704448,63.8705844097396,64.8311143084382,66.052997851383,67.35658613368,68.7594687615389,70.1334328177835,71.4629513465026,72.6906155786875,73.8844711093896,75.0984739436073,76.2525309498997,77.2533748484741,78.1892040347692,79.1531449022385,80.101210123747,81.0326559238603,81.8394810761228,82.1494399429192,82.4197379713733,86.1068280454566,NA,NA
694,"SLE","Sierra Leone",1.73689216689419,2.00202564616079,2.03779433906124,2.1819118367774,2.23631171619496,2.47034870342583,2.5498265770008,2.63853678606803,2.58105544379706,2.61271805501546,2.53913099365185,2.68052108959837,2.96208817521557,3.17910646754135,3.06832931999837,3.0653939400071,3.06200371562871,3.33519755568702,3.56768581404522,3.44689561259331,3.71314383052798,3.7344190734169,3.84376686320908,3.97003797561328,4.60849294725662,5.17600124983835,4.71966134700395,4.41685572760188,NA,NA
702,"SGP","Singapore",63.0251596702471,63.3429999017818,63.4963684639714,63.6384900110516,64.2273698840446,65.1837958152142,66.6377790599478,68.1677946766934,69.9365796093496,71.5042649574517,72.786994164308,73.9433624766227,75.2838583995238,76.7487220784112,78.0511378755045,79.3164571671,80.5627212523919,81.8655308842367,83.0366832774119,84.1229116103715,85.0467765999379,85.8367467103507,86.7437410147687,87.4340505487497,88.164732571922,88.3422846683929,88.2975317316218,91.422473712831,NA,NA
534,"SXM","Sint Maarten",NA,NA,NA,NA,NA,NA,NA,NA,NA,NA,NA,NA,NA,NA,NA,NA,NA,NA,NA,NA,NA,NA,NA,NA,NA,NA,NA,NA,NA,NA
703,"SVK","Slovakia",58.3123155176379,58.9314878511609,59.8133291462967,60.8441958103563,61.9573009826124,63.1167410231944,64.4908850239975,65.8833280477799,67.3400785314356,68.7648036032757,70.3931659825961,72.271526086239,74.3875116266063,76.4195514335284,78.2183890081254,79.753961452753,81.2459229338528,82.5216956461314,83.691589078996,84.5687312073403,85.448954575771,86.1713230899894,86.9240472430942,87.6774089905253,88.3163597979494,88.7249456906288,89.0521053767684,92.7794312528268,NA,NA
705,"SVN","Slovenia",47.4963368914208,48.4528432682643,49.7471480923627,51.3840062900042,52.9224717790026,54.2138495785303,55.6178277376609,56.8422960710883,58.2435281847102,59.6775251250444,61.1110293899979,62.31214081645,63.2969804442341,64.240421920097,65.1526983516998,65.9826154161858,66.8277840129778,67.6728962870243,68.47665933055,69.095115316005,69.8559422489567,70.5223887535284,71.2510629134877,71.9279523949167,72.4928103025094,72.8484138683722,72.6645496426157,74.6545290176485,NA,NA
90,"SLB","Solomon Islands",0,0,0,0,0,0,0,0,0,0,0,0,0,0,0,0,0,0,0,0,0,0,0,0,0,0,0,0,NA,NA
706,"SOM","Somalia",6.88599522494312,6.91443593458106,6.9758770633574,7.03158726722805,6.92475052274565,6.98489427323686,6.98308718252004,7.03309642829633,6.95945062042728,6.90306039608659,7.16075447735298,7.22527919082826,7.31101842021823,7.40699551135749,7.59225518127762,7.68979770449407,7.89338431990829,8.00720282062302,8.16947224199511,8.43362107612495,8.65458136634558,8.93069147608254,9.12538410111374,9.27598874300496,9.69476052727536,9.51410591784609,9.65716071057317,9.56891657897283,NA,NA
710,"ZAF","South Africa",20.9836130512186,20.9001867165079,20.8316778237551,21.3267304777217,21.8170363762591,22.1302936310493,22.3211675505442,22.6295378564064,23.2142536351941,23.4860369523622,23.9267701218342,24.8317756142938,25.8969745874929,26.979353318599,28.1856839911241,29.2848545305685,30.3532503655263,31.2017172765856,31.9190903150979,32.6712468981054,33.291304429051,33.9203674399946,34.2612134566038,34.6440137638582,35.9446974064735,36.186316265077,36.2454316167029,38.0478328641916,NA,NA
410,"KOR","South Korea",68.9230141622578,71.4637033951922,74.1366419651869,76.7341195377555,79.244249222105,81.7404935500195,84.1434014610961,86.7239012526519,89.1970448546738,91.406147181361,93.3677537023429,95.2756300458584,97.0523927512207,98.5540241107721,99.5727967946676,100,100,100,100,100,100,100,100,100,100,100,98.9772468573585,100,NA,NA
728,"SSD","South Sudan",3.25068510357893,3.89513596097726,4.12089969888571,4.47638536223452,4.64731986138389,5.19933337705675,5.49729742123394,5.56107279733693,5.61545971593758,5.8061921002957,5.59747358284297,5.72760507905815,5.90633664147758,5.96310841850982,6.06150305247681,6.07320641177535,5.84200082117846,5.5668320766886,5.39837086248539,5.011880329596,4.84009347410974,4.73162011930732,4.62501012903212,4.65522037354671,4.89988197272883,5.22150930212531,4.42100004647121,4.08878935554124,NA,NA
724,"ESP","Spain",71.9509578405399,73.8386418568957,75.428167338745,76.9180961954238,78.6455479778178,80.0627775665664,81.1898658646735,82.2028223321277,83.4070799016822,84.1985598015292,85.1905703778176,85.8118284096237,86.5248644137513,87.256667903217,88.0361389926959,88.7176296477919,89.4942286914998,90.5546345500473,91.368912504636,91.7881253340981,92.3958680044868,92.8062767076394,93.1397264729154,93.588920580827,93.9706160719201,94.1951156604541,93.8654307633302,96.075102655004,NA,NA
144,"LKA","Sri Lanka",10.6857549662437,11.0428130195705,11.4274167867305,11.915344417117,12.4340621790965,12.8169721808817,13.2183921991335,13.5549262805175,12.9702702102321,14.0119471879893,14.3417271746393,14.7434127707169,15.1613637920491,15.5947046114216,16.1955149233511,16.9963595940577,17.810878562545,18.5903094396892,19.4748386877664,20.3617266864406,21.2678812660171,22.1159714718287,23.0237999389902,24.1447434626536,25.4668417313343,26.3727413012917,25.2609612314514,26.5934906799684,NA,NA
670,"VCT","St. Vincent and the Grenadines",26.338011197526,27.1145941170087,28.078101062444,29.382286147857,30.6095880833367,31.6571026874017,32.780577403957,33.8287951657638,34.9360734060922,35.9951651402199,37.3170004860257,38.3771931871385,39.4949641733387,40.6704809643328,41.6196613157307,42.3361935689587,43.1148584840121,43.98980869982,44.8518539395815,46.076076851807,47.0617976257406,48.2841433560878,49.4845099316997,50.9382956711454,52.1792798717833,53.2037484283452,54.134642347413,57.1175810415114,NA,NA
275,"PSE","State of Palestine",30.0745059484889,30.9986322495993,31.9270451398666,32.8059818874369,33.4966704962496,34.0597533917657,34.492926611785,34.918141622714,35.368612118453,35.8910863951384,36.5313770151148,37.3254493943326,38.2154253074172,39.070605067402,39.7691630986537,40.40296520413,41.0973310094006,41.6937023649499,42.2777172834012,42.7906955603269,43.7264368797893,44.8678474732445,46.2295293975108,47.6909625795763,49.5573811400529,50.9596556809717,51.8910640493233,51.5476271648794,NA,NA
729,"SDN","Sudan",0,0,0,0.450544981868944,0.808036624805197,1.25848164807046,1.64986668852086,2.17388165501421,2.58774533979042,3.060469371148,3.52268596169731,4.07242087587177,4.5617210886855,4.99484913951113,5.56331030956254,6.09447682155893,6.57611965762749,7.1008443460692,7.82667728766185,8.24279163134329,9.0192301748119,9.71436072002987,10.5650940225798,11.5514146508341,12.4420414759743,13.4756073199563,14.7172208096848,14.4725757471684,NA,NA
740,"SUR","Suriname",24.9210787564594,25.4485927222957,26.022960810634,26.6567957076932,27.6719740670255,28.4841492734996,29.1446524421798,30.0062754862921,30.952190167662,31.9908699774807,33.1173905140865,34.373990534955,35.71410636424,37.0698458719366,38.3703445430962,39.7657094372872,41.1307016791163,42.5362409949492,43.7485101694843,44.5716271360921,45.0797875970687,45.5237897029813,45.8568344938831,46.1491340391563,46.6035626839615,46.3081413205126,46.4906088567381,51.676027839629,NA,NA
752,"SWE","Sweden",97.9569126053778,98.4818845644678,98.8716824042244,99.1547931870126,99.4961289470462,99.3217296124474,98.5974688561019,97.9290423052842,97.4192243152629,97.0671599661558,96.85155141557,96.6286447307572,96.4668734753142,96.535945931069,96.7618827246463,97.3437315485497,98.356945174714,99.7401441703858,100,100,100,100,100,100,100,100,100,100,NA,NA
756,"CHE","Switzerland",93.1596575489714,93.6006012368401,93.9707507324806,94.3743647667284,94.9006626814449,95.3889988802094,95.617788310956,95.8147466532109,96.3138052839163,96.605146199185,97.0073519999127,97.3563035953973,97.6955652372971,98.0226909049217,98.4809611217113,99.0320532511491,99.5131379617431,100,100,100,100,100,100,100,100,100,100,100,NA,NA
760,"SYR","Syria",46.8645974791821,47.5059423305931,48.2371326709729,48.9584089814796,49.5584445659091,50.4395185954909,51.4810221490783,52.6861731878901,54.0130778009894,55.4064277980184,56.8975125228545,58.5533746452186,60.3633966747825,62.0814206592494,63.28142598548,64.0139306136045,64.6092533740391,65.0366210476065,65.4669903104129,65.9475458614335,66.668235460827,67.5411787609163,68.6150518303882,69.8112840071812,71.4266544820782,73.1126522889726,74.5978297770939,74.7365656529366,NA,NA
158,"TWN","Taiwan",43.6862572732686,46.0004750696008,48.2061434548937,50.3252361860219,52.082032276137,53.4186454938925,54.7046708730648,55.6254903246576,56.4612477470827,57.1480077223278,57.8383228071375,58.0250836265665,58.248162029986,58.3847041670612,58.3295125421114,57.8957838067165,57.5223411892889,57.078913519177,56.6692624785527,56.7024672326614,56.8102278947147,57.3529288959601,58.0378334397578,58.7291353666721,59.5876796295881,59.8627808491698,60.4414807644795,58.3524292200642,NA,NA
762,"TJK","Tajikistan",3.41758302946732,3.89533890948357,4.15302974572518,4.35188114485179,4.49914104270273,4.58752533027882,4.80378951640121,5.11156799437171,5.56973656170385,6.07476740059091,6.66768408416712,7.24697500098905,7.80597052645976,8.27737839728549,8.75179487142428,9.11718234680606,9.78778599122812,10.47509605943,10.8921066720313,11.0911233478869,11.2610565667682,11.7803490487123,12.3811806402471,12.6509819294603,13.1929483699539,13.1079623376399,12.2668840410603,12.8000534568643,NA,NA
834,"TZA","Tanzania",4.22619459011025,4.3650610453661,4.62079295406662,5.03681072046024,5.38309736480531,5.67774827501017,5.80966615220649,5.93038149799905,6.112341792549,6.44275436162636,6.57621156849025,6.65671241564553,6.8389769287661,7.02424255909997,7.21075194920098,7.28496968624336,7.28005202402538,7.49394735685395,7.83081869339931,8.01381210783511,8.31588862525103,8.7111668265602,9.0578552859953,9.46346392114368,9.85293940088783,9.87384513661588,10.6585678300122,10.5959140550228,NA,NA
764,"THA","Thailand",19.9104908451902,21.5991922517324,22.111577136259,22.0293983574857,22.4256868784747,23.092784255997,23.8195976854072,24.6078566155578,25.3741834819955,26.3389076425488,27.628224481935,28.8852574318271,30.2627968301996,31.7224354326377,32.8990581386645,34.2671168860698,35.5930202915719,36.8543433296012,38.2079323133511,39.4540361519277,40.6766461096404,42.3708822174315,43.8243924115797,44.9807694622371,46.3038228219302,47.2972309035555,47.6787434510527,54.0671220046274,NA,NA
626,"TLS","Timor-Leste",0.950715704490463,1.29933277108331,1.57522489871013,1.871583657958,2.01443611465128,2.3521138864073,2.87546507135637,3.07525514129668,3.96106066337866,4.15132342156399,4.54668963712255,4.83691044188537,5.35082244772124,5.35791115309517,5.5335171273493,5.2028448023059,5.09339080543695,5.25196787704112,5.43435272158557,5.58123670814733,5.69807253329641,5.77285544605115,5.78838606561433,5.89419743708527,6.26571649788853,6.9809084131053,6.89267519140812,6.72250812058329,NA,NA
768,"TGO","Togo",3.65872063491982,3.8391885965459,3.94005769388841,4.16668302559297,4.19531953200884,4.45610276251118,4.62138536913407,5.06163453484541,5.37052478125385,5.58730156111173,5.63051379738626,5.90690291195327,5.75836384550128,5.64792912228201,5.6583652705374,5.79466335019623,6.11057745426805,6.69650240998956,7.07228999395348,6.73479648246104,6.920781237347,6.89343812538004,7.13359951662363,7.35710672089817,7.89853235987482,8.05570815176064,7.76408023185972,7.86319453698214,NA,NA
776,"TON","Tonga",8.28860129207861,8.38482661555921,8.46530004865558,8.51132386101015,8.71450600507303,8.98290157714261,9.20669541898185,9.43777043957358,9.68995521648733,9.9637286871253,10.0804051302301,10.1979376184945,10.325171838513,10.0086897587458,10.5724577124407,10.8113203961505,11.043348521719,11.2993888263763,11.6039392160034,11.9309203864993,12.28320009634,12.6830335937126,13.085768461009,13.514104037444,13.9668008862607,13.8547456118164,14.5795917342067,14.6786508370315,NA,NA
780,"TTO","Trinidad and Tobago",67.4014490840143,68.7262645113143,70.3200169821831,72.3665439427046,74.6856016262007,76.9152793214842,79.5618469605707,82.3010947328533,85.6036144265799,88.3010998035177,90.6273597068023,93.0199942841809,95.2257915298136,97.2427388617339,98.8708297790357,100,100,100,100,100,100,100,100,100,100,100,100,100,NA,NA
788,"TUN","Tunisia",33.3007026186521,34.650119895942,36.0150014373192,37.4655139169517,38.9698330529695,40.483774500995,42.0892160665383,43.7008375261633,45.3899261154726,47.0029809770703,48.6053878974572,50.2681728912928,51.9459964149454,53.5325730247906,54.9029441555321,56.0622805968144,57.1046171548201,58.094604739683,58.940633251011,59.6715827879405,60.3056187837358,60.8580761263139,61.4380934690502,62.0275442677927,62.7667513399766,63.4164661683911,63.6115350796421,65.0732201111338,NA,NA
792,"TUR","Turkiye",27.6920701196458,29.0598525246107,30.4700659782762,32.2003960232034,33.7017382126164,35.2823415774651,36.7348413086569,38.1120285160637,39.6018229181394,40.9733383590168,42.4668542273987,44.4179844661839,46.886672846415,49.6998882109484,51.9163403131549,53.7703946453877,55.8072314532844,57.6847143258668,59.628966297612,61.527244012727,63.3388368164198,65.4020063215774,67.5743864409918,69.6078483050517,71.8434189931042,73.9400514946131,75.9758286775341,91.6422936717473,NA,NA
795,"TKM","Turkmenistan",54.0657725891547,53.3641541440027,53.0213078156114,53.0728173241334,53.2187423637631,53.6027091962841,54.4119329300646,55.4153663063316,56.9094447132658,58.534979108668,60.4480815804884,62.7077753882383,65.7307221746412,69.2700343059196,72.4536547592946,74.8275865047745,77.4940601500007,80.3203274762261,82.9050102117356,84.9917586147491,86.5274639782125,87.8062575847428,88.9838011928732,90.1376420933825,91.4504559863024,92.5551063727362,93.5973493837393,100,NA,NA
796,"TCA","Turks and Caicos Islands",NA,NA,NA,NA,NA,NA,NA,NA,NA,NA,NA,NA,NA,NA,NA,NA,NA,NA,NA,NA,NA,NA,NA,NA,NA,NA,NA,NA,NA,NA
798,"TUV","Tuvalu",4.93170259292073,5.37710323942825,5.86070073507845,6.35823417153239,6.86923515072438,7.54028957726756,8.20923598052582,8.93543018425451,9.69444489381507,10.4520513819507,11.1610594241536,11.916476281623,12.6822658890973,13.3643133032797,14.0029115583552,14.6112787368644,15.1882512119284,15.7567166551434,16.3396475205842,16.9602542893424,17.603736165946,18.327265338241,19.0385459044613,19.7539142534671,20.4342132647115,20.6199269526664,21.3727453681006,23.0407752143858,NA,NA
800,"UGA","Uganda",6.71590901801899,6.86331290836327,6.97788402826254,7.13968571401136,7.17942030542082,7.40018231551208,7.57881437126176,7.96851983900464,8.13232264870311,8.36338467334322,8.52665986237658,8.71289795928625,8.88696850232026,9.08467636800796,9.29307083044225,9.32716107764456,9.29143379515338,9.26340212335897,9.37845557214958,9.59778117724423,9.92240043078131,10.3321347755554,10.682319005592,11.1004744906967,11.7727683883916,11.7166478658201,11.6534076621136,11.5079142116051,NA,NA
804,"UKR","Ukraine",30.1271622376025,29.3524590487328,28.801456213345,27.9784855985497,27.598480766323,27.9738354788725,28.3380239217161,28.7897214516166,29.5627998165668,30.1114865366654,31.3326443025387,32.8256379766329,34.6938623306128,36.9831176538734,38.7531099335576,40.3850455782736,41.6293015679556,42.6763141778125,44.0068980152793,45.3535097546118,46.1745730740971,46.6246590148426,47.3204905703037,47.8310208535768,48.0668384707511,49.0925752102236,49.957014262787,54.097956116475,NA,NA
784,"ARE","United Arab Emirates",93.4216655714621,94.0916974620229,94.434324213305,94.921403555444,95.4405020743967,96.3060171873,97.6653424239032,99.016015934452,100,100,100,100,100,100,100,100,100,100,100,100,100,100,100,100,100,100,100,100,NA,NA
826,"GBR","United Kingdom",84.8329121817545,85.6535310494897,86.2997079143384,86.9186061971488,87.8062726493485,88.3644431701153,88.5173965313478,88.6020072847438,89.0517024292734,89.3580286668014,89.7753576236027,90.0507070050747,90.2730216520939,90.8156192252499,91.2609378741079,91.9409343224553,92.4207898407015,92.894903597215,93.5057841891618,93.6935124069723,94.0230160298781,94.3137038997312,94.5367152213263,94.9118277094681,95.1003968591841,95.2250787659546,94.7746192878377,95.4873549380377,NA,NA
840,"USA","United States of America",95.5321860684753,95.1230738419336,94.6162929783092,94.1065991402213,94.0218297595682,94.0559723431902,94.0157551859642,94.0789036823371,94.3890624180409,94.5477489029412,95.0568130107808,95.7337896058708,96.3025183158535,97.0278037181992,97.6326175205459,98.0269860978454,98.4287906625931,98.748713340277,99.0659202346702,99.307278240578,99.615970226782,99.9497165904402,100,100,100,100,100,100,NA,NA
858,"URY","Uruguay",45.98226412532,47.6010366794571,48.6382732370295,49.6690886297824,50.6967876574193,51.0378243830004,51.31681484352,51.3300599123909,51.7318936350397,52.3080939652177,53.1277804823605,53.9033326460648,55.5122879290893,57.1057528392882,58.3440788400285,59.5596352954156,61.0963474747368,62.7452327779,64.2347017433299,65.2013794050594,66.1702802325106,67.2101292008524,68.0695159234889,68.9113904048291,69.6649125366768,70.1675677405835,70.2025213139844,76.8893078662485,NA,NA
860,"UZB","Uzbekistan",12.9316268027794,13.0216267917686,13.0331715957117,13.2505985968841,13.4288837595522,13.6552393113638,13.8943290696977,14.2273001423154,14.5580032407086,14.691928366025,14.9878394191198,15.5904093269878,16.3066678787502,17.11097997429,17.7585138000624,18.3912548348681,19.2864385064517,20.3452835935418,21.3570976780489,22.3386626537951,23.2870985389619,24.221802875711,25.0661174412584,25.8102213640248,26.7835035242762,27.8483360003191,28.8425993257672,30.8297560746279,NA,NA
548,"VUT","Vanuatu",0.587541709005947,0.700092086632566,0.798582869561187,0.759276721295507,1.33485798860156,1.32514931784259,2.13366236614004,2.80172322633531,2.97060493820213,2.59128997133921,2.54481002722986,2.32444431214591,2.32302919322892,2.60862213140398,2.7635520685247,2.64144244870606,2.7445142122221,2.76720363045602,2.81942832334533,2.96847605441809,3.07012179005149,3.24212081784668,3.35978488348488,3.51259216628578,3.7255480392304,4.07885111976621,4.03971434011466,4.0925808921975,NA,NA
862,"VEN","Venezuela",58.2897534653547,59.1231020979221,59.9387156285444,59.9370508079759,61.1255971835475,61.4342425391787,61.8070090533056,61.9747027502123,62.3971145905705,62.8701611006475,63.55669398536,64.6195182950849,65.9081063278371,67.2661885258492,68.3234266546796,69.1865234753005,70.2551735345051,71.0758133925104,71.3237305983332,71.1172429225504,69.7050390419562,67.2906199238294,64.8010848695254,62.4290174542296,60.4520619040467,58.3784549325103,56.1369784338409,59.0568501194739,NA,NA
704,"VNM","Viet Nam",9.42234017083852,9.80712626015746,10.1877642734192,10.6447051413942,11.0294373941595,11.3552882209402,11.6406952565184,11.9558674224981,12.2958577519255,12.6558049456022,13.0492979733708,13.4626354072469,13.9344713625043,14.4433312746185,15.0501327415396,15.7770233261099,16.49155928753,17.2163949353541,18.0831502194191,18.9293844067679,19.8164226508807,20.8492844309348,21.8313602294368,22.8540847065255,24.1121816450351,25.612247613427,26.0369738373113,27.3389322513556,NA,NA
876,"WLF","Wallis and Futuna Islands",NA,NA,NA,NA,NA,NA,NA,NA,NA,NA,NA,NA,NA,NA,NA,NA,NA,NA,NA,NA,NA,NA,NA,NA,NA,NA,NA,NA,NA,NA
732,"ESH","Western Sahara",NA,NA,NA,NA,NA,NA,NA,NA,NA,NA,NA,NA,NA,NA,NA,NA,NA,NA,NA,NA,NA,NA,NA,NA,NA,NA,NA,NA,NA,NA
887,"YEM","Yemen",3.37029190312899,3.93947378447574,4.57855828421363,5.06470351308822,5.58450142958503,6.17121962787728,6.64024437379483,7.12126314541939,7.45568783528194,7.82937736033449,8.19199489505444,8.60333035901181,8.87403681742219,9.28418723848179,9.78328406925409,9.89585230790833,9.96253656792908,10.0109087565224,10.2629654647359,10.1143441956668,10.1301328802123,9.81010936394654,9.45212855334519,8.94180100659753,8.85496672703954,8.83758594376914,8.7965176746205,9.10570800422639,NA,NA
894,"ZMB","Zambia",4.69222251493588,4.755083770071,4.81166069002458,4.8609103969612,4.85854387552915,4.63961944483982,4.81413192770449,4.80673198144177,4.62507287195393,4.52809700822635,4.41160967795103,4.46431186078426,4.34132706315462,4.40485081378324,4.52771911910715,4.64186988857523,5.04937647769059,5.54889498779974,5.9860598480949,6.28378478853779,6.54949086446214,6.87500657000871,7.25859008294766,7.54187213267845,8.08134432348835,7.83304119204951,8.59141003463647,8.46200385618737,NA,NA
716,"ZWE","Zimbabwe",9.20981735201967,9.11119780846606,9.00533484854165,8.88487343510585,8.78072154429101,8.71818522927397,8.68227490603319,8.58485942103073,8.64676467352244,8.68673646659819,8.75450622663695,9.03680625972284,8.53794699111506,8.3452686649115,8.44228083116553,8.16232144469119,8.20383276496261,8.47819605064923,8.75971120917301,8.92280858888412,9.02119020286814,9.41192048849608,9.53679776150885,9.75685033769579,10.6373307271424,10.3708884272515,10.7998333966956,10.6248385094529,NA,NA
