"code","iso","country","LUF.ind.1996","LUF.ind.1997","LUF.ind.1998","LUF.ind.1999","LUF.ind.2000","LUF.ind.2001","LUF.ind.2002","LUF.ind.2003","LUF.ind.2004","LUF.ind.2005","LUF.ind.2006","LUF.ind.2007","LUF.ind.2008","LUF.ind.2009","LUF.ind.2010","LUF.ind.2011","LUF.ind.2012","LUF.ind.2013","LUF.ind.2014","LUF.ind.2015","LUF.ind.2016","LUF.ind.2017","LUF.ind.2018","LUF.ind.2019","LUF.ind.2020","LUF.ind.2021","LUF.ind.2022","LUF.ind.2023","LUF.ind.2024","LUF.ind.2025"
4,"AFG","Afghanistan",NA,NA,NA,9.28805720338643,9.37335006596413,8.70345964506856,3.93609620550873,0,0,0,0,0,0,0,0,0,0,0.00464264142858895,1.43048820138536,2.31163300215447,3.09074548604572,1.54811074219378,0.904560449604404,0,0,0,0,0,0,NA
8,"ALB","Albania",NA,NA,NA,58.9207195944871,100,100,100,100,100,100,100,63.9495909545473,48.8999593420512,44.1808768282977,40.7566693837707,37.611505064725,34.8361911083436,33.5556495698363,30.8519562762345,32.3301457933435,31.3840742992537,36.049961781898,39.9905489811434,42.2460653806104,44.505217792257,47.5989662516366,52.1545008652288,59.2015023229626,76.9095787797278,NA
12,"DZA","Algeria",NA,NA,NA,16.4839005882296,18.058706146394,23.1878001937363,25.4677203370965,26.3299770410273,26.8476025738089,29.6565660448053,31.9688020751389,34.1785858351968,35.4614660011289,35.9603385064538,37.8750003957614,41.0570334359872,46.4073266465197,54.576036067956,62.7851825812102,71.4708688702697,76.5839973057036,77.4209537159321,65.8355171219934,65.8394830812543,68.2678668581159,62.5185190108639,57.9648172646681,56.4101298925395,53.7250590835956,NA
20,"AND","Andorra",NA,NA,NA,NA,NA,NA,NA,NA,NA,NA,NA,NA,NA,NA,NA,NA,NA,NA,NA,NA,NA,NA,NA,NA,NA,NA,NA,NA,NA,NA
24,"AGO","Angola",NA,NA,NA,54.4418693873899,53.2269733453259,51.5651409061614,49.3796905236841,47.4887801467172,45.99724449206,44.5446647596463,43.0537526642474,41.1061271257914,38.4985748381147,35.978754508604,33.6661191135673,32.1989804815969,31.1458291036886,30.1228909920114,29.1782639409178,28.2398910278839,27.5909415026759,27.268717576866,27.5387876667074,28.1337828493818,28.9468492416007,29.5342708669576,30.0117841489043,30.5469832193198,31.0536607615708,NA
660,"AIA","Anguilla",NA,NA,NA,NA,NA,NA,NA,NA,NA,NA,NA,NA,NA,NA,NA,NA,NA,NA,NA,NA,NA,NA,NA,NA,NA,NA,NA,NA,NA,NA
28,"ATG","Antigua and Barbuda",NA,NA,NA,100,100,100,100,100,100,100,100,100,100,100,100,100,100,100,100,100,100,100,100,100,100,100,100,100,100,NA
32,"ARG","Argentina",NA,NA,NA,39.9327125612927,39.5700452670387,40.4054963886172,37.2070469645035,33.1213641488496,29.1971858028586,25.8959648226988,23.2603247676219,22.3189007848896,22.0594589295632,19.7106324589087,18.3676163377494,17.1520094221365,17.404680341806,18.4297889735556,19.3030873623196,20.8516720951011,22.510359898091,23.2403126880477,23.083913792246,25.0539797653927,26.4894055738237,27.6586127978071,27.842647846133,27.4490514977543,28.0639802628565,NA
51,"ARM","Armenia",NA,NA,NA,29.9245774717114,27.4498609777198,23.9811609534319,21.2220736487241,18.9931553827617,16.347149361302,12.899845647041,11.2638560112477,10.164922990105,9.14696258924511,8.21827586972353,7.58817578680596,7.51665225331496,7.75211065236806,8.34399650536442,9.99960830753571,13.609230227638,15.8495075180031,17.6306811670496,19.3297976554696,21.2372849763488,22.8258076295099,24.3335207541476,25.880267480453,26.9902731917399,27.8461317320066,NA
533,"ABW","Aruba",NA,NA,NA,NA,NA,NA,NA,NA,NA,NA,NA,NA,NA,NA,NA,NA,NA,NA,NA,NA,NA,NA,NA,NA,NA,NA,NA,NA,NA,NA
36,"AUS","Australia",NA,NA,NA,28.1384322805029,25.9563855289163,24.7784397960582,24.7711548234747,23.3192426788561,21.9201578934605,23.2097183058705,25.0280185259224,25.843875442299,25.1214989477099,25.4311800151946,22.9176651620947,21.6819238210412,21.1196897144477,22.1137312867224,23.3685353181842,23.9273823826083,23.3172023991054,23.3303514176015,25.9043398432534,27.2094677756487,32.8862547974661,36.9704230532073,39.7369706457097,42.3517845675112,43.2832653113344,NA
40,"AUT","Austria",NA,NA,NA,100,100,100,100,100,100,100,100,100,100,100,100,100,100,100,100,100,100,100,100,100,100,100,100,100,100,NA
31,"AZE","Azerbaijan",NA,NA,NA,32.4252479905492,31.1934682087495,30.4023966739361,29.9005902458545,29.8170373123227,29.8700915352036,30.1588392473939,30.9705734138219,32.0389164589186,32.3110727951791,32.7543138808945,32.9530956126884,32.8066035773567,32.0586310101821,31.5657968509819,31.2115341139553,29.6599449502682,26.7750254411538,25.4035547807814,24.5578036765105,24.0846364421102,23.7362555550545,23.6564083420873,23.9479904073161,24.0138015807244,24.2009172998391,NA
44,"BHS","Bahamas",NA,NA,NA,94.375769475892,91.9830348075561,93.2617724813238,95.1351841437595,97.9508885343175,100,100,100,100,100,100,100,99.8045916686693,92.5223640811238,87.5860794448941,84.1622414062599,82.214644930133,80.1313035054117,79.5434435520256,78.799684402791,83.4781683707249,93.0318009848738,100,100,100,100,NA
48,"BHR","Bahrain",NA,NA,NA,NA,NA,NA,NA,NA,NA,NA,NA,NA,NA,NA,NA,NA,NA,NA,NA,NA,NA,NA,NA,NA,NA,NA,NA,NA,NA,NA
50,"BGD","Bangladesh",NA,NA,NA,32.6980903000495,33.5860421491266,30.5359146502406,28.2748891634876,27.5432938174263,26.5625109499919,26.5977761428029,28.974387443147,31.733052756214,34.2106909772182,36.4419626141536,38.5719958366223,40.1039952726082,40.7560206529558,42.8397547207966,46.4076005062908,44.7947567082735,45.9155337787602,47.5777160406493,46.2309690287971,41.9370246826155,39.0622797374705,37.7086806543822,36.5809059566555,33.4896955439173,30.2886851744792,NA
52,"BRB","Barbados",NA,NA,NA,35.9198519817937,35.3884997082311,39.3325872593929,42.1664983912486,53.2232970150173,61.4535274607099,97.1457781428023,100,100,100,100,100,100,100,100,100,100,100,100,100,100,100,100,100,100,100,NA
112,"BLR","Belarus",NA,NA,NA,34.0273187374133,35.5286182900061,36.4212844984266,37.397349066343,38.8432930494993,40.8208874461062,42.2289616559023,43.7123431986369,44.9951929657941,46.6020265497381,48.5404339160846,47.2130029163168,46.2556802275339,45.166503824867,43.789514646188,43.1320992015644,42.4968321926245,41.4792401220782,40.9011183549294,40.5908297986179,40.5197243662163,40.6064579932335,40.5573230284777,40.9095547793559,41.6521168923885,42.2642497530468,NA
56,"BEL","Belgium",NA,NA,NA,24.5390975251649,23.6906159039786,25.8750176192362,27.2225164105971,30.2923518003503,29.5616747226936,29.7100387363759,30.7121579073467,31.4185149406568,32.2634317752706,34.3656124274913,35.2151471459558,35.3192246462268,34.6706756398492,35.1081232420004,37.1870428421081,36.106004054505,35.376771647222,33.8212257254216,32.2636892850249,30.959085744797,29.6638836743002,28.3818151259462,27.7332244562763,26.9535539451859,26.2790964384956,NA
84,"BLZ","Belize",NA,NA,NA,16.3026909593887,16.7528293052981,17.4866555355257,18.4771070393147,19.3803336335373,19.9854116021752,20.5662899877025,20.7741014710233,21.1125398143176,21.5594447535689,21.5277032635045,21.4240380879233,21.6186166539995,22.0191345935938,22.0050660748077,21.0081223339861,19.4992918515356,18.8364007667825,18.2772069662531,17.9428015082401,17.475975014102,17.2096162603969,17.0911852935826,17.0247153434447,16.5875500774642,16.8027607116343,NA
204,"BEN","Benin",NA,NA,NA,0,0,0,0,0,0,0,0,0,0,0,0,0,0,0,0,0,0,0,0,0,0,0,0,0,0,NA
60,"BMU","Bermuda",NA,NA,NA,NA,NA,NA,NA,NA,NA,NA,NA,NA,NA,NA,NA,NA,NA,NA,NA,NA,NA,NA,NA,NA,NA,NA,NA,NA,NA,NA
64,"BTN","Bhutan",NA,NA,NA,13.405212876034,14.5464288439143,15.3971636840026,15.6020917990403,15.7175814265342,16.7256309069749,17.1968076283908,17.3887447647869,17.0883694567051,16.9156179348445,16.9458097709965,16.3671664099651,15.8040826135819,15.5121706481016,15.7964831502699,16.6872059763658,17.3570987115368,18.3523801923105,19.8402807513132,21.5548826283491,23.4213452001786,26.2446603507054,27.192145258091,28.9297721191194,29.9501671575177,30.0621770486668,NA
68,"BOL","Bolivia",NA,NA,NA,32.7683356544416,32.0602772587147,31.3399750865634,31.028353143566,28.9065964863562,29.0165326327503,29.0198147104228,29.2750473486569,29.6603717331094,30.3624292031738,30.713818248467,30.6942290425088,30.7103563891001,30.883134142474,32.8671139160155,34.0569071292476,34.9349873800965,35.7556557684264,35.8628455717596,35.8539042825481,36.2185212320781,36.4901320938198,36.5309849966482,36.4101828926024,36.1943203668125,35.5981710984763,NA
70,"BIH","Bosnia and Herzegovina",NA,NA,NA,100,100,100,100,100,100,100,100,100,100,100,100,100,100,100,100,100,100,100,100,100,100,100,100,100,100,NA
72,"BWA","Botswana",NA,NA,NA,0,0,0,0,0,0,0,0,0,0,0,0,0,0,0,0,0,0,0,0,0,0,0,0,0,0,NA
76,"BRA","Brazil",NA,NA,NA,18.9364805482322,18.4794996005916,18.1397059497218,17.7212479830926,16.650533150207,16.3493582190611,16.2119477874494,16.2024127062899,16.3328989160217,16.7278541794861,17.2718762497471,17.784423531188,18.3118148990264,18.932486577583,20.3466076661961,21.2664840837573,21.9460408154719,22.4731852496874,23.0041581372265,23.3647230665627,23.5108040813054,23.4020836827726,23.063162172798,22.7248422855602,22.4985673309089,22.3366364267008,NA
92,"VGB","British Virgin Islands",NA,NA,NA,NA,NA,NA,NA,NA,NA,NA,NA,NA,NA,NA,NA,NA,NA,NA,NA,NA,NA,NA,NA,NA,NA,NA,NA,NA,NA,NA
96,"BRN","Brunei Darussalam",NA,NA,NA,23.8788155393497,24.1734587607171,24.2530606415135,24.569132937109,24.7513842049852,25.2808531685165,25.6400875234965,26.2155370848797,26.5181541067079,27.7755983333556,26.7721627441943,26.1326299255605,25.2994871558172,24.6667545657377,24.2449274642873,23.3756782012311,22.8133872247809,22.4206187633944,22.4566074622627,22.8521115378163,23.9142415046298,24.8282781385235,26.1673823665257,27.3462614001659,28.5147609565987,29.9065756634004,NA
100,"BGR","Bulgaria",NA,NA,NA,51.3189623902024,58.217120860853,100,100,100,100,100,100,100,100,100,100,100,100,100,100,100,100,100,100,100,100,100,100,100,100,NA
854,"BFA","Burkina Faso",NA,NA,NA,NA,NA,NA,NA,NA,NA,NA,NA,NA,NA,NA,NA,NA,NA,NA,NA,NA,NA,NA,NA,NA,NA,NA,NA,NA,NA,NA
108,"BDI","Burundi",NA,NA,NA,15.6317129162067,14.807491355643,14.0272256323189,13.5672838297766,13.0341824035944,13.6035890971594,14.169244102499,14.4275439561353,14.6854923998175,15.1889863402705,15.4912312595024,15.8847169439278,15.9837133034043,15.9982615476193,16.0616747386019,15.1817568520918,14.5665170761936,14.2000935421696,13.9413524185831,13.7464426690265,13.5498283290805,13.5259430257312,13.9673426076123,14.0514838295042,14.1666753938935,14.3609458668674,NA
132,"CPV","Cabo Verde",NA,NA,NA,NA,NA,NA,NA,NA,NA,NA,NA,NA,NA,NA,NA,NA,NA,NA,NA,NA,NA,NA,NA,NA,NA,NA,NA,NA,NA,NA
116,"KHM","Cambodia",NA,NA,NA,16.6294695752409,17.3427937824395,17.4368541843916,17.2498338162466,16.7774598239354,16.2213496611541,16.1373229119041,16.2437258103894,16.5473031085075,16.8568672385213,17.2715201939564,17.7900363652134,17.8717432957678,17.6393604814158,17.4214490834102,16.864614254012,15.8608306639971,14.5280958003188,13.3239518630406,12.1045287027045,11.1874107088844,10.5978687827735,10.6956862498468,10.8127170553283,11.0168960178092,11.5139352784013,NA
120,"CMR","Cameroon",NA,NA,NA,37.3897732250393,37.0944902435495,37.0266383751095,36.6331822920022,36.3358254039742,36.2587656400394,36.1882710160331,36.4097518750394,36.2363365846571,35.5615281259676,34.0308496407859,33.3770141753178,32.9532677348432,33.0673338706376,33.0694085373204,33.2830020415675,33.2075993674214,33.2119896290342,33.1512272111175,34.1545533282433,36.1781606428208,37.1304465515905,37.7815297998402,37.8697475409786,38.2948645291511,38.3294328888029,NA
124,"CAN","Canada",NA,NA,NA,49.0833565024382,48.8563421312032,48.569321058618,48.5206352430586,48.4795368985872,48.4583417371576,48.5266673511926,48.9210397186438,49.2953812772801,49.6607239491739,50.4297356641502,51.6802754559498,52.6017672765676,53.3632120377789,54.1136694514876,54.7652065592281,55.3428120977215,55.8849772465715,55.9174605043419,56.1173038482074,55.9642739541165,55.5947381923631,55.6069023883679,55.8686903279721,56.0268767718706,56.4400930985339,NA
136,"CYM","Cayman Islands",NA,NA,NA,NA,NA,NA,NA,NA,NA,NA,NA,NA,NA,NA,NA,NA,NA,NA,NA,NA,NA,NA,NA,NA,NA,NA,NA,NA,NA,NA
140,"CAF","Central African Republic",NA,NA,NA,65.479224124716,64.9412667845156,64.4451549361381,64.2315847301657,63.9765457634312,63.8953459653665,63.8824060460341,63.8645733667872,63.9048335674037,63.2334696597667,63.2549404504878,63.6446353424846,64.0136084552766,64.2387749985589,64.2309987345139,64.4057643700145,64.6001785136331,64.7270105560379,61.2576962361899,56.8691116795634,53.894280581393,52.1854668698154,51.0902673902512,49.425644847821,47.4449795490865,45.2936642359225,NA
148,"TCD","Chad",NA,NA,NA,0,0,0,0,0,0,0,0,0,0,0,0,0,0,0,0,0,0,0,0,0,0,0,0,0,0,NA
152,"CHL","Chile",NA,NA,NA,59.270302807506,55.5087942407688,51.6862988394823,49.2261559419039,47.191943321806,45.4220581557883,43.7296114579663,42.5469592373603,41.7545222470051,40.145616025988,38.953703331164,38.3181893014593,38.1621780807,37.5842079505188,37.6904153277176,37.4668314689972,37.4883437774991,37.3093004950446,37.5138790443463,38.262876547017,39.0751569120003,39.705351478846,40.7958658663431,42.4146614641219,44.3334617810523,46.964186034272,NA
156,"CHN","China",NA,NA,NA,19.910319897029,20.6479792449128,21.5931595135043,22.9138205207761,24.2867459718554,26.1664010679754,27.9212845202456,29.9779455035781,32.6101855780088,35.817541520829,39.0083072587511,42.4475751173093,44.8071668231931,47.5558412144535,50.923878027437,56.9816295728035,62.0660378093337,80.7104146808006,100,100,100,100,100,100,100,100,NA
170,"COL","Colombia",NA,NA,NA,39.8560352133062,39.3516882841116,39.7301022935099,39.1666694586011,36.679454737122,36.2923343359644,37.4414015649289,38.2348672208805,39.972936664058,42.9005200906179,45.5443812228783,46.686858456956,43.8102077831142,38.3937455443302,39.0003729231963,38.4264550436585,37.5543900459527,37.5549606256414,36.1879454053354,34.7297030791888,33.9372737127835,33.3754495373277,34.5110576648575,39.121454656205,41.5319487959614,42.7503195335734,NA
174,"COM","Comoros",NA,NA,NA,45.1170198530523,44.4209362877017,43.692524275394,44.1292363126486,44.7046402743174,45.9112317881535,47.5431454009409,49.5891555171322,50.7779045062234,52.1471928836307,53.69824918778,56.119294329642,58.3237227738413,60.2174313169189,63.0092057006055,64.9015278894074,66.4295156591896,67.7183406499762,67.9000441735859,68.0311266482361,68.2851373613017,69.1471914088237,70.2224956986509,72.3301340049852,73.0437904726258,73.2244279419468,NA
184,"COK","Cook Islands",NA,NA,NA,NA,NA,NA,NA,NA,NA,NA,NA,NA,NA,NA,NA,NA,NA,NA,NA,NA,NA,NA,NA,NA,NA,NA,NA,NA,NA,NA
188,"CRI","Costa Rica",NA,NA,NA,37.4016815694035,37.8664976361272,37.4227926725156,36.1336062584669,35.7025373500489,38.5840914131187,40.2755942530256,41.6315742963423,41.3325119201747,39.6716620410623,37.9191471367423,37.7340762212082,38.3469627463797,39.5160485279385,40.0388923355334,39.1001048444745,37.6834007265843,37.1540006561216,36.9999269980057,38.7539480718183,41.057293501006,43.1366414158991,45.2874202587649,48.6226615230444,52.8390290133303,57.3216455620715,NA
384,"CIV","Cote d'Ivoire",NA,NA,NA,14.0142893517978,14.5779130154362,14.8212306623195,16.5866593595728,16.3883813664481,17.3571946573227,17.4492799931244,17.0238028005766,17.0967536875815,17.5463138474529,18.1129744738884,18.0208817834162,16.5961403099255,14.7923181049481,13.8265329224577,10.7349286714897,10.5167122640562,9.33909463825101,6.81979464919199,5.66268608136654,4.53638122273657,3.29940595091672,3.43924907488132,3.56916022300381,3.74356005877645,5.12667598548776,NA
191,"HRV","Croatia",NA,NA,NA,33.5834630459924,36.9573026765146,100,100,100,100,100,100,100,100,100,100,100,100,100,100,100,100,100,100,100,100,100,100,100,100,NA
192,"CUB","Cuba",NA,NA,NA,NA,NA,NA,NA,NA,NA,NA,NA,NA,NA,NA,NA,NA,NA,NA,NA,NA,NA,NA,NA,NA,NA,NA,NA,NA,NA,NA
531,"CUW","Curacao",NA,NA,NA,NA,NA,NA,NA,NA,NA,NA,NA,NA,NA,NA,NA,NA,NA,NA,NA,NA,NA,NA,NA,NA,NA,NA,NA,NA,NA,NA
196,"CYP","Cyprus",NA,NA,NA,100,100,100,100,100,100,100,100,100,100,100,100,100,100,100,100,100,100,100,100,100,100,100,100,100,100,NA
203,"CZE","Czechia",NA,NA,NA,100,100,100,100,100,100,100,100,100,100,100,100,100,100,100,100,100,100,71.9809459384233,67.7158480785776,69.8203329321856,99.2989835135434,100,100,100,100,NA
180,"COD","Dem. Rep. Congo",NA,NA,NA,41.5837830821395,40.6769565403427,40.0871405678839,39.5273161215069,39.0840370503775,38.8821494710902,38.740893628274,38.541246419724,38.6311676210062,36.9739352724093,34.1305756300547,31.140388333386,28.0485341406222,25.5996229131646,23.4741212703041,21.8830723178308,20.7465561109714,19.6061210468123,18.4958983480518,18.1765016432909,18.4864981255261,18.9968162785497,19.4412707297299,19.7345632013032,20.2677879080541,20.5603700598103,NA
208,"DNK","Denmark",NA,NA,NA,100,100,100,100,100,100,100,100,58.3480931188405,39.5102933620908,32.2261159338618,25.1295448400837,22.4107729484182,19.5819885820412,16.6107155013064,16.8040582059729,16.2875981233324,15.1696412595307,14.7436460361584,14.5020061294467,14.2851255223149,16.0444275154362,15.6537238883285,15.6554746712878,16.2815362193096,15.9045332023438,NA
262,"DJI","Djibouti",NA,NA,NA,NA,NA,NA,NA,NA,NA,NA,NA,NA,NA,NA,NA,NA,NA,NA,NA,NA,NA,NA,NA,NA,NA,NA,NA,NA,NA,NA
212,"DMA","Dominica",NA,NA,NA,69.6423143291674,66.2110322941525,65.4769997054342,66.6615558545687,70.2886625059107,70.4253329056853,71.7728484064837,65.536372087217,67.7060984210759,100,100,100,100,100,100,100,100,100,100,100,100,100,100,100,100,100,NA
214,"DOM","Dominican Republic",NA,NA,NA,37.5674169976705,35.4580519945627,33.9055272604424,35.0356281170193,35.9182153381494,40.3574845692516,44.9885463942717,45.069122084509,48.5254500471139,47.7004182150456,60.7662740745303,77.9262631972775,100,100,100,55.7209178698048,49.4822035928645,47.2544479872121,45.698915037252,46.5335313833453,46.854615507975,47.3877268239942,45.5883854514162,44.7582276621553,44.3829481624095,64.5195750436821,NA
218,"ECU","Ecuador",NA,NA,NA,24.7977523761094,26.1737404353223,27.2519164009182,28.4231251665606,27.852735931258,28.5782228515229,29.4691329189407,30.2291127006137,31.0204349342362,32.0928198352098,33.5864339456548,34.2010367338185,32.9009750734283,32.8362202086348,36.3599415735564,33.2016817962354,32.5102075368375,32.084666927291,32.9296637675618,32.3973900376401,31.6457837784929,31.5964196310766,33.0275524587797,33.1184309962877,34.9982700439984,41.6995934293974,NA
818,"EGY","Egypt",NA,NA,NA,0,0,0,0,0,0,0,0.582333922458787,1.53742371183422,3.22336227589844,3.24261622965473,4.13941622119108,5.15860698706075,5.23592175419044,6.26943982538826,6.79679882892269,7.88878156682517,7.60573292935213,7.13665482812249,8.27723082217771,8.50323727215412,7.22744054220108,6.70781428957083,6.3955631219295,5.43213860771721,5.01855979517846,NA
222,"SLV","El Salvador",NA,NA,NA,10.3587264257996,10.2760719098497,11.6053507423549,13.5918630339564,15.7933147512441,19.7229688006743,24.3277980597481,29.1896483207098,40.1302068548562,100,100,100,100,100,100,100,100,100,100,100,100,100,100,100,100,100,NA
226,"GNQ","Equatorial Guinea",NA,NA,NA,51.1760715835515,48.5888276150689,47.501612371846,45.0429709007068,44.4445359437893,43.5071674555425,42.7637937625456,44.0222822276517,43.4882755326611,43.9408185750918,43.132580407737,44.2608562029154,44.3674524994152,46.2727078056469,45.9298283809891,47.0234275581063,46.6535427168643,46.5493695674045,46.0129084455654,46.2300276461263,47.5391487894255,45.3322448579266,44.2764437444972,42.2269466349217,42.1667387839814,41.296176749781,NA
232,"ERI","Eritrea",NA,NA,NA,NA,NA,NA,NA,NA,NA,NA,NA,NA,NA,NA,NA,NA,NA,NA,NA,NA,NA,NA,NA,NA,NA,NA,NA,NA,NA,NA
233,"EST","Estonia",NA,NA,NA,100,100,100,100,100,100,100,100,100,100,100,100,100,100,100,100,100,100,100,89.9438678422531,85.8798009040579,75.7695082699696,68.8287655441728,65.4630904739257,62.7323723814001,62.2086112209259,NA
748,"SWZ","Eswatini",NA,NA,NA,38.6451979181759,39.2045746977782,40.3612641589151,41.9727329345688,43.7890371154504,45.2164315078588,48.316965743087,51.3322810036729,54.7848291244511,58.038821510446,61.8683801507009,83.3002455332948,100,100,100,100,100,100,81.6901105769541,76.0890694329367,72.8742860029249,72.3499324643259,71.5167019928125,73.0634211378134,70.8152771870321,71.6649595733485,NA
231,"ETH","Ethiopia",NA,NA,NA,47.0411799228039,40.5441254452206,37.1657223404119,26.2571937897657,18.6114604383832,13.8471213152821,10.3076945550168,7.31378208813102,5.26880039068944,3.43932525013616,1.604997973077,0.2769733858172,0,0,0,0,0.444670794871499,1.6862839231154,2.7006999299583,4.00812843504875,5.48909525518035,7.23427339479937,9.07223465769142,11.2873023823393,13.5493184017243,14.7222059020911,NA
234,"FRO","Faeroe Islands",NA,NA,NA,NA,NA,NA,NA,NA,NA,NA,NA,NA,NA,NA,NA,NA,NA,NA,NA,NA,NA,NA,NA,NA,NA,NA,NA,NA,NA,NA
238,"FLK","Falkland Islands",NA,NA,NA,NA,NA,NA,NA,NA,NA,NA,NA,NA,NA,NA,NA,NA,NA,NA,NA,NA,NA,NA,NA,NA,NA,NA,NA,NA,NA,NA
242,"FJI","Fiji",NA,NA,NA,38.1461720884879,42.4594711797773,46.0442258427466,50.0433357262252,54.5455802098921,59.7232986092338,66.5828542549764,74.2586990923278,72.6541776232931,86.4676539714186,100,100,100,100,100,100,100,100,100,100,100,100,100,100,100,100,NA
246,"FIN","Finland",NA,NA,NA,52.0382062832213,50.9305524638179,49.2111386804675,47.3330333040721,45.9397700571633,44.3818083358943,42.9133872760624,41.722759487682,40.789297840397,40.0689724429279,39.6766993425593,39.2142117294564,38.9322367627801,38.7192960064481,38.5370479575736,38.345762931544,38.1271051426027,37.6965872970053,37.1955860478894,36.5620784010117,35.6989378993788,34.9386706588442,33.9588671416116,32.9298014037738,31.8482912391373,30.7800295737192,NA
250,"FRA","France",NA,NA,NA,70.6072850513361,100,100,100,100,100,100,100,100,100,100,100,100,100,100,100,100,100,100,100,100,100,100,100,100,100,NA
258,"PYF","French Polynesia",NA,NA,NA,NA,NA,NA,NA,NA,NA,NA,NA,NA,NA,NA,NA,NA,NA,NA,NA,NA,NA,NA,NA,NA,NA,NA,NA,NA,NA,NA
266,"GAB","Gabon",NA,NA,NA,52.5951416028716,51.5991381708867,50.9304362588697,49.993860250616,49.5877215344174,49.3657768650823,49.0468829658349,49.1988291138937,49.4817287639958,50.1479265959582,50.7594326585645,51.2147290796874,51.3389756298482,51.7338828505171,51.9955695688422,52.7184840301683,52.6912139487806,53.0401283364379,52.9263995620219,53.604237284894,54.5121356887488,54.8074731874544,55.3296042368905,55.5278641681514,56.0489298668053,55.8317001212671,NA
270,"GMB","Gambia",NA,NA,NA,0,0,0,0,0,0,0,0,0,0,0,0,0,0,0,0,0,0,0,0,0,0,0,0,0,0,NA
268,"GEO","Georgia",NA,NA,NA,100,100,100,100,100,100,100,100,100,100,100,100,100,100,100,100,100,100,100,100,100,100,100,100,100,100,NA
276,"DEU","Germany",NA,NA,NA,100,100,100,100,100,100,100,100,100,100,100,100,100,100,97.036952978911,87.9556391664599,83.3351056704863,79.8453863349514,82.0004129354011,91.3686455815622,88.286208522242,92.3160835941984,83.8734541975002,90.5978145728664,100,100,NA
288,"GHA","Ghana",NA,NA,NA,19.038776875667,18.7118082943408,18.0358106988821,17.6566626628532,17.4286190209103,17.9016016466556,18.5955466390261,20.1413173385101,20.7368175791101,21.1910954463109,21.4036906708416,21.4144704981832,21.4465956914904,21.5255421529155,21.6471896223233,21.5836260924753,21.6745567338211,21.6655030368391,21.9031330771409,22.1571874869915,22.621939443639,23.6575209679648,25.0934427862846,26.6397511096682,28.4269626138107,30.3590137897517,NA
300,"GRC","Greece",NA,NA,NA,100,100,100,100,100,100,100,100,100,100,100,100,100,100,100,100,100,100,100,100,100,100,100,100,100,100,NA
304,"GRL","Greenland",NA,NA,NA,NA,NA,NA,NA,NA,NA,NA,NA,NA,NA,NA,NA,NA,NA,NA,NA,NA,NA,NA,NA,NA,NA,NA,NA,NA,NA,NA
308,"GRD","Grenada",NA,NA,NA,100,100,100,100,100,100,100,100,100,100,100,100,100,100,100,100,100,100,100,100,100,100,100,100,100,100,NA
320,"GTM","Guatemala",NA,NA,NA,7.31587638952185,6.5037864009268,5.65761224704531,5.41885015725605,5.46714548252851,6.02748863175182,6.35383932181009,6.49341562330335,7.56785981152834,8.64805729360438,9.80253335167383,11.1164541685964,12.7031124764414,14.7721417785763,15.7846625129228,15.0521088030801,14.6616640780032,15.3619334983967,15.9636694036202,16.2239678436036,16.3266474408019,16.51837054357,16.6987558341368,16.6805886852194,16.9165783521083,18.3609671936424,NA
831,"GGY","Guernsey",NA,NA,NA,NA,NA,NA,NA,NA,NA,NA,NA,NA,NA,NA,NA,NA,NA,NA,NA,NA,NA,NA,NA,NA,NA,NA,NA,NA,NA,NA
324,"GIN","Guinea",NA,NA,NA,28.3957064742027,27.4460387947822,26.7570435654511,25.9654551469,25.0385800099418,24.5887364943788,24.09585148948,23.1968414330539,22.0827232475984,21.6333567997286,18.5044869750685,16.9622410103433,14.423321353,12.9917102050646,11.1975839825285,9.50970137787853,8.53925794958273,7.6762288333526,7.01832453410422,6.53910403729803,6.92065586501373,6.91857108771173,7.80578969616671,8.12884687647879,8.90223884817985,9.66349119766376,NA
624,"GNB","Guinea-Bissau",NA,NA,NA,17.9954366747406,17.2234519823689,16.9652940185022,17.3445062672024,17.4792190251112,17.6199467592511,17.7247699271558,18.518459005274,18.8330528149043,20.4233571202588,21.8956737106115,22.9037129734238,23.0567715807544,23.0365579661356,23.2958132970191,23.4034925535417,23.0987839926199,23.2130283697614,22.9030700945553,21.8394218233269,21.63133154448,20.7543537066931,20.2658319776355,19.3733983678354,18.4114993676058,17.4521190994934,NA
328,"GUY","Guyana",NA,NA,NA,52.2932964225742,51.1637565289907,50.5832837054076,51.5642841887193,49.7061894911404,49.446839694757,49.6932776725802,49.6749573340437,49.5855349174212,50.4584261091715,51.3693723780338,52.4187206376784,52.9552221408571,53.1964548070203,56.1288327995104,57.5922376835497,57.6489314802417,59.3546280524617,60.3764824367604,61.5353420470775,61.8547931902138,61.1676191063412,60.9870229113693,61.1754425678725,60.9136589239849,61.3973389369,NA
332,"HTI","Haiti",NA,NA,NA,19.0177741234022,18.2501052898636,17.3248994738543,16.857990306937,17.1981797335748,13.2104973429642,10.6465106867764,12.1874582368957,12.064588244635,10.4971753328567,6.12875490975112,3.7438078291058,2.04147768761004,0.525128376838879,0,0.878670872716157,2.25719615151257,2.94849543243282,3.73432967249551,6.05209939545756,11.7910054982442,17.1984322649685,23.5907709287113,34.5684464239899,49.2374540507519,100,NA
336,"VAT","Holy See",NA,NA,NA,NA,NA,NA,NA,NA,NA,NA,NA,NA,NA,NA,NA,NA,NA,NA,NA,NA,NA,NA,NA,NA,NA,NA,NA,NA,NA,NA
340,"HND","Honduras",NA,NA,NA,17.123501994865,17.984280459968,18.4986797055843,20.4054509593976,22.3665588679094,25.2538509420797,27.7990285095437,29.6583817360079,31.5627027299375,35.5027782672217,34.8054995936642,33.7192202681712,33.3402100320504,34.8571380907025,35.26267685644,34.9471594871086,33.4809446359293,31.6813600903156,30.5566994959661,30.3149116213754,30.8916541591579,31.1988034031438,32.2577367328012,32.4689102729813,32.5110633272876,32.1561774642739,NA
344,"HKG","Hong Kong",NA,NA,NA,NA,NA,NA,NA,NA,NA,NA,NA,NA,NA,NA,NA,NA,NA,NA,NA,NA,NA,NA,NA,NA,NA,NA,NA,NA,NA,NA
348,"HUN","Hungary",NA,NA,NA,100,100,100,100,100,100,100,100,100,100,100,100,100,100,100,100,100,100,100,100,100,100,100,100,100,100,NA
352,"ISL","Iceland",NA,NA,NA,NA,NA,NA,NA,NA,NA,NA,NA,NA,NA,NA,NA,NA,NA,NA,NA,NA,NA,NA,NA,NA,NA,NA,NA,NA,NA,NA
356,"IND","India",NA,NA,NA,15.379956304889,15.5515376081763,15.8635119836015,16.7471833385256,17.2847341032302,17.8732398501066,18.3226471507842,19.2158785770189,19.1831131541154,18.5818510291024,18.2920334438201,18.1783060827967,17.7889425524383,16.5121995256374,16.4360380783069,17.0877186024367,17.9211805556707,19.5629760760163,22.5208411785106,26.8610976983058,32.7181709311645,44.2611531400631,100,100,100,100,NA
360,"IDN","Indonesia",NA,NA,NA,10.895587268573,10.7771521278312,10.7866401126794,10.5322099980832,10.6835347281808,11.0046197320676,11.3289888644384,10.4343892921523,13.7938417785553,13.6608235506227,12.8512509625709,12.5139196979841,11.8075399842088,11.5891888514719,10.62413866868,9.66140902329111,8.002357231544,8.58434274465338,8.47358919270661,8.5517456105955,8.7684298549423,9.10555274489677,9.53481929091944,10.2595689966957,10.9915233001318,12.1942500926575,NA
364,"IRN","Iran",NA,NA,NA,8.92968652355836,14.6091508654452,24.2325571343491,36.6136059115205,51.9366919427164,51.9112691708262,33.2027262846679,100,100,54.439813247438,100,100,100,100,100,100,100,100,100,100,100,100,100,100,100,28.6775308722894,NA
368,"IRQ","Iraq",NA,NA,NA,100,100,100,100,100,100,100,100,100,100,100,100,33.9364930522147,0,0,0,0,0,0,0,0,0,0,0,0,0,NA
372,"IRL","Ireland",NA,NA,NA,41.1749247393287,33.7318840858515,27.2901124433898,23.2615433738134,20.7047357486333,18.3804757810151,16.3457320427424,15.3348487718842,9.58289833615835,7.69082981586779,6.85637200604225,6.42578243698787,6.41169342960102,6.65435272444228,6.86251935898287,7.43160241862188,7.56372581905188,7.41295253162096,11.4769040106209,13.497114098539,15.3144346392586,17.4055171590703,19.3290330717845,21.1471734885549,22.5730842756032,23.4668009845594,NA
833,"IMN","Isle of Man",NA,NA,NA,NA,NA,NA,NA,NA,NA,NA,NA,NA,NA,NA,NA,NA,NA,NA,NA,NA,NA,NA,NA,NA,NA,NA,NA,NA,NA,NA
376,"ISR","Israel",NA,NA,NA,24.1947255309739,26.767958111128,24.4480550680942,22.5169274046339,34.6959202900363,100,100,100,100,100,100,100,100,100,100,100,100,5.35834201740629,0,0,0,0,0,0,0,0,NA
380,"ITA","Italy",NA,NA,NA,100,100,100,100,100,100,100,100,100,100,100,100,100,100,100,100,100,100,100,100,100,100,100,100,100,100,NA
388,"JAM","Jamaica",NA,NA,NA,13.7422043633552,12.282091765122,11.9600660755613,13.1682059745393,13.3599706348264,13.3538002051312,13.2275246056613,11.3176235562154,8.73551269789375,6.93107875195135,10.2579668163897,11.5649051723361,11.9415351599795,12.9741580862095,13.6503502197694,14.8545366524189,15.667826388067,19.8130757093142,26.382344014934,37.4617842123114,43.8763405376221,51.6132442442237,81.7846906617442,100,100,100,NA
392,"JPN","Japan",NA,NA,NA,100,100,100,100,100,100,100,100,100,100,100,100,100,100,100,100,100,100,100,100,100,100,100,100,100,100,NA
832,"JEY","Jersey",NA,NA,NA,NA,NA,NA,NA,NA,NA,NA,NA,NA,NA,NA,NA,NA,NA,NA,NA,NA,NA,NA,NA,NA,NA,NA,NA,NA,NA,NA
400,"JOR","Jordan",NA,NA,NA,0,0,0,0,0,0,0,0,0,0,0,0,0,0,0,0,0,0,0,0,0,0,0,0,0,0,NA
398,"KAZ","Kazakhstan",NA,NA,NA,18.9870393640929,33.5620657589112,100,100,100,100,100,100,100,100,100,100,100,48.741086694128,29.2643601652203,20.6332027947029,15.9311585781819,12.5006589093079,9.67206807797542,8.24274095167929,7.64259719164073,8.49564803377194,9.03002420422284,9.45887171970095,9.79027367317968,10.7739880226225,NA
404,"KEN","Kenya",NA,NA,NA,10.3620022907146,11.9069027726771,13.5208357320396,14.5471058294716,16.0017291519628,16.6006811335132,16.0856527017476,15.1035010980213,14.2014085943953,13.9138692109365,13.0357134173812,11.1160002373265,9.37110829709995,8.39207671369751,8.07204037274744,7.90717599503925,7.69074108533218,8.3798175912026,8.18811968518636,8.55155445673049,9.38926673692212,11.4897471907944,14.175513628593,16.6406762781553,18.4454587557227,20.0988490537103,NA
296,"KIR","Kiribati",NA,NA,NA,NA,NA,NA,NA,NA,NA,NA,NA,NA,NA,NA,NA,NA,NA,NA,NA,NA,NA,NA,NA,NA,NA,NA,NA,NA,NA,NA
689,"XKX","Kosovo",NA,NA,NA,NA,NA,NA,NA,NA,NA,NA,NA,NA,NA,NA,NA,NA,NA,NA,NA,NA,NA,NA,NA,NA,NA,NA,NA,NA,NA,NA
414,"KWT","Kuwait",NA,NA,NA,NA,NA,NA,NA,NA,NA,NA,NA,NA,NA,NA,NA,NA,NA,NA,NA,NA,NA,NA,NA,NA,NA,NA,NA,NA,NA,NA
417,"KGZ","Kyrgyzstan",NA,NA,NA,6.95099339475112,6.58482356247487,6.31445703998088,6.34754810980495,6.62896843131145,7.69870792275293,8.83084252993814,9.81999112121157,10.8414630325108,12.1759411890422,13.3353670835857,14.4767539825541,15.5814064147031,16.908077372267,18.0063047133285,18.6749670081684,19.1835050673456,19.6812960428493,20.3522178270645,20.9991631643015,21.5509960442201,22.2577267324485,23.0547870396541,23.8456694263574,24.9300340577963,26.0598409138044,NA
418,"LAO","Laos",NA,NA,NA,34.3757877347969,33.0888826302909,31.8628648239267,30.5772189417571,29.4020250208514,28.0934832977623,26.7520998914422,25.9414149708259,24.7822101605007,23.5943397616714,22.5006396427638,22.0950465177215,21.6383537151919,21.1133721306429,20.5082556780924,20.0374615650114,20.0384605756555,20.2034186327234,20.7271682677958,21.4717709295432,22.6363460559366,23.594712064318,24.4323649748124,25.6651680795465,27.392262436447,29.4889896818,NA
428,"LVA","Latvia",NA,NA,NA,100,100,100,100,100,100,100,100,100,100,100,84.8835097173721,63.3248729744635,52.9949307113824,50.3323881476129,51.8888672709131,53.9519605299622,53.0095712274431,51.1747423278436,48.7336627072859,46.8517819651217,45.3136738217659,44.7708712499504,44.5719519491621,43.5559853208567,42.8113316012483,NA
422,"LBN","Lebanon",NA,NA,NA,100,100,100,100,100,100,100,100,100,100,100,100,100,100,100,100,100,100,100,75.2960922626206,40.1589335145226,39.7860522333113,37.0586631280553,33.1344148039243,33.2042227039143,32.9551455689084,NA
426,"LSO","Lesotho",NA,NA,NA,0,0,0,0,0,0,0,0,0,0,0,0,0,0,0,0,0,0,0,0,0,0,0,0,0,0,NA
430,"LBR","Liberia",NA,NA,NA,35.9708505800737,34.3265418888793,32.9811145240673,31.8929365926581,30.5328560261282,29.4065630906941,28.4007190590625,27.5607225010015,26.8499666148937,26.3660997254967,25.9302728048389,25.4490896133611,24.8326171192056,24.279785078347,23.9075003156097,23.4858243251864,23.2441123152786,22.9474867563177,22.6255702929376,22.4410953466929,22.6521179828319,22.9174165444144,23.401194185658,23.8295874090851,24.2631399658062,24.7741593707891,NA
434,"LBY","Libya",NA,NA,NA,NA,NA,NA,NA,NA,NA,NA,NA,NA,NA,NA,NA,NA,NA,NA,NA,NA,NA,NA,NA,NA,NA,NA,NA,NA,NA,NA
438,"LIE","Liechtenstein",NA,NA,NA,NA,NA,NA,NA,NA,NA,NA,NA,NA,NA,NA,NA,NA,NA,NA,NA,NA,NA,NA,NA,NA,NA,NA,NA,NA,NA,NA
440,"LTU","Lithuania",NA,NA,NA,37.4875237684903,57.8504571542361,100,100,100,100,100,100,100,100,100,100,100,100,100,100,100,65.4744575693619,52.2928996763437,47.4980211146658,46.1618931884346,45.4150594833081,45.9420105176742,46.5796866205673,48.7034324261723,46.7649115763831,NA
442,"LUX","Luxembourg",NA,NA,NA,28.2658564453724,26.0456048142508,27.1901194061049,27.6303823640892,31.4214822072884,32.3233210057114,32.4624974707123,32.1815009526975,31.6596045884879,32.1705652319442,34.9323118830712,35.7643418904563,36.0975380706906,36.1279252698291,35.7457759094096,35.2101069390922,35.021901519061,35.6691605874501,36.2332462795569,36.0617760994369,35.58141500226,35.1256482596333,35.0425654598689,35.1194444819871,35.4323468946022,35.4946314646167,NA
446,"MAC","Macao",NA,NA,NA,NA,NA,NA,NA,NA,NA,NA,NA,NA,NA,NA,NA,NA,NA,NA,NA,NA,NA,NA,NA,NA,NA,NA,NA,NA,NA,NA
450,"MDG","Madagascar",NA,NA,NA,14.3666424763594,12.6456619202492,11.6916446570879,11.2514652865384,10.9826144422152,11.060406928394,11.2164411593856,11.8993176678499,13.0041696503868,15.1472623898487,17.5482016297667,19.7863574420152,21.3558711785444,22.6972093716708,23.7528854509647,24.8709325831526,25.5546129289184,26.2776502682324,27.0982045788834,27.9339938240736,28.6724393754598,29.4373546962938,30.0965244838967,30.5373189658477,31.0905809114576,31.2999070615049,NA
454,"MWI","Malawi",NA,NA,NA,5.9888334361976,5.31324137386802,4.63998175856652,3.29674936775714,1.83502454473633,0.838851215214561,0.140963569084761,0,0,0,0.116482353278172,0.710247600799022,1.11571734860929,1.81622105519746,2.10560261345613,2.93994394683466,3.91764842417265,4.61369939986969,5.4349485111432,6.2220667892222,6.29848896699644,6.17307667467851,6.34684006595425,6.30985421959635,6.63518324990905,7.15459764035818,NA
458,"MYS","Malaysia",NA,NA,NA,13.5310865084912,14.5246329316496,14.975479987377,15.5205138808193,16.5884759075765,17.7738622770981,18.5448870126915,18.9897272708511,18.9432176615987,18.8958915705423,17.8052685061901,16.8629724339599,15.5865046440497,14.5629460137176,12.932782698763,11.5682761507784,10.8375294026238,10.6104974962325,10.6679419521098,11.0341129589109,11.8629952231136,12.6751130109452,14.061906864114,15.6739634957302,18.0233556881077,20.6312680290434,NA
462,"MDV","Maldives",NA,NA,NA,100,100,100,97.5999805680452,98.0516424391265,90.8275243461321,90.8275243461321,90.8275243461321,85.8920852978672,85.8920852978672,85.8920852978672,84.2821226457849,84.091963224185,85.0665619237795,84.8667627049648,89.4414542040491,88.6647714275669,88.4141534546505,93.3348655706628,93.3348655706628,93.3348655706628,96.3178012947097,96.7337148297761,96.3178012947097,95.9125786060175,95.517510903394,NA
466,"MLI","Mali",NA,NA,NA,0,0,0,0,0,0,0,0,0,0,0,0,0,0,0,0,0,0,0,0,0,0,0,0,0,0,NA
470,"MLT","Malta",NA,NA,NA,NA,NA,NA,NA,NA,NA,NA,NA,NA,NA,NA,NA,NA,NA,NA,NA,NA,NA,NA,NA,NA,NA,NA,NA,NA,NA,NA
584,"MHL","Marshall Islands",NA,NA,NA,NA,NA,NA,NA,NA,NA,NA,NA,NA,NA,NA,NA,NA,NA,NA,NA,NA,NA,NA,NA,NA,NA,NA,NA,NA,NA,NA
478,"MRT","Mauritania",NA,NA,NA,NA,NA,NA,NA,NA,NA,NA,NA,NA,NA,NA,NA,NA,NA,NA,NA,NA,NA,NA,NA,NA,NA,NA,NA,NA,NA,NA
480,"MUS","Mauritius",NA,NA,NA,100,57.1815289151708,52.6319403850804,51.820754645634,50.7388379356073,39.3000217250461,37.3975860362462,36.8452186207827,36.3846794464963,35.9678762965992,35.0911987797524,39.2395273916909,41.2834134602396,42.0213309559684,30.1602967479259,31.2505621265559,29.8774538104674,29.0133628650687,28.2462441116687,27.6470875394516,28.3683976531138,27.970259714438,27.4260165099148,27.1511420961754,36.3505740693196,42.2409917802532,NA
484,"MEX","Mexico",NA,NA,NA,26.2628292854771,27.7095092159396,28.538377404675,29.0262306047676,29.4722402737428,30.1513485209324,30.8695744634217,31.3658961624355,32.322086623669,33.5322479094769,34.750496799576,36.1706814874915,37.4917461175904,38.8358901978722,40.1593164009322,41.3450943287746,42.696194432035,45.9285304185433,48.9392372873982,52.7089947303998,52.341341616056,53.8834990480483,57.2048485730939,62.1994231712181,70.3895882006016,89.0319234666607,NA
583,"FSM","Micronesia",NA,NA,NA,NA,NA,NA,NA,NA,NA,NA,NA,NA,NA,NA,NA,NA,NA,NA,NA,NA,NA,NA,NA,NA,NA,NA,NA,NA,NA,NA
498,"MDA","Moldova",NA,NA,NA,100,100,100,100,100,100,100,100,100,100,100,100,100,100,100,100,100,100,100,100,100,100,100,100,100,100,NA
492,"MCO","Monaco",NA,NA,NA,NA,NA,NA,NA,NA,NA,NA,NA,NA,NA,NA,NA,NA,NA,NA,NA,NA,NA,NA,NA,NA,NA,NA,NA,NA,NA,NA
496,"MNG","Mongolia",NA,NA,NA,8.84400885439361,8.3826420132808,8.1677240366262,8.45647467400727,9.04451686597777,9.65310190222763,10.0898492580349,14.0551066016745,20.2821900525954,25.1109681558655,30.8953509248564,39.235318775784,53.7402805322537,66.9467365403439,67.2891575337287,65.7526197465226,72.4811137772715,83.7179893307842,93.2116885825252,100,100,100,100,100,100,100,NA
499,"MNE","Montenegro",NA,NA,NA,100,100,100,100,100,100,100,100,100,100,100,100,100,100,100,100,100,100,100,100,100,100,100,100,100,100,NA
504,"MAR","Morocco",NA,NA,NA,0,0,3.58913750694396,2.91689688747513,6.86428445704477,10.5640225984347,19.2525131223081,29.3217206172387,73.9776635705998,100,100,100,44.4722241343293,100,100,100,24.7685630732686,12.9320658135083,10.7008247458529,13.9506898575757,9.50016974571122,8.95512205922405,12.2905418920544,18.7364205447069,21.9180592723367,25.2342387757006,NA
508,"MOZ","Mozambique",NA,NA,NA,36.1136060569226,35.2269744309599,33.7351667360731,32.5125894116638,31.5052403913811,30.3295334288234,29.7265051398058,29.1118985479888,28.529616705123,28.0003050944249,27.5289262590248,27.421417165224,27.9109156633315,28.2861746999846,28.6463102770484,29.3525327865115,29.9792968762322,31.0875491643995,32.4265153949342,34.11462488441,36.0746425231621,38.019654140491,39.889640938703,41.584835552195,43.5968433386984,46.0467821418333,NA
104,"MMR","Myanmar",NA,NA,NA,26.429590672965,25.5465371568617,24.9202432756306,24.4190932563256,23.7937220128258,23.1991543946477,22.2968231014126,21.1425636878034,19.9760381317358,19.1940085528819,18.8344208396618,18.6305347343789,18.4011086156455,18.2765963011916,18.2321577856627,18.3682063466922,18.7375802576336,19.3810254230516,20.1735470802876,21.0926244764722,21.919568499036,22.6291819925925,23.291651041092,23.8599987381427,24.4194309453446,24.9526087723247,NA
516,"NAM","Namibia",NA,NA,NA,0,0,0,0,0,0,0,0,0,0,0,0,0,0,0,0,0,0,0,0,0,0,0,0,0,0,NA
520,"NRU","Nauru",NA,NA,NA,NA,NA,NA,NA,NA,NA,NA,NA,NA,NA,NA,NA,NA,NA,NA,NA,NA,NA,NA,NA,NA,NA,NA,NA,NA,NA,NA
524,"NPL","Nepal",NA,NA,NA,18.4658562181602,18.4155987663541,18.5063241069045,18.6121958223151,18.5942378194131,18.7471628777247,18.711028931594,18.7359080923269,18.7265081513552,19.1942230073669,19.4913419372144,19.83817753789,20.2710535218803,20.9057566441248,21.8428936564721,22.7766766609377,23.6879690845442,24.4725923375582,25.4040572062178,26.5789670501114,27.682577456574,28.9648492158486,30.014037177454,30.8088538712642,31.4405188113252,32.1522380564161,NA
528,"NLD","Netherlands",NA,NA,NA,4.17923785539784,3.76159756708633,3.37650186720123,2.76248170064551,1.88639389640426,0.858148292040028,0,0,0,0,0,0,0,0,0,0,0,0,0,0,0,0.439047122868416,0.776219782069177,1.41870260295735,2.03400510368786,2.76920293362583,NA
540,"NCL","New Caledonia",NA,NA,NA,NA,NA,NA,NA,NA,NA,NA,NA,NA,NA,NA,NA,NA,NA,NA,NA,NA,NA,NA,NA,NA,NA,NA,NA,NA,NA,NA
554,"NZL","New Zealand",NA,NA,NA,46.1002634360858,45.0686847081543,41.0555596429155,39.4655614231058,38.5849795422111,39.107174020772,39.9697924591349,39.3213888176925,39.6956842226491,39.2716801518016,40.3249715251972,42.3118771986967,47.7918913181332,52.2857515826138,54.6534881248887,54.7002457462886,53.1270415668645,54.6189771222016,53.7507739227512,56.1826136143489,55.9222055847949,53.1417247452336,52.5107189848339,52.1337428966092,53.1964682983159,53.8765727560123,NA
558,"NIC","Nicaragua",NA,NA,NA,5.47099634701799,4.15031989802824,3.13493576506947,2.4172436101146,1.81668669393687,2.18521100456714,2.91580656121371,3.84103010476917,4.83515682689253,6.17780304501633,7.77009255502671,9.44835437750632,11.1696882146326,12.9068215917619,15.0140535616375,16.9414246230366,18.242266868738,19.5550749139139,20.5236610628477,21.3153400570905,22.2090730328226,23.2338034333145,24.0269471841374,24.5603837717285,24.7992090244525,24.7166946979229,NA
562,"NER","Niger",NA,NA,NA,NA,NA,NA,NA,NA,NA,NA,NA,NA,NA,NA,NA,NA,NA,NA,NA,NA,NA,NA,NA,NA,NA,NA,NA,NA,NA,NA
566,"NGA","Nigeria",NA,NA,NA,0,0,0,0,0,0,0,0,0.311369643023255,1.57073546049807,3.58694472113443,6.37219388130592,9.45037466200334,12.8962758870223,17.1568474888945,22.7187473712996,29.2035575154296,40.0330438635777,62.6473496483243,100,100,100,100,100,76.3612846081923,52.4104203019361,NA
570,"NIU","Niue",NA,NA,NA,NA,NA,NA,NA,NA,NA,NA,NA,NA,NA,NA,NA,NA,NA,NA,NA,NA,NA,NA,NA,NA,NA,NA,NA,NA,NA,NA
408,"PRK","North Korea",NA,NA,NA,NA,NA,NA,NA,NA,NA,NA,NA,NA,NA,NA,NA,NA,NA,NA,NA,NA,NA,NA,NA,NA,NA,NA,NA,NA,NA,NA
807,"MKD","North Macedonia",NA,NA,NA,5.54289597514361,4.77152255185938,11.6658674094445,15.4290399180488,18.0251210122096,20.1955909682261,22.8263674004974,25.6835274968705,28.5145983544103,32.3776116585212,31.9424267250448,35.3817144964048,33.3153073822454,32.6741365628367,32.0929609156946,31.7380918370327,30.7597588015529,29.714875073931,29.1439902998487,28.2696526103202,30.3818535861069,30.9577871777139,38.6838303896253,45.4820410246373,52.7629988563418,65.7634937085499,NA
578,"NOR","Norway",NA,NA,NA,64.9702707270665,64.8671478851402,64.2810924561897,64.0182366838398,64.2036153637821,67.5241488865004,69.536669910872,69.0838063370457,68.2403497463255,66.8384342875545,65.543761155097,64.0604812015247,62.9923770189646,61.7741814991228,60.5262450976705,59.2147037078925,58.0706171987091,56.9437487431422,55.8014074788133,54.8456100145212,53.8504695702048,53.0749828429867,52.027717848019,50.996518081053,50.1247653028813,49.4370105953856,NA
512,"OMN","Oman",NA,NA,NA,NA,NA,NA,NA,NA,NA,NA,NA,NA,NA,NA,NA,NA,NA,NA,NA,NA,NA,NA,NA,NA,NA,NA,NA,NA,NA,NA
586,"PAK","Pakistan",NA,NA,NA,5.06945787248651,1.09460102593636,0,0,0,0,0.663183622796282,3.92520689325082,10.1599131388837,18.1433687490801,29.5221690821708,36.2926645983069,41.6241720502402,44.5812426556439,34.5590483405316,27.7020898325806,17.1895079924182,10.3955057390384,5.39289712131803,3.96332091206257,1.27127851884813,3.21111068044712,5.88390620550939,9.72669443017323,14.0341349277649,18.9973355652954,NA
585,"PLW","Palau",NA,NA,NA,100,100,100,100,100,100,100,100,100,100,100,100,100,100,100,100,100,100,100,100,100,100,100,100,100,100,NA
591,"PAN","Panama",NA,NA,NA,22.8139116510838,22.3765167556752,22.3694304806527,22.0674304730079,21.7438318575736,21.8828835561481,22.1862434312288,22.0952068878736,22.6216293856716,24.0377546768083,25.8316543653698,26.689683200832,27.9881504931464,28.7725106275908,29.466575089411,30.1765793996378,30.57283691984,31.5831932225218,32.22872715295,33.8101437275083,37.6505109503503,39.2022318000552,39.3946935086548,40.4189918662731,41.6037313342382,42.4451325974099,NA
598,"PNG","Papua New Guinea",NA,NA,NA,43.1257061840367,42.9690778691022,42.4612737805752,42.1814104929665,41.9597136383399,41.7514373254151,42.4024607674767,40.9395350628169,40.5769764456601,40.3097019047733,40.2612923697158,40.1362636912683,39.9968327304455,39.7100921117228,39.3034218718861,39.0155444787711,38.9177392759377,38.6575253871719,38.8565979494507,39.3965371619753,39.6540796714618,39.7010823713008,39.7777941230591,40.0619078013851,40.3865325857064,40.739512342557,NA
600,"PRY","Paraguay",NA,NA,NA,25.5656412238288,25.0265137055197,24.9489648875457,24.5725557775523,24.2909609479622,25.0974751647433,25.3782807694984,25.2985692552633,25.7084489711302,26.3112496764592,26.3400740873204,26.560135122115,26.7720538263818,26.9498663356298,27.116670244642,27.2355325123016,27.2344403626724,27.3341611978923,27.7637313285288,28.1027835374023,28.777280834093,29.5278673338764,30.343696251335,31.1709818994601,32.1119290602359,33.1126850262777,NA
604,"PER","Peru",NA,NA,NA,39.4381194027514,39.0625992390375,38.9662435144036,39.3629197003622,38.5111170009012,38.0857757884068,37.7858287417567,37.6279263192525,37.5350697788769,38.034192298012,38.4465880893386,39.0445361954684,39.503889516467,39.7784367735247,41.4864129225242,41.8168220237099,42.5197420692644,42.8425689751998,43.3806177718659,43.7707819156711,44.0475595185583,44.3883908753378,44.7787203754798,45.0824119148056,45.4883291750413,46.7461599744852,NA
608,"PHL","Philippines",NA,NA,NA,19.3408086735002,20.9584504399418,22.1546072203554,22.0197296956173,21.1370077124522,21.4075462521625,21.1914545734484,21.109683541192,19.7100184904769,18.5847179538293,18.0351410816348,16.9906550834379,15.6369745822399,15.2211963578495,15.3952723018518,15.0631151335474,15.5460104807265,16.5885184953213,17.9762440945019,19.1652854416391,19.860257477985,21.1565538133963,23.1740405102534,24.4159724402919,25.7086443301489,26.6374419304552,NA
616,"POL","Poland",NA,NA,NA,100,100,100,100,100,100,100,100,100,100,100,100,100,100,100,100,100,100,100,100,100,100,100,100,100,100,NA
620,"PRT","Portugal",NA,NA,NA,78.0762213102668,100,100,100,100,100,100,100,100,100,100,100,100,100,100,100,100,100,100,100,69.7981418538405,53.3742852281551,47.1631417504999,43.2241083280791,38.499712268077,34.3303860376334,NA
634,"QAT","Qatar",NA,NA,NA,NA,NA,NA,NA,NA,NA,NA,NA,NA,NA,NA,NA,NA,NA,NA,NA,NA,NA,NA,NA,NA,NA,NA,NA,NA,NA,NA
178,"COG","Republic of Congo",NA,NA,NA,46.2056862015558,44.4722326572168,43.4313721078704,42.8880843520444,42.1180626506062,41.9109133938228,41.7996319040807,41.8308102401296,42.4732435408698,43.4767654206978,44.5776369607152,44.8383232824232,44.1554189575139,43.323690050031,42.83578924278,42.8145572448536,42.2209539592108,41.9231336008629,41.7577240399189,42.1024039900301,42.6682460782488,43.0624888821773,43.871341767075,44.5826140437879,45.1912475064687,44.9974220160202,NA
642,"ROU","Romania",NA,NA,NA,100,100,100,100,100,100,100,100,100,100,100,100,100,100,100,100,100,100,100,100,100,100,100,100,100,100,NA
643,"RUS","Russia",NA,NA,NA,57.0323810655002,58.8238283775376,60.8615473803909,62.9191959962728,64.2932861442209,65.5958142329227,65.8356738658922,71.1655221092691,70.0852801073846,70.5739084271852,68.5961268099036,64.6960144142689,63.8483846978049,60.5849252616538,58.9189777075723,57.9368720656401,55.5654776260739,53.5601549846964,52.2182403416024,51.1374113393338,51.1117909226463,51.9193390182286,51.3380749480075,51.3366961381807,50.8166003718464,49.8274395743857,NA
646,"RWA","Rwanda",NA,NA,NA,21.0390236785708,16.5039382275568,13.6946137831175,11.5905131001936,10.1111240544872,9.18962042706121,8.98882451412578,8.93731233561086,9.18712896717916,9.68959476935133,11.4842957971489,13.4222077078017,14.6719856815613,15.1898954007035,15.3616844822549,15.4487210525645,15.5711221832562,15.92057797595,16.8560625053296,18.0541424458055,18.9923867001917,19.011991594703,19.9122101232473,20.659271817104,21.6058260351396,22.1885709701623,NA
652,"BLM","Saint Barthelemy",NA,NA,NA,NA,NA,NA,NA,NA,NA,NA,NA,NA,NA,NA,NA,NA,NA,NA,NA,NA,NA,NA,NA,NA,NA,NA,NA,NA,NA,NA
659,"KNA","Saint Kitts and Nevis",NA,NA,NA,100,100,100,100,100,100,100,100,100,100,100,100,100,100,100,100,100,100,100,100,100,100,100,100,100,100,NA
662,"LCA","Saint Lucia",NA,NA,NA,100,100,100,100,100,100,100,100,100,100,100,100,100,100,100,100,100,100,100,100,100,100,100,100,100,100,NA
882,"WSM","Samoa",NA,NA,NA,NA,NA,NA,NA,NA,NA,NA,NA,NA,NA,NA,NA,NA,NA,NA,NA,NA,NA,NA,NA,NA,NA,NA,NA,NA,NA,NA
674,"SMR","San Marino",NA,NA,NA,NA,NA,NA,NA,NA,NA,NA,NA,NA,NA,NA,NA,NA,NA,NA,NA,NA,NA,NA,NA,NA,NA,NA,NA,NA,NA,NA
678,"STP","Sao Tome and Principe",NA,NA,NA,34.0200819828128,28.329966492132,25.1960033227848,23.1882827054119,21.7669547709424,20.305653527472,19.1515848459764,18.1555862037364,23.3886964992028,37.2842515028657,58.4522548345233,54.1710518341485,46.49708299292,46.6226915244061,39.6803695606459,36.6565427946156,24.5406637271659,19.5286100569904,15.5684426231251,13.9116548639246,12.400500032669,12.4542231189726,12.7587707528625,11.6375483601169,12.0251351766617,11.1646403472902,NA
682,"SAU","Saudi Arabia",NA,NA,NA,NA,NA,NA,NA,NA,NA,NA,NA,NA,NA,NA,NA,NA,NA,NA,NA,NA,NA,NA,NA,NA,NA,NA,NA,NA,NA,NA
686,"SEN","Senegal",NA,NA,NA,0,0,0,0,0,0,0,0,0,0,0,0,0,0,0,0,0,0,0,0,0,0,0,0,0,0,NA
688,"SRB","Serbia",NA,NA,NA,100,100,100,100,100,100,100,100,100,100,100,100,100,100,100,100,100,100,100,100,100,100,100,100,100,100,NA
690,"SYC","Seychelles",NA,NA,NA,100,100,100,100,100,100,100,100,100,100,100,100,100,100,100,100,100,100,100,100,100,100,100,100,100,100,NA
694,"SLE","Sierra Leone",NA,NA,NA,39.5696081626245,33.1936875202194,25.708964857177,18.6491249437912,13.9242538922823,10.9720002155163,7.89650278869854,6.51306063270633,5.512950616776,4.64110930480135,3.76639189213444,3.71215386130199,4.65225582908093,6.48328239179011,8.7248264281462,10.8213071368453,14.206692703034,16.0768423548598,17.6642656023386,19.4294281111204,21.8281579762473,24.4515568067473,26.2091578997648,28.3236448996861,29.5759103741238,30.4781440324125,NA
702,"SGP","Singapore",NA,NA,NA,1.46817630391104,1.30063784826172,0.922269044172069,0.866350783489224,1.4210423787858,3.37893628166344,4.29197815331621,5.71047313609273,6.49907391721067,7.31013061288206,7.18178415403536,6.86841272569117,6.20674134741016,5.89481345007849,4.45152064858912,3.10759009879793,3.32351288028477,2.77156704240272,2.75416322823972,2.95319289443917,3.47856249601116,3.89502364327831,4.90655728584403,5.82003593235289,7.05870597314978,8.79443060796167,NA
534,"SXM","Sint Maarten",NA,NA,NA,NA,NA,NA,NA,NA,NA,NA,NA,NA,NA,NA,NA,NA,NA,NA,NA,NA,NA,NA,NA,NA,NA,NA,NA,NA,NA,NA
703,"SVK","Slovakia",NA,NA,NA,36.5351992418585,36.6952511206559,36.4894544060371,35.7554654143298,35.4907319531781,34.6133266048999,32.9264696406231,30.8785323797389,28.3557701034813,25.8949814458545,23.4435208182407,20.5457824308648,17.8342397404121,15.4101222236121,12.8342277041459,10.3695941743871,7.85936324431088,6.61367249817451,6.3665517106795,6.88399349352768,8.12682136056233,10.2325640561367,13.4038042223145,18.2576392081547,26.9439408398191,58.9279751189784,NA
705,"SVN","Slovenia",NA,NA,NA,100,100,100,100,100,100,100,64.0236529722775,41.7780230813105,37.5151963969435,33.9888263006483,30.8084348562405,28.2728182798163,25.5629599311669,23.644369650758,21.9122494140027,20.259069126036,18.7043064416933,19.355247373976,18.9312212023196,18.6760926847834,18.9473155557972,19.366419908278,20.22743749549,21.0983368380236,21.9858061340182,NA
90,"SLB","Solomon Islands",NA,NA,NA,52.4280831021422,52.118873480695,51.8138767572651,51.0877887307146,50.2860705044969,48.4168237656689,46.3907542929357,45.2401732007131,44.0778022115591,42.7466743861346,40.9113054889283,39.5486513127087,38.4520558403195,37.8713663863757,36.2696153741418,35.8275413313913,35.2420541924134,34.4277850555991,33.7605472682411,33.50458591218,33.6249378465792,33.7204283126392,33.8452101484806,33.7471506784024,34.5963867046155,34.9844168013941,NA
706,"SOM","Somalia",NA,NA,NA,NA,NA,NA,NA,NA,NA,NA,NA,NA,NA,NA,NA,NA,NA,NA,NA,NA,NA,NA,NA,NA,NA,NA,NA,NA,NA,NA
710,"ZAF","South Africa",NA,NA,NA,8.83462189999092,9.07427845467774,9.71672065128739,10.7728150041438,11.8609613652262,12.9731508422025,14.6738479325347,16.2295359581355,17.3170441729139,18.9226151191118,21.0809349959703,23.8176550026284,26.8826472312147,29.6176247015949,32.1976659362902,35.1260390598111,37.3742213298638,41.1558421565577,49.0942581528906,58.006427701089,66.3011327810063,65.3603962650932,62.7167451398815,60.9136115945866,58.3656582138185,55.743497721811,NA
410,"KOR","South Korea",NA,NA,NA,100,100,100,100,100,100,100,100,100,100,100,100,100,100,100,100,100,100,100,100,100,100,100,100,100,100,NA
728,"SSD","South Sudan",NA,NA,NA,NA,NA,NA,NA,NA,NA,NA,NA,NA,NA,NA,NA,NA,NA,NA,NA,NA,NA,NA,NA,NA,NA,NA,NA,NA,NA,NA
724,"ESP","Spain",NA,NA,NA,100,100,100,100,100,100,100,100,100,100,100,100,100,100,100,100,100,100,100,100,100,100,100,100,100,100,NA
144,"LKA","Sri Lanka",NA,NA,NA,18.2745068792817,18.2784873205868,18.5794382140999,18.7530841763628,18.9414276091852,16.8573394746722,16.6669159618844,16.6349391342643,14.38357689099,13.3404469068262,12.6330640963119,11.4138434608564,10.6914223002037,10.444835945902,10.4568059134321,12.2962621328967,12.6884144117915,13.0722560885921,14.8896560638451,16.260807140302,17.442993694494,19.6823816164086,21.376760719458,22.2967044248757,22.8109720925956,23.1016988779869,NA
670,"VCT","St. Vincent and the Grenadines",NA,NA,NA,100,100,100,100,100,100,100,100,100,100,100,100,100,100,53.6227458153163,48.5479983116229,48.3082127877854,46.5120105771953,51.8016944126175,63.7066297154475,100,100,100,100,100,100,NA
275,"PSE","State of Palestine",NA,NA,NA,NA,NA,NA,NA,NA,NA,NA,NA,NA,NA,NA,NA,NA,NA,NA,NA,NA,NA,NA,NA,NA,NA,NA,NA,NA,NA,NA
729,"SDN","Sudan",NA,NA,NA,0,0,0,0,0,0,0,0,0,0,0,0,0,0,0,0,0,0,0,0,0,0,0,0,0,0,NA
740,"SUR","Suriname",NA,NA,NA,64.4851601213637,63.9881392137176,64.0248830825278,63.9017166921492,63.2820345340444,63.6938016472144,64.3193952575525,64.7684008231921,64.8555765796469,64.0118042454734,63.9330959193604,64.0318882778095,64.1160596617509,63.7473566636458,63.4945734685147,63.0506616963464,62.7309409312728,62.0727524499272,61.5973255248856,62.4348093532289,62.2121480335745,62.3456280670117,62.1720533965268,63.4702091096519,64.830322322695,65.6771564623105,NA
752,"SWE","Sweden",NA,NA,NA,100,100,100,100,100,100,100,100,85.639647809206,77.0449709812472,70.1754262784313,66.4898815362291,64.6327349176867,62.5867673965309,61.555277374956,61.5837992852667,62.0439586863597,61.911736808264,61.6324522135915,61.6297569384222,61.5725110488315,62.0672853540627,61.5708878977536,61.39289444151,60.9028607131728,60.8061330865801,NA
756,"CHE","Switzerland",NA,NA,NA,50.3108345108583,49.8297812287497,49.0207295954496,48.8015784506857,48.9434510164338,49.7224436262512,50.6206821251738,51.0335650913957,51.5520388043607,53.0876793759759,54.0570036429159,57.4180071065676,62.8004834071226,67.8549251801093,73.622907808578,80.182584200394,88.2920322432292,100,100,100,100,100,100,100,100,100,NA
760,"SYR","Syria",NA,NA,NA,NA,NA,NA,NA,NA,NA,NA,NA,NA,NA,NA,NA,NA,NA,NA,NA,NA,NA,NA,NA,NA,NA,NA,NA,NA,NA,NA
158,"TWN","Taiwan",NA,NA,NA,NA,NA,NA,NA,NA,NA,NA,NA,NA,NA,NA,NA,NA,NA,NA,NA,NA,NA,NA,NA,NA,NA,NA,NA,NA,NA,NA
762,"TJK","Tajikistan",NA,NA,NA,0,0,0,0,0,0,0,0,0,0,0,0,0,0,0,0,0,0,0,3.90869712735726,3.46143750083844,1.49179677001209,0,0,1.72024455925735,5.15777290523138,NA
834,"TZA","Tanzania",NA,NA,NA,28.6737533489632,28.6188055867687,28.3798298108781,28.0467253091972,27.1904587398329,26.001664868571,24.7243211733847,22.8670929236064,21.2990882521227,20.3384784540265,19.2528120279855,17.910433053114,16.9678813718162,16.3489960791348,16.0756636971324,15.8991664716957,15.9794661893966,16.4935579645392,16.9954100765096,17.2404127156001,17.539659472798,18.345144451058,19.0559204324493,19.5811672426494,19.9738491345532,20.4572320533811,NA
764,"THA","Thailand",NA,NA,NA,17.6286520236901,18.3118236196562,18.3670303125402,18.145877565932,18.1244274908891,18.2718995781468,18.4240103628028,18.5536299605367,18.061915663652,17.7229379131145,17.3792332155029,16.9902729432127,16.8499718011869,16.9871894989506,17.2372469383558,17.4340223534081,17.9052225738534,18.563844230897,19.7093202513743,20.2717255424166,20.1237211312772,19.9208295728415,20.2790546991046,20.0638314439173,19.7374674598287,19.466216814958,NA
626,"TLS","Timor-Leste",NA,NA,NA,9.37946105574258,11.2850055946138,12.5731255196752,13.863349397492,15.3898251506271,16.4381786339569,17.4479175402793,18.2028294412411,18.0690206665824,18.0158925046004,18.2900959964488,18.2392739599896,18.0939839617452,18.1859912153097,18.2537863153558,18.2571417872564,18.1198847463669,17.9694588264357,17.5433640285591,17.4079499126392,17.0692799646498,16.7759602532725,16.3455581684907,16.1690144222077,16.0540773193688,15.8581420828901,NA
768,"TGO","Togo",NA,NA,NA,5.4202384022728,5.04205126303648,4.94096261624935,5.16231142186909,5.73580357678385,6.27071798463426,6.25022538846778,7.29590172582809,7.9881309223159,8.66041051108739,9.94759628845713,10.9835061410982,9.62638600200381,9.54052896427221,9.69845814193422,10.6498143059207,12.8064971610573,14.4522002367421,16.0036850122043,17.6858641420053,18.8591491166479,20.3827028728789,26.9585526074829,31.062933184753,32.5179969319681,31.9528373939866,NA
776,"TON","Tonga",NA,NA,NA,NA,NA,NA,NA,NA,NA,NA,NA,NA,NA,NA,NA,NA,NA,NA,NA,NA,NA,NA,NA,NA,NA,NA,NA,NA,NA,NA
780,"TTO","Trinidad and Tobago",NA,NA,NA,100,100,100,100,100,100,100,100,100,100,100,100,100,100,100,100,100,100,100,100,100,100,100,100,100,100,NA
788,"TUN","Tunisia",NA,NA,NA,18.3761569803388,20.1322513793047,20.6911584164979,21.5573276550871,19.8333439951324,23.9448015629307,25.7432775782185,24.2723969026092,23.1853371393263,22.9086005270286,11.3227599043176,6.78186865291488,5.39987958817423,4.33588886862489,4.95737198814309,5.32808613258383,5.87153465262132,5.19034935989335,6.38924799291728,7.82428579938869,16.2044320013779,24.2102083334549,29.1199753952698,39.7849157884367,39.2663228257921,42.2549981465828,NA
792,"TUR","Turkiye",NA,NA,NA,39.8219176909184,41.8485609844074,41.3652122085973,43.4054427392163,42.0739167147021,41.6811863296253,43.4353873075819,45.8892660828841,55.3874243740547,77.6248675246766,100,100,100,100,100,100,100,100,100,100,100,100,100,61.0052578077589,50.3800625834054,44.7266908728986,NA
795,"TKM","Turkmenistan",NA,NA,NA,0,0,0,0,0,0,0,0,0,0,0,0,0,0,0,0,0,0,0,0,0,0,0,0,0,0,NA
796,"TCA","Turks and Caicos Islands",NA,NA,NA,NA,NA,NA,NA,NA,NA,NA,NA,NA,NA,NA,NA,NA,NA,NA,NA,NA,NA,NA,NA,NA,NA,NA,NA,NA,NA,NA
798,"TUV","Tuvalu",NA,NA,NA,NA,NA,NA,NA,NA,NA,NA,NA,NA,NA,NA,NA,NA,NA,NA,NA,NA,NA,NA,NA,NA,NA,NA,NA,NA,NA,NA
800,"UGA","Uganda",NA,NA,NA,26.4343678206989,26.8269196570205,26.9443386786509,26.8360214147706,26.7204474216283,27.0599090657599,27.3815609053286,27.3078784331056,27.0331976070096,26.6360449682555,26.5493352528488,26.3864549357751,26.5293335569444,26.9158882418937,27.2913726292461,27.4643841127322,27.6096240953284,28.1037310385799,28.8666097475385,29.6996651194674,30.6405550920682,31.7386334710671,32.7383455699449,33.4732447294817,34.1971870070768,34.6072682753797,NA
804,"UKR","Ukraine",NA,NA,NA,50.5223237915139,50.5874786466363,53.2355169258838,55.7681196242396,57.3262945294863,61.1721702781263,61.947420328564,62.0625188412452,58.9582603963199,55.2352602671295,54.2513742637119,54.3152385069822,53.2667151114839,48.6256704372605,46.4194351305733,44.5203634754364,42.3990637305398,40.9061409774157,39.7556126149505,38.7512632948077,38.968223946553,38.811123209283,38.6076105704439,39.9433222313839,40.492565958422,40.8180617460008,NA
784,"ARE","United Arab Emirates",NA,NA,NA,NA,NA,NA,NA,NA,NA,NA,NA,NA,NA,NA,NA,NA,NA,NA,NA,NA,NA,NA,NA,NA,NA,NA,NA,NA,NA,NA
826,"GBR","United Kingdom",NA,NA,NA,32.3288570599937,33.0443543759963,33.3240849378889,30.7149986266991,28.376496518954,26.385642150716,22.1661313944909,20.692523533348,19.1599984473947,17.5181301734883,16.1261860025502,15.2952686548076,14.4165940747616,13.4522439154045,12.8013726917751,12.5634358037115,13.9727150996854,14.617541793275,15.3052219219084,15.0092326123047,15.0432284927377,15.199964627712,15.8277598350073,16.9102494766877,18.060354066328,19.1914413470908,NA
840,"USA","United States of America",NA,NA,NA,47.6826971256626,48.9027590349069,50.976182564828,51.9259986327252,51.1981439026277,51.4144993105723,49.3862013456076,50.809513758059,52.1180376830613,52.2081228743715,53.1483447331789,52.9231308268533,53.9633555400792,54.5566924934533,58.033805282573,60.3784374796981,66.8354561717955,63.4488889730332,60.2519780685436,60.5032399915463,60.2267640746218,62.0372398930856,59.4193813883456,58.4804648589448,56.7887083804683,56.2785006068632,NA
858,"URY","Uruguay",NA,NA,NA,100,100,100,100,100,100,100,100,39.7286738384649,26.1509566753224,21.3927694577029,15.9186627715993,13.5069999451464,11.0937554853854,8.82567750419496,6.8146345233019,6.01936040010858,5.7906161161158,7.03717210768068,9.4483961517944,10.9126036122873,14.6679944691961,17.0308704267472,20.8570884972712,26.0198084287296,31.6146876185,NA
860,"UZB","Uzbekistan",NA,NA,NA,0,0,0,0,0,0,0,0,0,0,0,0,1.12919821128483,8.20227559792713,14.4875598286496,19.1983378101719,23.3721858893059,25.5037489382605,25.8087132391863,24.6623981467329,20.2240993291458,16.3796547163051,13.2781205035188,9.85696957869156,9.0285408363836,10.2799094162011,NA
548,"VUT","Vanuatu",NA,NA,NA,36.6695731371828,36.1109807720592,36.0419021548102,35.8887568502338,32.4588115437652,31.3862358081928,30.6225261532836,30.1268967908047,30.6907935285034,31.0955591296609,31.6784580733637,32.9979596674958,34.2936234524566,35.6657652463627,41.7540648370146,48.6975360403757,57.3059554499121,71.4470796960976,78.374840917517,100,100,100,100,100,100,100,NA
862,"VEN","Venezuela",NA,NA,NA,NA,NA,NA,NA,NA,NA,NA,NA,NA,NA,NA,NA,NA,NA,NA,NA,NA,NA,NA,NA,NA,NA,NA,NA,NA,NA,NA
704,"VNM","Viet Nam",NA,NA,NA,11.0033399590019,8.33997882426522,7.53123415640428,6.87568562626174,6.01702751163447,5.06839563824703,5.36916579608967,5.70236587429483,5.81800081450424,6.31198646552122,6.42693893100997,7.84993053433142,8.44869848604884,8.75951016649945,9.14688598013922,7.06013517976929,5.94637030286529,5.19885756360914,4.95485243811554,4.45030820760118,4.89636372412278,4.99950874821982,5.0424332634005,5.04061414300439,5.13367467262783,7.57050990179583,NA
876,"WLF","Wallis and Futuna Islands",NA,NA,NA,NA,NA,NA,NA,NA,NA,NA,NA,NA,NA,NA,NA,NA,NA,NA,NA,NA,NA,NA,NA,NA,NA,NA,NA,NA,NA,NA
732,"ESH","Western Sahara",NA,NA,NA,NA,NA,NA,NA,NA,NA,NA,NA,NA,NA,NA,NA,NA,NA,NA,NA,NA,NA,NA,NA,NA,NA,NA,NA,NA,NA,NA
887,"YEM","Yemen",NA,NA,NA,NA,NA,NA,NA,NA,NA,NA,NA,NA,NA,NA,NA,NA,NA,NA,NA,NA,NA,NA,NA,NA,NA,NA,NA,NA,NA,NA
894,"ZMB","Zambia",NA,NA,NA,32.0923417586595,31.8125349849926,31.474111766477,30.5457093076772,30.0132397967629,29.6311895933588,28.7546620290647,27.9920695236359,27.0567417598665,25.3816852672664,24.1023860451608,22.7848136712777,21.6536697177093,21.2246862636168,20.8858854609648,20.5899711626152,20.6051504059789,20.4261245843471,20.4268739939724,21.0795553820309,21.5985954946863,22.294500480821,23.143669670293,23.7112849479542,24.0996885266203,24.4114646864082,NA
716,"ZWE","Zimbabwe",NA,NA,NA,0,0,0,0,0,0,0,0,0,0,0,0,0,0,0,1.26283221187244,4.60927965290929,8.00489776534451,12.7219283831014,17.424250371979,20.6729181305699,31.0142880282708,44.4831482851536,57.7827369143815,53.9196764499043,49.3510095028832,NA
