"code","iso","country","NXA.ind.1996","NXA.ind.1997","NXA.ind.1998","NXA.ind.1999","NXA.ind.2000","NXA.ind.2001","NXA.ind.2002","NXA.ind.2003","NXA.ind.2004","NXA.ind.2005","NXA.ind.2006","NXA.ind.2007","NXA.ind.2008","NXA.ind.2009","NXA.ind.2010","NXA.ind.2011","NXA.ind.2012","NXA.ind.2013","NXA.ind.2014","NXA.ind.2015","NXA.ind.2016","NXA.ind.2017","NXA.ind.2018","NXA.ind.2019","NXA.ind.2020","NXA.ind.2021","NXA.ind.2022","NXA.ind.2023","NXA.ind.2024","NXA.ind.2025"
4,"AFG","Afghanistan",NA,NA,NA,NA,NA,NA,NA,NA,NA,NA,NA,NA,NA,0,0,0,0,0,0,0,0,29.8027120270278,55.8682636312339,65.2045232787995,65.1908035840166,52.9582578171288,40.9795849979512,41.3586777446904,NA,NA
8,"ALB","Albania",NA,NA,NA,58.5474423127682,1.90399001364521,0,0,0,0,0,0,0.704346881087602,43.3582901318134,53.5885555394944,64.8205250654183,70.0326516955199,76.120920666496,75.9044113647837,65.1643485857291,59.7915877925804,58.18336548321,58.7543402882383,58.8179066556665,63.1571078543524,80.4934290722113,84.3503281513593,95.675003283377,100,NA,NA
12,"DZA","Algeria",NA,NA,NA,59.8710178787034,61.2848366253031,59.054739141368,48.9538539346063,35.1808327504845,25.2998390380412,16.6419242652682,6.15489404514049,0,0,0,0,0,0,0,0,0,0,0.887861675253205,8.8804723915441,15.4375733760081,28.5322287963527,37.5854990812938,41.1692406608093,46.6703968251982,NA,NA
20,"AND","Andorra",NA,NA,NA,NA,NA,NA,NA,NA,NA,NA,NA,NA,NA,NA,NA,NA,NA,NA,NA,NA,NA,NA,NA,NA,NA,NA,NA,NA,NA,NA
24,"AGO","Angola",NA,NA,NA,39.4266477833446,39.1814223283557,35.0040321871441,31.3326139523006,15.5184335933025,0.292506485621089,1.19966736736079,0,0,0,0,0,0,0,0,0,0,0,0,13.4397484094632,27.1534033503426,56.9415775629522,61.8916697549619,60.4700873780388,60.7946765181623,NA,NA
660,"AIA","Anguilla",NA,NA,NA,NA,NA,NA,NA,NA,NA,NA,NA,NA,NA,NA,NA,NA,NA,NA,NA,NA,NA,NA,NA,NA,NA,NA,NA,NA,NA,NA
28,"ATG","Antigua and Barbuda",NA,NA,NA,15.2400439114315,37.5086217427864,57.555923209426,69.4657613087516,76.0126561821847,75.6123419688626,65.5380107431163,50.8443262932431,27.3219473032821,0,0,0,0,0,0,17.6655439302622,32.6951342002998,35.2749895332424,32.3484810661463,34.9360168387911,32.0374674475092,31.1955968861463,44.7528564463783,51.54053000986,51.3489659013816,NA,NA
32,"ARG","Argentina",NA,NA,NA,5.12127218857799,13.4892627799232,22.0897006361973,34.8354928214322,41.6018334809939,42.8133829463903,44.6670476111152,37.7016917658459,27.5830927082285,18.482279762148,16.410879266733,12.5214582372896,8.8260382535467,13.3975740153802,17.0164604404912,22.0036162587482,26.6567972068632,30.6946219530965,32.8192125473716,37.5727059004136,48.7865233169946,50.8096066474942,50.8032849745655,50.4052471113041,48.5338729934636,NA,NA
51,"ARM","Armenia",NA,NA,NA,100,100,100,73.1037124047648,0.705542915247108,0,0,0,0,0,9.66801159242719,11.688595923571,14.4117515712567,22.9357056780155,28.4132117833049,24.1977790186296,20.4200914890755,26.7547503366147,16.8943899517268,0,0,0,0,0,0,NA,NA
533,"ABW","Aruba",NA,NA,NA,23.1778225901098,33.9594082974601,37.4724851712506,44.9724658200434,46.2391921707232,43.3743398294144,31.8411782212546,41.3383504007682,26.2310083147279,9.29648262286361,0,0,21.9919533607102,35.5450684144149,40.5971693129533,44.9636463996798,46.4146692538018,45.4537600932571,41.9303418851522,37.7574114700496,27.1719509318844,22.0574855580482,45.2310308078374,50.2583908505413,50.3215464444398,NA,NA
36,"AUS","Australia",NA,NA,NA,50.9268906755088,49.8091457958707,50.2084859653466,51.5138198443896,54.6320214067262,57.3751137947247,59.1805717180324,60.1896753195678,60.4995127122625,59.9189824069812,61.2207220103966,62.7716894549808,63.2892699575364,63.8695176679992,64.7975944946118,64.6222827335807,64.1036948257496,64.5389427280507,62.7948048714694,59.7084834832992,60.356528457112,63.8977287399551,67.2232155873187,69.7486704055749,70.4304445465395,NA,NA
40,"AUT","Austria",NA,NA,NA,53.2793518242414,51.0354885105932,42.441477915873,36.5302482295826,30.5325327095178,28.7394372435367,28.5886223742135,27.3355428568142,33.7484128886482,40.6615266325345,53.6866732571876,64.615327617416,73.2948438227163,80.7292920604748,82.4887081114205,83.0936913161409,79.8793390158569,77.9068850155115,77.1936369171383,80.2947211760288,86.7432571680463,97.0958845868994,100,100,100,NA,NA
31,"AZE","Azerbaijan",NA,NA,NA,62.2098725645924,70.781808313037,100,100,100,94.6388023990227,75.3211246504249,63.2951840859115,59.1617235631148,47.8990622318829,58.015299564503,56.7116418896758,57.486251475992,56.6100525968273,52.20939876455,48.1628554932634,46.3882456697437,45.109327542052,45.5840973896903,35.1261714169759,35.5504550962693,44.6115337892598,45.1504499852217,36.5110456055204,25.9636781365701,NA,NA
44,"BHS","Bahamas",NA,NA,NA,0,3.06884145698301,21.7416292440904,37.9445556306783,68.6143537767951,88.7868453825251,99.6639389752304,91.8650078435252,72.023327958568,42.5497421821456,25.4480928388221,13.3843123501984,24.4014472113571,20.5451538623677,29.1688191602843,36.9267739828917,47.6117948468484,50.2485291385197,42.3634297057775,33.3404723947043,33.802198542016,30.3973829429071,48.805335098697,51.5012488377463,51.0780394592976,NA,NA
48,"BHR","Bahrain",NA,NA,NA,40.9035281355647,57.3439969020361,74.0547956431375,75.2753446607775,68.4700199447956,57.7159932778319,35.0257374190896,14.1702214941847,0.143923404054689,0,0,0,4.3385498146661,13.8257952376128,22.1969448676795,31.6610029586439,33.0548600413731,31.4990669907835,30.1543138869315,27.2253990503974,26.9514473159651,31.3395074007853,38.2564222994406,42.5640775261475,44.561853314186,NA,NA
50,"BGD","Bangladesh",NA,NA,NA,0,0,0,0,0,0,0,0,0,0,0,0,0,0,0,0,0,0,0.510090655747092,1.624028224076,3.7495864474259,10.1518931210793,4.6499731794857,0,0,NA,NA
52,"BRB","Barbados",NA,NA,NA,50.2838063526093,60.6186587733881,58.1018909060758,64.0993979533607,68.8866406142295,75.9465242865347,76.0331380587215,73.4935438502822,62.4922555900222,40.0566724788507,13.49118438562,0.890478461890112,12.4110137331612,27.0869040206922,34.6595018959226,50.3610624491962,57.606742323146,60.96826061265,58.9203977569762,56.9559407044274,56.6826991979353,52.0232758582426,52.6453259199966,52.813847782992,50.1773116974331,NA,NA
112,"BLR","Belarus",NA,NA,NA,67.1154185912145,88.2815473879113,100,100,100,94.3327606818845,86.592915539607,72.3934546592157,59.8736291960871,39.6709453276296,30.9010119458612,26.0537421874775,28.1876735602262,31.4054429318257,38.041836657388,48.1822183474645,63.0622634692372,73.7773031608866,83.6392513366077,83.021779250706,87.2598686694231,89.978847792199,90.9121938933047,88.6315718912651,82.769731301808,NA,NA
56,"BEL","Belgium",NA,NA,NA,59.0289908776767,64.7848782021861,69.6631015530201,74.9042986450176,77.2346499053727,75.5993208609382,75.0372733149268,76.4604099582361,78.3238613542043,81.2857488077394,91.1014110779994,96.592866382561,100,100,100,100,100,100,97.5008822955448,94.6574235652737,97.470639748331,100,100,100,100,NA,NA
84,"BLZ","Belize",NA,NA,NA,18.7955730806974,31.4250477398732,39.6128608822865,49.7190166890286,58.7619047476273,71.2753213269923,76.860946635793,76.1201010551134,68.1402711954942,67.0096536973958,54.2134796837594,39.4106909267963,15.1932400538021,0,0,5.1553437571165,12.825263400702,12.9738451208849,15.6869586856538,32.4373398667463,49.1723423189842,62.8402723831175,55.4228032210231,41.3869664843529,40.8880653999246,NA,NA
204,"BEN","Benin",NA,NA,NA,0,0,0,4.47466508781261,9.84096874108741,18.3062786398986,28.729875001876,11.5617043899722,0,0,0,0,0,0,0,0,0,0,0,0,0,0,2.06345184480081,31.706060935301,59.0973224612593,NA,NA
60,"BMU","Bermuda",NA,NA,NA,53.411494707493,61.7471327840408,70.4660762119467,83.1729340673887,84.414130887982,83.6717213293954,77.135497938739,57.891709412267,27.5007247059264,0,0,0,9.41030434198841,36.518415573453,52.1117760131596,55.6511414441243,58.5936882698977,55.9351613921469,43.9352219571462,28.3165887887613,21.460569098552,33.1242438449771,33.662853485716,43.8730119153355,60.0822955232919,NA,NA
64,"BTN","Bhutan",NA,NA,NA,8.64390015459901,0.224884214021301,0,0,0,0,3.07938275606531,5.9230688207065,5.1895117910441,3.32865094250229,3.553219358162,0,0,0,0,0,0,0,0.612995203302006,13.0609283362308,27.0162221214547,36.0441401945339,37.9607542753885,41.1673663976286,41.3383349856013,NA,NA
68,"BOL","Bolivia",NA,NA,NA,17.0689286681156,20.8120440377852,24.1351574250399,28.9161710550141,29.4300210039304,25.8505324521671,18.5973831031696,14.4093714471529,11.7963718116098,11.2297935141159,11.6822958759312,6.15291064185669,2.10236119873869,0,0,0,0,1.45472840040981,5.17387401631231,11.5238470057159,17.8519224549325,33.4177869886602,38.1111817933383,36.6570415040059,35.1441667373388,NA,NA
70,"BIH","Bosnia and Herzegovina",NA,NA,NA,100,100,43.2079786399886,0,0,0,0,0,1.64647773047491,7.6135183320276,35.4502453740186,47.8686734814111,54.7161283522338,66.8173808938635,76.6340159388776,91.0182441203949,100,97.5962849463545,91.790511660759,81.998614549397,86.9801428868518,95.7912114654468,92.3283778219076,91.9685856067911,90.7449445515675,NA,NA
72,"BWA","Botswana",NA,NA,NA,13.6473413843383,6.71201608639269,6.99328241126172,2.4678336733963,3.4281445427857,10.5765940357356,12.8303715432818,22.7536435530226,35.60109309043,33.1291917367817,33.515296841315,40.9121045969633,41.1333918817165,45.0551603459612,41.9439031451278,40.9544172632907,39.4047307049578,41.8005118656286,43.7163690736837,34.379872373506,34.6160973012634,51.3777399935166,60.6202243728436,71.1512282511495,72.645723827261,NA,NA
76,"BRA","Brazil",NA,NA,NA,8.55683336664632,15.2242902487884,20.9713363524848,27.1763938896445,34.4224705767985,36.5966070887311,39.9817571765761,38.8066357848144,34.6882592530455,28.5736989009368,26.2120985452438,25.3223892946106,24.8646928091131,24.5486367426019,24.8224539077488,22.9460224738731,27.5071575317704,36.7299734388697,44.0170170060256,50.2679150512458,55.8428092722461,55.9256717191495,57.8483726444148,62.3520229869839,65.5494263331565,NA,NA
92,"VGB","British Virgin Islands",NA,NA,NA,NA,NA,NA,NA,NA,NA,NA,NA,NA,NA,NA,NA,NA,NA,NA,NA,NA,NA,NA,NA,NA,NA,NA,NA,NA,NA,NA
96,"BRN","Brunei Darussalam",NA,NA,NA,12.9660475671586,24.0570007624358,34.9777421977532,42.1956442915831,41.9335267891112,41.7100963136547,41.1149367570109,32.646224653444,21.4569718441983,14.2289951954373,7.3739855104175,5.67720052566801,15.96989379251,20.6367389029358,21.5038880532425,27.3766945296934,37.3980483951527,39.0449989895198,48.2498437096976,51.1311187692887,50.0486278244097,35.2557999557159,20.6478967704657,10.0406496974698,2.93753873785249,NA,NA
100,"BGR","Bulgaria",NA,NA,NA,55.5780111908196,51.8628936283842,53.217902590209,54.0786691413571,52.9759419741104,52.7393965007917,49.7133689834272,49.0765911907491,50.4913994567769,52.404658408753,64.5553519529956,76.1020830394931,78.9890966193697,87.1899405104054,98.2991260858303,100,97.593808034823,100,100,100,100,100,93.3477038487972,84.4894885141172,89.6984364749335,NA,NA
854,"BFA","Burkina Faso",NA,NA,NA,17.5090162604036,18.0496654129773,14.717020846102,13.2689183735641,9.9691765414908,10.773468631686,11.8484340452234,14.3855510809798,6.10143769975679,0,0,1.15465300609661,0,0,0,0,0,0,0,0,0,1.6883925655883,10.1711803056749,16.4506470834899,21.1779813355259,NA,NA
108,"BDI","Burundi",NA,NA,NA,46.5333096983454,48.6252978271262,48.6354918979178,48.2659739451279,48.0760925159807,44.3257324168204,43.0847749351341,38.7794816304951,30.8118742486875,27.0607536174045,24.3454688752327,17.4116257880065,12.2132049589609,10.892831840751,10.50077014263,11.113210792639,13.654392515199,15.3341150883459,11.3808254786986,14.9525381808022,21.381491445714,25.1069148510147,27.0535816347867,30.4127482149636,32.4527775569634,NA,NA
132,"CPV","Cabo Verde",NA,NA,NA,2.907848450915,0,0,0,0,0,0,0,0,0,0,0,0,0,0,19.9052579475897,20.0902374802749,15.2190567325447,1.71588497277361,0,0,0,0,0,5.5119091696791,NA,NA
116,"KHM","Cambodia",NA,NA,NA,0,0,0,0,0,0,0,0,0,0,0,0,0,0,0,0,0,0,0,0,0,0,0,0,0,NA,NA
120,"CMR","Cameroon",NA,NA,NA,40.5069957174826,38.6215114651689,39.7183795507749,39.3913373142695,37.0071134149507,32.0458085800536,27.8498462076353,24.0594033395369,19.9207754498638,14.7337039132264,9.7048798533434,4.01012696285541,2.57709030251461,1.15121650817503,0.642392795118596,0,5.5648051276828,13.3764229847599,21.2028698154098,28.2247780272804,31.6555705971162,35.317791412764,40.6907892742587,45.059596020228,48.5175953176166,NA,NA
124,"CAN","Canada",NA,NA,NA,16.3242073611706,19.9616435046163,30.6420301822396,40.7942611994494,50.2790992394327,59.7659240388891,69.6332819181912,79.4101087163483,84.3957690164035,88.078007956818,91.5740432649253,92.0319541832482,94.8659529196158,95.8729281729142,93.7907636126291,92.5109709975372,91.7591641061008,93.5821223910211,91.289090994292,87.6383951208861,84.9698133648805,84.619134637107,83.7249644792145,82.3246732989334,80.6168070729917,NA,NA
136,"CYM","Cayman Islands",NA,NA,NA,NA,NA,NA,NA,NA,NA,NA,NA,NA,NA,NA,NA,NA,NA,NA,NA,32.9341642190804,43.964458379206,46.8338256996003,45.0728059674501,41.905758943284,37.4457395334473,45.0613254230991,53.2510169067413,52.9741727375033,NA,NA
140,"CAF","Central African Republic",NA,NA,NA,41.9611557646966,45.3024459890449,45.1149512281041,43.8560580347766,42.5395719594539,41.8434153951066,39.3263603714459,36.7845127878199,32.7012280303813,32.2280390077578,35.8904752909809,36.9422294815551,35.0314578358588,32.8490428029089,36.7649038490403,39.6267023341312,40.9442923151786,40.6078816582043,37.9240147603351,38.1385470852675,36.5791958501107,36.0950727397193,33.9739238922927,31.313881711239,34.3679611718104,NA,NA
148,"TCD","Chad",NA,NA,NA,19.3181936894757,20.0299341541541,16.5745612111214,11.4943495732626,9.55331888647639,7.34901384777029,4.1308403634599,2.1450982078143,0.734124557525391,0.668270492797618,1.38208231177201,0.295173766558804,0,0,0,0,0,0,0,0,0,0,0.464689623137701,2.88249613503662,7.57691102888141,NA,NA
152,"CHL","Chile",NA,NA,NA,0,0,12.7758208551114,28.8831936253601,44.8118274524216,53.4974945398074,58.3517392956693,55.9355015276642,39.2329681319729,22.5551841979871,9.76434061151549,6.9092712013645,12.2469630874,16.3649354628068,24.8405788891379,35.2320877326619,45.824793047003,53.2717293222636,46.7217005984832,39.1876790231646,35.4520019446322,40.523699954126,44.2961151674068,44.3133244320672,46.2749244183089,NA,NA
156,"CHN","China",NA,NA,NA,0,0.229303225066204,6.21592380597511,9.56361261778291,5.69724183623549,0,0,0,0,0,0,0,0,5.3360320731739,19.3478124674064,34.1677664390551,48.7051674403482,61.1770045071393,70.4974911193251,79.0946790256612,88.6924412487291,97.6242710751329,97.9193695935684,93.8013226157646,84.6905008350035,NA,NA
170,"COL","Colombia",NA,NA,NA,44.0937676082622,53.6186010617476,60.4977998043361,69.2861770289654,73.3456612701042,78.149896727573,76.5753911145626,74.5553479161187,69.2012509794994,65.3838301596172,63.8680871320511,57.9376031569022,44.0197578923258,34.2331906680353,18.7223672955694,9.9776856937861,4.42969172730159,6.81140764593529,14.2520401066863,25.651478255378,35.3148294017093,48.8279370476549,50.0398310308882,53.8132184623103,48.9252698571596,NA,NA
174,"COM","Comoros",NA,NA,NA,33.1799594359887,22.7549888806135,12.3909326657314,4.16292849495181,0,0,0,0,0,3.88418747803149,16.9314316147932,19.3655123291431,26.5944425292945,34.0214231869446,31.691871863319,31.0132540546908,27.4559541683205,16.0311075682644,14.9410574036041,16.3866415846689,14.5641576927744,11.3723830608329,14.3676165217425,18.2940842975314,21.3825938939626,NA,NA
184,"COK","Cook Islands",NA,NA,NA,NA,NA,NA,NA,NA,NA,NA,NA,NA,NA,NA,NA,NA,NA,NA,NA,NA,NA,NA,NA,NA,NA,NA,NA,NA,NA,NA
188,"CRI","Costa Rica",NA,NA,NA,6.8682164610285,22.6923015341566,37.0331234908722,38.4611769040828,40.0127343075262,31.3245284682437,26.3098260559788,25.616966546929,24.2192646145023,23.4763096755534,24.7554428703953,26.2042383797904,28.2526771365405,32.9363709482066,35.1194577878954,33.2106720020448,37.0164160473238,37.3675077020143,33.7401384028859,33.6347908101322,34.7180135438045,40.1214059369454,41.4609767412863,45.621294935227,47.0411739781593,NA,NA
384,"CIV","Cote d'Ivoire",NA,NA,NA,19.9804083820329,22.82316468736,26.9305107399928,31.8255243731557,46.4808184093004,51.1757121954231,51.3318871140448,52.8119659245987,53.3453305824997,51.7629367238529,47.5237727312276,41.0422326939905,32.2506465649343,9.3423608210372,2.95845333835059,0,0,0,0,0,0.26617737269099,15.1921897790448,9.76839554554209,0,0,NA,NA
191,"HRV","Croatia",NA,NA,NA,47.8065260996585,30.7995789488311,30.6446801591795,31.8249314882113,35.3852409934796,42.06380190767,50.3747896089192,54.9008664318062,56.1320009359446,58.8216385434612,62.4702835310476,73.7767226525446,84.9767442714513,94.336373938638,87.7500030977565,70.730146849647,58.7712019590219,59.6373505177867,72.0326228891283,86.1905567928166,79.4247119904991,79.5685474092499,77.5157737786115,78.1612239021874,79.6786925878914,NA,NA
192,"CUB","Cuba",NA,NA,NA,NA,NA,NA,NA,NA,NA,NA,NA,NA,NA,NA,NA,NA,NA,NA,NA,NA,NA,NA,NA,NA,NA,NA,NA,NA,NA,NA
531,"CUW","Curacao",NA,NA,NA,NA,NA,NA,NA,NA,NA,NA,NA,NA,NA,55.0151993633268,56.8727833474146,59.2338509759382,62.6633424043944,66.2123417413239,68.8627307560321,70.3646560811611,63.5518374721215,54.7702924145155,55.0177102357123,54.0446191139098,51.513453009936,50.5202289000361,50.2541078294808,50.2578138544348,NA,NA
196,"CYP","Cyprus",NA,NA,NA,20.3735795414703,25.2330444939119,33.0627455594882,36.8531101394769,39.2548966671559,42.557831633186,50.7868016017918,59.559175589002,66.9981348820971,74.882058801507,79.2063020708651,84.1692271924661,78.0485482556587,72.5837941950194,81.5057807099024,75.6060902311485,67.6888607047923,72.6044306607629,93.0288338518078,100,100,100,96.8036372382409,81.0534794718308,82.8785117349086,NA,NA
203,"CZE","Czechia",NA,NA,NA,100,100,100,100,91.4348461046516,76.9370285595867,68.7471057085873,62.984340768293,59.2534887959293,59.2968972191763,66.8264332848364,70.8531206180326,76.1848808123544,83.5377499051324,89.7726256076174,93.0780195332821,94.2243109277414,95.6356919650759,93.2194478608456,91.7800547316761,93.6976835441166,95.8265191679929,94.0719070698165,92.8782006004662,95.3608018270724,NA,NA
180,"COD","Dem. Rep. Congo",NA,NA,NA,46.7353260765967,48.2183394886749,48.2885614676007,48.0434425869043,45.5557063081953,38.5961020723979,30.1373410783456,25.0201360520796,19.2296316529474,12.6961258330955,7.36937863252591,6.1770699393999,5.4372233411068,12.7080448839438,17.2685547607012,18.2330241236679,18.8749413813353,22.9585610610811,36.4494797478718,45.0203234353314,51.3946802418742,52.2509095175558,47.2405024803637,39.7550103187343,31.9868781502017,NA,NA
208,"DNK","Denmark",NA,NA,NA,79.7431782576032,92.2165601618344,91.4340752073109,94.8030329025793,91.8254518334212,88.7303358752478,87.8363602943624,75.7114310461763,72.8634272485262,76.9100632167559,87.5470546278419,97.9219472695475,100,100,100,100,100,100,100,100,100,99.6259658987355,95.091151686784,94.3415520637346,94.9651286427269,NA,NA
262,"DJI","Djibouti",NA,NA,NA,46.0978345507294,58.0409406822539,75.0329445353807,85.5976608037941,91.1476819593317,95.070791261016,97.1265874937687,94.3578910767829,88.4456856485501,68.9122212625294,47.577500800646,45.4518483178265,55.4332957368127,49.4309009372957,41.0402305950659,34.1146557412142,24.4963461930678,15.4785911291652,2.9027652392454,0,0,0,0,0,6.7033463685646,NA,NA
212,"DMA","Dominica",NA,NA,NA,0,10.1220665500783,22.718441686639,41.8211397140468,55.5724608838698,54.5271276603852,46.2631800090052,36.500974047321,13.1522337878224,0,0,0,0,2.0842357868013,13.1444035160202,18.7324849526733,27.2362306481615,38.1829896537797,40.1123521059629,42.1738869566822,40.9124785614555,34.6756120292656,42.5802963289039,49.0117801451528,50.1871640840765,NA,NA
214,"DOM","Dominican Republic",NA,NA,NA,0,0,0,0,0,14.4163283813116,29.1749292925314,42.6042686424779,51.4410058027119,57.5283493860113,61.6262841152953,59.2155245329125,58.6846530629892,51.09262272845,51.2936456145406,53.3919843087018,46.3962211942186,38.2419374857379,34.7406783488541,29.0091754915236,21.3507133030708,23.0299548168686,22.299964900796,19.9805588859505,20.973896473357,NA,NA
218,"ECU","Ecuador",NA,NA,NA,17.7781180695788,38.1810339103785,51.1489974273101,60.5805855169695,72.8256820032757,77.1007747243127,78.1184135694629,68.4687321499124,53.7918216736922,42.7026740102185,30.0180757049732,25.727542303771,20.354433271837,15.9510583125941,12.0264886179124,4.6956123703572,0.232475128803387,1.3989564714354,8.70850005692999,19.4734502640148,27.4359546022835,38.7525920860463,44.8062453473971,46.6251245149071,45.4752906977018,NA,NA
818,"EGY","Egypt",NA,NA,NA,7.83501354569971,3.78506800345141,4.7458668520341,5.72173417304531,10.3341785199992,19.2092092110942,26.8978563623516,32.1468849306627,25.8689960568905,20.1010335688605,16.1708200791634,12.1657188695161,13.0686460197431,14.3020907318207,18.6972103547007,20.7752914143806,24.1578706870444,26.6753533760035,28.3055269359413,33.2009390962662,43.417062326617,49.8891560368613,52.9044575275837,54.6969727863968,57.2224568602766,NA,NA
222,"SLV","El Salvador",NA,NA,NA,0,3.2602264825416,13.9423510021261,23.7524743768287,30.4374849612096,34.5524829728278,33.7653471172385,39.5902030414827,36.8702865589074,38.9540020583498,40.166785347123,49.5474487068607,54.953518405859,64.443958234393,70.5956862808662,73.446772810775,68.9116007200035,62.1157235326931,59.5673110853072,60.5775885615359,52.9732667742739,58.0357724746505,53.2926720088151,51.0535872022992,53.1242424736967,NA,NA
226,"GNQ","Equatorial Guinea",NA,NA,NA,0,0,0,0,0,0,0,0,0,0,0,0,0,14.2324005766416,65.02895344066,62.669750122741,62.2086293899969,62.41356545882,54.6636532833539,50.1274807668562,46.1976495105288,44.5617284553303,45.5213341211378,44.3923316598567,44.3269806735247,NA,NA
232,"ERI","Eritrea",NA,NA,NA,NA,NA,NA,NA,NA,NA,NA,NA,NA,NA,NA,NA,NA,NA,NA,NA,NA,NA,NA,NA,NA,NA,NA,NA,NA,NA,NA
233,"EST","Estonia",NA,NA,NA,58.725958880705,63.8897926916418,48.2918523033686,47.5810345244789,51.1453666572341,54.6584340194692,61.3151626541129,63.7667985879214,58.6604975773138,58.6391928212374,70.8272299785903,73.8093552359057,72.4051723968766,72.234417944915,68.8791379082636,69.949378676057,78.4710271292573,86.4919328999747,83.7984790429722,84.5632656679374,98.824005999354,100,100,100,96.8106155326997,NA,NA
748,"SWZ","Eswatini",NA,NA,NA,56.2421922781258,52.6496514421976,49.6905963099625,52.9150795493175,63.5072768556035,56.6013680558895,46.5336446212618,32.9200266137954,27.708635288385,21.0800451016997,12.2278263787454,11.5420893800366,8.8467133241088,6.2905613103068,4.15334477938021,10.3391859714854,18.2169642178848,21.719745647702,21.9728851651457,24.4330696956942,25.6083651938661,31.7557791450471,37.4928244193377,40.1343191635277,37.7478693043851,NA,NA
231,"ETH","Ethiopia",NA,NA,NA,93.1407583159539,69.2329254139538,30.5697276099365,14.7959823673184,14.0630344786558,13.7706802529278,13.8543653300549,12.1192185107406,10.6018905487521,7.15795675830549,6.1167852257408,9.66849565801459,9.28214176776972,7.73567442929111,7.9177224498228,5.51219536990861,6.51632806338532,4.8940852773142,4.26078320036329,1.1048374045552,0,0.894367769787607,4.23232727720442,9.35179606408209,15.7394694881143,NA,NA
234,"FRO","Faeroe Islands",NA,NA,NA,NA,NA,NA,NA,NA,NA,NA,NA,NA,NA,NA,NA,NA,NA,NA,NA,NA,NA,48.5396307124197,48.6439716047559,48.7112449399069,49.1794920181978,49.6484481665062,50.1813598572797,50.7309793885474,NA,NA
238,"FLK","Falkland Islands",NA,NA,NA,NA,NA,NA,NA,NA,NA,NA,NA,NA,NA,NA,NA,NA,NA,NA,NA,NA,NA,NA,NA,NA,NA,NA,NA,NA,NA,NA
242,"FJI","Fiji",NA,NA,NA,53.8407074506479,36.7332544244451,30.1014844283678,28.8024417694519,21.3197998694614,3.2620468648629,0,0,12.0674897138539,50.6905540202744,89.4920937699049,97.1390392942447,100,100,100,100,86.6203854321115,53.9169285785991,32.9300529422671,20.9686582339787,24.8803485151805,21.4165336111114,32.1082179589471,47.5265421716539,53.408462426667,NA,NA
246,"FIN","Finland",NA,NA,NA,67.8010902599812,69.1826640447614,67.3378908518133,67.2860731730705,62.6008113591161,59.6620703367901,66.93115059233,66.9682879600612,69.1874264593421,76.375809306501,85.0923893539646,89.7968509461588,94.6413523184476,98.8945711907531,96.7679641407748,93.5076560811025,83.6641274122844,77.960050251012,97.195373732088,96.1293675464352,98.7890471224419,99.7698753314506,99.4109546367841,100,100,NA,NA
250,"FRA","France",NA,NA,NA,69.0766189229093,71.552806205243,71.0972113116857,69.6776328807342,69.237071010883,69.9201080728648,71.3473162535445,73.9938017628647,78.3715967197474,82.3741554068673,86.5500403656872,90.5989568215129,94.2983946809835,95.7323854280367,94.8380783269884,94.5030134871238,92.1724873777297,90.955693573862,89.0349969381624,89.623591518677,91.4996293368985,98.671789616064,100,100,100,NA,NA
258,"PYF","French Polynesia",NA,NA,NA,NA,NA,NA,NA,NA,NA,NA,NA,NA,NA,NA,NA,NA,NA,NA,NA,NA,NA,NA,NA,NA,NA,NA,NA,NA,NA,NA
266,"GAB","Gabon",NA,NA,NA,13.5241664373864,29.0074933653119,36.5824336628848,37.5820586464039,28.7109445508382,16.7185326877978,0,0,0,0,0,0,0,0,0,4.0963273963421,13.5315861454306,21.5488129514231,37.3245737773029,49.4900843836514,56.532764625497,54.2612867385489,63.5974355819303,78.6326251916734,72.5351125758148,NA,NA
270,"GMB","Gambia",NA,NA,NA,30.4115796466446,17.2241540438933,2.09563960772361,0,0,0,0,0,0,0,5.49797199577951,5.67922171578118,4.6571990209964,6.7460645335395,12.1533268581877,13.9579723865697,12.9807369120589,8.4530701427534,1.27121647824261,0,0,0,0,0,13.2799628455155,NA,NA
268,"GEO","Georgia",NA,NA,NA,62.7484838882273,82.1949690574337,100,100,100,100,100,81.0253259035994,45.2186376907266,32.331786508605,14.6861008541872,4.68447140936502,2.63650963763301,3.79987845983091,0,0,0,0,0,0,0,9.89532336393911,29.4876215005477,49.4946061642038,52.8523496388562,NA,NA
276,"DEU","Germany",NA,NA,NA,90.6530301618924,86.6185882273232,84.1004408365529,82.6844808756042,72.1491106253356,67.2025855892325,65.0239191973531,62.6201444498493,65.3731802630082,67.8727046960112,73.7865375971681,78.9984839194811,84.6194901074284,89.8923615738075,83.619080740614,79.747847291408,76.9689876095331,72.2195111579755,71.7405808182215,73.9254414348461,81.925951864373,93.0532951440107,100,100,100,NA,NA
288,"GHA","Ghana",NA,NA,NA,0,0,0,0,0,0,7.7421286791656,13.6513152750641,23.9934976034121,22.9000081444794,13.4609238991485,7.1669905160125,2.48421013496331,0,0,0,0,0,0.064190653001404,10.7178505584686,16.5200950946664,22.2876576911295,28.3616146584342,30.3269441637663,31.3757471664999,NA,NA
300,"GRC","Greece",NA,NA,NA,38.8608945676642,38.9950691999274,36.4943767076892,34.7217314799943,34.1655942030718,33.1510056436508,34.5181934418292,37.1717401021092,39.9471858405775,42.2596898529477,46.4115626157351,61.1323194140051,66.5620883152504,61.4064478703951,56.4166903372267,54.4656728710929,51.5565943840628,50.6554136748425,50.4614706651157,50.73940964157,52.0423483658744,54.7254818190269,67.3719716884635,69.2423021623042,75.0944461191894,NA,NA
304,"GRL","Greenland",NA,NA,NA,38.7913866869396,39.4234535581041,40.6724073133979,42.3299477039518,42.9982201185903,43.2959038817459,43.0353472644555,42.4290114738246,41.188718715784,39.6285552991013,37.8821063715786,36.705726971211,36.0689232124313,36.4792056151961,37.3581483552294,39.2896899924137,41.6187106724692,44.2847894401885,46.2882493139131,47.926723476513,49.0698519015331,49.6227514457952,49.4868528230314,48.5927128958225,47.7144612151148,NA,NA
308,"GRD","Grenada",NA,NA,NA,0,16.84201583608,38.2825866072038,54.9351948691766,61.6907183207091,64.5621790457982,68.0463260684077,64.6080318229489,41.1525465292927,20.0008358594459,0,0,0,5.61245817596171,1.25351710194229,15.5738242950493,23.1470260256905,33.5854918995663,40.5474747007201,44.0922677306174,44.5431593330247,42.4324919525629,52.373883939684,59.5930628609222,50.7616826774544,NA,NA
320,"GTM","Guatemala",NA,NA,NA,0,0,0,0,0,5.971209454537,13.160778966669,33.9237744590072,50.59157031604,60.7044255906342,52.9005898447619,61.2157832459266,54.5690214215449,53.4385060657419,49.6950193496506,42.480701852086,33.027436021191,31.5481732680793,31.0758328215665,35.5394977341865,21.5707285440582,25.7748275743139,11.3324224779576,14.4772189619946,19.3482115661165,NA,NA
831,"GGY","Guernsey",NA,NA,NA,NA,NA,NA,NA,NA,NA,NA,NA,NA,NA,NA,NA,NA,NA,NA,NA,NA,NA,NA,NA,NA,NA,NA,NA,NA,NA,NA
324,"GIN","Guinea",NA,NA,NA,29.7997740730593,24.7321384240388,18.8047223291207,13.8001307219617,9.15925700583669,5.69577729247082,2.0865413959523,0,1.4737827318172,7.67916497082321,14.0514710102002,10.3221527618513,7.69804386361382,7.6860516914671,12.9533782483031,16.9407207365928,17.562502899171,16.6098095811193,13.9993809534453,13.6048614208388,13.0420118381842,10.3206473140531,8.52477426490721,8.88309595418161,17.3521627116701,NA,NA
624,"GNB","Guinea-Bissau",NA,NA,NA,37.7491384813586,40.7216666714889,41.825109818117,42.0760454699102,37.0762358116483,32.7022581697167,27.5037719765949,22.8775148406676,19.1097219778442,17.3638823534412,13.8350659584922,15.0123657449166,17.6442108976351,20.8707171229976,21.4212262881106,20.876002618954,18.4455204518101,15.0402452228357,9.63288049037109,7.9114457040998,6.88951786481181,8.33779179425481,12.1931797034571,17.0940087456046,25.0060254385409,NA,NA
328,"GUY","Guyana",NA,NA,NA,0,0,3.26595136290031,13.221813642871,27.6300430015652,30.5574219795592,40.8783297787132,53.8736784171143,57.7631418487227,64.0995844376678,63.207521971912,62.5211251468064,55.9276080759849,50.0656307093198,45.1963889385442,36.8322562172023,37.6066776328816,40.2086679428372,39.8401226645748,44.0139601200859,44.2306141790755,44.1716133071112,37.107289809128,29.436525169022,24.6063968993419,NA,NA
332,"HTI","Haiti",NA,NA,NA,13.3859968730392,2.37398306126721,0,0,0,24.498697505997,35.1189055141556,44.2737020712267,43.1304554411777,44.8950676415016,45.6212854950484,38.6217787948357,25.6060077773072,15.066411178902,8.81994815759759,2.85683689195409,0,0,0.273462125042812,10.139841439541,22.4506595123203,30.6434809845055,34.0474472762986,42.1080650980685,49.7407253814641,NA,NA
336,"VAT","Holy See",NA,NA,NA,NA,NA,NA,NA,NA,NA,NA,NA,NA,NA,NA,NA,NA,NA,NA,NA,NA,NA,NA,NA,NA,NA,NA,NA,NA,NA,NA
340,"HND","Honduras",NA,NA,NA,0,0,0,0,0,0,0,0,0,0,1.88364533515002,15.7234387711051,21.10524657014,25.0010791218346,28.2053276008817,24.6681701251054,17.3029498075549,14.0517851189212,14.9616861284001,22.6379595021144,30.1136457631043,45.7485228576706,51.513727683308,55.4180620608658,56.6768478885781,NA,NA
344,"HKG","Hong Kong",NA,NA,NA,11.9321797112652,16.8115805563708,25.5300560286875,37.8586024322926,44.5417454205509,67.6735448753848,84.8996740033481,100,100,100,100,95.5822018690817,80.508390940406,70.4243362577011,58.3802058428019,59.2874589836747,60.2948992053848,64.9704723130233,67.377749567915,75.3563590658776,74.5933475961057,80.8445826270661,89.3951035101611,100,100,NA,NA
348,"HUN","Hungary",NA,NA,NA,58.0252194548446,58.7157800186717,53.8805225257736,58.1075830324485,60.0255168740061,62.1618825129762,65.0775342361944,68.2021821767844,70.7442582999233,73.1187942033193,75.20293252269,79.5587049761409,84.4142900712695,91.4089437022799,94.8520123279215,94.1359700260838,91.2603357386677,90.0660666785182,86.1075772674225,80.3758229649675,77.6543125441898,77.0117978735951,75.5809397273566,76.5608173545274,81.582147070894,NA,NA
352,"ISL","Iceland",NA,NA,NA,38.3893135254782,41.9841626876877,54.9793453279444,59.7435577724484,62.6913886148561,62.6904271180182,65.9499070295323,66.756457335611,62.5888519314465,64.6706419494337,66.08116694921,68.9355895513611,81.8504634150897,87.723747659364,93.1322352744874,92.3287789277965,90.6386340452538,92.0781488874051,85.5348256031578,79.5185994197359,73.7025147894462,72.9445036836023,70.8165531807213,72.1729018560256,78.5938930737895,NA,NA
356,"IND","India",NA,NA,NA,0,4.15008157571381,9.99491811151931,16.7998709373833,23.575538435604,26.9816981382733,26.7689278675431,24.7729499283069,20.096888194103,14.0303120986642,6.96727751696911,1.11890946632769,0,0,0.728500413472005,3.0978617813155,7.5597156046021,15.823912167143,21.2085002159856,25.1768575747253,31.0973355303128,41.9496250699078,49.0646134757457,52.3244115845355,55.1649602210871,NA,NA
360,"IDN","Indonesia",NA,NA,NA,0,0,0,0,0,0,0,0,0,0,0,0,0,4.99673017076709,13.7442086148775,19.5672992915525,28.7378183901307,37.6524466329701,39.4679298629872,33.6969432185421,28.8682781711728,29.3791949815287,24.4234566339309,10.985431190398,1.76965153967629,NA,NA
364,"IRN","Iran",NA,NA,NA,23.9475341471131,28.2770433763663,28.4985024341568,27.7270902793347,29.3942467451482,28.6855410073998,28.4309726361697,27.6225071163291,26.2373070554695,28.1088491848304,22.9883723879247,22.8869764887293,21.8821922277698,22.9267355203508,22.963279765829,22.5469254566326,26.2678548231503,36.2664723593684,45.013623017907,52.251472093591,52.7528859068968,56.1456186635284,54.8152404092664,53.7926237114843,47.9624881246714,NA,NA
368,"IRQ","Iraq",NA,NA,NA,25.1814588724052,39.7568292072264,61.6507543781634,68.3532771907337,79.2446728739774,79.8841987946601,78.6248562626668,82.9499574306575,78.710116639852,79.1891910122713,78.6239102475499,63.6006942402936,45.3599159058733,16.0634360196889,0.811175522364309,0,0,0,0,0,3.25927529242739,12.3586750039459,16.941728625327,8.71252042772049,0.84886981277171,NA,NA
372,"IRL","Ireland",NA,NA,NA,49.5855351025851,48.5626691367968,47.2126684615015,45.1406050160083,46.7425631472282,47.5564765503751,49.1135292247642,50.8217866880912,55.5630676690164,62.7376190268959,77.6673970436981,91.7172182524275,100,100,100,100,100,98.0842423597138,82.2940087943864,67.8433327365342,64.8468234460554,69.4135364508403,76.3207522936987,80.8896155295899,87.541981872234,NA,NA
833,"IMN","Isle of Man",NA,NA,NA,NA,NA,NA,NA,NA,NA,NA,NA,NA,NA,NA,NA,NA,NA,NA,NA,NA,NA,NA,NA,NA,NA,NA,NA,NA,NA,NA
376,"ISR","Israel",NA,NA,NA,17.9675663141989,19.9749656562271,31.842017512716,40.5645391690752,50.5024757856867,62.1307583952522,73.1146343733776,81.7234265437947,84.4102275129403,86.3494055119288,87.6261144410169,77.7170609683641,71.2166742805845,44.8736169680508,44.8636666567661,52.9697076737346,52.2474238100821,54.7408038183963,54.7887990618324,59.899507709492,71.3037287371785,82.7166636969691,91.4975232982809,71.1809169607922,71.1099688120986,NA,NA
380,"ITA","Italy",NA,NA,NA,80.2374955637446,88.3398289917846,92.2273374076807,92.5955382640364,91.6813398935227,91.2469349212523,89.9014893300121,87.3682948436418,85.6597910509511,89.1397008104877,95.2584996226345,100,100,86.9051109519149,68.5725731517691,59.5088092361166,54.512965635927,54.9793928513369,65.8624607543389,90.1366871216974,96.8984949384804,86.1526195387827,98.3568212363821,95.3006614369411,97.1430921045795,NA,NA
388,"JAM","Jamaica",NA,NA,NA,0,0,12.6893004281019,19.0801145741905,24.579854641193,39.6648320264996,49.8316359230997,56.0279438522423,62.8916236572575,76.7011143219651,88.7974995627104,100,100,100,80.3949891870695,68.4089354141283,62.7475089769907,68.8614418930668,75.6140396684114,56.5189340473069,41.7471148619674,52.7633112264505,55.4545531084681,60.3433581687912,60.7986149716735,NA,NA
392,"JPN","Japan",NA,NA,NA,63.2280585981227,63.233980498083,63.0687363238684,63.7949031906075,66.2138223850444,68.6232270979968,70.4482919660449,73.1364330353825,75.5916511329233,82.493291233362,89.141079039913,92.48725556652,95.7494465342295,98.4773735350544,100,100,100,100,100,100,100,100,100,100,100,NA,NA
832,"JEY","Jersey",NA,NA,NA,NA,NA,NA,NA,NA,NA,NA,NA,NA,NA,NA,NA,NA,NA,NA,NA,NA,NA,NA,NA,NA,NA,NA,NA,NA,NA,NA
400,"JOR","Jordan",NA,NA,NA,21.068838842378,24.0928931564532,27.4169505743111,28.7419142242646,32.0788309535264,38.4645240848533,36.9613958184198,44.3609706406358,50.2637229505667,60.4613611083268,67.3768931116267,66.1965356164788,51.5143901075111,23.4272787411073,2.63052780226749,0,0,0,0,7.9177910325911,42.8503493950902,81.5698687832514,100,100,98.6796650587012,NA,NA
398,"KAZ","Kazakhstan",NA,NA,NA,62.5861085659007,66.417222792761,95.7764433047728,100,99.4135426774358,75.080678106009,50.4516817792452,27.0762997473452,10.9404138725943,0,0,0,0,9.65475174324371,15.202242135047,27.9357979365413,40.4804659262954,46.6411391198584,52.9428746902791,47.1606372370443,54.4959057701689,53.1429222309659,46.1488939066583,41.6886404570373,35.149066429142,NA,NA
404,"KEN","Kenya",NA,NA,NA,34.6491732947962,28.3340818497508,26.3833804708637,25.6764758534677,30.8017180441213,33.5731417622531,31.532777567828,24.8184231003616,20.9430793729998,13.6919160040689,0.774739717763893,0,0,0,0,0,0,0,0,6.7987324137692,8.6019369021359,13.0436633711674,14.1293789355792,22.9612809382531,31.4225058941393,NA,NA
296,"KIR","Kiribati",NA,NA,NA,15.4647122812801,0,0,0,0,0,0,0,0,0,2.3701294887494,22.1375725205628,59.075989748672,74.5358291259523,86.3246680166168,93.4262525066519,85.6661733238616,71.2198604344722,68.6003762502647,56.1948944811848,54.2521277335856,56.8304679309036,63.2218853236136,69.5652665787507,71.5251548204107,NA,NA
689,"XKX","Kosovo",NA,NA,NA,NA,NA,NA,NA,NA,NA,NA,NA,NA,NA,36.290016017241,40.4363527321207,36.9660385449037,40.0045116203278,41.4419846796314,51.1897233771291,56.8895909976354,63.8079338837865,77.7705620008964,89.5735194643886,96.2486405839498,100,100,100,100,NA,NA
414,"KWT","Kuwait",NA,NA,NA,0,0,0,0,0,0,0,0,2.4116696319782,1.2791745119236,3.8929904618672,10.2734853745405,18.9378037554655,25.1538168535929,30.6218187808025,40.8820065500161,42.2427492266557,36.3817363485123,35.8241062069384,28.2781468336619,30.0808477467939,32.9472988246313,34.8455828017619,39.1013637969401,42.3209613205577,NA,NA
417,"KGZ","Kyrgyzstan",NA,NA,NA,51.5672465910132,56.1726762157801,70.4347579575221,80.5009991706233,61.8144302708232,60.8909728136248,61.6587609246166,51.0918894004386,23.5214443012175,0,0,0,0,0,0,0,0,9.76052731057561,43.4609293423042,71.3242545576707,99.5999910560182,100,100,100,99.0003908735001,NA,NA
418,"LAO","Laos",NA,NA,NA,0,0,0,0,0,0,0,0,0,0,0,0,0,0,0,0,0,0,0,0,0,0,0,0,0,NA,NA
428,"LVA","Latvia",NA,NA,NA,74.9682960814155,100,100,88.3911948645324,73.0869288367745,63.9297085180667,58.1622040535211,50.0098710218199,43.1875564817121,46.7948493208105,55.9010050610708,65.2454827827271,71.1980177334905,77.4408603983366,76.3209238333596,72.1217658238688,70.2325479594024,74.1864026376471,75.1480561701427,69.0942030713854,68.4823254069831,69.0336533974744,69.9800749462254,72.0738651785947,74.2693903211397,NA,NA
422,"LBN","Lebanon",NA,NA,NA,0,0,13.0407506598702,32.1598858919232,40.4876038452117,57.9235273784959,70.6654859194251,80.5086059959997,92.5700364106096,82.9749082516829,66.0082995710112,53.8554965446622,40.4076365067447,16.744937594382,0,0,0,0,0,0,0,18.8383591114529,52.7118546630075,60.5100871968715,61.0458003499734,NA,NA
426,"LSO","Lesotho",NA,NA,NA,41.3642616092075,32.4678597436698,25.645006918743,17.6004042416417,12.9065350746706,10.4366142875069,7.0410063597767,8.27693397309521,2.47794118125161,0,0,0,0,0,0,0,0,0,4.11613997713521,3.8749963476414,2.4577756946273,4.7334281638165,12.1514690324049,24.0768711306103,35.608822687738,NA,NA
430,"LBR","Liberia",NA,NA,NA,42.3078241254244,12.5469173295129,0,0,0,0,0,0,0,0,13.0292296408448,3.47436716615701,0,0,0,0,0,0,0,0,0,0,0,6.4644600816528,21.9905635519097,NA,NA
434,"LBY","Libya",NA,NA,NA,0,0,0,4.89005766378581,12.4775682280415,14.5483220835596,14.284975548231,15.365921832513,23.3921311662859,29.0350265588466,28.4115381532728,27.7612912729829,50.1651645306518,50.7697528403024,48.8096097477972,43.1629391673706,45.1437889838632,46.9486734808639,51.2619588163428,52.3286326417451,49.8719542793793,50.1334124849545,65.6997265268986,65.705991815034,63.4476542705174,NA,NA
438,"LIE","Liechtenstein",NA,NA,NA,NA,NA,NA,NA,NA,NA,NA,NA,NA,NA,47.7723241159877,51.6898879386813,55.5171685674092,58.5925556260008,60.9050478528112,62.5651365661123,61.8838910945158,63.058663044401,61.9746145885529,59.7976274573606,57.3913792127083,54.9289744914308,52.707328468605,50.980891510094,NA,NA,NA
440,"LTU","Lithuania",NA,NA,NA,54.5785423826446,62.293194059685,89.8087709865432,79.7027027822795,82.3953528692407,88.9309259328432,88.2065700783788,84.0056036162483,72.4784724406286,55.0160576102191,54.6846524750964,58.967572628358,62.0292925172294,60.5958957548609,68.2187843874841,69.0110129104789,63.2445056800673,57.959214111787,54.4149362796149,50.7069974960722,55.7394634599255,56.4119602292915,57.7397994841156,62.8619944403626,71.6717224349494,NA,NA
442,"LUX","Luxembourg",NA,NA,NA,79.9988350878917,76.3901853172462,61.050938527023,43.3652495131842,24.666747224006,1.97857358586319,0,0,6.79762581302552,27.7510446161357,51.3663753667393,68.058252212982,79.2580745821258,92.1828522278341,100,100,100,100,100,100,100,100,100,100,100,NA,NA
446,"MAC","Macao",NA,NA,NA,0,0,0,0,0,0,0,0,20.5280764355406,48.5842773188411,72.849598624429,98.1800340983977,100,100,100,100,100,75.803028282682,58.7134527978681,49.8860810373419,41.2549978582298,41.6079872038326,47.3407955130662,53.5475734631002,55.5782476404665,NA,NA
450,"MDG","Madagascar",NA,NA,NA,18.9307469467225,19.5168117776303,22.7759703820673,34.8351231375327,39.3030693850524,42.9919882691185,39.3063475400001,38.7095856861392,37.8221840525916,31.8115569397159,27.4978609975371,21.5969259832393,16.096157708529,19.1266156434706,18.3865006057384,17.6701216932126,18.1207734385042,14.4844738266285,9.9064215602247,8.31206610383471,6.60894645767702,10.725661873945,10.4745407847557,10.0876716401014,13.1625342630177,NA,NA
454,"MWI","Malawi",NA,NA,NA,36.852179842419,29.3339558810383,25.6321354548092,21.5155491772582,23.5369316751967,23.8083082311437,20.9630119924084,19.2250862511085,15.8774377924129,11.3881861648224,13.3305960115091,9.56459652866101,3.13108708821592,0,2.8880389304484,8.74115850202911,10.0625076998734,13.6896248431934,12.6074863538328,9.7920397434354,11.5643502441151,14.322300770815,12.404465953663,12.082450096251,19.4253664273973,NA,NA
458,"MYS","Malaysia",NA,NA,NA,0,7.04445322526379,10.5354325000226,10.3137920842604,17.9456587893625,23.5129938793121,26.3534819985604,22.3794155256988,14.1796765597888,10.2280530997143,12.206352885062,6.4539318587741,5.010697268651,4.25591015055591,6.92007404018199,7.5809045764787,13.3899012485654,22.8319931560192,27.136526551029,33.1455808853067,40.1092648369274,44.1214911175369,50.1574647418397,51.392023330898,51.2923055545943,NA,NA
462,"MDV","Maldives",NA,NA,NA,0,0,0,0,0,0,0,0,0,0,0,0,0.796142594512006,5.51683550335521,21.4678137845496,26.0975061292572,37.4122185267264,37.9084144374137,39.7963418263855,31.90830313028,27.5081525463891,33.2070147241971,35.8507367955798,43.3097084149882,48.7159272188932,NA,NA
466,"MLI","Mali",NA,NA,NA,32.3919216996386,21.9823656975148,12.8427888635762,4.72636138984269,0,0,0,0,0,0,0,0,0,0,0,0,0,0,0,0,0,0,0,2.6097853443931,11.9951745316098,NA,NA
470,"MLT","Malta",NA,NA,NA,47.9079743116936,66.9024683675199,79.2994545696024,90.2552879924704,83.2925485094479,81.771881730048,72.0054814165384,68.4284896355658,55.5975949127605,46.8816130696599,39.648629017154,46.6630361898439,53.6322452384722,55.1995861138253,62.4196821935604,72.8602285501496,87.3515481511324,100,100,100,100,100,100,81.1804724521275,64.5349704408958,NA,NA
584,"MHL","Marshall Islands",NA,NA,NA,43.0832224688502,51.3841407987914,54.9171549471756,55.1562169385545,53.8761368604102,50.1523215077623,53.9506485307515,52.5374978798749,56.8247397849588,55.816402070242,55.4907259086834,51.827501343273,51.553468127321,49.3329324959822,56.1414364960809,62.1537908350344,72.5158831391026,76.697798221429,84.0671922451377,83.6427464204511,79.1716849970844,77.755522022574,75.400318361441,72.3446335114668,72.3919931287736,NA,NA
478,"MRT","Mauritania",NA,NA,NA,37.251821148363,74.9067215257497,99.7902989414644,100,100,100,100,91.8779427140619,68.9122394511737,35.6035663893241,0,0,0,0,1.90319260903179,0.934811661951613,0,0,0,0,0,0,0,0,12.1217213031714,NA,NA
480,"MUS","Mauritius",NA,NA,NA,35.7594239111362,51.7901397372508,64.3081243114872,72.972265594731,73.4765771930253,71.1501879758786,63.1437984356658,54.9350543020491,46.978792999115,40.6286856353201,31.9722440889695,32.1623824103842,32.1989248380776,35.4201595291745,37.2518726692205,37.789691038844,37.4710076190683,35.9159940101017,36.4586567660565,41.8469376104582,45.822359603842,55.6421351261135,60.7613687325313,60.6734153390395,61.8266076567717,NA,NA
484,"MEX","Mexico",NA,NA,NA,48.4954092311937,48.9384880581327,47.4053040583042,47.133458036441,45.7568292168622,41.0435422572699,41.7662373025169,41.618856578335,41.1912392007616,39.7289365841975,43.7750739320157,44.9863054800348,47.1543623700474,52.5229667235523,57.9797538817595,65.008913116316,70.6386561895625,73.687429128697,77.1225635716322,82.6826470896476,89.1363572436721,100,100,100,100,NA,NA
583,"FSM","Micronesia",NA,NA,NA,36.8325078852981,23.9837370271785,6.6648442944909,3.15536854251469,8.56190195713542,19.8548801334537,48.1617181399888,86.566427054622,100,100,96.7630596165768,89.8048662639276,96.9346631919984,91.5465529014216,89.0813363088148,77.9230030821529,81.0954540418835,84.9785520432609,87.8842148351999,88.6669291402425,75.2201979859459,74.7674661724345,72.6421028564995,69.8259027161788,69.8929812370207,NA,NA
498,"MDA","Moldova",NA,NA,NA,51.9151925358563,54.5546423567857,61.7262944885593,72.2410386905956,100,100,92.0040776046495,70.6913833805165,47.7791374403822,23.8551810871983,23.4120482470476,24.6060605128675,27.8084053658893,32.7145658314784,33.6682532740664,36.3477743423708,37.8875132393745,40.2460823281058,43.465429501339,40.4502750274977,44.3118558346789,45.2354037855675,39.433617238594,42.4162751799272,44.2661993316777,NA,NA
492,"MCO","Monaco",NA,NA,NA,NA,NA,NA,NA,NA,NA,NA,NA,NA,NA,NA,NA,NA,NA,NA,NA,NA,NA,NA,NA,NA,NA,NA,NA,NA,NA,NA
496,"MNG","Mongolia",NA,NA,NA,85.3144104776737,76.2577827734293,60.5541714992261,45.6443826569803,32.4705815322705,27.0291819080992,19.7236726408149,12.6155518678028,5.47152193834761,0,0,0,0,0,0,0,0,0,6.4012165023275,11.7867646764944,14.1989517955711,19.7934024258741,20.8826783492905,16.6874932746057,9.7661548865095,NA,NA
499,"MNE","Montenegro",NA,NA,NA,NA,NA,NA,NA,NA,NA,NA,0,0,0,0,0,0,0,0,50.9293050906364,61.5524562744755,72.6508139438975,85.0734308342151,84.1383884593057,100,100,100,97.966984568688,94.0760396456803,NA,NA
504,"MAR","Morocco",NA,NA,NA,17.6295893384848,21.8442322618344,23.8217640527427,24.3333903761497,25.7703714502108,21.6827759766749,17.8540236273645,16.153809112404,16.5326603763147,17.7755530453782,19.1942896878059,20.0990494925432,17.116249681468,16.4761546379637,20.8775025401049,22.1904579057492,23.6454186986823,25.7993189018106,26.8773116587524,28.6897115677902,28.323643301318,32.8446945290512,30.2874088043183,30.6704318792521,35.5619768349908,NA,NA
508,"MOZ","Mozambique",NA,NA,NA,26.6457146826713,31.9085631421438,42.8679442011632,42.8278746703048,32.9379619260781,27.8499491473633,22.5417680668424,20.6592178289202,25.9157927565043,24.6617481643147,21.8336053703185,25.0797433345932,21.4534368116947,11.7766456109647,0,0,0,0,0,0,0,19.2224741616366,22.4512728570296,21.9866142595399,25.1500321144613,NA,NA
104,"MMR","Myanmar",NA,NA,NA,0,0,3.0379667501674,7.76759617729201,12.0601841790803,15.8134459029146,19.709239838185,28.1311370608405,34.6318811715045,38.1336459800514,37.0669738179438,37.9573637300361,39.0186806507897,33.8970126781219,17.105912695764,0,0,0,0,0,0,0,0,0,9.3264567037407,NA,NA
516,"NAM","Namibia",NA,NA,NA,0,0,0,0,0,12.9582457006394,21.7746819391422,22.2692779275612,27.5424409419737,27.0978886105166,26.1616105121993,28.7854598308674,19.6324440262576,18.3010754936303,18.9041577105668,17.9736605782241,8.75124995848981,3.30078254964,7.60237798318681,10.6686105855509,12.3813115831974,20.8044724372844,27.0143700527691,34.2038948907579,44.4618291466236,NA,NA
520,"NRU","Nauru",NA,NA,NA,NA,NA,NA,NA,NA,NA,NA,NA,NA,NA,NA,NA,NA,NA,NA,NA,NA,NA,NA,NA,NA,NA,NA,NA,NA,NA,NA
524,"NPL","Nepal",NA,NA,NA,5.40093886761319,4.3732996648469,3.60507871461292,6.97369860854259,10.4751655754817,13.6301159043847,15.6619057695084,21.5252833437542,26.8728087288523,27.8345176418466,22.2706251346172,15.5306266121308,7.04190637814101,3.3512191175284,0,0,0,0,0,0,0,0,0,5.1633847392969,11.3949782854672,NA,NA
528,"NLD","Netherlands",NA,NA,NA,84.7528572235141,85.2169432219893,84.4797635050939,83.0295137772385,80.1338533787591,77.7174407536737,77.2162565730397,75.937161618899,78.1461312319163,80.949638837806,85.4735585499473,88.2244070862633,91.0668736956097,94.9649516949251,97.4730358734478,100,100,100,100,96.8741699952275,96.9630020673455,99.9427622984281,100,100,100,NA,NA
540,"NCL","New Caledonia",NA,NA,NA,NA,NA,NA,NA,NA,NA,NA,NA,NA,NA,NA,NA,NA,NA,NA,NA,NA,NA,NA,NA,NA,NA,NA,NA,NA,NA,NA
554,"NZL","New Zealand",NA,NA,NA,29.5318320511235,27.7695576871148,26.2379081959516,23.3307981564454,21.1313101965824,21.5195957143887,22.8047202532504,26.3631285154757,30.8109747268146,39.0289936176064,49.4679576222019,59.376043863527,66.9469686381738,69.9450013294462,70.2067018675078,70.0420768002824,67.7265833142253,67.5030681488048,64.2952878092019,61.2625534153727,61.5379693844861,66.8548833455899,71.5615184470965,77.1296034436282,79.7652449509042,NA,NA
558,"NIC","Nicaragua",NA,NA,NA,0,0,0,0,0,12.0440317826662,26.9694329791223,40.0193585592856,47.7310169793669,53.172120209641,51.5281742470675,45.5296934467213,38.2258086515461,35.1018497441411,35.640392379209,33.7876382464941,31.752819774852,29.9294376636336,27.4998325935866,33.801565264977,38.3557654447908,45.9141266753464,45.8974431736478,44.6802613508439,47.6955750857854,NA,NA
562,"NER","Niger",NA,NA,NA,25.1688676417996,27.2092264305772,29.1181105291582,31.4269614644964,29.6289465017334,27.5429705440586,25.4984620692428,24.7949497128983,20.8380288613376,14.753969947846,7.2820881199722,1.57536292263511,0.13590927273971,0,0,0,0,0,0,4.32671401238392,11.1933763572282,16.8747874043588,26.6838944621503,22.9092183678436,18.7544720205965,NA,NA
566,"NGA","Nigeria",NA,NA,NA,26.3058072915773,30.9344749144173,24.6301552023173,11.1441806140759,3.36396944895171,6.1246302749051,7.2897716609625,12.101966896709,18.5386984712743,26.7202660452741,37.2989638942216,38.0024375339231,30.4485151855229,21.4150799031387,5.72546241427808,0,0,0,0,0,8.0903624468295,21.1061415216922,28.541040684958,34.6373071034902,36.2113387196791,NA,NA
570,"NIU","Niue",NA,NA,NA,NA,NA,NA,NA,NA,NA,NA,NA,NA,NA,NA,NA,NA,NA,NA,NA,NA,NA,NA,NA,NA,NA,NA,NA,NA,NA,NA
408,"PRK","North Korea",NA,NA,NA,NA,NA,NA,NA,NA,NA,NA,NA,NA,NA,NA,NA,NA,NA,NA,NA,NA,NA,NA,NA,NA,NA,NA,NA,NA,NA,NA
807,"MKD","North Macedonia",NA,NA,NA,59.4275525144168,68.0358615308337,79.0649570902444,86.8654823507367,94.4148857244088,100,100,99.14862205347,88.6284539985389,80.9641085511887,74.3492599049545,65.4333137931276,55.63445862199,47.9415604298549,60.234305644505,72.7017524541976,95.1377674327931,100,100,100,100,100,100,84.7812207252129,81.7181526076616,NA,NA
578,"NOR","Norway",NA,NA,NA,31.9118953508128,32.4654700041795,38.2131299329253,45.6595241670176,50.0634740273611,54.3839246297934,57.5705127617804,58.7556338459869,56.4849386752553,54.0940967547272,52.9948829580803,48.713197398478,46.4343476555,47.648511595872,49.3408962076302,51.7156380984231,52.8990460127409,55.7541405221985,57.4263931480045,60.3811741909309,67.4531407198001,68.7200689743415,69.0060930483222,70.016607548118,72.745471351985,NA,NA
512,"OMN","Oman",NA,NA,NA,27.1082678470158,34.1414875964283,26.7383280720943,16.2317387311909,9.00052807031581,7.35687154202181,21.5400117330677,20.7186352466435,15.6820760438862,16.5043828696069,15.7199523145412,13.5270018543589,4.9216140858521,0,0,0,0,0,0,0,12.5639078981394,32.491298589194,46.1177341658463,49.4083136134009,49.1031339943779,NA,NA
586,"PAK","Pakistan",NA,NA,NA,0,0,6.84394336585889,9.33041842581051,12.1547839164333,12.2212304246698,7.60264158249829,0.775271073847094,0,0,0,0,0,8.14791135905649,23.5760828407884,35.7616047145121,44.5814725923776,45.9449682588983,43.3890328409751,47.0405808604994,48.2270691602684,44.6182241676222,36.4414110966442,35.7373553449493,34.8402556872453,NA,NA
585,"PLW","Palau",NA,NA,NA,100,89.9393821604817,36.0599135476773,39.4560197454416,33.9321220988866,28.9326854906153,25.6037325007942,30.534208468592,46.8280777377103,65.9852724323484,77.1972748950758,91.1990464014611,70.7573152231209,70.0144281808105,66.4758156050549,72.1664625039507,76.8342147879526,70.0988130718575,70.4059767710606,69.3063760310588,63.5415506423237,64.4977870090358,60.655019959207,51.4937390919509,52.5173687178322,NA,NA
591,"PAN","Panama",NA,NA,NA,0,3.53257748949521,1.94318861400551,4.66999879969802,8.4144203006733,13.8884558510998,15.3699368729229,19.9155671164812,27.4440509444886,26.0642593996656,21.0141991912753,17.3297167813721,6.41794957909759,6.38261384695019,10.6237839902541,17.2508001806495,18.3752815113058,20.0956996571886,30.5891293010112,48.7716031609539,41.4160562162444,50.3226049889713,50.9407778113731,45.0428951854953,42.3928652590908,NA,NA
598,"PNG","Papua New Guinea",NA,NA,NA,9.4835690782748,0.183010195286201,0,5.85042470998832,7.3956947513168,0,0,0,0,1.3220103977464,30.8535147567843,54.5922938770586,69.9780170560211,80.2129877558587,83.6890365594645,75.8255450901749,64.8712470448279,51.9198564985195,40.7217738878637,33.7093967574455,24.8928681477071,28.3225708627743,31.7002413192903,39.1892664449817,45.5782527137802,NA,NA
600,"PRY","Paraguay",NA,NA,NA,0,0.628983264754311,21.8864336433202,39.7066442884956,50.4049187173566,57.7457430456252,67.6529665827625,72.9307549591092,73.88654730399,66.2743964026314,53.6264321813164,45.4814761501813,35.4914267928896,29.0935601709723,19.3134500462006,10.987339325142,6.71529595666489,0,0,0,0,0,1.58613024025819,17.629787874126,33.9441173635561,NA,NA
604,"PER","Peru",NA,NA,NA,6.7817013996078,6.82442053398148,20.587292032373,32.7859270669164,45.1215648603202,47.3973497611661,50.7439205728435,54.5531983328022,55.6269016816774,50.5829984449706,37.5308300510137,24.7188873412331,18.4177632921644,14.8107207793115,12.5925802230018,7.68674574765591,7.89021976452912,12.6929493841736,21.4176319220416,27.1113479411289,27.7100404766719,38.2326593270827,33.5580306274443,31.672892490171,31.5759064848739,NA,NA
608,"PHL","Philippines",NA,NA,NA,0,0,0,0,11.4643265568572,25.5412450332945,36.9683534426006,45.5115988294898,51.2248791504279,56.3893827022622,66.8533805063352,70.6117397070393,70.1429478505771,62.101627008875,51.9842261751402,38.4217740524706,21.5126056931898,5.60667249116601,0,0,0,0,5.08990887694891,14.8300808167569,23.1321111375846,NA,NA
616,"POL","Poland",NA,NA,NA,66.9499363293494,76.8231093647266,84.7520726631069,90.9895773323137,92.0675838679292,89.6116570421322,83.2425429218167,71.2975577108551,60.2008256920133,55.1652404224407,51.3728694269644,48.981144895625,49.9694150481245,55.9150503546774,63.6663703043268,72.8232113127923,78.6091893602991,80.55627417052,78.1283835087505,78.0190109277337,79.9050301317891,79.9159174688199,78.9355861086397,79.9624787284991,85.2805841836287,NA,NA
620,"PRT","Portugal",NA,NA,NA,34.94003955899,37.4729001720339,40.5287962121099,38.4245015849511,43.8390408577977,48.8879455871147,50.8505694759839,62.6809354449512,72.1210136853788,79.8290961185441,83.9429173372625,90.9635933262633,99.9063091594668,100,87.5932329800861,72.6244245995505,59.6045538502913,59.312381661861,69.6802669698343,85.0661207963388,79.2046651941182,79.2316011470719,78.9323147386658,80.4276049078002,84.6775147564469,NA,NA
634,"QAT","Qatar",NA,NA,NA,3.31763122427331,7.23087616680341,11.5797105540549,0,0,0,0,0,0,0,0,0,0,0,0,0,0,0,0,0,0,10.2613985857336,25.1893874998045,34.4274871448113,41.873925439311,NA,NA
178,"COG","Republic of Congo",NA,NA,NA,82.6588635639375,75.9550209630092,54.7717700383411,51.8052697929987,32.2037064107159,23.9745823403509,0.249435406331287,0,0,0,0,0,0,0,0,0,0,0,0,15.9432524791904,38.2245625279165,50.9006669074291,51.9753563890796,52.4010846944728,52.078731047298,NA,NA
642,"ROU","Romania",NA,NA,NA,62.4174423502119,76.5978676196413,74.9910053361355,70.7842377109441,72.2115657225003,71.2262067723631,71.3186130333405,61.5135032747701,53.006270588583,51.0816780441564,67.6485516964103,83.0836223994128,88.6879232838263,92.2718706937125,97.0906843515421,98.039721058778,96.7104105886837,92.7231974432976,84.1847604205552,72.7549748887393,70.2568334557059,72.3231017095752,65.9722028441865,60.1187322041588,63.2580362709489,NA,NA
643,"RUS","Russia",NA,NA,NA,53.0659515068204,56.1644717210972,64.7688430565607,85.0441684668817,80.5035199481201,73.6527014786783,69.2450047936064,63.4131155280028,63.391924669481,60.5348905238479,62.7349351813757,64.5577496251202,63.8285374912004,64.1795432896987,64.3438405932057,64.0144966766333,65.5772862878694,66.0913267750932,64.8380924793179,59.2395546412177,55.5493195842125,54.2125402004156,47.7505283499524,41.68179713372,37.691342982759,NA,NA
646,"RWA","Rwanda",NA,NA,NA,35.4244250849082,32.2985471587862,32.0051818711966,29.5264391791578,35.0462849833583,43.5784664409784,42.9209668122589,40.3724070946378,34.3940046061865,36.9723567420372,36.9751658944521,37.4516567780702,37.5856816476065,30.9369208673642,28.10498813288,27.3655437043642,23.2009961520454,21.7050471183486,21.9372664611896,23.9446445245721,24.1950164364761,28.5879984423689,29.5677475158389,22.5487050854371,15.8691286609966,NA,NA
652,"BLM","Saint Barthelemy",NA,NA,NA,NA,NA,NA,NA,NA,NA,NA,NA,NA,NA,NA,NA,NA,NA,NA,NA,NA,NA,NA,NA,NA,NA,NA,NA,NA,NA,NA
659,"KNA","Saint Kitts and Nevis",NA,NA,NA,18.148052811636,28.4631398471608,33.0205477784351,39.8862164349858,35.2998106551512,22.6257567285344,22.3858756903367,41.6114486234664,49.2708814333322,53.3773705703462,56.6531802851196,51.3182256351341,57.8005217050495,58.5163837151944,48.3457642469117,34.4745062449278,21.7788391816251,28.5170348766568,33.1914793619592,37.1873798513371,36.4066267414309,34.8052656904118,45.0624284887797,50.3885518663809,50.4201494321179,NA,NA
662,"LCA","Saint Lucia",NA,NA,NA,14.1224460819604,20.4681088380063,24.9803822007359,29.9752047237342,31.7693523427655,30.8027506682013,29.5300971960292,27.5217957110065,23.499582457179,19.1215892204978,15.2682549995306,5.25917992816871,7.59074706974449,15.156204879053,14.232564809645,17.1295179626882,21.2293620599,27.0061113185349,31.913383223697,35.2805409410033,36.4633854041958,35.3782162153999,44.608541689193,50.1912030324923,50.1490189799833,NA,NA
882,"WSM","Samoa",NA,NA,NA,23.8380821796535,6.95121744349511,0,0,0,0,0,0,1.0873969942093,22.5767909859304,52.0114206492266,59.3652190181351,66.7125134187582,68.411710524935,67.3654954258442,63.2064012091972,57.6869412155514,52.2111571880655,52.5273319717119,49.0992567528329,48.9391489157231,56.2117249586994,63.8210053269801,70.6079789628684,74.0634815748555,NA,NA
674,"SMR","San Marino",NA,NA,NA,NA,NA,NA,NA,NA,NA,NA,NA,NA,NA,NA,NA,NA,NA,NA,NA,NA,NA,NA,NA,NA,NA,NA,NA,NA,NA,NA
678,"STP","Sao Tome and Principe",NA,NA,NA,25.5276452641946,29.7414857772915,33.4873706970242,33.0637470273316,32.3258998730888,20.4085488420284,7.28224377588322,0,0,0,0,0,0,0,0,0,0,0,0,0,0,0,0,0,8.41381099499691,NA,NA
682,"SAU","Saudi Arabia",NA,NA,NA,18.9461945375979,26.0376295746251,33.4379173704857,36.9527300797034,36.7282866092466,35.2774948627652,36.4916318051482,35.8957435712796,34.2906036105086,26.9880809880522,17.5368258191732,7.7140519668621,0.344622046162399,0,0,0,0,0,1.5801670575479,12.6558422794909,22.5979108857978,30.1644597068973,37.121067995725,40.8725733217219,46.3913166694458,NA,NA
686,"SEN","Senegal",NA,NA,NA,14.8337884956046,9.9188511944114,5.8141268642126,2.68657128579811,6.94986226502631,8.03220853151051,8.33305239958939,11.4993163234999,12.1479244124005,8.01902556347861,1.27427282221771,0,0,0,0,0,0,0,6.14402452335921,14.2696109361688,18.9736051793241,24.4715573808524,21.0264056221407,15.4276823865415,17.1625139657292,NA,NA
688,"SRB","Serbia",NA,NA,NA,NA,NA,NA,NA,NA,86.9210321134525,85.164021669888,75.5730224885296,58.3448469689155,40.6358750523485,47.8213416242543,56.9884722336199,60.4092934024728,66.6150962808209,68.5158443565957,78.0696500969907,83.3251673544237,86.8596253538628,90.715425005894,94.8926185909055,100,100,100,100,100,NA,NA
690,"SYC","Seychelles",NA,NA,NA,1.6827750790473,0,0,0,0,0,0,0,0,0,19.2115717930858,27.1620015091149,39.8656113842181,49.8253911893861,69.1777733551558,59.0301751298691,46.980110146438,25.703260188149,12.3950377200463,0,0,0,0,0,2.8882913922034,NA,NA
694,"SLE","Sierra Leone",NA,NA,NA,52.4253570276384,54.0147151200351,48.7767990268827,47.9751624115281,47.6161471410136,48.3764192794258,47.1914104141328,40.7754653606813,36.2416056636292,30.992092211193,22.8007445241798,25.8466731151165,20.0592760926425,12.3223415655144,2.13762593497411,0,0,0,0,0,0,0,1.60249480958672,11.8641259992513,22.0156477735684,NA,NA
702,"SGP","Singapore",NA,NA,NA,29.9047791320281,32.9654440744857,40.8822071103076,47.055924196032,55.9521471006203,61.5821404516262,66.119763015161,69.7099450002236,72.925959530511,76.8836645271503,75.33775797255,68.7598622911016,60.952157483725,54.0890048922156,57.9836002849731,62.8226517142662,63.2236535906486,63.8743671482383,66.2557796383199,71.3819722059361,72.7844535660808,71.9073301611451,64.7596031358969,58.6508236994421,58.9753366097686,NA,NA
534,"SXM","Sint Maarten",NA,NA,NA,NA,NA,NA,NA,NA,NA,NA,NA,NA,NA,NA,NA,NA,NA,NA,NA,NA,NA,NA,71.5361276274767,49.3411576410377,48.6678379155256,52.171832927253,52.699632646305,52.7882796223178,NA,NA
703,"SVK","Slovakia",NA,NA,NA,58.8301538386923,52.3240411155483,49.376428359454,53.6580599066883,58.1085964698314,60.7922330276587,59.8961952165004,62.5352279549956,64.2031087403821,63.6505715477896,69.2759379752201,72.6831907989555,77.6800215119233,84.9128052257681,95.8642314952905,100,100,100,100,94.476287295193,91.7133915999258,87.5201598419169,81.1212823557423,75.2712180079523,76.1469294963643,NA,NA
705,"SVN","Slovenia",NA,NA,NA,56.6249732330254,62.8072560483684,71.5127225036675,81.9836979076897,88.1372923929131,90.1280195088919,87.8369734982467,80.6337590875417,70.8475198105914,60.5810284986905,65.9548029720679,70.829533894635,73.5722622433302,76.2401046562613,82.3043893840896,86.5113253990506,85.2575505073724,92.2199091786287,100,100,100,100,100,100,100,NA,NA
90,"SLB","Solomon Islands",NA,NA,NA,39.3781710936247,18.7494066874612,23.8484165376381,32.4375464408418,40.0177427561448,42.1464256658433,31.052149364456,18.8196762353822,17.5694320992403,23.2218797751185,48.4277125832763,57.6601901963483,66.4632509335514,68.9570621435706,67.4499980894887,64.6690687528251,60.3520403737831,56.3140978371227,58.2053923438202,56.2156788888384,57.598344366949,65.4533457495794,72.5760769862988,77.7744880417119,77.505463065842,NA,NA
706,"SOM","Somalia",NA,NA,NA,NA,18.0195851240996,9.5263805824126,6.06048028435509,2.7449219744459,0.134528137849898,0,1.4623045927373,8.06241067100299,17.3110699781624,28.0566618539295,29.6752170001477,31.1926862168909,31.7511840281687,31.524740372872,30.9298461149996,28.8626621809555,27.2615872563735,27.2214592372193,27.9096716677396,28.5190657158005,29.3284042526149,30.6379716667033,32.3456221630478,34.8474530755855,NA,NA
710,"ZAF","South Africa",NA,NA,NA,26.2118439696099,25.7053474618225,18.2346798025216,14.2179941823095,11.7362034683394,9.04637349583409,8.29893587245101,10.2663168091712,11.2051146929306,11.5416796077882,24.9329268152762,33.2551647416947,35.9800784082351,38.2731730206316,39.1614575634438,37.8276433975806,41.8965486485312,47.9889100566701,50.2813264394808,50.4581683579695,57.0341515323927,59.721067465938,64.6552845078174,69.4740295492372,71.9582335137348,NA,NA
410,"KOR","South Korea",NA,NA,NA,21.5939857500662,40.2240400288544,50.1991435857972,55.7058882266675,51.4257773112933,47.4537899798428,44.3750057576661,43.131192345492,44.5875315308865,63.5301828357486,80.6457937026221,92.8005501563632,100,100,97.1719517901896,83.5055440232253,70.9444549476587,58.3250928734226,50.9950202790353,50.822802772846,58.2219536141069,72.0559670510757,88.0886711186436,100,100,NA,NA
728,"SSD","South Sudan",NA,NA,NA,NA,NA,NA,NA,NA,NA,NA,NA,NA,NA,NA,NA,NA,NA,NA,NA,NA,NA,NA,NA,NA,43.7276324780361,40.4460870313353,43.9374592230881,44.6228381956689,NA,NA
724,"ESP","Spain",NA,NA,NA,49.4895057686184,50.4986839742025,51.8236760015888,49.9513545167234,50.6079948436513,49.8825324909044,49.4407451441436,51.3869765331744,52.5054226426635,61.2943222002772,74.8774661209719,87.4434520371035,98.6681469385639,100,100,89.1548546464889,71.4516839135184,76.4864783443393,86.8723097843581,83.1853380517068,80.2315304151898,87.3992707459518,87.0304392336558,84.3570140020785,89.5483909514154,NA,NA
144,"LKA","Sri Lanka",NA,NA,NA,0,0,0,0,0,4.28394985305441,11.9934664188636,16.8937133448303,19.3188876795682,25.1859438208041,31.0323592203862,32.5947597589604,32.700531956036,30.3371424029299,31.1775412582695,30.0624852598765,28.3137713107855,21.1544985514762,17.7517038107573,20.326054126383,24.2812582522364,34.2159224375677,40.9270970354671,51.0270516618076,57.4942523548987,NA,NA
670,"VCT","St. Vincent and the Grenadines",NA,NA,NA,0,0,16.9625471982388,31.3615114544616,54.0491270623415,51.9989086737187,45.6878551616528,43.0026579612987,30.1835835454722,12.1553087297701,0,0,1.2005662671297,9.629855480318,21.7173330649471,29.3163148856274,37.3132198262708,45.6957549428913,51.7868887069399,56.2862989748135,39.5831486656175,36.6052378999572,50.0339096533239,49.6656904325774,51.318405998269,NA,NA
275,"PSE","State of Palestine",NA,NA,NA,NA,NA,NA,NA,NA,NA,NA,NA,NA,NA,NA,NA,NA,NA,NA,NA,NA,NA,NA,NA,NA,NA,NA,NA,NA,NA,NA
729,"SDN","Sudan",NA,NA,NA,33.2223683955479,26.4405257673994,20.9910592277682,13.357429986933,14.8359078785471,7.32516162914091,0.647176548293118,0,0,0,0,0,0.577006162074198,3.6163020473731,13.2275932829464,26.0074515890087,35.1971461031457,26.4468310956471,20.2960457644607,16.3261619512791,14.96489525851,18.5901332207125,21.9210403920633,29.995766116539,42.6197203667331,NA,NA
740,"SUR","Suriname",NA,NA,NA,31.5110701279592,6.98774687023679,0,0,0,0,0,0,0,0,20.6130343967065,17.6908871751944,13.2013775818473,0,0,0,0,0,0,0,20.4160747704282,37.2455032293404,46.7790276757257,44.5487104021357,43.6598410883854,NA,NA
752,"SWE","Sweden",NA,NA,NA,78.716572535427,77.7970312636843,77.0050433049948,77.5649465101413,78.6668500512055,78.101358046255,76.8283702230242,74.8642246733186,73.8387571224675,74.6445270057422,77.5244752368091,76.3614815555061,78.2095258613406,81.6336884419799,82.9623236109228,84.0177641258189,84.27833586455,83.0597187392115,81.6630363276863,80.6191495982998,84.2153051199612,87.954316286012,90.225512668674,92.8046333704236,95.4666373309947,NA,NA
756,"CHE","Switzerland",NA,NA,NA,90.3437442120004,88.0448214862564,81.6405379940661,76.3642138227979,73.5583744536255,71.2113895015457,68.2063755623727,67.9159575418772,69.5711449496435,69.0302591188821,68.7737131647842,70.7974225855039,73.5715132703564,77.2793869684544,76.8367290172928,76.7514391498072,77.6744086931259,80.0894026791797,82.6742407539613,84.0161964390797,86.8820539101363,93.7493416817196,100,100,100,NA,NA
760,"SYR","Syria",NA,NA,NA,24.2579510540303,30.6353849783982,34.5162969146823,38.5030945090834,42.2384000159548,42.6441505221901,31.3506846087803,19.1259712060101,7.31906746858651,0,0.831294591929719,13.0534643628315,29.1573761680232,56.4800170557359,71.9050990983774,73.487017905966,67.2518727348159,62.7848431780178,57.5347992853337,52.049910964029,51.2182959184212,51.1778517276301,51.8432419026591,49.0578407389454,NA,NA,NA
158,"TWN","Taiwan",NA,NA,NA,30.3577897488074,42.750048188263,56.6797509238475,65.3421195600441,72.258850191719,76.6535357966534,79.4813160337292,84.2159919018331,90.8932485488865,99.493886694617,100,100,100,100,100,97.7227180557374,91.1713126098017,83.5589029879388,79.7157077471627,83.2222484926116,91.8559298707909,100,100,100,100,NA,NA
762,"TJK","Tajikistan",NA,NA,NA,52.3573487876257,52.2814108321778,55.2045727205786,59.5302973947249,55.9286630701952,45.6779249967611,38.5488149325048,29.9423418580608,14.4916100017678,0,0,0,0,0,3.47073643272878,6.87571893085521,8.82637382539662,13.488695149209,10.9869179618364,1.42383170988779,1.26373260740631,2.7780929187841,1.4553652498476,3.12765431207301,7.50458831993669,NA,NA
834,"TZA","Tanzania",NA,NA,NA,11.8270327823342,10.769227618171,13.073352016053,14.0566018881451,15.1302452944772,6.2600057785431,0,0,0,0,3.51418718673611,7.81428324418179,10.1838145250863,6.62149949885841,2.98155236081271,0,0,0,1.26105362697679,9.00183424832221,20.0524232380867,31.0706147167705,34.4731675475684,31.3837810156882,25.6116122960476,NA,NA
764,"THA","Thailand",NA,NA,NA,0,0,9.1997652913855,17.7109378960731,22.3772202666563,30.3095944675844,34.3761447558785,34.794040238739,33.9980356951215,34.8582720279426,35.6852503730933,35.7862421394872,35.5829802875018,32.5404138490166,28.2703635579786,28.2765454605495,29.1210262426358,28.2526902908981,25.8364311885386,23.5179772505551,22.5982506520174,24.6968313915174,30.8841103403476,31.2407865283832,29.8513588506172,NA,NA
626,"TLS","Timor-Leste",NA,NA,NA,0,0,0,0,0,0,0,0,0,0,0,0,23.8416105776173,43.3958557275477,22.8202439317428,0,0,0,0,0,0,0,15.6130846301634,41.2897711280435,50.3999671187639,NA,NA
768,"TGO","Togo",NA,NA,NA,6.86559897449722,0,0,10.4145186707511,27.8312571098788,28.4697247622522,33.0242689541344,23.7970307251642,29.3149333329949,18.0624650597971,0,0,0,0,0,15.5676937559314,34.6030893073285,57.5631225677595,84.7622707653855,88.900929698007,66.5211946753018,40.0040914077424,15.7586960182005,0,0,NA,NA
776,"TON","Tonga",NA,NA,NA,8.90729875813769,15.821311261678,16.4164457354458,23.5309686418512,24.1173886204395,27.4917875495921,33.4767903763164,33.8643695132554,44.6524189408073,48.2104111101682,50.2577133057082,54.6430028251119,74.1349545187863,91.3885988134681,91.3525938262355,88.3516464852419,80.9688030463706,66.7028226159591,65.9899826927753,58.2693992350116,49.7977580352213,51.9664775691971,58.4685815181027,65.0480988437242,70.40056717143,NA,NA
780,"TTO","Trinidad and Tobago",NA,NA,NA,26.88970104634,27.2234993944662,24.5210175338841,22.7358574969391,24.0310680779634,25.0774799606752,19.2957718025199,14.2215415988427,7.3257168913443,3.87612317746749,3.3673006369949,4.22686407519321,7.6988638794806,18.2620770184307,29.3870458733243,40.5332260440483,45.9346044177568,57.4748554595852,64.2011240075095,72.078515685345,72.2473596972245,61.7593377398636,52.2523000814176,51.1807178573245,51.076197356476,NA,NA
788,"TUN","Tunisia",NA,NA,NA,35.4780638395872,33.3606890806896,29.8476929899231,27.2924210000922,25.1508186340712,26.7273035277935,31.5932044441322,33.2899951703808,33.1212480825073,36.529087677962,36.8568873088805,29.6622486543789,27.9236496091723,28.0683042416769,32.9595037827645,35.0699405033836,38.0652535552907,38.9971282207266,36.2577096241483,38.9618604280761,42.1626955818195,41.8283460921684,41.7645284711085,42.510129063658,46.1483116398615,NA,NA
792,"TUR","Turkiye",NA,NA,NA,21.7380121698165,24.3106163210158,32.9575269493367,41.5600625541401,47.8154559729433,54.0785736516173,53.0402413189771,47.954913986556,41.6979974570872,39.8671684179334,42.3347012985069,45.88610194749,50.6774796316305,57.7032653140029,64.990225760066,69.5595211074556,69.1201792163693,64.0515638505219,51.1693682355163,41.4780830393211,38.3824157909933,43.1951284153948,45.7092617940975,52.5091461291329,65.1631996506094,NA,NA
795,"TKM","Turkmenistan",NA,NA,NA,23.9697881694787,0,0,0,0,0,0,0,7.75186708048281,37.9488317489232,74.721243321196,82.7546213402565,68.5331239371782,47.4941386188434,18.8716991068824,0,0,0,0,0,27.7317087669288,48.5926948606867,55.6065994043172,44.7320903280485,42.6984227750983,NA,NA
796,"TCA","Turks and Caicos Islands",NA,NA,NA,NA,NA,NA,NA,NA,NA,NA,NA,NA,NA,NA,NA,NA,NA,NA,NA,NA,16.08650739972,23.6517118673624,27.2952519200944,26.8076990744334,24.5552181584309,38.5914735019237,49.7835814853147,52.1553098127256,NA,NA
798,"TUV","Tuvalu",NA,NA,NA,NA,NA,NA,NA,NA,NA,NA,NA,NA,NA,NA,NA,NA,NA,NA,NA,NA,NA,NA,NA,NA,NA,NA,NA,NA,NA,NA
800,"UGA","Uganda",NA,NA,NA,11.8643775165383,13.8236624442038,15.0491264771164,13.7890542003971,12.2901155761834,14.0619395965284,11.4618554454073,4.3772291600912,0,0,0,0,0,0,0,0,0,1.60894514487239,9.0675034041243,8.0506759753091,7.52070388274801,11.7902297991769,11.9998770598672,16.4329268303753,22.6458168070649,NA,NA
804,"UKR","Ukraine",NA,NA,NA,54.4454816600402,52.59143159366,54.1007592074181,60.9288999252124,75.1250541539397,78.3219608649639,66.2748747574333,62.5881652010249,50.4166874179829,43.5099950106103,51.834189163264,59.6155866365214,65.6798923655251,70.778825923036,64.0673558193456,60.0804677517929,53.724417854512,52.4548721893602,54.2343992830428,59.4843281929569,64.5075471027407,69.0265073067256,78.2224924511785,76.4668835313748,80.5333945245147,NA,NA
784,"ARE","United Arab Emirates",NA,NA,NA,11.588107098208,20.1986280956982,17.1572873031009,18.4167166800997,20.8241824923884,23.7553741278597,23.8173137017592,24.7601546598452,21.1551060166757,12.3763930517359,4.3927597638497,1.29869526077519,0,0,0,0,0,0,14.1138280578765,32.5577304500273,42.7232272363615,50.399316054969,57.8898524740082,62.1109882165534,60.9111221424695,NA,NA
826,"GBR","United Kingdom",NA,NA,NA,88.3654427631469,90.0589477088638,89.5776945031947,89.5735183261463,87.5577690879074,84.3040947293519,79.0274941019146,73.3404818010355,71.5177088355185,75.0845422444532,85.4175952655847,93.9185455372851,100,100,100,100,100,100,98.6685920548282,96.4065647852401,99.4616839366601,100,100,100,100,NA,NA
840,"USA","United States of America",NA,NA,NA,61.6652428160291,64.6122188803649,69.4144138357781,74.5182139547775,78.5367558839906,82.2913008067456,83.8249754893015,85.8862824125115,85.5944815226813,86.6271195324661,95.2011993049491,99.1913957841328,100,100,100,100,100,98.03187094353,95.0452662746824,91.2750657376852,94.5011325157607,100,100,97.7946150623505,93.8754144833519,NA,NA
858,"URY","Uruguay",NA,NA,NA,23.0199127910124,35.6342265391227,42.2449325884202,51.2638268094594,54.0049146519212,55.2238520662624,56.4113690794335,53.0871871226717,52.9548149050108,29.7973060561131,0,0,0,0,0,8.7633372548856,22.2083288365682,35.8564328185706,54.7364329739061,51.350818616947,38.4926001065346,46.3229225067225,39.9873531396159,36.1725030939887,36.8256326497831,NA,NA
860,"UZB","Uzbekistan",NA,NA,NA,50.2959949911785,40.1359914254986,29.2546079257345,26.69220314587,31.4887980159481,36.8170494281043,51.7821383038252,57.7485509071591,66.3960813793183,66.7350670832507,70.9714891277867,68.8587473933434,64.7741566279209,67.2311740717441,73.8248474627862,83.3300980500505,93.7837892346121,94.2704268419053,90.8845985381152,75.0067639497168,61.4929683148598,40.7211080602558,17.5024372213838,2.9440036836572,0,NA,NA
548,"VUT","Vanuatu",NA,NA,NA,19.7549808120152,0,0,0,0,0,0,0,6.4425589365855,21.0352402666587,37.4060418275845,35.9454089389326,28.6562591071419,28.249160274161,22.8197026455307,23.2837540064319,27.8221475543285,41.8423156520195,44.7707683896727,47.0943496366398,48.2114401163149,55.7062052655187,57.7679722210556,66.0409772315574,72.376300870335,NA,NA
862,"VEN","Venezuela",NA,NA,NA,NA,NA,NA,NA,NA,NA,NA,NA,NA,NA,NA,NA,NA,NA,NA,NA,NA,NA,NA,NA,NA,NA,NA,NA,NA,NA,NA
704,"VNM","Viet Nam",NA,NA,NA,0,0,0,0,0,0,0,0,0,0,0,0,0,6.8834553811112,16.602190187839,17.9794509952817,3.3649122832628,0,0,0,0,0,0,0,0,NA,NA
876,"WLF","Wallis and Futuna Islands",NA,NA,NA,NA,NA,NA,NA,NA,NA,NA,NA,NA,NA,NA,NA,NA,NA,NA,NA,NA,NA,NA,NA,NA,NA,NA,NA,NA,NA,NA
732,"ESH","Western Sahara",NA,NA,NA,NA,NA,NA,NA,NA,NA,NA,NA,NA,NA,NA,NA,NA,NA,NA,NA,NA,NA,NA,NA,NA,NA,NA,NA,NA,NA,NA
887,"YEM","Yemen",NA,NA,NA,1.1006744705324,10.306180225412,2.9986121348208,0,0,0,0,0,0.844094893597401,5.52346584999511,9.0711610704481,22.0353350390309,39.4136288172719,61.7002351882685,63.7214619982305,67.1484488493974,63.6106392777709,60.0224934986418,56.3246089683472,53.7969563282096,51.7448344665445,51.778593611261,51.7671071795857,50.8174505211206,50.7128711163305,NA,NA
894,"ZMB","Zambia",NA,NA,NA,62.9148595079452,49.0660858092324,30.1106488384379,8.21383109741112,0,0,0,0,0,14.8674590913369,32.9638264355938,31.0489920916556,29.718164794009,22.821684069048,14.3037140863875,1.92034309959151,0,0,3.2368215125351,12.8123794978478,18.356852935792,21.3181524344379,22.3968297594623,23.7335742968676,26.8831473437127,NA,NA
716,"ZWE","Zimbabwe",NA,NA,NA,47.9139689413812,52.6122599630996,57.2457366634033,60.5023518945098,61.6103742805023,56.5209604294318,53.8269669893662,53.962191494244,53.8444630986627,53.4028095768482,51.8435078002056,51.8256355508564,51.2107244714027,35.7660287849477,15.0747107467093,0.8595089296239,0,0,5.44404405953512,22.4413760518402,47.9743429245971,70.7855541367471,76.0914177516336,66.3957064788908,55.0154187437546,NA,NA
