"code","iso","country","PAR.ind.1996","PAR.ind.1997","PAR.ind.1998","PAR.ind.1999","PAR.ind.2000","PAR.ind.2001","PAR.ind.2002","PAR.ind.2003","PAR.ind.2004","PAR.ind.2005","PAR.ind.2006","PAR.ind.2007","PAR.ind.2008","PAR.ind.2009","PAR.ind.2010","PAR.ind.2011","PAR.ind.2012","PAR.ind.2013","PAR.ind.2014","PAR.ind.2015","PAR.ind.2016","PAR.ind.2017","PAR.ind.2018","PAR.ind.2019","PAR.ind.2020","PAR.ind.2021","PAR.ind.2022","PAR.ind.2023","PAR.ind.2024","PAR.ind.2025"
4,"AFG","Afghanistan",NA,NA,NA,NA,7.5809292,8.326621,8.4924922,8.638134,8.7293698,9.043901,9.1087188,9.302461,10.748705,10.9032828,11.0026464,11.113778,11.1574132,11.3217292,11.4698734,11.5565728,12.2938486,12.4504884,14.1406436,14.8665388,15.5471548,15.990061,16.0661308,16.1949724,16.222513,NA
8,"ALB","Albania",NA,NA,NA,NA,18.8477446,19.7527056,21.126604,21.5511931576952,22.1777470696536,23.1275636579886,23.4184442,25.0039176414516,26.1461500718808,26.7968048879614,27.4976357849604,28.0840635522234,28.4357767650792,29.1341656302336,29.596677556664,30.1554623782616,30.4730710161606,30.7831771723434,31.5869630444266,31.9088330528826,32.3301767918154,33.4562777612298,33.6341576473268,33.809227120139,33.8658333582594,NA
12,"DZA","Algeria",NA,NA,NA,NA,16.0695138,17.0060864,17.110608,17.4613978,17.5750054,17.8516162,17.931311,18.4276566,31.6191604820602,31.6620738097504,31.761816,31.832152728715,31.8547214496106,31.8841393735302,31.9955152788324,32.1405843565766,32.414751767775,32.4875219204038,34.900685649941,35.3958643227554,35.48605595005,36.7449384562814,36.7722629654164,37.0358316365162,37.0424925071288,NA
20,"AND","Andorra",NA,NA,NA,NA,47.9901406,50.093103,50.7545096769796,51.6504640675368,58.7614387381884,59.2614186,60.8938206,63.3890239674606,63.9003645972522,67.2165346757252,67.9873905767828,68.6725774058516,68.9989764092694,70.5884951533684,73.3994403414538,74.1036358464174,74.775798374746,75.1249238920914,75.6863204724542,76.1270207592206,76.7441254,77.8490366,78.4262482871388,78.6577937257878,78.781491796694,NA
24,"AGO","Angola",NA,NA,NA,NA,19.1527754,19.3256942,19.8301224,20.1659109071252,20.327952721841,20.6698315693882,21.2981301245694,21.7675446,22.0547546,22.2512702181328,22.3603086332546,25.850381724787,26.1173418274008,26.2503716487744,26.4941446,26.6353454116534,26.6661883568166,27.0552037740418,27.1238312219404,27.273612212971,27.2787811567298,27.2874035616084,27.3306904191328,27.3360668808936,27.3423459206516,NA
660,"AIA","Anguilla",NA,NA,NA,NA,23.0982090706034,23.6435124305004,23.8824996314298,24.3223926152346,25.4985568019252,31.8479325095408,32.6349277004812,35.0848454,35.3591672385344,35.9765232514222,36.6100305632114,36.8365634154646,36.8698690379838,36.888581450871,37.352752904591,37.6847138430988,37.7402499933578,37.7565544405662,37.8361568231166,37.8459320066074,37.8516887042782,37.8778954641906,38.0024975091362,38.0084040211956,38.0087753610336,NA
28,"ATG","Antigua and Barbuda",NA,NA,NA,NA,29.8496486884238,30.4572886,30.793202399192,31.1553669366518,31.9983827040418,46.4667198414682,47.2907475917142,47.7279223036478,48.1042248331876,48.8188681149992,49.3559641997866,49.7121100334894,49.7345628,49.747935226335,50.3485845215626,50.6089962162864,50.9395715738872,50.9524287768096,51.0605005802294,51.0737209527736,51.07897481401,51.0957197017872,51.2568854139966,51.2622487552882,51.2629193106308,NA
32,"ARG","Argentina",NA,NA,NA,NA,7.753881,8.3015382,8.7611304,9.2065356,9.4725348,9.7759888,9.8976462,10.2195864,10.3290676,10.5719342,10.618245,10.7351664,10.7884826,10.8160642,11.0886068,12.0789518,12.0893178,12.2255924,12.3601002,12.4510928,12.4557928,12.6049334,12.6146086,12.645582,12.6457254,NA
51,"ARM","Armenia",NA,NA,NA,NA,19.816798,20.5197901238664,21.0536124683984,21.2888475688474,21.5588179154346,22.0669487458514,22.233630554152,22.8723322,23.3649548392386,23.636825717157,23.8862341183548,24.436626190485,24.5250603005944,24.6919114591366,24.8268505120712,25.0215199746614,25.2216415097452,25.359100573084,25.74672713355,25.9338762557138,26.149415247923,26.6302781606614,26.7502464097668,26.883275824346,26.9287272629194,NA
533,"ABW","Aruba",NA,NA,NA,NA,41.3951452,41.4889027471038,41.6061623088548,41.6267636,41.6864240512056,41.8900357350508,42.3124811537284,42.399623441815,42.4179557472126,42.5841510091768,42.6151154651126,42.7693848931648,42.7911096188238,43.3230360902486,43.7720648004568,44.7509954547272,44.753054956605,44.7721351657584,45.067583303466,45.106530599177,45.126055945139,45.1438256,45.2931713437218,45.3737456724804,45.3743960236602,NA
36,"AUS","Australia",NA,NA,NA,NA,9.1126916,9.216496,11.2281026,11.484889,11.7231074,12.0225966,12.5270864,14.1286824,14.4989584,16.071226,16.7849224,18.0238946,20.6259317149612,22.8034716,24.525232878849,26.3296725716252,27.5109798,27.8325576579796,28.1394799876486,28.3087622181694,30.4796964364384,33.5094560113772,33.9320304733618,33.9817227704662,33.9817227704662,NA
40,"AUT","Austria",NA,NA,NA,NA,29.2268548171952,30.6191303671718,31.7392112448362,33.1211463657282,35.5416826562438,36.2958118587074,37.3380665657568,39.2902526,39.7282872428434,40.6535250184918,41.3331637520986,41.9015910227828,42.5255975066738,43.3254052,43.8080248392474,44.2000181313974,44.8876549899598,45.1183465761326,45.5594370546592,46.2304594173872,46.4797433739104,47.0073674465532,47.8634384835446,48.136900069354,48.2907290382792,NA
31,"AZE","Azerbaijan",NA,NA,NA,NA,14.066743,14.95392,15.3563886,15.6550538,15.937524,16.6465936,16.8102572,17.3182556,18.1513812,18.3122782,18.5292974,18.715214,18.7809358,18.9026472,19.0117674,19.2059134,19.3906836,19.505024,20.0594883611442,20.236112148381,20.5089820011704,20.9634771810508,21.08888,21.2839038,21.3147999841766,NA
44,"BHS","Bahamas",NA,NA,NA,NA,13.7230414,15.3290332,19.0871136,19.1087464,19.931293,19.9722716,20.0415387555214,20.0677004872582,20.4797750172474,20.87184602574,21.6799134049906,21.810676667309,43.2198186901812,43.3662108,43.498408661256,49.9018452926778,50.0119559557486,50.0770834129368,50.1056980447222,50.1373263276656,50.1538367691108,50.2275338209084,50.2850344830498,50.3594510954704,50.3684419677588,NA
48,"BHR","Bahrain",NA,NA,NA,NA,13.896755,14.1665412,14.2336696,14.3760232,14.3961446,18.5252548,18.6770666,19.639384,23.1095021791284,23.1185175912084,23.1461555473502,23.179463455087,23.1927354213402,23.227080243673,23.5050961013406,23.5264689958154,23.7204182,23.8466042809738,26.839953869384,27.316942548551,27.4269733668452,27.826986225292,27.8494134940226,28.349607242661,28.3543315970282,NA
50,"BGD","Bangladesh",NA,NA,NA,NA,2.780812,2.8390946,2.875579,2.8993952,3.1222666,3.1463496,3.160825,3.2698156,3.288495,3.3500266,3.6421852,3.6573132,3.6893248,3.7147026,3.737165,3.7420574,3.9100612,4.0520906,4.0593292,4.32157,4.354216,4.4338044,4.4662136,4.4719444,4.4727374,NA
52,"BRB","Barbados",NA,NA,NA,NA,35.910026521013,36.606608537439,37.3667047267752,37.6041273469258,38.1161740041762,38.733929717692,40.491174447913,41.0697825826644,41.6868513950628,42.9956595024948,43.2614906228696,43.5808338186362,43.602061077487,43.6128939771814,43.6606792615722,43.828089,44.0759624,44.093490301207,44.225169161359,44.258539767475,44.2661904,44.2811841172678,44.3973342002112,44.4088774,44.4110855975024,NA
112,"BLR","Belarus",NA,NA,NA,NA,16.6928474,17.562811,18.0333374,18.4638888,19.4028282,19.6870988,19.9539922,20.5509109242366,20.7784140523686,21.0110367053782,21.199723415601,21.3620847454072,21.5954135371096,21.7893220455662,22.0475842585796,22.2565337361092,22.384155788898,22.5536308,22.7374315430994,22.9008917582678,22.9832113136636,23.123454959708,23.2381185973228,23.3149482017412,23.3549876790974,NA
56,"BEL","Belgium",NA,NA,NA,NA,20.4998985116692,21.4191002446406,21.8866112567324,23.4356798,25.4696762954836,26.3472725352874,27.0256946133654,28.0961002914686,28.8537021404072,29.3555368601612,29.77917978705,30.477258808788,30.7627839123666,31.2465535518706,32.0820014893226,32.8972957927616,34.4087107116216,34.8456841952956,35.4117010175622,35.8410964311818,36.1460788457924,36.5734259250644,36.9537347363898,37.1892057948198,37.2578889359322,NA
84,"BLZ","Belize",NA,NA,NA,NA,54.740231390198,57.7963867709764,58.7245544611388,59.1640532,59.8466921679468,60.970484582446,62.2206347806316,62.722556402408,64.158454,64.3006816,64.533574007135,65.0924660780884,65.4009336,65.51569440579,65.558018378024,65.7196361668132,65.848768138282,66.0030700190642,66.1026968143062,66.3245232676738,66.333145729982,66.374918121863,66.8284949810952,67.2457336856788,67.2954937500308,NA
204,"BEN","Benin",NA,NA,NA,NA,30.7404778829206,30.930005626602,31.541207759052,31.5769378896022,32.1390995416134,32.2858743220764,32.4933524233062,32.8616297696312,33.1671738101952,33.6172442,33.6911451800834,33.7067209980302,33.8216300470702,33.842017574859,33.9850258820686,34.0544136215194,34.1078074,34.3498181995896,34.3721249021348,34.4311941252874,34.5141559099342,34.5656638619326,34.5940649726988,34.5996871768504,34.6694592786444,NA
60,"BMU","Bermuda",NA,NA,NA,NA,8.5479576,8.56793,8.5823464,8.5982562,8.6079158,8.6302386,8.6422676,8.6615894,8.7667984,8.7924362,8.8157844,8.8294708,8.841087,8.8501986,8.852633,8.8788822,8.9417538,8.9427484,8.9433934,8.947558,8.9476178,8.9477542,8.9477542,8.9478194,8.9478194,NA
64,"BTN","Bhutan",NA,NA,NA,NA,26.2763036382592,26.3326517289612,26.4589650032042,27.116279331878,29.0251443478282,29.0621328030258,29.1468095738242,29.3070813378176,32.963198418078,32.9846937441012,36.0710905374836,36.1114902,36.150444282413,36.1687608067294,36.2388828751192,36.2398719128152,36.7500119257354,36.8174278880772,36.8694161367028,37.08028732796,37.2276132297274,37.263014616062,37.2944762,38.1390514987762,38.1394223359646,NA
68,"BOL","Bolivia",NA,NA,NA,NA,21.99218771166,23.5428004017504,24.8628672910992,25.0074238,26.043904409478,26.7207544588244,26.9841604473712,28.4859464916912,28.857030255932,29.3512771794198,29.7707712022684,29.8854496594094,29.8914853404862,29.8932198923936,29.9179602713274,29.9574738016308,30.0194996,30.0481560768374,30.130874760841,30.159236892542,30.1670034016466,30.2203099609108,30.2320324790148,30.3928532362498,30.3934901998672,NA
70,"BIH","Bosnia and Herzegovina",NA,NA,NA,NA,18.26138,19.0007282,19.7024474,20.2862879322174,21.8133261033986,22.2232231419044,22.5525466067244,24.184263369493,24.8317415691552,25.4656891221812,25.8807315340386,26.3779565412174,26.5528821748052,28.3970167705368,29.4248931429954,29.8759062006352,30.2196264485282,30.5031022297396,31.0631076423498,31.4138488173338,31.7792427831702,32.526337446377,33.1849316691232,33.536454,33.6554575847698,NA
72,"BWA","Botswana",NA,NA,NA,NA,31.528528569987,32.0428733834318,33.2290209329006,34.1564762129642,34.3151843873626,35.6746324807144,36.695839824861,36.9794130175336,37.3984894,38.2112366099718,38.2955258177854,40.7316341884182,40.9033476,41.0392842884228,41.1078684946266,41.2318910413822,41.3430495499088,41.4103925627496,41.61865803426,42.685002534622,42.7289341834488,42.7346238,42.7849390225076,42.8016885665186,42.8163844416688,NA
76,"BRA","Brazil",NA,NA,NA,NA,15.5459,17.333643,19.469278,20.2072060518242,21.4317563231502,22.6936324041538,25.7601800730624,26.5280731225374,27.5051300228436,28.7875839960368,29.5930116636674,30.0045032928458,30.0704999558448,30.1405687079996,30.3279962206216,30.6490084708928,30.9616769709074,31.2006545252448,31.992563,32.0295405053452,32.093702221459,32.1176854069372,32.4307783145456,32.4850509249114,32.490033344898,NA
92,"VGB","British Virgin Islands",NA,NA,NA,NA,36.876688249175,39.9667966326176,40.1878870080904,40.7114745094074,43.090048,44.5423235875658,44.9257773056572,45.1416515615926,45.4005328001034,46.3071146767862,46.606853029896,46.8414347298766,46.9255084816762,46.9605385921956,47.0706330526214,47.3390388594608,47.4604534712262,47.5189932276484,47.5957295161974,47.6237440375352,47.6308993409412,47.6944616835742,47.7945741704428,47.8051052839252,47.806670895461,NA
96,"BRN","Brunei Darussalam",NA,NA,NA,NA,11.6927762,11.7564944,11.8350516,11.8469416,11.8776292,11.9939466,12.0726248,12.233516,12.2797066,12.355864,12.5210072,12.7585916,12.9022518,13.2910194,14.1264238,14.3604244,14.5604438,14.6593294,14.8430034,14.8462708,14.8468142,14.8522338,14.8525706,14.8525708,14.8525708,NA
100,"BGR","Bulgaria",NA,NA,NA,NA,12.5269362,13.3390938,19.2614748,19.6084862,20.2728757219004,20.7957134,20.991360368885,27.2673922110124,28.1522762240764,28.671055351405,29.1151133927768,29.73861428416,29.8446178218542,30.2464450154996,30.5188396534002,30.8389590154974,31.1670120172862,31.3671022917398,31.830204212149,32.0593292509558,33.0272384552792,36.2468806875888,36.5953825428836,37.6515410516812,37.7254380022002,NA
854,"BFA","Burkina Faso",NA,NA,NA,NA,22.6409764087562,23.0546756647072,23.6574174473136,23.670426433913,25.3822735497352,25.5075310029524,25.6909194739622,25.9487737456834,26.0794914022888,27.0627652905926,27.1284031400962,27.1415296,27.3487472,27.4597500041956,27.5298368,27.5586081092386,27.6922240830458,28.6243611595946,28.6299103658466,28.7615797409342,28.9115378,28.9766725446086,29.0364290711364,29.0429131002676,29.1420921299186,NA
108,"BDI","Burundi",NA,NA,NA,NA,20.021948818631,20.0422706254608,20.299691660812,20.3287973919708,20.4483447771048,20.5016911929756,21.605316,22.0232790157086,22.2176562310586,22.3602737472176,22.4717415303762,22.6216372,22.6627931203432,22.709133441985,22.8185994508778,22.962257,23.0152217018544,23.7683218165628,23.774241328734,24.8801206163678,24.884796,24.8951754840366,24.9185059136626,24.9237942243034,24.9267936116814,NA
132,"CPV","Cabo Verde",NA,NA,NA,NA,2.0948546,2.1198202,2.1220036,18.1462088,19.8141692,20.169536911803,20.181427131794,20.1850498038054,20.1878057382806,20.1949663314084,20.2007368,20.2093239812166,20.2297371760032,20.2372231427318,21.3237338648256,21.3247872838918,21.4030207320204,21.5392500856938,21.5409643087738,21.6991426125758,21.699585852191,21.7084161945898,21.7116102475244,21.8157361735596,21.815784019261,NA
116,"KHM","Cambodia",NA,NA,NA,NA,13.3774854,14.660908,14.898416,14.9592336,15.0529142,15.11426,15.424015,15.6307346,15.6595034,15.9229298,15.9565134,15.9780146,16.1018158,16.1618644,16.2477064,16.3785068,25.1491379368488,32.4028578293954,32.5816103594314,33.0436624731732,33.159419709989,33.7256757703928,33.73214319315,33.7323475718702,33.7324716467106,NA
120,"CMR","Cameroon",NA,NA,NA,NA,15.1139364,15.3699744,16.6056774,16.6967142,17.3140944,18.2586096,18.5760194,19.9118926,20.9375504868712,21.7909380679336,21.9997842879952,22.031386064148,22.5916460915354,22.6014854021534,23.2612972846048,23.7259930086174,23.833740401158,23.9841724023382,24.4331195329454,24.4929129054368,24.5250322632344,24.547242326032,24.6196810404678,24.632291355812,24.6790206117522,NA
124,"CAN","Canada",NA,NA,NA,NA,12.9638034,13.3924038,13.5357092,14.568402,14.744923,15.1424368,15.2569376,15.3514354,16.2706622,16.8410346,16.9888982,17.4876488,18.0414446,18.5613702,18.6356798,19.5373416,19.6419692,19.7387964,21.274882987566,22.2799602394672,23.777902574734,24.6769210120758,24.8607182873762,25.0658140616232,25.3315079668242,NA
136,"CYM","Cayman Islands",NA,NA,NA,NA,31.40590184498,33.8039777881118,35.1665290971194,35.270758067418,35.9172214,36.0112608,36.1926414404828,36.4064648253112,39.3319425429648,39.639945373491,40.2680891513896,40.838861348953,41.4998495606954,41.588654,41.6637196,42.125633794217,42.2711660473854,42.3763696933824,42.4413230110188,42.5365741272974,42.5504154573018,42.6241837073408,42.7721564255408,42.8759176879382,42.8885367493606,NA
140,"CAF","Central African Republic",NA,NA,NA,NA,19.0018524,19.0887378,19.6167002,19.6387758,19.9479374,20.095122539027,20.3413268,21.1491049613154,21.5506367206088,21.8136710728916,21.9015254711878,21.9510403310926,22.047918,22.0670229936262,25.2160438100062,25.372239761639,25.4385438513584,25.6988448639444,25.7094449213846,25.776685988636,25.7985858972682,25.8225078913528,25.8558070241902,25.8602303700952,25.9188781934694,NA
148,"TCD","Chad",NA,NA,NA,NA,18.4886324,18.6247936,18.7484454,18.772355,19.8026326,19.954031,20.1100792372588,20.3513966296722,21.1113842462622,21.16665529077,21.2222829591454,21.2506243639294,21.684335449783,21.70904893623,21.7687209587048,21.7863001891106,25.2541339407756,26.0248856727012,26.3571138,27.7040461786432,27.7360375249976,27.8093185473574,27.994643546249,28.1128095026274,28.4137044,NA
152,"CHL","Chile",NA,NA,NA,NA,20.7586576242842,20.8920062847268,21.3016789227322,21.3802941810666,21.5174026,22.9206079420198,23.0324047221866,24.6575436527636,24.6939879395536,25.4627286578888,25.6453769415308,26.250314784884,26.2656858081544,26.2750352594132,26.4040280461642,26.7759026276506,26.8036616,26.8420938433094,27.5539618424056,29.5091699229308,29.546000182435,29.893113025299,30.019361150164,30.6950251435412,30.7102497180262,NA
156,"CHN","China",NA,NA,NA,NA,2.6725478,2.8647782,2.9821274,3.2234952,3.426092,3.531274,3.6065556,3.9727976,4.0912554,4.1374164,4.40458,4.4850576,4.5378982,4.6141214,4.669109,4.6994734,4.8413516,5.1301824,5.3966564,5.5640116,5.6319352,5.7004068,5.751501,5.7747184,5.796472,NA
170,"COL","Colombia",NA,NA,NA,NA,27.8022260437136,28.5049227522042,29.9669545900022,30.2228310959438,30.5485801277362,31.5476329261882,32.7647308722318,33.7947862267522,34.8920283099058,37.2757029451868,38.1045956,38.4198134418678,38.6957924006964,39.5791864027008,40.167348434732,42.3490578923416,42.7159827905732,44.1739089336876,46.6827709463134,48.1977239540386,48.4809735957278,48.7995255753904,49.1134078,49.2628390581194,49.4501891446498,NA
174,"COM","Comoros",NA,NA,NA,NA,10.7612834,10.7679696,11.0849176,11.1732028,11.3422128,11.3910752,11.585977,12.5259564,12.7093266,12.886516,36.4421689951698,36.5068065909566,37.6711594514536,37.7442792558472,37.7969635996448,40.7945828,40.8920278461954,40.9418468,40.948855294738,41.4309662369434,41.634536424573,44.1081471585206,44.140916031325,44.1418923411812,44.1419006522092,NA
184,"COK","Cook Islands",NA,NA,NA,NA,3.6632148,4.2902584,4.3598934,4.64968,5.3631562,5.4744438,6.2617578,6.4783022,6.6694578,6.7290922,6.8267996,6.83941,6.8440606,6.8452142,6.8464134,6.847245,6.8515602,13.7066768,13.7276308,13.735569,13.735569,13.735569,13.735569,13.7420148,13.7420148,NA
188,"CRI","Costa Rica",NA,NA,NA,NA,57.2007606,60.473804328207,61.5615691321364,61.7550972,62.247933942226,63.414148807414,63.6408524593938,75.1034148714796,75.3055458716004,75.8860589439458,76.3168969252116,76.598959708389,76.7238749859052,77.024764551578,77.1508791943732,77.9933529407026,78.095732537047,80.6323208917642,80.997832123819,81.5407964064416,81.5851312960962,81.6503027075436,81.6951170373504,81.7454217688466,81.790979008022,NA
384,"CIV","Cote d'Ivoire",NA,NA,NA,NA,29.895663,30.0949013824626,31.2428315216184,31.5989084364454,31.8781286018026,32.0748122939154,32.2181714260942,32.775646344806,33.201208,33.5018511891696,33.5591859497276,33.5727381361076,33.7114426,33.7206617955106,33.8977631734462,34.0192382888096,34.0853059752182,34.195906099972,34.2278873341002,34.3845768,34.4255669093472,34.4902054130578,34.5576318239772,34.702772,34.7182993989854,NA
191,"HRV","Croatia",NA,NA,NA,NA,15.4437276,16.2297936,16.8777824,17.5118914,19.590737,20.0212328518102,20.4263039669828,21.8488604,22.3850262000064,22.8736844835806,23.3923346355778,24.2388170654444,24.4124618,31.0210488113086,32.4347265000394,32.828353659874,33.1768933985708,33.419339329156,34.001787822796,34.3874188633784,34.6933044863824,35.2720933450774,35.7394657652428,36.5623464,36.6513096952874,NA
192,"CUB","Cuba",NA,NA,NA,NA,15.063936,18.7542194,20.6471161884384,20.6807791005968,21.5382604,21.5992576317606,21.7270934547546,21.7931011639872,22.3493177316182,22.5633445839994,24.3590594148834,24.6035201167582,27.5435885718616,27.7607310784238,27.8309557963084,28.0534223558312,28.1943723124004,28.301657937266,28.3787894257394,28.4693245348396,28.5251188016486,28.5900396,28.6339344867992,28.8151231805802,28.8434250362222,NA
531,"CUW","Curacao",NA,NA,NA,NA,37.2117863016904,37.3147187683052,37.4448050762384,37.46506600263,37.5338062,37.705611499257,38.239800004354,38.324677286644,38.3404569592424,38.5673558844374,38.5949051900518,38.7424303772088,38.7557942565446,43.9676243103214,44.2537491919804,45.3737706566426,45.3755760962248,45.3941258603148,45.6607036137822,45.7003820149504,45.7186671908896,45.7334207039978,45.903591970425,45.9233968,45.923979056821,NA
196,"CYP","Cyprus",NA,NA,NA,NA,20.5788994,21.5418825036794,21.8157247106994,22.1715489057218,22.3969867781074,22.8910874425924,23.1871505580268,24.2271834213834,28.1948435270848,28.3567723121832,28.6218200701066,29.033542,29.092753630009,29.1865533810154,29.3246276571436,30.2176777938098,31.2237786965562,31.3298442610902,33.3832099734662,33.9465790899088,34.0923034257492,35.7315053150448,35.8580940458894,36.0336012311784,36.0473581359632,NA
203,"CZE","Czechia",NA,NA,NA,NA,23.6150073641088,24.8885804490682,25.301151183472,26.303305360166,28.3882688,29.120032474685,29.6575295223536,30.9645275572832,31.5119905288116,32.0494005411134,32.4403821024616,32.9121206878306,33.1273513563464,33.4372452685094,33.7535921465452,34.0801135050488,34.485962855961,34.8135556650336,35.2628815640618,35.5383999660104,35.7219519225634,36.03646606867,36.3331043996876,36.484258477586,36.5659695268544,NA
180,"COD","Dem. Rep. Congo",NA,NA,NA,NA,16.0160248,16.105671,16.6985952,16.7344482,17.5889374,17.7497032,18.8077366,22.4160407496926,24.3903348185284,25.1598776864274,25.2309138397368,25.331427925383,25.5485347517198,25.5709160778872,25.8932990441148,26.286916030106,26.8216235611004,27.378962032043,27.3906450716636,27.5318030225396,27.5371908327322,27.545403475545,27.609104279433,27.616872627831,27.6226204610598,NA
208,"DNK","Denmark",NA,NA,NA,NA,19.8446646,20.3933666376872,20.7568412321884,21.1818226634976,22.1997669703506,22.4878190422362,22.7272143221276,23.2539900015174,23.753644114321,24.0698103321678,24.3889368,24.9662851428652,25.1297849002148,25.324104734888,25.6267517655892,25.8937528220182,26.1213169893342,26.3609440233408,26.6442217835978,26.8598390334398,26.9962105194906,27.2860064048144,27.4038603621766,27.5481084612022,27.606615040221,NA
262,"DJI","Djibouti",NA,NA,NA,NA,9.0934308,9.110519,9.1345916,9.1372944,9.5380302,9.5636634,9.6070894,9.6590452,9.673472,9.6871978,9.8137428,9.8178366,9.833587,10.3326996,10.3500176,10.3589868,10.6206468,11.0364614,11.0414824,11.2727544,11.2736544,11.2779918,11.3833464,12.8532642,12.8584066,NA
212,"DMA","Dominica",NA,NA,NA,NA,72.797983775309,73.2629516008438,73.8290055617692,74.0712753003294,74.4718811804354,74.7780220705252,75.7737354843248,76.1378217910484,76.2822744197418,78.7294165671122,79.3136350873596,79.4786764,79.504003361829,79.5328145413084,79.8752752322158,79.9600542774222,80.1563437077286,80.2786742,80.5315874109248,80.73249478483,80.7471680919404,80.814809444844,80.91151297123,80.9350668305338,80.9525051470216,NA
214,"DOM","Dominican Republic",NA,NA,NA,NA,14.6483784,15.642809,16.178489,16.2604704,29.7382667675966,29.8594954777128,30.0310208,30.1662209124098,30.4978469692876,34.999844364985,35.3661836258386,36.1316901582698,36.5890998739122,36.750181500374,37.3083193817136,37.6272017693498,37.69401143573,38.1443448,38.2485707533562,38.344289834173,38.3593515345364,38.9686747475468,39.0755081830514,39.1736088781794,39.1907847815142,NA
218,"ECU","Ecuador",NA,NA,NA,NA,20.4309996160552,21.144226007272,22.4923083660172,22.8745278,24.4062136,24.792634468842,25.399446215454,25.9271107696822,26.264404843662,27.0341095600714,30.0457724798764,30.5942157462196,31.409469,31.4539582,32.2200795225928,32.6932910186154,33.025115319065,35.2230779641948,36.3119635104508,37.13202317539,37.1924924320162,37.778947704751,37.945957539056,38.268429336704,38.300283,NA
818,"EGY","Egypt",NA,NA,NA,NA,14.8088446,15.0729636,15.3462944,15.5711688,15.6041638,15.802412,15.843007,18.369441,22.7778260386114,22.7975458,22.8574702134228,22.9200205027434,22.939365941907,22.9687454185012,23.0774621318216,23.1123230855006,23.3585217017276,23.4371164502602,27.5092677941432,27.9954823908056,28.1897436244544,28.6715692540416,28.6962436669046,29.0133757241258,29.02019799915,NA
222,"SLV","El Salvador",NA,NA,NA,NA,10.7029744,11.9729716,12.1248622,12.1696328,12.2970968,14.581949,14.7874024,18.6425874,18.8498758,19.2216632,19.8510208,23.1188522285786,23.200356104349,23.3996634199908,23.5251247218916,23.7221275947342,23.8324056262752,23.915702298816,23.9775078107134,24.0664188719724,24.0733669814526,24.1226109419186,24.1415462,24.4223702102112,24.5690184865098,NA
226,"GNQ","Equatorial Guinea",NA,NA,NA,NA,20.4927418673976,20.6416229936984,23.3938626017032,23.5312945277688,23.8867410613216,24.3470076858386,24.8541615089078,26.8037666,27.9779401636558,29.7092261972942,29.780516031869,29.8017711295856,30.3963756280728,30.3970446252396,30.6418661856232,31.1372284653752,31.3318194469976,31.3815706430462,31.4795892421258,31.5254347764316,31.5368833629932,31.5452452525018,31.7559376992314,31.772739567555,31.774218832913,NA
232,"ERI","Eritrea",NA,NA,NA,NA,16.2193764,16.2788968,16.3750782,16.3860988,16.7418152,16.7758406,16.8855034,17.1547576,17.1720806,17.1999166,17.3194442,17.4053104,17.4584752,17.579764,17.6083978,17.6293356,17.8473422,18.8590742,18.8730072,19.0992356,19.104091,19.1134918,19.495288,21.989472210484,22.0041369315524,NA
233,"EST","Estonia",NA,NA,NA,NA,16.0181026,16.5682926,16.9500576,17.3688958,20.4406422671172,20.894502695247,21.403033616248,22.0756076178358,22.3127231090086,22.5370149047688,22.795923305116,22.9554633467686,23.1130625951178,23.2823501227956,23.5405907781896,23.779797936923,23.899377318544,24.1295549754424,24.3142341548534,24.6665514836814,24.768355093656,24.9432559489724,25.0668621323994,25.2075975989014,25.2658118658824,NA
748,"SWZ","Eswatini",NA,NA,NA,NA,14.684494,15.2635492,15.6536622,15.9576434,16.1764756,16.2669158,16.3413922,16.4309482,16.5082374,16.541109,16.7539468,17.1168052,17.2151672,17.5938834,17.8199172,18.2963734,18.4218942,18.553021,19.257638,24.3152624432584,24.411192517534,24.6539234174686,24.714261248105,25.1741286080392,25.2495791332542,NA
231,"ETH","Ethiopia",NA,NA,NA,NA,17.9161328,18.0146112,18.1929754,18.2004208,18.66012,18.7215046,19.1451014,19.448174,19.4876038,19.5286566,19.8823894,21.1134568,21.1933654849114,21.372889545762,21.4913058,21.647541736991,21.821090233704,24.7978716325344,24.8718095117446,24.9892523728484,24.9978976933684,25.0159830140884,25.1372257098564,25.3415926851056,25.363677373162,NA
234,"FRO","Faeroe Islands",NA,NA,NA,NA,19.789689,20.1643080909576,20.526403,21.0292563912378,21.3730647999512,21.5489920208146,21.747847,22.0954352338964,22.3465406,22.5952778,22.7611998115876,22.9866782,23.835586,23.9418323593638,24.2508375716494,24.3792736573234,24.5030378805398,24.654579237576,24.816540072538,24.9551618704682,25.174967501857,25.468828929713,25.5728479170558,25.7913742,25.9229642628468,NA
238,"FLK","Falkland Islands",NA,NA,NA,NA,9.8875412,10.0133466,10.0244744,10.0553722,10.214713,13.026002,13.1613214,13.445954,13.4467044,13.4764122,13.481078,13.5025852,13.5644852,13.565314,13.7568554,14.3611368,14.5980406,14.6028622,14.9103124,16.8726618,16.8738282,16.8976082,16.9066142,16.9105028,16.9105032,NA
242,"FJI","Fiji",NA,NA,NA,NA,3.2444616,3.8660232,3.9813078,4.4838986,5.817938,6.0526932,8.1941424,8.458568,8.6820692,8.7236964,8.7338446,8.7526796,8.7570982,8.758195,8.7595078,8.7612086,8.7655998,8.8667474,8.887858,8.8921614,8.8921614,8.8921614,8.8921614,8.8995956,8.8995956,NA
246,"FIN","Finland",NA,NA,NA,NA,14.9789398,15.6997552,16.1395498,16.4201294,17.109441,17.3262318,17.5281514,17.8242832,17.9829138,18.1535172,18.3437688,18.5227884,18.647828,18.8456948,19.1965856,19.931696,20.0236841270674,20.3527490993062,20.518254841942,20.7304180695174,20.7977700443006,20.9275637836994,21.0107112175986,21.0777688944188,21.1440508,NA
250,"FRA","France",NA,NA,NA,NA,20.2831566423938,21.249136209879,21.7353218744444,22.3223672917552,23.7835316382388,24.263341103201,25.031849472252,26.3087815504928,26.9654555451122,28.0120373186956,28.5436247451022,28.9714788436812,29.2380952862456,29.7807901219604,30.973451821709,31.7384398949372,32.3158281078304,32.7821146,34.114492705533,35.2006449357732,35.8765556420224,36.6151230957466,37.0137959234238,37.199835676265,37.2981475767502,NA
258,"PYF","French Polynesia",NA,NA,NA,NA,3.4802526,4.163599,4.2375278,4.5639482,5.3776792,5.515636,6.363858,6.5845692,6.8111174,6.8561976,6.904588,6.9191946,6.9228284,6.9238968,6.9260406,6.9270236,6.9314392,7.359303,7.3842574,7.3894104,7.3894104,7.3894104,7.3894104,7.395868,7.395868,NA
266,"GAB","Gabon",NA,NA,NA,NA,12.6778044,12.8280408,20.2625515859646,20.327496509644,20.884401970119,21.2253832868636,21.7124978005478,24.203371308728,25.7681384219018,30.3333411154268,30.472675366755,30.5492682248422,30.7978567291646,30.8062977031132,31.0713225598314,32.491081,32.700695268046,32.8671880843366,32.9110597680278,32.9775049224896,32.9872453772878,33.0028417292368,33.5196950162346,33.5397211354458,33.5438232017154,NA
270,"GMB","Gambia",NA,NA,NA,NA,21.9436934924966,23.0264411060836,24.0597438991892,24.0717594556608,25.1794701557776,25.4481548859934,25.5366518086518,25.6341674646168,25.6855341830054,26.0809316244084,26.1654490553296,26.1849066385058,26.3210073809564,26.3804836242212,27.1186288168384,27.1364790949392,27.1886030562806,27.7653329202124,27.7684228208232,27.8686743158544,27.9345023883328,28.1150838180994,28.3108276,28.4370673926948,28.4938754,NA
268,"GEO","Georgia",NA,NA,NA,NA,23.0429148496902,23.6151775553804,24.255041100682,24.8550754580292,25.6407504643576,26.0724129250664,26.3951198290596,27.6553064676448,27.9812121990084,28.3437312,28.597551051214,28.9215957038704,29.04886259676,29.592410810095,29.9368990159862,30.1892959856772,30.4049433005102,30.570036981295,30.8966832841952,31.1356078254732,31.3736085093624,32.3789245052358,32.6458687112358,33.2615279484456,33.4418795251146,NA
276,"DEU","Germany",NA,NA,NA,NA,23.968332700562,25.3751467862258,25.8755407010444,26.799692111393,29.0529034555014,29.8971396504234,30.7464662781074,32.3179864661364,33.3260994349828,33.8475480826132,34.2767964338948,34.7039346996722,35.0267786418358,35.43721048871,35.8944397025076,36.2970317752192,36.9964681092844,37.3987059823086,37.9734726073624,38.505784997512,38.8273871715126,39.4948312365138,39.8479195156434,40.0194313514606,40.0923664465974,NA
288,"GHA","Ghana",NA,NA,NA,NA,27.342402945341,27.5253526,28.0662017188654,28.2503219900724,28.5818920383734,28.7551779213134,28.9568286,29.5693032,30.119898938094,30.5439780960622,30.6003247049684,30.6202331723728,30.724553090461,30.737344399551,30.8707916284034,30.9986837538272,31.0565269880962,31.2031732068374,31.2272881844838,31.380951456016,31.4263837138844,31.4635055049426,31.5283211043742,31.581776615192,31.6139672751012,NA
300,"GRC","Greece",NA,NA,NA,NA,12.7975324,14.270385,15.7248402,16.1394472,16.5661286,17.746848,18.1219628,18.9932702,21.7715767542256,22.5883277880754,24.8034273514436,26.733098138727,26.805033602214,26.942614961597,27.0819096674882,27.702264550427,27.9747475982078,28.21623,28.9416928995478,29.1584222688126,29.3616822523358,30.3920996658986,30.4840476893298,30.6150313360064,30.6422554592508,NA
304,"GRL","Greenland",NA,NA,NA,NA,50.6746220335568,50.7188052726964,50.7601242,51.3514464070612,51.3843953779346,51.587517110773,51.5949864831146,51.59893317882,51.9387304722392,52.2061111728114,52.3666399722598,52.5055472,52.5560696,52.7011932142962,52.702934124067,53.3575282643758,53.3853308886944,53.3864262976924,53.6484444766608,53.7691411901382,54.1329389297738,54.1840619187332,54.1888995916896,54.2093279515876,54.2577917830086,NA
308,"GRD","Grenada",NA,NA,NA,NA,55.4373838928132,56.0223328571222,56.6953134799038,57.0286694,57.4628915376478,57.7572930360978,59.20728969463,59.7743074330792,60.0271944346768,62.7798707206288,63.129417016124,63.264366538415,63.3324681442302,63.3439852766866,63.4174246400078,63.6864323647376,63.8413096654082,63.8769059612166,64.6899551033902,64.7841226402842,64.7925252,64.8078280461572,65.1889358124414,65.2250125581936,65.2304609105274,NA
320,"GTM","Guatemala",NA,NA,NA,NA,28.399770524601,30.2474627267318,30.7747332749074,30.9844131545004,31.5339425820554,32.0900181950516,32.9916390682384,33.9566665716212,34.3385241960634,34.7461972534884,35.2049930612974,36.1624776758586,36.3480633111452,36.5589370059752,36.7422561882634,36.8653301082068,37.0205285655526,37.1419988942364,37.2344105213622,37.4582600948576,37.4762195592932,37.5878839689678,37.6286149456636,38.3392670189582,38.5542764,NA
831,"GGY","Guernsey",NA,NA,NA,NA,24.7495876,25.309603268646,25.604471185623,26.0498306405666,26.949362219857,27.4589093031576,28.1293368,28.9313772833598,29.3525211213702,29.8639066718262,30.3927887223618,30.6318923696588,31.5982677276266,31.7874534,33.0522936861262,33.455298035235,33.8470867584774,34.2184962555358,34.6509571377886,34.9795644160248,35.1733380264886,35.5302053864988,35.7641296,35.8986817068102,36.014652803249,NA
324,"GIN","Guinea",NA,NA,NA,NA,18.7230068,18.9177642,29.3488375741858,29.9217995242566,30.272587249477,31.2769556,31.341526446505,31.5863754935494,31.7277422842724,31.9044848,32.0843415839552,32.1090475698478,32.5487107470704,32.5554634,32.7172031955212,32.8266920888858,32.8687277590936,32.9677711184112,32.9776517980676,33.0041338934286,33.0471370331236,34.8050203926754,34.8494279509864,34.8779703716774,34.8942563861436,NA
624,"GNB","Guinea-Bissau",NA,NA,NA,NA,29.930509545138,30.1527102938856,32.6747058814466,32.7483086176476,33.1668960539166,34.2954114,34.3500517581648,37.3209843200806,37.4354346725102,37.6077924,37.7135893484858,37.7315106,37.9172841079906,37.928948754656,38.0353348366198,39.5740882,39.6174840395002,39.8729879420524,39.8771602427136,39.9205483793286,39.9683960670304,40.649523511318,41.147726189774,41.2842033490308,41.3032066355556,NA
328,"GUY","Guyana",NA,NA,NA,NA,24.7158211148544,25.615069,27.7655220623648,28.0551535116588,29.2709032,29.8786374825056,37.460594,39.8397772,40.2239522043066,45.0002953007814,45.3098680658904,48.6444939363116,48.690578165234,48.696697720246,48.805713398157,48.959929661342,49.1160250821376,49.1463031136364,49.6863504477396,49.7405664154264,49.7487727952218,49.7589074730588,50.553739505386,50.606647140405,50.6126850812956,NA
332,"HTI","Haiti",NA,NA,NA,NA,13.9901918,15.296798,15.7567086,15.8034426,20.5789653129182,20.6729966243866,20.8142103985904,20.9043726,21.1577334634062,22.7162072698402,23.2659086798282,23.6046162,24.2273834,24.7272805181792,25.4396068239868,26.2810916957716,26.3440138688818,27.7833502790264,27.8957230140476,28.0388562,28.0616090079124,28.9014646030308,28.9592905763538,29.0907722194066,29.1140652085326,NA
336,"VAT","Holy See",NA,NA,NA,NA,NA,NA,NA,NA,NA,NA,NA,NA,NA,NA,NA,NA,NA,NA,NA,NA,NA,NA,NA,NA,NA,NA,NA,NA,NA,NA
340,"HND","Honduras",NA,NA,NA,NA,26.3435188,31.1323326470394,32.9046019398272,32.9918572459538,33.3310659411894,34.0718152746568,34.8409513031588,35.4375076266708,35.6579823193512,35.950031290185,36.2991652,37.7482249661564,38.598663286294,38.8153393748976,38.9625078454508,39.1373032913232,39.489512255738,39.5614649816262,39.6899424628002,39.9300192539966,39.9416840204736,40.0518932683196,40.1007963951898,40.7532770204652,40.9248306900462,NA
344,"HKG","Hong Kong",NA,NA,NA,NA,NA,NA,NA,NA,NA,NA,NA,NA,NA,NA,NA,NA,NA,NA,NA,NA,NA,NA,NA,NA,NA,NA,NA,NA,NA,NA
348,"HUN","Hungary",NA,NA,NA,NA,13.3259594,14.0155602,14.5668792,15.3418044,18.7886998,19.1504756,19.3850058,20.86692444028,21.2523081284184,21.5762958,23.702539127724,24.1404941145124,24.2715958704428,24.7217136568694,24.9586711127672,25.1314391192192,25.3233362,25.4662738,25.8465724049924,26.0616477807996,26.201053225114,26.4688598729298,26.7850794,26.9559769174356,27.0410946762252,NA
352,"ISL","Iceland",NA,NA,NA,NA,27.8902696377538,28.3438210865244,28.6150923185976,29.0569311184778,29.3731516951492,29.5126631273876,29.6667592573502,29.9209931043318,30.0702765459772,30.3228488581498,30.5107577596744,30.738543,30.8463376434056,30.977092512985,31.738243931848,31.8605563308766,32.0204846,32.1701536186866,32.3213430820874,32.4176599671578,32.925276,33.3583542045044,33.4225258617938,33.5263676034394,33.6058451065734,NA
356,"IND","India",NA,NA,NA,NA,2.231937,2.2770974,2.3071128,2.3299464,2.4417114,2.4591776,2.4733404,2.5351486,2.5537026,2.5981182,2.7189714,2.7263734,2.9116388,2.9343256,2.9580666,2.9621442,3.0939574,3.2161434,3.221281,3.2935152,3.3083074,3.382181,3.5771634,3.5806458,3.5807578,NA
360,"IDN","Indonesia",NA,NA,NA,NA,15.295609,15.4142502,15.5243996,15.544366,15.6633606,15.7077076,15.9633602,16.1886134,16.382496,16.6011628,16.6797104,16.7415638,16.8378998,17.1762632,17.3910654,17.5199598,17.8885062,18.1049284,18.2695356,18.285564,18.292942,18.3150544,18.3167774,18.3245342,18.324542,NA
364,"IRN","Iran",NA,NA,NA,NA,9.3409086,10.3163808,10.5335116,10.7155982,10.7792656,11.1043838,11.1622708,11.461781,13.8819866,13.9198228,13.9943916,14.0842414,14.1125632,14.1744724,14.3957598,14.480217,15.1957522,15.2752698,18.2810292,18.5166956,18.6881396,19.279731,19.338722,19.5307912,19.547017,NA
368,"IRQ","Iraq",NA,NA,NA,NA,6.8827854,7.5243254,7.6201272,7.8760192,7.9299226,8.205792,8.2468308,8.6332162,12.0807242,12.1071508,12.1775272,12.3321534,12.3528716,12.523593,13.6391432,13.7053518,14.0208532,14.0769144,18.5170336,18.679913,18.7897252,19.4735008,19.5204694,19.6858796,19.6950186,NA
372,"IRL","Ireland",NA,NA,NA,NA,21.3669020593968,21.8559804849868,22.2572207181922,22.81245812446,23.688118105737,24.2107125913864,24.594133277669,26.0715989754488,26.7622176166056,27.0586264,27.4743581267518,27.7677648297822,27.9162764866836,28.1065392019286,28.42306773753,28.6605453461868,28.9363140103766,29.195730140171,29.4918674,29.9390622,30.1279512474916,30.9371557193246,31.2092482569346,32.2882003993632,32.370516943838,NA
833,"IMN","Isle of Man",NA,NA,NA,NA,24.1087209509088,24.5886948823984,25.0499734,25.6567578638762,26.4657598460292,26.9171929331142,27.25572383516,28.213934142185,29.5593124,29.8369868247718,30.259787634843,30.7318152,30.8704855820596,31.045560744256,31.3417479384698,31.5682064,31.8021888208094,32.0210337497258,32.575546,32.8434163375884,32.9890253196714,33.4250300272892,33.6517958131016,34.137585462786,34.2552955722498,NA
376,"ISR","Israel",NA,NA,NA,NA,12.8002832,13.2844972,13.4933546,14.111295,14.2035862,14.4887892,14.5796924,15.0865612,18.1882016,18.4409976,18.8757122,19.2458188,19.3752436,19.5382326,19.6945576,19.7813658,20.1285350577722,20.309436976654,26.1188574920056,26.570643460857,26.8536994370594,28.0119725541818,28.1861684635604,28.5763000782194,28.5856280442828,NA
380,"ITA","Italy",NA,NA,NA,NA,16.8993544,17.823706,18.603974,19.370419,20.53698283373,21.8725992980736,22.473302124304,23.9426532483464,25.0857922541638,25.881650161255,26.4253257935516,26.8538317776904,27.0367096511746,27.8797686692996,28.495774674122,29.322737306529,29.9470790578396,30.7236988957864,31.5260148834518,32.1324884696136,32.5507366903426,33.4014766294406,33.6806914531582,33.9124494558586,33.9668094,NA
388,"JAM","Jamaica",NA,NA,NA,NA,30.6932174496462,33.4067121592174,34.2445458909724,34.3488770902224,35.5918366629136,35.8110071351218,36.0602735938504,36.23857124902,36.482948,36.8974875012958,37.26343498259,37.5314387967828,37.9487686,38.1362834790486,38.3349128468068,38.736951640145,39.0440898892064,39.5263104344178,39.6564471779292,39.8612516027382,39.880526443391,40.1289670435894,40.1905302163034,40.2709932505762,40.2832478786114,NA
392,"JPN","Japan",NA,NA,NA,NA,10.7668966,11.1160896,11.3650632,11.8510356,12.3802202,12.9091366,13.2907086,15.9091504,16.3560124,17.3706994,17.5346734,17.7309256,18.1871712,19.8643174,20.770088274084,21.3347019199884,21.7662461911714,22.394456173213,23.4547182,24.0735145363272,25.5507273197732,25.9407783848162,26.6881385112936,27.2045828938922,27.4593444354004,NA
832,"JEY","Jersey",NA,NA,NA,NA,26.549499367022,27.1314522331,27.4302388553714,27.8685466539088,28.7987707104284,29.1918789013958,29.7353224556802,30.5374872591564,30.9607744,31.5017028416254,32.0330918352448,32.273077973951,32.8534822,33.0461690686224,34.2061850485248,34.5059125804122,34.9003382196182,35.2298884,36.283852556565,36.6569245262676,36.8712083197914,37.215045011562,37.422257105002,37.5470357213996,37.6555765868406,NA
400,"JOR","Jordan",NA,NA,NA,NA,9.0941062,9.7245634,9.8534558,10.0833174,10.1459046,10.402595,10.4495618,10.7887486,14.3391344,14.4108004,14.5081256,14.7664026,14.8391856,14.891179,15.1257226,15.1857916,15.5176102,15.580359,26.3635227338704,26.5830262,26.7612675110848,27.6951756413092,27.758988027625,27.9814501754372,27.9912700111606,NA
398,"KAZ","Kazakhstan",NA,NA,NA,NA,6.0140504,8.5901456,8.7722548,9.123546,9.2472516,11.6615416,11.706322,12.3120836,12.6025582,12.6476302,12.7800406,12.9061448,13.22168,13.2861046,13.3478474,13.4068122,13.7353946,13.8649882,14.1762166,14.249703,14.4045716,14.525662,14.727317,14.852962,14.879061,NA
404,"KEN","Kenya",NA,NA,NA,NA,19.3976832,19.865264,20.1367496203296,20.1412305811108,21.9708813557078,22.0027384,22.4484954885648,23.3921855913344,23.4634697200142,23.5514999309334,24.105766834911,24.2878832701586,24.3887325701954,24.9713574651154,25.0310951459788,25.0733912712706,25.1319044472746,27.780007861018,27.8097984872616,27.9531528569398,27.9732923704576,27.9951618587296,28.1919136741088,28.2546512,28.2758415580128,NA
296,"KIR","Kiribati",NA,NA,NA,NA,1.7566092,1.903316,2.0099762,2.1693938,2.5883988,2.6720744,6.560876,6.6863786,6.9187572,6.980243,6.9820948,6.9822608,7.2711448,7.317885,7.317885,7.3235524,7.3246542,7.4737872,7.475557,7.4792874,7.4792874,7.4792874,7.4792874,7.4840986,7.4840986,NA
689,"XKX","Kosovo",NA,NA,NA,NA,17.7107342,18.5269302,20.7524166894696,21.1926778346354,22.0787812146572,22.5743771209688,22.8360484803086,25.8969088086778,26.5199556,27.0462745521446,27.5044380250218,28.0408206,28.18333570019,28.908260424762,29.3953183799624,29.8215935544946,30.1513396,30.4106500728388,30.9222095636964,31.1906164654474,31.8140830062174,33.5627212362072,33.9625025830384,34.4770191103316,34.5740055381872,NA
414,"KWT","Kuwait",NA,NA,NA,NA,10.3255692,10.6965022,10.7801532,10.8839298,10.9111504,11.1271604,11.1616804,11.5666132,16.3405418,16.3544072,16.450959,17.8610342,17.875269,17.9367546,18.3605142,18.3871934,19.080367,19.14287,28.6769134108074,28.944407059417,29.0340634175304,29.5017310926624,29.536489591324,29.7727881870516,29.7793980812656,NA
417,"KGZ","Kyrgyzstan",NA,NA,NA,NA,9.832438,11.3229868,11.6132976,11.8025858,11.941753,12.3095904,12.5459468,12.9060076,13.1385892,13.2105728,13.4276484,13.7296174,13.9070626,14.5780492,14.6590476,14.7461706,15.281294,15.5115042,15.8045022,15.9441106,16.0828614,16.2116244,16.2936514,16.3456788,16.383336,NA
418,"LAO","Laos",NA,NA,NA,NA,12.563142,13.2962044,13.6962412,14.0326062,14.2368844,14.4172828,14.4668844,16.0336302,16.5499674,16.8670994,17.0836724,17.7577162,18.3271832,18.417709,18.6114286,18.6227642,19.8359504,20.8983843660652,20.9524593578092,24.5738039133598,25.0904407883082,26.55913968589,26.9262968055144,26.9286671205722,26.9288112283734,NA
428,"LVA","Latvia",NA,NA,NA,NA,17.3632026,17.9323684,18.4167334,18.817584,20.5787480861582,20.8777567446084,21.1307274836392,21.632765440985,21.9055075954784,22.1338058491984,22.3353504,22.4962419412344,22.6725784852402,22.8313621855096,23.0654647754032,23.2894810234638,23.4196646,23.6251665842536,23.7957723939692,24.0080997909556,24.092917,24.2502060218704,24.3544754743348,24.517116666093,24.578505006213,NA
422,"LBN","Lebanon",NA,NA,NA,NA,9.5102034,10.261143,10.6412438,10.899432,11.077698,12.044224,12.3047924,13.0665368,15.2508282,15.5676416,16.0089326,16.751538,16.8346946,17.0950602,17.3095914,17.5987454,17.9974476,18.458333,21.1112479137088,21.3380478778158,21.5288080505838,22.7620295875012,22.8506398,23.0086347544334,23.0213184443904,NA
426,"LSO","Lesotho",NA,NA,NA,NA,7.246827,18.9311688,19.1319448,19.1976898,19.876113,20.000029899798,20.0328392524336,20.1073487687754,20.2527631113758,20.2834838631812,20.3618699550972,21.097640626443,21.1751419470256,21.3362574465384,21.5392031576258,21.8501353523378,22.8168614620394,22.873421015418,23.0794664648504,23.2984665368574,23.3534792360566,23.470199810979,23.6769324,23.7755208276358,23.8459300087854,NA
430,"LBR","Liberia",NA,NA,NA,NA,12.52511,12.5704262,13.010908,21.516847665075,21.6420346005752,21.815937174512,21.9354687745062,22.504195580234,22.9025352777772,23.3115344,23.6344922463298,23.6385856848724,23.9293292945622,23.9300397509174,24.021561052388,24.1465077716112,24.19803401691,24.211715832668,24.2968908190474,24.3623441981298,24.3795753090938,24.4061116830224,24.4384038856832,24.695800197225,24.6973247682164,NA
434,"LBY","Libya",NA,NA,NA,NA,12.5277582,12.8603306,12.9952188,13.1254854,13.167328,13.3744484,13.4147774,14.1031662,20.8020865323466,20.8227951242264,20.8978844609412,20.9528705293632,20.97100364665,20.9996035466756,21.105334,21.147557043867,21.3916524782328,21.460741916799,24.9656306808948,25.4197938,25.5293395366264,26.2070664262126,26.2339632,26.5025457823394,26.5087875215508,NA
438,"LIE","Liechtenstein",NA,NA,NA,NA,32.0886089204628,33.3294588914028,34.0371533736324,35.2267511997742,37.4958577499438,38.462222403296,39.7771906664158,41.7854214107798,42.3939843285554,43.2954807552452,43.9686439394214,44.3689377536988,44.8300222617066,45.9081284,46.5538456,46.9594574197884,47.709171057805,48.0088106587962,48.5454660435328,49.0996096779986,49.335818438213,49.864313687274,50.7346812759876,51.4520134603982,51.5993842669142,NA
440,"LTU","Lithuania",NA,NA,NA,NA,17.9165084,18.5259232,19.0000758,19.442812,21.1929426895962,21.5543553953456,21.7960169638754,22.3697588274406,22.6786382906492,22.9553567399444,23.1497740984554,23.3143671869498,23.558022,23.7188524362562,23.9583698149688,24.1566637222774,24.2968914303744,24.4897184518298,24.675740981285,24.864640614259,24.9560380964336,25.1284181315826,25.252892380003,25.3542711480438,25.4127896,NA
442,"LUX","Luxembourg",NA,NA,NA,NA,24.323168800438,25.4266168731724,26.3897548770018,27.8781282843086,30.894242417244,32.0063072,32.8675138747644,34.3553425688962,35.204047452701,35.7383268473098,36.286906082398,36.9987629148072,37.251071541703,37.6121301297262,38.1321104385776,38.5506798395116,39.6063927946462,39.9704781214972,41.157533745033,41.6307133572006,42.0877604856018,42.5696753960868,42.901126345342,43.0704791336562,43.1461582752286,NA
446,"MAC","Macao",NA,NA,NA,NA,NA,NA,NA,NA,NA,NA,NA,NA,NA,NA,NA,NA,NA,NA,NA,NA,NA,NA,NA,NA,NA,NA,NA,NA,NA,NA
450,"MDG","Madagascar",NA,NA,NA,NA,13.5245028,13.6963106,14.1224674,15.4585892,15.9123786,15.9930808,16.0841802,16.6783084,16.7258416,16.810213,18.7248534,18.974928,20.0466096744412,20.2923736542068,20.3738080642934,26.8280013435256,26.8479587377196,27.024824492441,27.0932390816974,27.950310706981,28.0575186,28.0926200096882,28.1018909544614,28.1100548072258,28.117938463046,NA
454,"MWI","Malawi",NA,NA,NA,NA,34.489547618568,34.5944818888242,35.6468673651804,36.0497271103008,36.9843196133316,37.079571161133,37.2977179166332,37.455097049754,37.519464344746,37.664979791336,38.5761148134216,39.1952742015584,39.3266752,39.878361454545,40.0003041471074,40.4359479258286,40.4481899829164,40.9332696,40.9633772887616,41.2301182183954,41.2370461588526,41.244145,41.2579063525038,41.266965041688,41.2716944423362,NA
458,"MYS","Malaysia",NA,NA,NA,NA,11.4649696,11.6258244,12.2038412,12.2373766,12.3295914,12.5376502,12.7477276,13.4388102,13.673322,13.8330424,14.3517702,14.4662302,14.7579214,15.7924222,16.8911616,17.5531918,17.983918,18.153842,18.3879124,18.404559,18.4095476,18.4351158,18.4373588,18.4373768,18.4373846,NA
462,"MDV","Maldives",NA,NA,NA,NA,3.1781306,3.1826302,3.2267698,3.333924,3.4283972,3.433931,4.2506266,4.3457642,4.3765112,4.4469346,4.515928,4.557337,9.2174308,9.3647514,9.5643698,9.5915902,9.6245266,9.6834338,9.6850188,9.6859984,10.5439592,11.6382122,11.6388658,11.6388658,11.6388658,NA
466,"MLI","Mali",NA,NA,NA,NA,12.2456852,12.730438,13.2069514,13.2271842,17.5300172,17.7170798,18.0341138,18.1791844,19.1828824,19.2989212,19.3657158,19.3853768,19.5112872,19.5637752,19.6014742,19.6111766,19.9727094,21.004833795069,21.2355420041512,23.7795452245914,23.831839925106,23.9763568879564,24.0312327880408,24.1316352778074,24.1598969285798,NA
470,"MLT","Malta",NA,NA,NA,NA,11.172769,13.6090204,13.9908238,14.609854,15.0462304,15.6686028,16.5736448,16.9903274,21.1444698,21.3556603839588,22.4783351814722,23.1718885957226,24.1983077350998,24.2588182,24.3531273701848,24.9036720821198,25.3250254362258,25.6121627700236,26.9182891091586,27.2635556,27.3814184265102,29.6318723087616,29.686153,29.8349095888798,29.8462374320474,NA
584,"MHL","Marshall Islands",NA,NA,NA,NA,2.614721,2.73685,3.1705204,3.338683,4.8095756,4.9168742,5.8380316,5.9640822,6.222136,6.309194,6.3105146,6.3107306,7.318274,7.60974,7.60974,7.6175704,7.6182804,7.7360068,7.7371424,7.74225,7.74225,7.74225,7.74225,7.7493286,7.7493286,NA
478,"MRT","Mauritania",NA,NA,NA,NA,6.9768512,7.0855224,7.130862,7.1603752,9.3623584,9.467593,9.5429912,9.6455754,10.7412914,10.7626842,10.7733902,10.782167,10.814156,10.8262448,10.843407,10.8468228,11.1993074,11.7370588,11.9421456,13.6836328,13.6950182,13.7600902,13.7948246,13.9690854,13.9736128,NA
480,"MUS","Mauritius",NA,NA,NA,NA,8.9158058,8.9292762,9.0576336,9.630815,10.3521022,10.3835922,10.4271288,16.5693006,16.6407544,16.6872948,18.5489552,18.8212638,20.2493335794546,20.3292553734008,20.358533958997,23.1263573761026,23.1378041093528,23.1786704121828,23.1895558683858,23.415809956807,23.4620246013338,23.478525,23.4855734120396,23.4863059074786,23.4870312010796,NA
484,"MEX","Mexico",NA,NA,NA,NA,8.6729342,9.3641792,12.5446034,12.9271756,13.622802,14.0477776,14.5905628,15.2210526,16.5107332,17.3420124,17.5982654,17.9114108,18.1474202,18.3526902,18.4062908,18.4315786,18.8201732,18.9808512,19.021588,19.0699676,19.0744196,19.237654,19.2887292,19.7529288,20.5997567251338,NA
583,"FSM","Micronesia",NA,NA,NA,NA,6.727528,6.8208334,6.978203,7.08603,7.4648622,7.7799998,8.1627012,8.21262,8.958397,9.1148624,9.116229,9.1284274,9.2658176,9.2770206,9.2770888,9.317531,9.319484,9.3547134,9.3561532,9.3568188,9.3568188,9.3568188,9.3568188,9.3731052,9.3731052,NA
498,"MDA","Moldova",NA,NA,NA,NA,14.4403106,15.0853382,15.6271138,16.0034862,16.7506632,17.0394194,17.220837,18.5561202,18.875358,19.1927366,19.540341,19.9871782,20.100740279223,20.4031826821036,20.5919849106488,20.7537401854842,20.946973275572,21.0806124352354,21.4042212836706,21.5873076662124,21.7372184,22.0066287359554,22.3210238060604,22.4091852638966,22.4652044322756,NA
492,"MCO","Monaco",NA,NA,NA,NA,14.9157506,15.8803864,16.4982602,16.9835208,17.7355616,18.2040506,18.532613,19.6192056,20.1731116995572,20.566225148588,22.2045639942796,22.5440685489144,25.1525383451786,26.0266971886088,27.8837239575588,28.850494,29.5660904191626,33.2634553066604,34.0040301312104,34.3614503718972,35.1857119230334,35.9210978406864,36.1848826120496,36.3545645003144,36.4028031001582,NA
496,"MNG","Mongolia",NA,NA,NA,NA,12.886387,13.7062748,14.2481642,14.7956006,14.8949426,15.2468066,15.3421066,15.495423,15.7261564,15.7673474,16.205666,16.8982772,17.4337856,17.5066078,17.6162852,17.6861732,18.0847988,18.4061774,18.5908778,18.9274174,18.9772124,19.0343038,19.0910664,19.1244222,19.1559512,NA
499,"MNE","Montenegro",NA,NA,NA,NA,25.6221359080148,26.4176217174994,27.147388,27.8013089240468,29.086975669061,29.5314459883728,29.9024842473666,31.403364042525,31.9003578,32.6193076,32.9870052079456,33.3970638988228,33.5942676958028,34.9098004063662,36.0367118641558,36.588168,36.9679906,37.2917702140476,37.7814878826364,38.1012570534236,38.612047354829,39.5423043968452,40.1264637518562,40.3834874406064,40.5071228988676,NA
504,"MAR","Morocco",NA,NA,NA,NA,15.8833918,16.853612,16.9957868,17.4514544,18.0319914,18.4659124,19.3983086,19.7039188,28.1827877699162,28.2520449164524,28.3917806,28.5022551814036,28.5348580696368,28.5769755577956,28.683789708771,28.9855320815952,31.020931883451,31.089186405118,33.483136373941,33.6927635423708,33.82574833109,37.8507245636006,37.8975302012754,38.775855725135,38.784635110122,NA
508,"MOZ","Mozambique",NA,NA,NA,NA,31.2665993120616,32.339669511998,33.654687059401,34.2586659819862,37.2034119239354,37.31463882711,37.4919548863514,37.6636635385726,37.7826233851892,37.9707416,39.520087910876,40.2588934268246,40.6720309635758,41.808779500509,42.1500127601902,42.9820155633494,43.0146702843056,43.2424442270906,43.3318094,43.9900644,44.0025936562128,44.0155880396998,44.0300897831004,44.0446877057626,44.0693247018168,NA
104,"MMR","Myanmar",NA,NA,NA,NA,5.3070482,5.4815424,5.7139962,5.9442366,7.1017442,7.2209856,7.2474198,7.5228372,7.6424046,7.863117,8.9878346,9.0374902,9.136951,9.182979,9.3595516,9.3730432,9.8983314,10.3614356,10.3915642,10.7589458,10.8348582,11.0225108,11.0722162,11.0828004,11.0869748,NA
516,"NAM","Namibia",NA,NA,NA,NA,26.6755121975564,28.4897922400654,29.9943342380684,33.6038525044722,34.4735650248954,36.8692912240756,38.242496501936,38.5706434678948,42.5394494682182,43.7315708859778,44.5619719189538,47.9052445902478,48.9686733246242,49.3175841361266,49.5175029100224,49.583561749165,49.7221141865666,49.8339698741294,50.223539738916,51.4485638662588,51.5487341100944,51.5578214549584,51.6237772,51.6387372,51.6487172139944,NA
520,"NRU","Nauru",NA,NA,NA,NA,3.3009788,3.46878,3.5669242,3.775376,4.2909142,4.435816,5.2145506,5.3339252,5.678162,5.739747,5.7411226,5.7412988,5.863197,5.893758,5.893758,5.9059312,5.9071118,6.0836706,6.085277,6.0875818,6.0875818,6.0875818,6.0875818,6.0944528,6.0944528,NA
524,"NPL","Nepal",NA,NA,NA,NA,7.5309624,7.579448,7.6783204,7.9013876,8.7325318,8.9067336,9.4665284,9.6166966,9.7538456,9.796081,12.487544,12.5229412,12.5709118,12.5893452,12.6267554,12.6286098,12.8921452,12.9642126,12.9900484,13.174191,13.215173,13.274405,13.3556848,13.4198052,13.4201092,NA
528,"NLD","Netherlands",NA,NA,NA,NA,18.545195,19.5272068,20.0576703608728,20.6939554497624,22.5538036,23.0439775747112,23.4110894245762,24.1991458,24.803399488307,25.1456089311952,25.7685441627388,26.0814627491466,26.3010817144626,27.0448539251066,28.4735511173738,30.1199582591032,30.7048479836982,31.5343226190906,32.3010732,32.6351582715436,32.8261283788418,33.3366231520758,33.5485383469812,33.7276105042352,33.784631783609,NA
540,"NCL","New Caledonia",NA,NA,NA,NA,7.6209662,7.6359214,7.6390104,7.7100548,7.798253,7.810326,7.942832,8.0814986,10.4091474,25.0371735264518,25.0946826218614,25.2167774832232,25.9160163187188,26.3313536964992,27.6373270537604,27.7083025976586,27.9945449590586,28.3076643945672,28.4803024,33.9581608624938,34.2359728024024,34.5444502169898,34.5455088431674,34.572173861984,34.572173861984,NA
554,"NZL","New Zealand",NA,NA,NA,NA,32.2866625282056,32.5841112448232,33.6513284525776,34.206556483826,34.4624336270408,34.7704749343684,35.3040400185574,35.8346996095674,37.0350469189072,38.1382243095652,38.3960864,38.7895517667756,39.415133680524,39.8616596,41.2145307246404,41.9455982069542,42.1524295868664,42.325000055592,42.4780362609756,42.5560218,42.593873609174,42.843537,42.855389684024,42.8553940899408,42.8553940899408,NA
558,"NIC","Nicaragua",NA,NA,NA,NA,30.2505742,45.4266986682682,47.040544630478,47.1463622772896,47.38265873539,47.9111913515934,48.1105643807414,50.1629124,50.3566197764126,50.6422602,50.8995130100888,51.4841800603574,51.7101550919228,52.1652781970766,52.2259591275788,52.6512298424166,52.792529986046,52.9170146849642,53.0444406783926,53.2289920639528,53.2432517577278,53.298220274518,53.338982546284,53.5174951337018,53.5718632051012,NA
562,"NER","Niger",NA,NA,NA,NA,12.7417756,12.9384012,13.0166818,13.038637,14.459142,14.8106156,14.8980314,15.0580812,15.8380746,15.8815796,15.8999348,15.9107904,16.0264406,16.046273,16.0773928,16.0835224,16.6766716,19.5700398,19.873022,29.5706710035986,29.5964533855996,29.6866243451742,29.7913850960572,29.9332402045762,29.9592516540228,NA
566,"NGA","Nigeria",NA,NA,NA,NA,20.7443125680844,20.8799188447484,21.3967599890486,21.4555432705108,22.1684756673336,22.3944279304194,22.5943725686778,23.0644086989316,23.7291592,24.0688219459202,24.1430526080924,24.1794558,24.49808668857,24.5198635973278,24.6898586,24.8047226356756,24.8715086204128,25.3101225332226,25.4043457346822,25.5790566422396,25.7705134547692,25.8104526,25.8657719859278,25.8759269775988,25.9578946399584,NA
570,"NIU","Niue",NA,NA,NA,NA,13.3115714,13.9911854,14.1243324,14.5414652,15.5834672,15.7502278,16.8249264,17.1116912,17.3438116,17.400173,17.4107384,17.4214124,17.4255634,17.4268814,17.4271248,17.428324,17.4330712,17.7198094,17.7374552,17.7445522,17.7445522,17.7445522,17.7445522,17.752476,17.752476,NA
408,"PRK","North Korea",NA,NA,NA,NA,6.4652442,6.771605,6.9877632,7.2276172,7.5887662,7.9412824,8.0684572,8.3894964,8.6308152,9.241834,9.3730124,9.5057046,9.6749178,9.8510664,9.9666952,10.2455372,10.330408,10.4718792,10.6802456,10.9180442,11.0146676,11.1116726,11.2113194,11.2831162,11.3598668,NA
807,"MKD","North Macedonia",NA,NA,NA,NA,17.6246828,18.6602996,20.5557736437724,20.9301559564372,21.4893964053664,22.3639405299748,22.610317781685,25.053890339541,26.009512,26.5738151891792,27.693550156224,28.1945078,28.3084174952522,28.5817816418916,28.8466409152326,29.3244585764794,29.5914786552856,29.8255818,30.3187119216664,30.533716253188,31.3287714062826,33.2574969290338,33.428773393789,33.7031576787446,33.7634708657384,NA
578,"NOR","Norway",NA,NA,NA,NA,26.5729930998702,27.0429548394512,27.5619223433934,28.0600252,28.585002864652,28.8294211653134,29.1371150740804,29.4794160435924,29.7372755557606,30.2116645157858,30.4419714506104,30.9696276,31.130051364389,31.3000059711396,31.7952114858966,32.076355807774,32.2340634678466,32.5889513753682,32.9554493547354,33.1818398606808,33.3458134514798,33.5549466034818,33.6945646,33.8913438,34.0270949558176,NA
512,"OMN","Oman",NA,NA,NA,NA,7.1328896,7.195344,7.2141678,7.2513936,7.3001816,7.382788,7.3937052,7.4874744,7.7369618,7.9343246,7.9689004,8.0775694,8.09749,8.1160886,9.6559058,9.6781066,9.9556838,10.0272124,10.2368604,10.8202884,10.8291348,10.901723,11.465186,24.8265806,24.886942846647,NA
586,"PAK","Pakistan",NA,NA,NA,NA,8.7744264,8.8259608,8.8436636,8.8716676,8.9181588,8.9434256,8.9821032,9.0266848,9.270279,9.3593298,9.4541122,9.4619252,9.4660388,9.5483172,9.5740526,9.5781854,9.637196,9.6479632,9.91453,9.965879,9.9991642,10.0765478,13.706604,13.7550038,13.7558606,NA
585,"PLW","Palau",NA,NA,NA,NA,34.324218476958,34.4466274386352,34.9524044458698,35.0697448516166,35.4046217513248,36.9055716140996,37.329552186435,37.4018364,41.6358389331344,42.4746854018816,42.4751965857792,42.4756874561186,42.6865224660142,42.691895054193,42.691895054193,42.9310884915236,42.9323292556528,42.964396131474,42.9654466558646,42.9670084864012,42.9670084864012,42.9670084864012,42.9670084864012,42.9723733582856,42.9723733582856,NA
591,"PAN","Panama",NA,NA,NA,NA,35.5464779483598,37.2700779746912,37.904557910836,38.791559994884,40.1380954328826,40.556322503544,41.2674196307126,42.2691986652818,42.4447195750982,45.9752714301116,46.5960134569654,46.7328439959088,46.9326160212732,47.4365988776712,47.5191553982536,51.2539477484372,51.3334803582098,52.197960835051,52.750851,54.2588534183908,54.3310021911596,54.4533115560084,54.9435940671852,54.9659689041562,55.016885592551,NA
598,"PNG","Papua New Guinea",NA,NA,NA,NA,9.6512278,9.6517354,9.6558518,9.672306,9.6769628,9.6779494,9.9928466,10.2565912,10.3811276,10.6745858,10.6829076,10.7044724,10.755024,10.8480142,10.8558884,10.8672928,10.9385518,11.6837504,11.7057998,11.71281,11.7203912,11.730991,11.733138,11.7553348,11.7553348,NA
600,"PRY","Paraguay",NA,NA,NA,NA,10.6003692,15.9838748,16.2811104,17.3968556,18.1206504,18.8709866,19.0088162,19.1929588,19.3982438,19.486268,19.7024488,19.7651584,19.83523,19.863553,19.9962998,20.0386964035456,20.0608919066658,21.7944913037458,21.9235452410638,21.9304094713464,21.979465021421,22.0723507680628,22.1439060233064,22.2077814024376,22.209181294257,NA
604,"PER","Peru",NA,NA,NA,NA,10.302662,12.1491686,13.6473584,14.3427496,15.259267,16.9818912,17.3237856,17.647533,17.8504028,18.593596,19.5120666,20.6910889367564,20.9317461569724,20.942866166361,20.9974905513334,21.4792524,21.6740107576976,21.878861809778,22.6321604616474,23.0869139235324,23.1350954533442,23.7183452,23.7602197464096,23.8251785187792,23.8466169116382,NA
608,"PHL","Philippines",NA,NA,NA,NA,12.6843772,14.1890608,14.3239902,14.6704,14.7391094,15.270357,15.383577,15.7228862,15.7601564,16.427602,16.535211,16.7138404,16.856193,17.1148304,17.4796742,17.6271266,18.5620696,19.10132,24.0870078012154,24.1749292769498,24.2039325784616,24.3238720676054,24.3271857547642,24.3272724952362,24.3273008,NA
616,"POL","Poland",NA,NA,NA,NA,24.5275975526148,25.4901038,25.9081667235874,26.9835075429006,28.9948290351528,29.3501811559622,29.6746737435584,31.2147672350992,31.7734888739194,32.2221392649766,32.4688280273834,32.6928293558054,33.0251471801854,33.223281117948,33.481386750256,33.6803822761958,33.8729850785122,34.0884236930208,34.3379545438926,34.5312267207026,34.6442546537182,34.8580296717358,35.03928408466,35.2026382,35.2546485700806,NA
620,"PRT","Portugal",NA,NA,NA,NA,15.5846858,16.4679742,16.8422508,17.8886306,18.7311356,20.1350632204814,20.5039454742384,21.075833652027,26.6500952117188,27.2928173955094,27.6367491146816,28.0327776816818,28.2488932235932,28.4996578382318,28.7539005483884,30.3332539655736,30.6697898364386,31.002520264975,31.578750356659,31.8185566148374,32.03407,33.1814616693198,33.2849258261724,33.400425,33.4262029554902,NA
634,"QAT","Qatar",NA,NA,NA,NA,14.8001628,15.091656,15.1583744,15.2890816,15.3104782,17.1589062,17.4596004,18.92064,22.8569527137284,22.865667074078,22.8935896,22.9281259473932,22.9422101300126,22.9772956902542,23.4928048468686,23.5138659627534,23.7268239750838,23.8876805537902,27.0932589728074,27.6161144056834,27.7189272,28.107272589324,28.1299936061732,28.6343011730246,28.639624408476,NA
178,"COG","Republic of Congo",NA,NA,NA,NA,12.9982142,13.1941824,15.1858264,15.2186842,15.7584236,16.066189,16.8039792,26.6875580843784,30.2130334948882,32.6926006993776,32.7934455365086,33.0914647778686,33.962217716661,33.9780012163334,34.2722273267498,37.4885268365428,37.7183628169548,37.960675894279,37.9739583387004,38.077669625871,38.084566176116,38.096294587721,39.0663928232214,39.0991159579148,39.105139,NA
642,"ROU","Romania",NA,NA,NA,NA,14.8423306,15.6334578,16.6233704,17.222321,18.9562208,19.3567602,19.5952258,23.6467131567158,24.0932567138248,25.0568136792544,25.6154643288436,26.5560156,26.6934894450628,27.5181097492094,27.806701235007,28.0314694,28.3617016228492,28.5269854945132,28.9674911458928,29.1934490525108,29.4181277399476,29.8814115043942,31.3730110906248,31.5714276627108,31.7291480477628,NA
643,"RUS","Russia",NA,NA,NA,NA,14.2756114,15.3860774,15.9700432,16.3840184,16.6626156,16.8911032,16.9818104,17.2172062,17.3102194,17.5313546,17.9388214,18.1629236,18.3501818,18.6342826,18.834303,19.0328706,19.094148,19.3431018,19.5318868,19.6771938,19.7184284,19.7647612,19.8001294,19.8241396,19.8423556,NA
646,"RWA","Rwanda",NA,NA,NA,NA,22.8292045495734,22.8507852880872,23.1178696,23.139083287789,23.2615751987672,23.4818566471494,25.0861661132386,25.5576684165016,25.768073687757,25.9197435548372,26.0349313487166,26.1706198446926,26.2102086943154,26.2542035321436,26.3568848597828,26.5656221935466,26.6269550729236,27.1884421591216,27.193930560856,29.3701385016052,29.3752570172838,29.3864663841306,29.4121424856064,29.4254582,29.4288185472044,NA
652,"BLM","Saint Barthelemy",NA,NA,NA,NA,38.639105,39.2367810756118,39.443371,39.8825576318226,40.812810773069,44.4206815249936,45.3638324504898,45.9477628206834,46.1927286767106,46.8080282,49.3532454162796,49.6728657333548,49.7200476770198,49.7429753212592,50.0229560258566,50.3321412,50.620856,50.6396364558282,50.7290266361286,50.7471002592296,50.754369301727,50.7781338765986,50.9178500013978,50.923349795483,50.9244168828124,NA
659,"KNA","Saint Kitts and Nevis",NA,NA,NA,NA,37.5519782188374,38.1573476,38.4944194004288,38.7216744091564,39.3603933751152,40.1909456012582,49.5963332485256,49.9531181920486,50.2031956999582,51.4892610470768,52.3714476,58.0728739676298,58.1041594,58.1277230074494,58.5184638,58.7225170340648,66.0171262,66.0789181796782,66.2971533229754,66.3788701001372,66.3897558,66.439001950507,66.6527773492558,66.6649110513142,66.6685828,NA
662,"LCA","Saint Lucia",NA,NA,NA,NA,67.2790660230932,67.9485017881852,68.7511994,69.0669808,69.5383486,69.8575955764632,71.2949144691678,72.2639528813184,72.5551814722006,74.724548298435,75.3975966204216,75.6008940345248,75.6265254471038,75.6381521812446,75.771175468711,75.884857650939,76.1936576226282,76.2409381484824,76.518564027014,76.628814607932,76.6371097015526,76.6654624,76.837250769779,76.8650816615112,76.871163428598,NA
882,"WSM","Samoa",NA,NA,NA,NA,3.9681542,4.2939508,4.3515226,4.7444328,6.938998,7.0934768,8.048552,8.2316922,10.3571394,10.4173502,10.4242056,10.435699,10.445284,10.4514892,10.4520928,10.4613346,10.4660792,10.588981,10.599812,10.6030642,10.6030642,10.6030642,10.6030642,10.6783836,10.6783836,NA
674,"SMR","San Marino",NA,NA,NA,NA,13.0889726,13.8244626,15.403341,16.6180618,17.6321978,18.0905656,18.3950446,20.1995867348468,20.7608480588868,21.210917865187,21.9788232123346,22.3064687235476,22.460750227433,23.7890575213862,24.4771622919098,25.0365659658792,25.5592307918258,25.9100772222046,26.4933402157174,27.8395873664186,28.5561424473722,29.607739299139,29.8933411671382,30.129287255039,30.203084388304,NA
678,"STP","Sao Tome and Principe",NA,NA,NA,NA,NA,NA,NA,NA,NA,NA,NA,NA,NA,NA,NA,NA,NA,NA,NA,NA,NA,NA,NA,NA,NA,NA,NA,NA,NA,NA
682,"SAU","Saudi Arabia",NA,NA,NA,NA,12.518383,12.7277476,12.8244566,12.9316522,13.0179596,13.1879746,13.2277468,13.622776,15.7608958,15.783084,15.839224,15.904108,15.9286128,15.9605374,16.1307606,16.153373,16.6952096,16.851949,20.8427903100874,21.4307307613098,21.5342358190904,21.7216926504096,21.7737770722126,26.3395538,26.3458532098496,NA
686,"SEN","Senegal",NA,NA,NA,NA,26.041482542492,26.6316278865668,27.5105906421014,27.5216943959278,29.2647972796296,29.5984691442644,29.6770660349466,29.7449096187986,29.7905003713484,30.3056480931978,30.3829108704976,30.401127924213,30.5277421073292,30.6026140931244,30.6819785041388,30.6945728960804,30.7685464803748,31.5607620892206,31.5638175108694,31.8835897458806,31.927389429211,32.0660884,32.2283035618372,32.289630690542,32.333833135613,NA
688,"SRB","Serbia",NA,NA,NA,NA,14.0666172,14.7670818,15.9893924,16.4350626,17.8179804,18.2613834,18.5063944,20.8367408,21.325419585616,21.7849848992184,22.3153242,22.9204975899866,23.0600923818988,23.9527690818156,24.451901763542,24.787864784002,25.0705502,25.2942161279924,25.7820789107394,26.0517577111236,26.4243861860318,27.3276937333918,27.9008568,28.343052294139,28.430519034263,NA
690,"SYC","Seychelles",NA,NA,NA,NA,28.2901744307684,28.3032248,28.4835063134504,28.4878048,29.005207171898,29.035381,29.5362619882426,31.4601466884928,33.9522082,34.2847124648578,34.766129106755,34.8356738,34.9505370631382,34.9557898515678,34.989389274385,35.2868326888048,35.564758835339,35.6273319463078,35.6352190321542,35.707129129899,39.7166693180974,39.9362012981788,39.9499809693164,39.9512636684484,39.9513157853026,NA
694,"SLE","Sierra Leone",NA,NA,NA,NA,16.2242858,16.264826,17.1076736,19.8482764,19.9620912,20.1196394972626,20.2006051893866,20.6093027427416,20.915451117263,21.2848076005138,22.019427529822,22.0242139675656,24.363806,24.3646996520272,24.458180487439,24.5884490444526,24.622968,24.6395073772798,24.691269,24.7308642,24.7486389196906,24.8281536426852,24.8604274511378,24.967052512954,24.9686566670604,NA
702,"SGP","Singapore",NA,NA,NA,NA,7.289327,7.3825474,7.6325648,7.6483492,7.7109636,7.753909,7.875321,8.3314516,8.7379088,8.8787438,8.9833894,8.9954546,9.086594,9.2942192,9.9172618,10.0391508,10.330445,10.5662132,10.6783426,10.6893,10.6942122,10.7135126,10.714274,10.714274,10.714274,NA
534,"SXM","Sint Maarten",NA,NA,NA,NA,32.8320892666698,33.3456135492992,33.5435922597724,33.9167940270524,34.6008972499634,38.0785867233538,39.1089854610326,39.905429224498,40.1450077541822,40.6902234520772,42.3231487732308,42.6882140177918,42.7339144274982,42.7557059160524,43.2870979309548,43.6027840581538,43.9259155557914,43.9419061082946,44.0382978060446,44.0592767527194,44.0671521026654,44.0857328736422,44.2164262325088,44.2218758400038,44.2231360854616,NA
703,"SVK","Slovakia",NA,NA,NA,NA,22.8104254,24.2189864824036,24.9657107688276,28.682674695602,30.8028320622374,31.2584842425606,31.6167824,33.106150862328,33.4978412,34.0786509098722,35.394465708903,35.8546371942752,36.0512222199432,36.4514846077498,36.7245349879264,36.9526869970494,37.238346,37.4647770631916,37.8610471623322,38.138715470696,38.2865350815152,38.5793142455424,39.0897546227568,39.2270472626372,39.5506276915834,NA
705,"SVN","Slovenia",NA,NA,NA,NA,19.8324038,20.7938330598194,21.8532710657248,23.1561889929674,31.4516736457766,31.983568,32.4669841231546,34.1379599491508,34.5685648562272,35.267300153786,35.801719696974,36.3828154323678,36.671163722072,39.177023857517,39.8963092748276,40.2423944105974,40.6186999837466,40.8422320373594,41.3855361625056,41.7886021636448,41.9967099400932,42.4937230493504,43.1762606480954,43.6432642,43.7732983256276,NA
90,"SLB","Solomon Islands",NA,NA,NA,NA,4.4185652,4.4187898,4.468076,4.4816324,4.4909524,4.492468,4.5484578,5.133818,5.1873178,5.25255,5.2548852,5.2799272,5.2869078,5.3036858,5.307694,5.3131884,5.3242378,5.5816416,5.5887434,5.6402614,5.641937,5.804498,5.8201048,5.8647972,5.8647972,NA
706,"SOM","Somalia",NA,NA,NA,NA,6.4901996,6.5441976,6.5853322,6.588075,6.9087276,6.9268208,7.0414658,7.173624,7.1889268,7.2033002,7.3120164,7.327844,7.3603274,7.4717158,7.4970626,7.5077914,7.6844942,8.7067308,8.7211226,8.897908,8.900921,8.9078598,9.025658,9.3819674,9.3914,NA
710,"ZAF","South Africa",NA,NA,NA,NA,9.6081894,10.3224316,10.7117756,11.0133016,11.6129532,11.8473526,11.966074,12.0569334,12.4736926,12.6017402,12.684417,13.0464244,13.1703666,13.2886766,13.63545,13.8020848,15.1433618,15.205767,15.6370588,16.0117416,16.3211276,16.4204768,16.4781322,16.555232,16.6162558,NA
410,"KOR","South Korea",NA,NA,NA,NA,9.3598,9.5316454,10.5874376,10.8631942,12.1832278,13.1260052,13.3668978,13.7732484,14.0861528,16.8009896,17.0445118,17.1417628,17.2311942,17.9506232,18.2751766,18.4804706,18.6281268,18.8491198,19.139556,20.1269069049962,20.4386268002702,20.629370567413,20.887192162819,21.0638732003072,21.1580420875912,NA
728,"SSD","South Sudan",NA,NA,NA,NA,26.6254372915116,26.6940653424662,26.9445736,26.9491644392478,27.3747325116002,27.4047592402152,29.8847332799038,30.1308714972904,30.2471114097962,30.3503407596128,30.4453944,30.4807744396472,30.5975668032484,30.645530053556,30.9296298132152,31.0073424063564,31.1126895971412,31.6099869380736,31.6178099003176,31.6820300004,31.7005271092062,31.7157742,31.8392268130158,31.8482676327264,31.9526845513352,NA
724,"ESP","Spain",NA,NA,NA,NA,16.9574596,18.3971468,18.830351,19.5984132,20.5966147442814,22.9951515243876,23.456979,24.180091909223,26.731158999783,27.2839591975342,27.6286816,27.9804838,28.0887611480482,28.3175408702666,28.712866089062,31.0478956,31.4706474283292,31.8840058,32.594038,32.830531978374,33.1605619770538,34.8407931310468,34.9976860801068,35.1535505134288,35.1853243731956,NA
144,"LKA","Sri Lanka",NA,NA,NA,NA,24.1206672832214,24.2463074461304,24.6901304,24.7211067092924,24.887034305772,24.9239770065294,25.6112676048278,26.0901636,26.3641553208078,27.7648434757424,28.5666618,28.613095473947,32.6306830435538,34.5381230234136,34.6167641073906,34.7755054100386,35.2828236632158,35.552451422549,35.616507543197,35.6448497414478,35.651836807283,35.6855285757182,35.693264512884,35.6933574,35.6933926952438,NA
670,"VCT","St. Vincent and the Grenadines",NA,NA,NA,NA,71.3004817784118,71.8708224194434,72.6950355795832,73.0937695997172,73.5240354412366,73.8593280376894,75.384129888269,76.0442635198254,76.281952802212,79.1654303960648,79.7030938361968,79.8495088567224,79.8832355545248,79.8931394564016,80.0445971450036,80.1819217690896,80.3892123562224,80.460485,80.90225327374,81.0732315124606,81.0839964002964,81.1187172,81.3787555987096,81.4132987337934,81.4242660085808,NA
275,"PSE","State of Palestine",NA,NA,NA,NA,12.8127288,13.2634468,13.4496352,14.2281058,14.3297642,14.609748,14.7064358,15.106777,17.7533104,17.9414936,18.1439386,18.6012204,18.7865302,18.8674302,19.0083942,19.1165072,19.476797,19.6030506,24.5972427502478,25.001571196456,25.35267430978,26.5296993890252,26.8693832327988,28.1140638479518,28.1241486822584,NA
729,"SDN","Sudan",NA,NA,NA,NA,8.9977314,9.0788972,9.1491,9.1660042,9.5961702,9.6662884,9.87663,10.0676826,10.4352484,10.4587948,10.4921524,10.5306246,10.6425546,10.6706428,10.7108196,10.7239938,11.3944176,11.9864346,12.1672764,13.1170712,13.1299624,13.1632678,13.72938,14.0341646,14.0766764,NA
740,"SUR","Suriname",NA,NA,NA,NA,31.9578789285166,33.1593840628852,36.6380637581004,36.9439422,37.8934299742784,38.4556798025808,48.5683533895222,52.438493384974,52.8178972458118,56.9324253163844,57.441996121108,57.701150601718,57.7567472726178,57.7629755236602,57.9015847943892,58.0299051478928,58.2153151816254,58.2394855734224,58.7713043034618,58.8156228987344,58.8224118988784,58.829531804294,59.503641632614,59.5539165555668,59.5596168,NA
752,"SWE","Sweden",NA,NA,NA,NA,17.6994416,18.3828846,18.9869152,19.3506048,20.1596776979476,20.4022506587474,20.6532354142094,21.0529132532662,21.320932049855,21.563096338448,21.8642563616188,22.1268052915768,22.2830653609264,22.4831927477044,22.8683093395224,23.269870325622,23.4258856387782,23.7555476259702,24.002884221112,24.2413526,24.3427664,24.5109215272416,24.620712873768,24.7368865566542,24.8360706,NA
756,"CHE","Switzerland",NA,NA,NA,NA,29.3325338,31.654535859742,32.4247099362462,33.672717109123,35.8164159771994,36.4839928574834,37.84937246085,40.2060980217574,41.0616714383638,41.9395050814536,42.6588174,43.039112234542,43.374918985422,44.179844249289,44.8898325856256,45.3307827508972,46.2110488586,46.5331415041936,47.1952825722248,47.796002680447,48.039833174123,48.8163914953922,49.602568,50.5903903501522,50.7228013648178,NA
760,"SYR","Syria",NA,NA,NA,NA,6.317901,7.0137826,7.1266422,7.3626118,7.4446402,7.8056296,7.8637834,8.1024028,11.1277638,11.1692128,11.2586236,11.3530516,11.3809426,11.427106,11.7287552,11.8315462,12.0772276,12.1421998,15.164866,15.2966254,15.4421618,16.316237,16.3756688,16.5279472,16.53874,NA
158,"TWN","Taiwan",NA,NA,NA,NA,12.3929516,12.963677,13.1532524,13.4404118,13.8600572,14.0506284,14.3062156,15.0651592,15.3160978,15.5856206,15.837163,15.9056922,16.020041,16.4382618,16.6088492,16.6289058,16.9194632,17.1485342,17.4776822,17.7259338,17.9789672,18.0855188,18.1107384,18.1131802,18.1133072,NA
762,"TJK","Tajikistan",NA,NA,NA,NA,12.8140424,13.477723,13.6990894,13.8817542,14.0132496,14.4649704,14.5985394,14.8171688,15.3416318,15.4320122,15.5936214,15.781831,15.8667392,17.0327648,17.1248854,17.2538288,18.5416216,18.8865938,19.429024,19.6564854,20.1369718767118,20.369993805469,20.4803375607032,20.6003321592888,20.6355261048372,NA
834,"TZA","Tanzania",NA,NA,NA,NA,50.7886980995366,50.841924,51.5647267536226,51.6303269743068,51.959270508553,52.0466390593986,52.5152477661068,53.5168868635684,53.6769219041544,54.3260733194136,55.0649406,55.2855524350942,55.3589985843206,55.6122481845188,55.7581964052386,55.9937545009752,56.0366881174444,56.7828514404486,56.7956202194254,58.5151112344212,58.5287251342548,58.5946455702438,58.6146784435216,58.6246177216582,58.6308596,NA
764,"THA","Thailand",NA,NA,NA,NA,14.084023,14.6278062,14.7894112,14.8839842,14.9654146,15.0464026,15.136076,15.5848518,15.7002,16.2041098,16.2646308,16.29097,16.3986004,16.462104,16.5499584,16.653438,18.7516628,20.6564556423866,20.731211864439,20.984621100328,21.1468706163614,21.485791589148,21.5014051430684,21.501792675809,21.501948821833,NA
626,"TLS","Timor-Leste",NA,NA,NA,NA,9.6119016,9.6123,9.6451172,9.6470982,9.6542438,9.6551696,10.229277,13.043019,16.624219,17.2026762,17.2219118,17.4790878,17.7037946,18.5495716,18.6191748,19.2704466,21.6954884,21.9282836927418,21.974845017487,21.9888618033366,22.0143130790062,22.0192040421684,22.0245998017314,22.062055568309,22.062055568309,NA
768,"TGO","Togo",NA,NA,NA,NA,26.2491807176366,26.426131924431,27.0217376625806,27.202719858629,27.5595472,27.904108524121,28.094123,28.511537065555,28.93214414758,29.3140255442788,29.3751400478138,29.3917896788012,29.487882954075,29.5040093707046,29.6587563782078,29.7615687409362,29.80920788227,30.0016998,30.0438912855368,30.0915064899364,30.1491752994118,30.1970388089062,30.223673658312,30.2317875803532,30.2733787921168,NA
776,"TON","Tonga",NA,NA,NA,NA,5.1138926,7.7052898,7.8608764,8.441232,9.8457782,10.0784892,11.3611668,11.71938,12.0902324,12.1488596,12.1616128,12.1769778,12.1814594,12.182751,12.1852334,12.1865684,12.1921104,12.3455532,12.3719062,12.3789536,12.3789536,12.3789536,12.3789536,12.3866596,12.3866596,NA
780,"TTO","Trinidad and Tobago",NA,NA,NA,NA,62.4146770469228,63.4621202305066,64.4543230256996,64.844877765446,65.4075208,65.9382856,67.8425747532434,68.582494202282,69.0927232069918,72.2633169521354,72.5200477292576,72.674992806718,72.710513515515,72.7196327828432,72.8015618463756,73.098806,73.2598857682376,73.2966004384232,73.688479276811,73.7579093021578,73.7680687462482,73.7834277924386,74.184330833632,74.2283118952622,74.2329036,NA
788,"TUN","Tunisia",NA,NA,NA,NA,8.5728204,9.6954176,9.8134808,10.3812714,10.5488788,10.9021196,11.0079624,11.3457234,17.723278,17.8057816,18.6729706,18.7756828,18.8378442,18.8984398,19.0401784,19.2859882,19.6174286,19.686691,22.1837788987794,22.3701522471248,22.4715572824834,24.447053,24.4915588058858,24.6556302271998,24.6663188454,NA
792,"TUR","Turkiye",NA,NA,NA,NA,8.0039228,8.6164028,9.048469,9.3221392,9.5571738,10.1485662,10.2989638,10.793546,11.9279574,12.1487006,12.4768928,12.7515104,12.8095788,12.9203242,13.0599912,13.3991352,13.6189804,13.757498,14.4079318,14.5675206,14.7441298,15.3367642,15.4262908,15.5387098,15.5688104,NA
795,"TKM","Turkmenistan",NA,NA,NA,NA,7.0860742,8.1738648,8.2776792,8.3992966,8.4689436,9.9623128,9.993809,10.1907056,11.3102,11.3415204,11.4053406,11.4752544,11.523442,11.5584984,11.644396,11.7162068,11.9576898,12.0184242,13.0478812,13.14608,13.8915382,14.2246352,14.5273402,15.262215,15.2905386,NA
796,"TCA","Turks and Caicos Islands",NA,NA,NA,NA,48.9496625914556,50.0682894,52.8729828029486,52.885281263546,55.6378314,55.6981232,55.766378,55.7872208,55.9914818,57.3122268,57.7952416336982,57.9391284425868,59.699756926571,59.8080152825732,60.2677693261564,60.7682052682242,60.7982385706294,60.896662487561,60.9102429789346,60.9244279847138,60.9275338964614,61.1011056836912,61.2847470508842,61.3140855330596,61.3180040575406,NA
798,"TUV","Tuvalu",NA,NA,NA,NA,4.4299856,4.5909396,4.7151522,7.0629426,7.6484798,7.7698816,12.0004038,12.1054586,12.4408002,12.492422,12.4939748,12.4943234,12.6745974,12.7148822,12.7148822,12.7237802,12.7245768,13.254979,13.2564854,13.2581324,13.2581324,13.2581324,13.2581324,13.2677722,13.2677722,NA
800,"UGA","Uganda",NA,NA,NA,NA,25.8380562822486,25.8820793722218,27.1953017291422,27.208783279865,27.386777802041,27.4581342,28.1572585516644,28.834083545574,29.1565854379192,29.3437293997032,29.4740528,29.5577052605772,29.6205442947296,29.6671284302716,29.97340622246,30.1247038369816,30.2414362922074,30.9524788,30.9632062496088,31.6109052899234,31.6182834355456,31.6310268,31.6623577435204,31.6699902249184,31.6835288755096,NA
804,"UKR","Ukraine",NA,NA,NA,NA,16.2821872,17.0613488,17.5187976,17.908458,18.5977496,18.9344758,19.1233966,19.9689036,20.265872834199,20.5071564371984,20.7691842542744,21.004144672198,21.1404746488742,21.3373936792326,21.5118949970872,21.6522974,21.8032349007968,21.9402450967618,22.200527762749,22.3554350685214,22.464137252734,22.6473232769472,22.8184527644578,22.9001559538334,22.941406563504,NA
784,"ARE","United Arab Emirates",NA,NA,NA,NA,6.30078,6.4315416,6.4558412,6.5038374,6.537891,6.6062078,6.6185376,6.982637,7.5654082,8.311995,8.3419564,8.3890616,8.4697814,8.4891172,11.066665,11.1064242,11.3295602,12.227456,12.8899388,13.4303816,13.4473458,13.522294,14.5103696,22.8995659495336,22.9165750601658,NA
826,"GBR","United Kingdom",NA,NA,NA,NA,27.4036253653064,27.9556979080416,28.585585592901,29.501121500912,30.4697074209216,30.8688569553978,31.265407,32.081658790181,32.7996687170396,33.088394276705,33.6993247124314,34.0247545166492,34.1842926157856,34.3942203100024,34.7518643746508,35.0149222238796,35.291916594501,35.5318687937722,35.8224249334736,36.0962186,36.2668993221572,36.6664043067404,36.8516630788008,37.2009157166182,37.3085330320272,NA
840,"USA","United States of America",NA,NA,NA,NA,12.887144,13.003171,13.1792056,13.2768156,13.3631014,13.4393138,13.5612244,13.634322,13.8012896,14.009597,14.1333112,14.2560684,14.3148204,14.3546616,14.4467208,14.5191864,14.5730886,14.603656,14.6642412,14.772734,14.8093696,14.8960486,14.918025,14.9412024,14.9594296,NA
858,"URY","Uruguay",NA,NA,NA,NA,5.5122178,5.8547312,6.0033078,6.6643896,6.87967,6.9459114,7.1024262,7.1458352,7.3728416,7.5715284,7.729915,7.7705014,7.7754684,7.7819168,8.354488,8.969266,8.9770454,9.1081036,9.1367128,9.2435718,9.2449404,9.249596,9.2575078,9.2619888,9.262114,NA
860,"UZB","Uzbekistan",NA,NA,NA,NA,6.0589274,7.70768,7.8219846,7.9432276,8.0263092,11.197987,11.2535756,11.4945038,12.210541,12.2459836,12.3207802,12.4170358,12.5017928,12.5513524,12.6141286,12.6829064,13.2304268,13.291285,13.9393072,14.030356,14.9703032,15.3202306,16.0780536,16.647326,16.6833956,NA
548,"VUT","Vanuatu",NA,NA,NA,NA,6.1221432,6.126923,6.1348278,6.148784,6.1565324,6.157415,6.1837074,6.2567734,6.5310904,7.3768522,7.3816854,7.3895496,7.424584,7.4928856,7.62636,7.6323618,7.6542366,8.0517622,8.0665858,8.3569754,8.3720942,8.3959012,8.3968342,8.7218698,8.7218698,NA
862,"VEN","Venezuela",NA,NA,NA,NA,68.8569883746476,69.686796778977,70.5537445250576,70.745236082015,71.1210204,71.5905027578816,73.4233548558124,73.9724921520078,74.385127731781,77.018384853653,77.278184308787,77.4920567341784,77.5464483301236,77.576188036476,77.7635218,78.9320468207652,79.0347112278854,79.109014113073,80.338250324711,80.5609136758962,80.6211415646406,80.6705762170752,81.0284335270192,81.0780037767502,81.0870001743226,NA
704,"VNM","Viet Nam",NA,NA,NA,NA,7.7590352,9.2360616,10.1358474,10.7669458,11.308236,11.4538802,12.318514,15.1378274,15.2039442,15.4204978,15.5882338,15.852556,16.1838104,16.5185646,17.0657526,17.105043,18.8367308,19.9949916,20.094777254726,20.9892939660396,21.0861716749978,21.4138722315564,21.4888794413342,21.4908948459476,21.4909994301486,NA
876,"WLF","Wallis and Futuna Islands",NA,NA,NA,NA,3.1834374,3.528268,3.5909876,3.921502,4.9573818,5.1737282,6.0378604,6.2578596,6.8039914,6.8706236,6.8731518,6.8793536,6.890567,6.8962602,6.8962784,6.8997542,6.9020502,7.0189508,7.0268656,7.0298054,7.0298054,7.0298054,7.0298054,7.064146,7.064146,NA
732,"ESH","Western Sahara",NA,NA,NA,NA,13.27688,13.4872264,13.5575694,13.663563,13.6950782,13.8705248,14.0149086,14.5113152,22.6543100283014,22.6682618962482,22.7026583596614,22.7350406125966,22.747643512569,22.7668520441658,22.8425164,22.8786410704218,23.0273457594166,23.087803055844,24.9355379796916,25.343259,25.4414946822616,26.4937524607656,26.5179488,26.9461225109534,26.94993260991,NA
887,"YEM","Yemen",NA,NA,NA,NA,7.5370454,7.595133,7.6362878,7.6793704,7.7742928,7.9296156,7.9540594,8.0324098,8.2506922,8.273401,8.408116,8.464056,8.4857692,8.5341512,8.6259118,8.6404238,9.0737516,9.3519616,9.5102164,9.7734834,9.7832258,9.852703,9.9011582,13.3304574,13.334292,NA
894,"ZMB","Zambia",NA,NA,NA,NA,46.180871578469,46.249516437473,47.3485799656348,47.52983275708,47.685781874615,47.8738160178438,48.9629529371498,49.223158131208,49.3329548,49.4720748300194,49.7074994,52.4421664941154,52.4969003370892,52.7950062298722,52.8995766,53.05911161118,53.0769509688978,53.5747376745828,53.614200456802,53.8000743124886,53.8045931416008,53.8102806,53.8544081184448,53.8595304578546,53.8644005845544,NA
716,"ZWE","Zimbabwe",NA,NA,NA,NA,27.1585426367046,27.8282042,32.8659804653928,33.6047816,33.8405359803696,34.4132178438736,34.9976784,35.2848833343654,35.4755759392902,35.7117337961534,35.905280784463,37.7910382,37.9278941914288,39.1535345600836,39.2202336630176,39.56961941077,39.6212108298144,39.7737679124464,39.9352337459394,40.3212950365636,40.3445331575084,40.3531757680854,40.4209001090566,40.440373302794,40.477353026323,NA
