"code","iso","country","SNM.ind.1996","SNM.ind.1997","SNM.ind.1998","SNM.ind.1999","SNM.ind.2000","SNM.ind.2001","SNM.ind.2002","SNM.ind.2003","SNM.ind.2004","SNM.ind.2005","SNM.ind.2006","SNM.ind.2007","SNM.ind.2008","SNM.ind.2009","SNM.ind.2010","SNM.ind.2011","SNM.ind.2012","SNM.ind.2013","SNM.ind.2014","SNM.ind.2015","SNM.ind.2016","SNM.ind.2017","SNM.ind.2018","SNM.ind.2019","SNM.ind.2020","SNM.ind.2021","SNM.ind.2022","SNM.ind.2023","SNM.ind.2024","SNM.ind.2025"
4,"AFG","Afghanistan",25.1777583960243,27.89456759887,29.9825170967062,30.2705385490526,28.708339192958,27.1735442351336,26.9449830262078,27.2408660335092,27.0383022511643,30.0679094442735,32.5253365918204,33.7047269503171,32.7937552347289,34.8531870617862,35.0310373299144,34.4107251442048,34.8365006357084,36.8315940460998,36.8553078475017,35.9487700208994,36.0034193035136,32.7197567350312,29.515615663859,28.0532333152261,28.5057067046808,29.2536076117171,31.78752220617,34.1295731246772,NA,NA
8,"ALB","Albania",16.5199600899588,17.8610248115404,17.1467516071836,16.7786318721776,16.6374311603706,16.6969139846264,15.2550595456807,14.0535762363039,13.2621330403987,12.6556036866686,12.2966458843752,12.4156862694256,13.822933665301,15.2849041342039,16.6508727824654,18.2084922598793,19.7597903012084,20.4736852308298,20.8613604530809,20.6790220873553,20.5281088128342,20.5592232607835,20.5433208229633,20.3231680529241,20.8493491955088,21.5729888107882,22.8393211620893,23.6675835896342,NA,NA
12,"DZA","Algeria",20.9412491371805,17.162418685091,19.991206373249,22.1883393776684,19.0957600700461,18.9557383404883,21.1902793608696,22.8749703441033,25.116289362255,29.6063028449104,31.4131126135868,33.5078395065609,31.320290597666,32.2823817462232,32.6241201330906,33.1363681637413,34.4345207602776,37.4719414659691,36.5393016546379,36.0560663869999,35.3226338228834,34.260792363468,34.7891447916352,36.7459483595394,37.8761737563723,37.8879719769414,38.7826067495786,37.6586322449703,NA,NA
20,"AND","Andorra",NA,NA,NA,NA,NA,NA,NA,NA,NA,NA,NA,NA,NA,NA,NA,NA,NA,NA,NA,NA,NA,NA,NA,NA,NA,NA,NA,NA,NA,NA
24,"AGO","Angola",20.4094014236124,20.7856592842764,22.0886648989262,22.5417111177557,23.7644173356839,25.0095435470286,27.2837406517464,28.679930896721,30.1054414100921,31.4822134064801,32.0561146020204,32.4250758414712,32.825262330278,33.9835052052275,34.2289792104206,34.985349113256,32.927699983556,33.7399584114886,32.5168137838911,31.7004799881039,31.1916699773306,33.0450267063298,32.6634420354322,33.850032174841,35.0002007299232,35.7878221462887,36.6185460355823,37.4568568510865,NA,NA
660,"AIA","Anguilla",NA,NA,NA,NA,NA,NA,NA,NA,NA,NA,NA,NA,NA,NA,NA,NA,NA,NA,NA,NA,NA,NA,NA,NA,NA,NA,NA,NA,NA,NA
28,"ATG","Antigua and Barbuda",2.72635051806844,2.81834359921081,2.89457119688153,2.87604461589976,3.08944547531564,3.05242134602906,3.07519634084218,3.08912647963862,3.37272048940227,3.04708150799613,2.87113171051013,2.90234770990988,2.99220787370918,2.90928364922782,3.75267543460077,4.4263230439652,4.60941236995939,4.86213871440988,5.16975160099241,5.17645643953276,4.86552041791262,4.76545061679059,4.61117338520796,4.29595968171287,3.8919608878571,3.87532512992983,3.79315661497012,3.88988788062716,NA,NA
32,"ARG","Argentina",62.8554192403523,63.761428264326,68.3963526523956,72.1391434969712,75.2464086188344,79.9737354303769,83.7428197135536,83.7923589949764,83.1407602057393,84.3638235711862,83.4498934999741,82.9279810106854,83.8475473606121,82.5155165103351,81.9294535943937,82.7867745933061,82.1949201312079,81.2000290011261,84.3774719761416,85.9235730146405,86.3304690207109,88.4613171888552,88.1124185655993,89.2162733478909,88.0045599822945,87.2782495288593,86.0468409848762,82.9976856661022,NA,NA
51,"ARM","Armenia",23.8593705189625,24.2762924977417,25.3698159201385,26.2079241374831,25.5308452591416,26.729626975415,28.6561724508447,29.3254716316981,30.1348422630179,32.5360070034186,28.7475892748915,28.7818300520493,29.5351270835474,28.4354625969732,26.5504499681017,29.6413834543151,29.0157887973512,28.5835778336555,30.4188945882598,32.6185062464003,31.1434221005855,28.7755225142672,26.8424697332335,22.5311484523619,19.026355921321,17.3067968219486,18.0740655510241,18.4404689988577,NA,NA
533,"ABW","Aruba",NA,NA,NA,NA,NA,NA,NA,NA,NA,NA,NA,NA,NA,NA,NA,NA,NA,NA,NA,NA,NA,NA,NA,NA,NA,NA,NA,NA,NA,NA
36,"AUS","Australia",55.3411205700571,57.7151034642591,57.5899438234837,57.4648915953727,61.0616961376825,61.0310292349319,60.0848053588775,55.7818898861083,55.8662605342259,54.5396288133218,55.5063007841406,50.3979636046782,52.1210295086964,50.6344980729057,49.9925192022893,48.2919716280673,52.8277681181329,54.0311377950077,53.665983954309,52.8913873724185,51.4510087722419,52.4925628224725,52.145635283074,50.0542019298869,46.4169189238708,48.3405917981141,49.2009058613958,53.6944366436307,NA,NA
40,"AUT","Austria",51.9205047732495,52.7992012151415,53.7144145155747,54.4031868951908,54.1502376816705,55.5704192375937,55.6199502966255,55.0808261491073,56.6652468197267,58.41531501697,58.3956307387848,58.9227454478873,61.686469987577,61.9043251134922,62.0686138472604,64.2220824296167,64.4841122426031,62.8914745767804,63.0893533506572,62.4934500398448,62.2188541991181,62.3636740081384,62.8651535372264,62.8956234971773,64.5108355792868,65.0338912215754,66.9295357907796,68.5149127858206,NA,NA
31,"AZE","Azerbaijan",38.5284768265171,37.1756381800197,35.9833672119548,35.5229910691955,34.827901316239,34.2297153770187,35.906558157261,38.250038984691,40.2798056612144,42.7062900901102,44.4015087300163,44.7532408115081,45.3201166303952,45.286478811606,45.4037091227261,45.7469333283388,46.5218259326695,46.385675740933,46.1840191336723,46.6426979362689,46.8837737436842,47.3554299892144,47.9010853163196,50.3424632895823,51.5783547715669,52.7261268187677,53.8299175510128,54.7250982314097,NA,NA
44,"BHS","Bahamas",35.7093014177579,35.7279545198287,33.5548719257088,31.846006173339,34.2274098633078,36.3572076707304,36.9811894728096,37.2662147272402,35.4957791982484,33.1628428418674,31.833929300398,32.2300513770047,33.0759660332765,33.5121171928897,35.6053952961084,36.6579791971279,37.4377373602448,38.8954728342104,40.8053963267368,40.8915209097419,40.1120492538913,38.9493448623358,36.7611401077311,36.6347475739605,37.4131935694659,39.5407952708615,42.1447604302022,45.1390989830185,NA,NA
48,"BHR","Bahrain",11.1158293546697,12.7709187694401,13.9527609447184,16.7011718605898,17.8443622490146,18.6996331173664,16.7158220995015,14.6229343119447,10.4466514973868,7.04290076841765,5.37477445758134,6.44223064977729,6.88728433134993,7.77145345115079,8.51068848726736,7.80597536426504,7.31424607306043,7.50334160343813,7.1792891641916,7.54213064275957,10.7436292730472,13.3712256549365,15.9391937815806,18.4709175936635,20.9472477501611,19.8993752134432,20.1510172276955,20.6050647609562,NA,NA
50,"BGD","Bangladesh",36.5751551575681,36.3904988113308,36.5790461076747,38.1536805741996,40.3991702593948,41.8619721610678,43.2703282903918,44.6172131916738,44.7382998566543,45.0755918186266,45.7107415808653,46.5219040546034,47.4001985302419,49.0483032214693,49.9525729912319,51.1646247610854,52.2955666792937,53.2395824550803,53.5583617301957,53.7685201302642,54.0036497623409,54.1866720556887,53.9300791843137,54.0693809731053,54.1791882703379,53.8609187980231,53.7281876341689,53.8273345436395,NA,NA
52,"BRB","Barbados",65.9613769780485,64.8256897002593,63.7418193865487,63.8319403033965,67.1435445785763,66.2750948746978,69.7030774092503,72.5994502398668,68.791153387901,68.8351082515926,68.8426385888575,64.2282604178756,59.7043266776649,65.0366967372755,63.3965030341182,63.0714282520447,61.0650483210825,58.7978230884404,52.7328479703381,48.1083521280901,42.6748414966168,40.5882547271665,41.7529236755692,39.5631990654004,39.0390448080661,39.8525279207917,39.0507518949373,35.7871859184146,NA,NA
112,"BLR","Belarus",23.8938661072519,23.4685873370534,21.1672823462907,19.262404849747,18.8670053985115,18.465638516203,18.8827218554363,19.9555284315046,23.3068680042688,24.4375893134605,24.6386055064292,24.9548764962068,26.9627136577079,27.2681091602249,27.2477127305925,28.2187482113956,29.3029358429193,27.9765443637124,28.8932408409096,30.0074919481658,30.198684720825,29.7675856829325,28.8842811271161,27.1538914856007,27.33810523079,27.2229923857743,27.17463356187,28.3348813057934,NA,NA
56,"BEL","Belgium",NA,NA,NA,NA,41.7303648048751,40.9869867408887,41.5443640008772,41.7978928299729,42.4475794526349,42.9090334674896,43.6022447039243,43.785932523983,44.3750849057721,44.4793985024386,44.3252536713976,44.3011351017888,44.2386692353242,43.9202106538497,43.7876068265776,43.8643027677069,43.0330316909641,43.2040152021999,42.65858997298,42.4009032833104,42.1218222700781,42.6669177389828,42.9623251622945,43.9831026492064,NA,NA
84,"BLZ","Belize",54.0622034292699,51.1341919443192,51.6107668364468,55.932646585766,59.6677353040319,63.8714882171941,65.59706217468,61.8355507129861,59.1507361185082,60.8680376115321,57.8810098724927,55.422108899616,53.9732630521544,59.8562473662696,53.1676494651048,58.9889374108357,66.9660836810535,73.8953637012523,70.6378207105683,71.980870903445,67.8765977400777,64.9759053374992,63.7538084337214,61.6430428959598,61.8571551049169,63.7009751173276,67.5028077347099,66.7979605756385,NA,NA
204,"BEN","Benin",41.5550037824456,42.7058006208326,42.6736916485,42.4354601586104,42.3161644708414,41.9218269317262,41.9469580299598,41.2154424097384,40.5676379893839,40.0418817660673,39.2047769524608,38.6906324843034,38.9390446097355,39.7531197047783,40.1629996010764,41.0513669950732,41.6008755940117,42.2044212729529,43.1028951425621,43.3841501129802,44.516609968111,44.027694588418,45.5962394844675,46.0803224960469,47.6770558958524,48.3260342584104,49.4043411490438,49.4345231739145,NA,NA
60,"BMU","Bermuda",NA,NA,NA,NA,NA,NA,NA,NA,NA,NA,NA,NA,NA,NA,NA,NA,NA,NA,NA,NA,NA,NA,NA,NA,NA,NA,NA,NA,NA,NA
64,"BTN","Bhutan",31.9688640043399,33.2721363754555,33.9545834814129,33.6621779871014,31.0649500108871,28.5893306157783,25.4469898372916,22.8062268229422,22.2546379839309,25.9167443725292,29.5972751221416,34.1382622879659,38.2963010773032,39.3016713229644,39.0141061582828,40.1940997894476,40.1476700987325,40.1971721950365,41.9298557175614,42.8587034774742,42.7242638880153,44.2637835354149,42.0459036673731,39.850788622333,37.7890284594138,33.7460977842234,28.2404686497482,26.4861654736261,NA,NA
68,"BOL","Bolivia",44.3915796273462,45.6795576010596,46.0994600026422,45.3067779702239,44.8712071506896,44.7705984825597,45.2302775882979,46.0392779456894,47.1740492986461,47.3337275675064,47.537899000553,47.103410610973,45.605902317419,46.7273306143574,46.0424650249491,45.3639112850963,47.1385705755656,49.7231609935958,49.8713420755306,52.8532218740408,56.087704613224,56.1717851782909,56.9183017725878,57.5194481932431,56.9420868362871,57.2614603441725,58.0056106332701,58.1050741304184,NA,NA
70,"BIH","Bosnia and Herzegovina",28.4717075874431,29.9482216112672,30.2374055812764,30.5190250837592,29.4375019895411,28.5143601443512,26.7281728030514,24.3700477979296,24.6240172496861,25.8863215307359,26.4129185081573,24.9183226737737,26.5810492719827,25.6271119093684,24.2029136947813,22.2714429093628,20.5250466768447,18.9409987300838,16.8241957846863,16.277598975672,17.8571171595457,18.6582986102386,20.6263900881253,23.9964900448532,27.6898011742704,28.6294649380884,36.090394238766,40.4609185651763,NA,NA
72,"BWA","Botswana",8.35143780340481,7.80190536521654,6.10688438299138,4.59050326801254,3.58408228206181,2.48420298932136,2.40612997671582,2.9577471669526,2.80661766456228,2.92161481384159,2.57589132856454,2.05911548238876,1.25726465712629,0.920886858076486,0.476435465023727,1.11807462317465,0.790387545597738,0.129299415931712,0,0.0220866574714762,0,0.156548251748916,1.75884201996365,2.75044811014753,4.82691144306368,5.83282653830139,6.81498102941917,6.52301526514124,NA,NA
76,"BRA","Brazil",67.0741997719245,68.4797686843375,70.3130381590836,70.9817104170533,70.8660823094966,72.3560730471558,73.0538975722492,73.9803448725363,74.3329993859552,74.7860815750829,74.5075017870096,74.9133673640174,76.0856574657242,77.8542571841477,79.4831301700813,80.3950295953743,80.983471351767,80.5846180414733,79.7231362277259,79.7886579295097,79.3782843973081,79.6013601191512,79.606705295783,80.0395976654728,79.3789827201148,78.8442684334989,77.7013810788167,77.6122177687133,NA,NA
92,"VGB","British Virgin Islands",NA,NA,NA,NA,NA,NA,NA,NA,NA,NA,NA,NA,NA,NA,NA,NA,NA,NA,NA,NA,NA,NA,NA,NA,NA,NA,NA,NA,NA,NA
96,"BRN","Brunei Darussalam",1.16732306684655,1.4241919799086,1.3910778172218,1.24234117364963,1.23056704562865,0.890174098494612,0.895109804170787,1.00777353350583,1.13198669955915,0.937466852678853,0.68464625395346,0.304960759363794,0,0,0,0,0,0,0.0998975529212061,0.390671488104147,0.499573901104057,0.632180718621925,0.690838627667588,0.670726557091427,0.725574603585898,0.78077535272314,0.776471474751702,0.891181091757858,NA,NA
100,"BGR","Bulgaria",34.2555604939052,34.7246931436079,36.1617884874254,36.7295669828444,33.3832031894407,37.738937603886,39.3841719442136,36.6585368522094,39.6722194857934,42.6428248956999,43.7554977677671,40.3311194967525,47.6502755430014,46.6779649373512,49.4399066833185,50.8360080103134,55.4568700886573,55.8041185415873,58.2956060561101,57.5395687786245,57.6475821946113,59.5947752161371,59.1819243589053,59.722527562542,58.3325509636536,61.1059028057853,61.3164229091961,61.4591356289402,NA,NA
854,"BFA","Burkina Faso",35.7254334192299,34.6855107686631,35.006875649536,35.4373198243234,34.9950670042439,35.7292592369896,37.2780572384655,37.7892419655775,37.7232374159245,40.0092106480758,40.5485220706012,39.2328803498169,39.865638094481,40.1016769614205,39.9395573177536,38.664499699977,40.3388134519728,40.1521265294176,41.3515766976716,41.2193031051377,41.9660001106175,41.362161768376,40.7012298164936,40.5504319138221,41.0208196134508,40.894720801659,41.635768962585,41.9704598196486,NA,NA
108,"BDI","Burundi",42.2044080135796,41.5805941343554,40.8472598363396,40.8479350655223,40.1874001775265,40.2305268351183,40.509047624343,40.6597633344041,41.2122919135457,41.5219530457255,41.6283049108724,41.2374448548299,41.3279302028733,41.1277686301888,41.4831373074784,41.2203291486732,40.5356618674114,40.9012514043991,40.5015521816981,40.3323875601363,40.7682562854575,41.1469120184115,40.6420574760395,42.3996470119408,44.5320645081081,47.5634654198377,51.4398626166715,53.9117671991177,NA,NA
132,"CPV","Cabo Verde",4.33666239913633,3.94322455020598,3.42787011146879,5.09123972826104,7.54766126758811,8.92607884682113,10.2158653602078,12.0927290073091,11.7335109415417,10.7388469453051,10.1156806910835,10.375664763843,10.2989329439809,10.0559767399769,10.2735466012507,10.6128046311259,11.053702989936,11.4198532019785,11.5086266398692,12.175977615361,11.9696464171321,11.4052552493127,10.1919926719894,9.51343279686792,8.20312118640413,7.49882715845132,7.07845978328704,7.03968178741466,NA,NA
116,"KHM","Cambodia",15.6040677334345,16.5164619010849,17.5914798793295,19.4190080435178,20.1083696369533,20.8146514305684,21.5204182598021,23.2830892529574,23.6844568903597,26.0022316752217,28.7325886185465,32.279608515607,35.4489319325366,39.7755097528244,42.5312589780997,45.3319167176633,47.9481810460136,50.036159444176,51.206796982042,51.7776107227485,53.1406160455476,53.8922955195395,54.4534223289624,54.7947853061734,54.9183495515886,54.2410322869153,54.4404234232061,54.6188159281297,NA,NA
120,"CMR","Cameroon",23.3032381961156,24.1566613512968,25.2672979675884,26.1907368502735,26.7078697796711,26.8044540791888,27.5475515981681,28.0200701524015,28.2902156565162,29.7143332865213,31.4863778075001,33.1301524408314,34.6363109945748,36.6602550231363,37.599467998277,38.0145609362657,38.8142384733054,39.6438309884642,40.4847321206597,41.364054545376,42.6460980902396,43.3542310052535,44.3348444270696,45.124689284935,45.6833983449652,45.7795961115701,45.9314113427684,45.9685097882744,NA,NA
124,"CAN","Canada",45.9775435529954,46.3419477231293,46.669652542215,47.7645940283535,48.4752792737256,46.3689042083478,43.7200078828377,43.0439192715424,42.8522901883513,43.4752641327975,46.1338052889276,48.8575300099134,51.5507575636687,52.4823235136742,52.4274227590781,52.5585045735235,53.8763957498675,56.0283450712159,56.5024356955009,58.1475490156932,61.1212310975795,63.8573431342362,62.9557253390212,64.3403336166773,65.4037259326661,61.7207214406549,61.4354416993635,60.1050276141318,NA,NA
136,"CYM","Cayman Islands",NA,NA,NA,NA,NA,NA,NA,NA,NA,NA,NA,NA,NA,NA,NA,NA,NA,NA,NA,NA,NA,NA,NA,NA,NA,NA,NA,NA,NA,NA
140,"CAF","Central African Republic",10.7489134567453,11.7414440711546,12.9637962584878,13.6305391882211,14.2257099568601,14.7497194343689,14.6630340502472,14.155767039822,13.9655784651244,13.6586963822437,13.1790823561876,13.1625143266262,13.3178121939123,13.6292059097768,16.2911593554206,18.9706078288981,21.7591399110538,23.3783753074054,25.3977185116643,25.1911503470717,25.4876650513375,25.6671663802259,27.2248154503298,28.2131167526334,28.6678812890154,29.1104614670132,29.6518492419827,30.2210782565093,NA,NA
148,"TCD","Chad",23.245715623294,24.0949075629374,26.1517596564838,26.0843577263225,26.0597010380899,26.7957434785959,26.7746545937582,27.0833626005922,27.069795998868,28.7226018497859,28.964755073606,29.2621979421638,29.0415393417401,28.1272580922472,29.1887520340985,27.896993693789,29.6915093448183,29.9040319178802,31.6681396973534,29.98576837422,31.6995487719719,29.5319315293081,29.3616828074886,29.3204390803725,29.3950934452197,28.5267479399903,28.6382800991737,28.0196954055344,NA,NA
152,"CHL","Chile",30.5161147243085,30.1979569352871,31.0672292069273,30.5645028954122,30.7301367711848,32.3596857572687,33.8218271784867,35.3597462545489,38.4499923209689,41.1414713881912,42.3702518532261,41.3931115058289,40.56104419191,39.4942696763027,39.0438289281515,39.7010995647236,40.9404502124085,42.8631020716071,43.9691993467273,44.039299635514,44.3663573583127,45.1183640770028,45.4354798298506,45.7417253480184,44.8499507705077,43.061333487725,42.5868092791332,40.1431374913137,NA,NA
156,"CHN","China",48.7639538205468,49.1583723039132,48.9103501040683,48.7114580674266,49.2034521673532,49.6442645618269,49.339911540896,48.7683389273981,48.695315771574,48.4419363095355,48.2687150062354,48.4064080488529,48.9348340740155,49.0598779772677,49.2068603000888,49.4512379347547,49.7599815681336,49.9458682603968,50.3197503949453,50.9547082455159,51.4322781951451,52.0795380786007,52.9238050422228,54.2059898538072,55.279815361868,56.4900775013361,57.659889906988,58.6107003179779,NA,NA
170,"COL","Colombia",49.238258398717,49.619346672487,49.3138027406843,49.3256638860417,48.1642941047814,46.9964491125948,47.0139420165416,48.4262369576358,49.9641233238261,52.0090292105123,53.524852344942,54.5682922361636,55.3459516953814,55.1705504706277,54.0536516428272,52.9665786862403,51.6990673597374,50.7228738102374,50.2636029685326,51.0525415787362,51.5662940288837,50.5270301998951,49.7880538601993,49.4386680218192,48.6975256225554,47.3811898812893,48.6991921315433,48.7363474248779,NA,NA
174,"COM","Comoros",36.5452854905247,36.5328629561209,36.6406313318021,37.3025887098352,37.3742686085731,37.4161309450757,32.9631555481169,28.6018626028955,26.5222972110236,25.4342227649426,24.1478604878988,27.6504546506916,31.3972529989733,33.0140330269895,33.7683054810874,34.9284079292716,36.0084771130871,36.9821900108272,37.703127799007,38.3854190170795,39.1450022901573,39.9183488121345,40.6000219017072,41.3453603724261,41.9746441563866,42.255810332032,42.3238851714688,42.2380295196467,NA,NA
184,"COK","Cook Islands",58.1534066022412,61.6416124239386,65.2905479858165,63.8362748915673,62.1297395435411,60.3678097667838,59.5260274678907,54.506409713144,52.6070159154402,50.972542702385,49.9685944219661,46.575230599786,45.6376808648007,46.4511141789285,46.0481651434533,44.2762260008518,42.5723544239962,41.7510224542716,41.5925573371798,41.175141972238,40.8919941810197,40.7495030292012,40.4006779119809,40.146197654497,40.8802889402123,41.9453706332445,43.0255840733064,44.1186411185915,NA,NA
188,"CRI","Costa Rica",43.204013350797,43.4326594695345,42.2843659425853,42.1718121398311,42.2531673098651,44.4868301217753,45.930531900763,48.103413799222,48.9402168010706,49.2124889147414,48.7443803511944,48.8848541419051,48.9447714119938,49.8379623928034,50.4622817768032,49.0129445791645,48.95432818552,49.2970635109925,48.6245432892758,47.7915269047053,48.8610167988887,48.0622164700664,46.6757293319589,44.8044655373706,44.0191544099959,43.4961894170666,43.7689868804247,43.5903921070572,NA,NA
384,"CIV","Cote d'Ivoire",37.3124611258084,37.366999934423,37.9903281605756,38.1374756455355,38.2221970750205,37.9840654301056,38.2671814163283,37.5418452892613,37.4940507156775,37.2278596865832,36.8565080797845,36.3681057236623,36.435355488417,36.1506396870732,36.1512933153075,36.1251320440044,36.1019004730891,36.2782031599731,36.5317585035959,36.5975886647583,37.2611891663053,36.7779989363456,36.0875154046787,36.0969143680629,35.8594615772238,35.886967987756,36.0102776169243,37.0121319304186,NA,NA
191,"HRV","Croatia",35.0299403033908,37.4451938467335,39.3455106929013,41.0004845043441,41.4338640726281,43.7699728090953,46.5624286538577,43.8900825204324,44.8926120678346,46.5936064312602,45.9478553630315,43.6666257703036,46.4840593461328,49.8402132420981,50.9476228324635,51.7736504584784,53.2986659552926,55.6930495007731,55.1285099428896,56.1999701979676,59.7367470101985,61.5236599216915,61.79851206098,62.0604286859892,63.0951580657429,62.2964771541507,64.2354337846718,63.0218439850195,NA,NA
192,"CUB","Cuba",59.2941448140451,54.6586700376481,53.3245645388403,52.7079975747636,55.5323531453599,55.1725837202827,55.9759214484391,55.5819685337384,54.3440489346785,50.2660195556678,45.5410016619899,41.8397988655012,40.9938735850214,39.8735771661412,39.0050084020542,39.8277246356078,41.4080299852733,42.2128234664705,42.7790551498561,45.9423260952989,49.017749363411,50.3214960349072,49.8672446018624,50.4590559521466,48.997149366128,45.6858921158263,42.3586042421851,40.5739831852,NA,NA
531,"CUW","Curacao",NA,NA,NA,NA,NA,NA,NA,NA,NA,NA,NA,NA,NA,NA,NA,NA,NA,NA,NA,NA,NA,NA,NA,NA,NA,NA,NA,NA,NA,NA
196,"CYP","Cyprus",25.33061764498,22.244949027351,19.0860421436306,18.9769809094231,16.3956815347946,16.2755002202601,19.3190427495415,21.4011856223596,20.764850312247,20.7305637028743,18.5968098063423,16.0499655295619,12.1646336663703,10.6393333839608,10.886284654947,11.8867252554658,13.0546179760387,14.6440100175829,13.4796224400611,14.0308907885417,11.4574942180288,9.38479893729644,7.71882274240086,8.65381790091888,7.29003096252811,8.48269607572605,9.35194658287918,10.2199443270615,NA,NA
203,"CZE","Czechia",43.670570876116,44.3588269187943,45.333594489361,47.2042292109379,47.0513930037246,47.9675539650018,48.7644879081159,47.4264900674069,50.2212881484813,52.8650774076035,53.5106072361349,54.3534309018149,59.106722152283,58.8848789296523,58.5085465265265,60.8627662326649,60.0468223780344,58.6099862650553,57.8780155218423,57.5269750287347,56.7168852132527,57.3080073476142,56.9116689960385,56.0396640198172,57.9571875320388,58.6118987715641,60.7847637840437,63.2919442212117,NA,NA
180,"COD","Dem. Rep. Congo",39.4587241190301,39.0112500485543,38.5439064327935,37.9633996717496,37.9398970073884,37.8505567892002,37.7517245362455,37.6126630241188,37.5122278843821,37.4625710530959,37.5075643062832,37.6149970451839,37.7209103763812,37.4638760650412,37.6269380135239,37.6253081485361,37.4045938077307,37.2235382441306,37.3954528290879,37.1363748408039,37.018612758764,37.0549261204371,37.0407883733003,37.0291423764483,37.1127623436404,37.2198018951098,37.2987358052107,37.3684169308918,NA,NA
208,"DNK","Denmark",51.8267546191675,54.4943473270083,55.9450820338744,57.5603526517266,58.5125284229896,59.6426257537885,60.0833218917161,60.6629664769085,61.7362654188828,62.5033840887229,62.4933032641819,62.3601148968856,62.9118008097555,64.2978663922413,64.2226785090392,64.6122933107429,65.9780330084482,66.5227558586512,66.0348359384312,66.7470664145503,66.2747683334464,66.3532388762023,62.7514376763228,62.0846474329191,61.1109314724542,61.5392691338573,62.2217701436697,64.0581556053164,NA,NA
262,"DJI","Djibouti",45.0859541456202,45.0712419589133,45.1773083745625,45.2634061777929,45.5750555954864,45.9902446728092,46.4696525981301,46.4364941553939,46.7149439455621,46.7782395961585,46.5173237499515,46.4941504589023,47.0581269253912,47.3934218996602,47.7485332480349,48.5755160254383,49.6160729242499,50.1954090764315,50.6330160657987,51.261470605576,51.5402296677262,52.2514466091203,53.7175945364993,55.6130401356244,57.384751304956,58.9912746430656,59.3180432790803,59.4830621547817,NA,NA
212,"DMA","Dominica",26.9373582616248,28.7504147191458,29.722676011578,30.5806778874441,29.9606685564787,27.4820397686166,28.439498289716,28.9932689222075,29.5666281386262,30.0920668399864,33.118627151305,31.216802936798,32.5790963969961,34.2336403870273,34.936951554406,33.9138316937337,35.6430780067713,34.7462463901427,35.2191115266176,36.1829037244491,38.4408365502871,39.7161881779187,41.2098630668415,40.6246704039354,41.4084487592704,41.1293801063716,41.4519594606834,41.8220770121244,NA,NA
214,"DOM","Dominican Republic",40.3713101487765,40.4727638406977,39.1623341315144,38.9086528818999,40.9153043239347,45.0641549646567,47.7571579103665,53.1022200794399,57.3065775673985,60.2836215421259,61.5315510344145,63.8011221168104,61.5111239496666,63.1137950313924,63.8522874100495,64.523174729731,65.1406152410078,69.238402751054,73.0468500944486,76.7642103637048,79.7032466260333,82.3450463175601,83.4914831451642,83.7063322393129,83.1237741666979,83.3825190845064,85.4121874903929,86.8331032768153,NA,NA
218,"ECU","Ecuador",30.2411300912475,29.877677283173,29.0038332616786,29.0891647520926,29.0260482462158,28.4373037229164,28.4984887631148,29.4196050039366,29.2637501454436,31.0829885745114,32.4448117790783,34.8675576449478,36.1280575462091,36.9654660423454,36.8584287830838,36.9718071842796,35.931278906603,34.5702603140557,34.8266097969767,36.4237699547565,36.4794470017471,37.1509704326381,37.516980594373,36.9993549633984,35.5486598316557,36.7682160473775,37.3392890728991,38.6051961072017,NA,NA
818,"EGY","Egypt",56.1679749751524,56.0449895660668,55.5751172296419,55.1288626474278,55.5413047394144,55.404392851837,54.7334935140812,54.5656729097792,53.3882448465343,52.955687352104,53.3108280633556,53.984205632882,54.9194565531942,55.9858197228236,56.2711459468158,56.5777342337642,57.2200994289303,57.7278487345885,58.4602175323463,59.0654127484287,58.8153381491286,57.5574654366,55.7021224559855,54.8826276394932,54.1547045435169,54.1941528366389,54.6091252087372,55.9661240352545,NA,NA
222,"SLV","El Salvador",43.994665739527,42.864608734569,43.5639034234674,45.1757908723511,45.4495332189832,45.577423467725,46.915429239164,48.0212142664582,48.7059297866633,48.5072022170899,49.9480736435004,50.0470630337811,50.1142933390291,50.6658201392368,50.3465818281617,48.4720076656756,49.1606766309645,49.7308180537999,50.2165222537719,51.2353877006009,54.1224445302136,55.2044878576579,54.5483268943961,55.2288675152899,55.5113866732091,54.739365156764,55.0793252111097,55.7927328864204,NA,NA
226,"GNQ","Equatorial Guinea",29.7359345341735,29.4325531168496,29.6896223354548,30.0274898397142,30.4273081694818,30.8379775583777,31.6563639196435,31.4427545631465,31.1746155318353,30.8101708251676,29.9306161237482,28.3743850473634,27.6586840200152,26.7755155411932,25.9972676479614,25.6607436253486,24.9353641031223,24.7580661257925,24.5540070689831,24.4359778453535,24.0697364434969,25.348862963163,25.2580592305471,25.3714277298982,25.522528190754,25.7454349340044,25.9727835536509,26.5511382245939,NA,NA
232,"ERI","Eritrea",20.0038899462109,18.339908205301,22.0370618195193,20.5939405096977,18.6564875172996,19.9051873806765,18.8692502883628,14.6060265534048,12.1990712510326,15.4803982853616,17.6952685959108,22.9387570570776,22.1861974819756,23.3219787473634,22.1044514709185,20.711700739622,18.725524992249,21.5024001172236,22.3224173636506,22.6490186407782,22.1765521066825,21.8810171602752,20.9856094796384,20.234211325007,19.6097535577392,19.5911237706416,19.3518149313354,20.1351716985114,NA,NA
233,"EST","Estonia",15.0446018214622,17.4193091987679,17.2882126721823,17.6166743892484,19.7449065279062,19.944692723365,20.2472078663843,21.728072552036,24.7077312529773,26.5747284435465,28.7086907240809,33.1407502581203,35.7508753958528,38.379247826787,37.525029573611,38.0312001998767,37.8650920077835,38.8684294360215,40.567942349674,46.6639825779436,47.0801307988868,48.7496038658455,47.1321722672304,49.2074173837604,48.8373086352394,51.1996982738825,52.9103376186142,55.390561800556,NA,NA
748,"SWZ","Eswatini",39.795979100335,31.5006736101523,23.5181611763408,23.5286248564739,23.5682692179874,23.5672867575782,27.9305242119848,29.4583866072146,30.521277589309,30.5213763388945,31.8791111416728,29.8749146159956,28.7890829226263,28.1733508377728,28.1733508377728,26.8165984954032,24.6158814668598,24.1738507649994,23.7266918677585,23.7266918677585,23.7266918677585,24.1889225248211,25.9628330208932,28.6134663563667,32.3972271740038,38.5458509932038,40.8040681155252,42.2635306009569,NA,NA
231,"ETH","Ethiopia",21.9280863153166,28.8953578487811,29.2522248876101,30.7486110740804,31.3050142439608,31.6331800856031,31.3973966111619,33.2881641601099,33.5377153356257,34.9025406690926,35.2042967435495,35.8880022046769,36.0389727632888,37.7141295131056,38.3974437044846,39.4729734990535,40.5593902392269,42.3163803702761,43.7194809689965,45.2210998779385,46.4547815331506,47.7654304571129,48.2949640512007,48.5490485878042,48.1970582513757,47.7894143586752,47.3412956035119,46.5255709162263,NA,NA
234,"FRO","Faeroe Islands",21.1692785130367,21.1470184374835,21.13281072441,21.0938880988551,21.0326299508845,20.9523344723212,20.8524988507897,20.761947636831,20.6308942212911,20.5170441401016,20.4130282685548,20.2861582812088,20.2237307164077,20.2381654442261,20.2002687642697,20.2424986801569,20.4984284102326,20.8487355575366,21.400988347295,21.3617110219487,21.4917996623975,21.3293615603475,21.0161939777118,20.6712668640677,20.7849826948748,20.6793965812289,20.7154868389483,20.743825352797,NA,NA
238,"FLK","Falkland Islands",NA,NA,NA,NA,NA,NA,NA,NA,NA,NA,NA,NA,NA,NA,NA,NA,NA,NA,NA,NA,NA,NA,NA,NA,NA,NA,NA,NA,NA,NA
242,"FJI","Fiji",82.1463424149426,84.5808665217241,82.5989817324151,80.7240236859295,68.620910543039,65.0583043399019,65.904351683194,64.03118008427,68.0049344124026,80.0577884574523,76.9111650007787,71.7923478691129,78.4482983332134,72.6787871225228,68.8613590573791,73.2915330642209,71.3964653082587,65.7248736763055,67.7249880479954,68.2603553960569,64.4334813499685,65.8676642358718,66.9154809239289,67.1849532662748,67.0582436239974,68.7848810926099,70.5249301651624,70.5289381643809,NA,NA
246,"FIN","Finland",44.0412650692198,47.4291543255753,43.9372741141454,41.1757512143579,40.9346817011837,38.9034232375762,37.3455381910447,40.1091041320272,42.0902575448087,42.3140602161884,42.7458236117749,43.0950446711239,44.1168300671457,46.1218632219857,43.7358419003448,43.823604470247,42.8940055051007,42.8732896154082,42.1930823325065,43.7799357074103,43.3151469219191,42.9543774972284,39.75648516962,39.6628363243224,39.0726925714518,36.9530373919086,38.5900332109723,39.6617582134272,NA,NA
250,"FRA","France",53.7617088001693,53.6582537953395,55.1378877552987,56.421670790993,57.9787995402285,57.4812139257877,58.452478315038,56.8161019626852,57.7370832936471,58.083345893341,59.1489988612401,57.8194284903073,60.4374275649006,61.5480827785882,61.8610514431716,63.0688515412808,65.1245689845862,64.6639181586961,64.3740453396379,65.1690731634765,63.1250954812426,62.9618775820686,62.6871834329996,62.646242765808,61.3022460257473,63.6473181855827,64.0518785221886,65.5855148770421,NA,NA
258,"PYF","French Polynesia",41.5752788005613,41.0842196145827,43.2329683549574,46.6563489969954,51.0220527494731,53.0526365311657,52.2436946225666,45.9989062374247,41.6742707285821,33.4690294073714,27.2936503778825,24.6721016572337,28.2336334269292,25.8709905096687,29.9210082628885,33.0332588440551,32.5808344711787,27.7219621674662,25.4172649398393,25.2895707858152,22.550152955908,26.9067747933873,26.5370085713069,30.5703317704368,28.3841033746234,32.0890047675156,29.8141510632472,29.6921704307262,NA,NA
266,"GAB","Gabon",27.441752802293,27.250881310279,27.2137108959902,26.8915555772483,26.6051375593293,26.4174358089875,26.4001699108895,26.5514672242297,26.6949442510857,26.6249441297541,26.5962233854144,26.904040255563,27.2627905241113,27.9145499173696,28.6875685466438,29.7864385362881,30.5200744385893,31.1452639712181,31.5642473284633,30.8446454195235,30.0833184032549,28.5485975588452,27.3101066488923,26.4167120220039,27.441389277596,28.3517832438584,29.9938967013425,31.4927259278779,NA,NA
270,"GMB","Gambia",31.9055396359496,32.0299373971197,29.9047546967656,30.8405124858469,32.8630865641379,35.8415876380119,34.9303923529744,36.6703113983984,37.3095169905482,36.1816317430753,34.8457802233836,34.126757871305,33.3055409645654,31.3537838517335,31.130578863931,28.041294868659,29.0847536223713,28.2810350732589,26.6066153196466,24.9941158708539,25.4268669630517,23.4489412427186,20.4329451816513,18.5524619151354,16.3029552396399,14.7632165710732,14.3885093091966,14.4827849342285,NA,NA
268,"GEO","Georgia",13.3599768380326,16.8199627578296,18.5486012429126,19.5839921571082,17.8175621980884,18.5316845614788,17.2057130466213,18.8350105044856,20.9423804880751,25.4607457017854,23.2053026898861,22.9119326800327,21.707707200387,18.3705796013287,14.1711628493784,16.0745226694838,15.9626672533804,16.4272570958699,16.7990603698763,18.8007360941654,19.2457876644533,19.0972306798831,19.2214475618437,20.4103918310755,19.8225285367394,19.0894126300415,19.2404980128593,18.2838845030928,NA,NA
276,"DEU","Germany",54.0110488066877,55.6951981278807,56.7231341247891,57.9748501948455,58.8273797126983,60.238576507683,60.1970124756766,59.6066055566712,61.3764622337785,61.9174407824982,61.9590385185902,61.9507199051411,64.6728265283206,65.3710717051508,65.2392260773429,64.6868368270004,65.6335640457562,64.9696888407865,64.4212405047821,65.1030887415173,65.6382879912927,66.1762121762737,65.5965596939584,65.7006628698537,66.3742247658085,68.5514486237927,71.0689725879318,73.6045897959452,NA,NA
288,"GHA","Ghana",35.938175461878,36.0991569834374,36.6800097054476,36.7877442883389,37.1630342891732,37.7750136242804,38.6574890308546,39.3932157176374,39.9991049820169,41.122913539895,41.9857701203438,42.019044863957,42.4138767258754,43.6278903251694,44.420828104718,44.4170095945644,45.8107905661565,46.7824800682505,47.159753507786,47.6703392781987,48.6664167519932,49.084093257476,49.6132503199654,50.8574170108259,51.9576421342876,52.1751304680935,52.9749267785261,53.4615359918048,NA,NA
300,"GRC","Greece",47.5562225700132,50.0619323719788,51.8315863852965,52.5450357078297,53.3643227497909,55.2711033575862,56.2433354009892,55.6743627267337,56.5355545259488,57.2619482282993,56.3711144687166,54.9352775545136,56.5427813440665,56.4629673947197,54.4141996747612,54.5197756247755,55.3346940289358,54.4307095036273,53.9513631870905,55.9214799905472,55.7593024291794,55.6975224354497,54.7146182951962,54.1519716510678,53.2454133354715,53.8933626786966,48.8520319331772,44.4680757290104,NA,NA
304,"GRL","Greenland",NA,NA,NA,NA,NA,NA,NA,NA,NA,NA,NA,NA,NA,NA,NA,NA,NA,NA,NA,NA,NA,NA,NA,NA,NA,NA,NA,NA,NA,NA
308,"GRD","Grenada",40.0565595767867,39.5919205984467,38.485211454693,36.9147776693274,35.7256516791176,34.4334355086194,33.6730422003117,34.2825695201244,35.0914451655644,35.3622335613441,36.4915288498736,37.9244288532847,38.2251107229642,37.9559916396662,38.8746134704297,40.2475784435346,42.0856376214295,43.9576777115888,47.4268597009516,50.1540526054045,52.5947568885734,53.0026283743068,52.8203056097178,51.0207983708049,48.6058906596872,46.6732869339991,45.713541830774,45.4135088942924,NA,NA
320,"GTM","Guatemala",49.2655406031638,49.2318245477472,50.7286802271677,51.7762438590268,51.1985036526215,50.8264273297733,51.0785880054231,50.040112645588,50.9170020196064,52.2783631937403,52.2715919653995,53.3674083396993,55.947956315149,57.6786513654817,59.3462769754592,60.8691018289982,61.6654103171272,61.7778840958818,63.7880938461496,66.1845093320566,70.0753253602374,70.3028153380807,70.4480773411336,69.3886926264239,66.4367073284398,63.4450226659843,63.9738666022091,64.4707944982253,NA,NA
831,"GGY","Guernsey",NA,NA,NA,NA,NA,NA,NA,NA,NA,NA,NA,NA,NA,NA,NA,NA,NA,NA,NA,NA,NA,NA,NA,NA,NA,NA,NA,NA,NA,NA
324,"GIN","Guinea",29.9220940606501,30.1742258586996,30.3005535203734,30.7939608675782,31.68118881218,32.4895037340025,33.0348433666096,33.9710854863398,34.7104213232398,35.2472165045291,35.9749560023486,36.8470866311198,37.4053668568381,37.5722153165534,36.7729022468601,35.7681981169153,34.4502473634637,33.3274443052373,31.940961247343,31.3511362934048,30.9285530943459,30.5803814631284,30.2451508921671,30.6695011342914,31.3128823108568,31.9853706994592,32.7313679797346,33.3196611307313,NA,NA
624,"GNB","Guinea-Bissau",25.2300271746758,24.907934896411,24.726059307444,24.5113119186475,23.9918098194429,23.909549113526,23.9955589792232,23.7927701052291,24.0352745815831,25.396925318016,26.7203326132546,27.7903986776123,29.4217163956662,30.0614160709105,29.378049749752,28.3420307345711,27.875791708936,26.9169205498096,26.1524258810417,26.0796079637841,26.1009453288813,25.9558404670758,25.9686003245404,26.3689520123731,26.4834666854815,27.0501470014535,27.9292546337931,28.7105328116655,NA,NA
328,"GUY","Guyana",95.6513478714684,94.6223273210734,92.3385573548763,91.7246282673466,90.3836552673005,90.437244600856,90.955465725551,93.8102671369495,92.2926087589135,92.8075281589643,92.5826253138915,92.550493462544,86.7902283759665,90.9013699803062,87.969978681131,86.6308245003054,85.0233240483495,85.479632622469,81.5535916884424,83.7486093097928,83.2117067402606,81.8407337118541,84.5293061901612,85.0526645657478,84.178423181188,83.3250285310137,87.1517889858779,87.4575960380647,NA,NA
332,"HTI","Haiti",35.4735069812791,34.0311557258495,32.0845811108574,30.8977039132698,29.2080665187439,27.437439257647,26.0554350232845,25.4725271979993,25.3582115835818,26.0039611196641,26.5077830195771,28.3098278595435,29.14147489189,30.0714110149059,31.2535868773337,32.4779264268655,32.1248775963976,33.2403567838591,33.0329506274083,32.376725300004,31.5076462093311,31.2350386762412,29.2712066918515,27.9316769344629,27.3872994873551,27.632685810222,27.9661029462169,29.1652003560941,NA,NA
336,"VAT","Holy See",NA,NA,NA,NA,NA,NA,NA,NA,NA,NA,NA,NA,NA,NA,NA,NA,NA,NA,NA,NA,NA,NA,NA,NA,NA,NA,NA,NA,NA,NA
340,"HND","Honduras",25.5832627387589,24.2388839382319,23.0520665214772,19.3844703685142,19.3686283932236,18.4461878667606,20.5998606723255,24.1550021657048,29.3704134890821,33.0596894693585,35.4965233938484,36.7900514170379,37.5637066953356,38.2878874286866,37.6488228328003,37.0047764498944,36.2106857340259,34.8274674629529,32.3133141647407,32.4354261592831,33.2720625175033,34.4578788067647,35.5841780465974,36.4687486290278,35.4172782982494,34.5909746180245,33.4585887911372,32.4167913634846,NA,NA
344,"HKG","Hong Kong",33.6288798942533,33.4302032540304,32.1784045216144,29.8940237553353,26.3434915070522,22.4916662210589,18.3804802717103,15.1684455252448,12.8029424117148,11.688621885965,12.3937747372663,13.1998496623513,13.9792372144058,14.6400584789754,15.6736669171239,16.0094302953437,17.0072315549266,17.9162453329676,18.8015672359977,19.0636608996361,19.5116796289248,19.210035192702,19.1077326035548,19.1644604054565,20.6174799761264,21.9066317471936,23.3159042803301,24.5704718555335,NA,NA
348,"HUN","Hungary",49.4162326648733,50.8023456142408,54.235822385196,52.5436921855069,49.9261038844823,52.362679988195,50.4573663559643,46.9480512362395,52.341343676421,58.2299099621202,58.6822983972257,58.1544033152447,66.515392825953,65.0710785312338,62.6432640299032,63.1236614776602,64.0689750183168,60.9639209608152,63.2516765651447,65.349669607573,67.7570241735547,71.0325402625874,71.4166426053465,69.6972737452649,69.3256286431087,66.3705279079307,62.4655910846695,66.7784980312063,NA,NA
352,"ISL","Iceland",0,0,0,0,0,0,0,0,0,0,0,0,0,0,0,0,0,0,0,0,0,0,0,0,0,0,0,0,NA,NA
356,"IND","India",36.1801506482812,36.4239587992169,36.7376853988466,37.3379560036857,37.6968821629151,38.0133416812182,37.6652194359261,38.2236785956447,38.059252282577,38.0035409296867,38.1662920444265,40.0202569495729,40.7003503132289,41.2814772306152,42.5651254061088,43.9755484780687,44.7550208853631,45.9397615536791,47.6310764158388,47.8183856489749,48.2013199386626,48.5376382492011,48.9863641054797,49.5019368507589,50.4986140856535,51.3653009431132,51.9431584206406,52.7211045862504,NA,NA
360,"IDN","Indonesia",44.1033053118823,43.5588383302987,43.3418350045872,43.7934021635908,44.3437213104266,45.3128983922243,45.8363691050217,46.3860681237947,46.7747280204317,47.4452485070398,47.970442934603,48.8458728892781,49.5219595678503,49.714236488617,50.2765822794006,50.7563290695446,51.8585363782867,52.8324378318765,53.9131305687287,54.3343345605933,54.8795035620774,54.892352247195,54.505710589759,54.3749403095815,53.9278765896987,54.2392800070677,54.949487934674,55.4616843210508,NA,NA
364,"IRN","Iran",29.448679393153,29.6280865944287,29.5237526930842,28.3251048253881,26.8212677398764,26.1448152556337,27.3665846510198,27.9489514395907,29.7172653848158,31.9280601752285,33.1402135494233,33.9260361975112,30.7148449892416,29.4291391670758,28.6590460470442,28.0284967825624,26.4702790811548,29.3421956879298,30.7025298251646,32.3691335076857,35.2240193038655,36.7637219992677,37.310840991201,37.7801271044489,36.9301729770299,34.2856493207903,33.1203092226993,32.564476718726,NA,NA
368,"IRQ","Iraq",15.5639442355429,13.884688868627,13.4316630302922,12.4472528567715,10.5583968621857,8.78467426424666,9.51619190961826,14.8563513530262,20.5237022515683,25.3340738928216,29.1053512222457,31.7139869592504,26.8761811921424,23.3759678166593,25.2707587381047,26.7075826122599,27.6152583174028,33.122371636843,38.4872758162683,35.744423151287,33.7624394385939,31.4575857984659,25.1451444314251,23.1657780456623,28.1242435902016,30.6637277965901,30.0372551928045,32.3622299609981,NA,NA
372,"IRL","Ireland",45.584366229114,44.9686869442032,45.1845726082927,45.7648186321887,46.6998420087997,46.6776405151395,46.6655999642003,47.5181747578772,49.1646730802519,48.914453031807,48.7926523796613,49.1915964394313,50.3333965240225,48.8982599112676,48.9584061635466,50.547529591795,50.5807277704559,50.0074717315028,51.3347538875266,52.4689963202001,51.130430728682,51.2826267794358,49.4583833585465,48.5760514940116,46.6781952682034,46.5626540739479,47.3138241791318,48.8308368914835,NA,NA
833,"IMN","Isle of Man",NA,NA,NA,NA,NA,NA,NA,NA,NA,NA,NA,NA,NA,NA,NA,NA,NA,NA,NA,NA,NA,NA,NA,NA,NA,NA,NA,NA,NA,NA
376,"ISR","Israel",39.2109736817375,38.4370195758294,38.7228874711894,38.3507367846976,35.7181007552248,34.1640176445982,33.5215559248863,32.3793226003935,34.1335314117601,36.1405971885343,37.1374983011756,37.7273090969607,36.9577961834235,36.1071369759276,35.0122418359609,34.6923169049132,35.2937380868882,36.9712062148286,37.6917401558988,38.2270438593905,37.7517321943507,34.6924311065574,31.2875637791065,28.7450848487336,27.8173292545401,27.6107148952423,30.681306744653,33.759821013151,NA,NA
380,"ITA","Italy",40.5068656975339,40.7480485144341,41.9347000809002,42.5229498471307,42.7747620964379,42.6291642351071,42.5436920176557,40.8676023122088,41.7817706647832,42.7470216592816,43.1729147723569,43.344131587676,45.5345142295516,44.9186774023107,44.5633090140854,45.5093255496629,45.5845585239947,45.0647000790287,45.6610416585555,45.8346464316639,45.550940318281,45.4042327004588,45.4250150258381,44.5698439380983,43.6624066233442,43.3506869483446,43.0649862904225,42.5324661323919,NA,NA
388,"JAM","Jamaica",76.1483919257743,75.7225610328515,75.0104468291353,73.6866463242399,71.0004179852077,68.9784338383095,68.7130651620217,67.9906148629992,67.7513917447974,68.0052553122186,69.5749828693984,70.6472987473553,72.8277037151335,73.6498471707166,73.0239227127118,70.5681750165513,67.1175285932637,63.8712603793728,62.8829861507939,65.14479568556,64.743410948794,64.9781878391314,63.7660374436315,60.6495206651862,56.1162598085438,52.9682316977037,51.4341280280491,49.4838788969855,NA,NA
392,"JPN","Japan",47.2527829663575,47.2563799901873,48.7424272911482,48.1348956769948,48.0556588857263,47.9996785411477,47.9149554054021,47.6043738768847,47.5636947400617,47.6346500037167,47.342901613506,47.2641573811293,48.8092551303712,49.3317263448399,48.9266944888766,49.2911435677725,49.783108889279,49.3483522621797,49.5368765963859,50.5842258054463,50.7902538376057,50.7894886800874,50.6525407122325,50.8390512966523,50.56190692353,51.1605249685642,51.4647831532866,52.3076518958378,NA,NA
832,"JEY","Jersey",NA,NA,NA,NA,NA,NA,NA,NA,NA,NA,NA,NA,NA,NA,NA,NA,NA,NA,NA,NA,NA,NA,NA,NA,NA,NA,NA,NA,NA,NA
400,"JOR","Jordan",26.2563365730769,24.6338827532384,23.9499646588339,20.0279693240068,18.8587216678367,16.6417520217541,19.5933224362554,20.9301275037008,25.687306621395,27.2948498591675,31.5468228016718,31.4016036174894,31.9685840699173,30.8145114007161,31.5542333630245,30.921020805501,30.2342228021741,29.4425435961653,29.0021361062094,27.3541486015882,26.9643751823751,26.7003955258782,27.529448795459,28.1052410718755,29.7571640105741,30.6422301148539,29.3649044260267,28.9533248675984,NA,NA
398,"KAZ","Kazakhstan",27.5644034417756,25.8375990989045,23.3147909718781,24.179874247107,26.835507668551,28.3587646866635,28.8082062287395,31.5473042526409,31.8201367194731,32.3097405823708,33.0209223306382,33.0963816766401,33.2732606478355,33.3576226941495,32.8077999265262,31.0407539324722,30.8613842926381,30.8590430733302,31.4326998123926,32.5611497424806,34.7795665352188,36.2503908199596,37.0192720181609,36.83745971882,36.4490172290631,36.3676214192524,34.9697343431689,34.6597695555275,NA,NA
404,"KEN","Kenya",38.3323677284929,38.2821343974714,38.9397317244893,39.2639770967779,38.1851791191653,38.3970676618794,39.3883229313168,39.3910284936511,39.2474150465004,40.8218092372863,41.868592518328,42.0264360529787,41.798296911481,41.899348331462,42.442250904634,41.746253016488,41.6547776681374,41.9986101408988,42.3411155318373,42.0450820689036,41.9570375763073,40.7446637584829,41.3691426080687,41.1768675686511,41.1478733503611,40.9557762736172,42.4747171290878,42.1914763257008,NA,NA
296,"KIR","Kiribati",10.9129809692026,11.736316172947,12.8912749007063,14.0454371722396,14.8608605423424,15.0230133094546,15.1862866635267,14.8590624942109,15.5046304306703,16.4891826734016,18.0335354944184,19.6515156763417,21.2672884230432,21.9079075217103,22.5468950597733,22.6237905728505,22.6635588223122,22.7243155233897,22.7640795708099,22.8065194615347,22.995741869299,23.1452781223116,23.2732066730565,23.3381945143217,23.4009253872043,23.3171386288052,23.2773233641661,23.270437912874,NA,NA
689,"XKX","Kosovo",NA,NA,NA,NA,NA,NA,NA,NA,NA,NA,NA,NA,NA,NA,NA,NA,NA,NA,NA,NA,NA,NA,NA,NA,NA,NA,NA,NA,NA,NA
414,"KWT","Kuwait",22.1653400881402,27.1942512555542,30.5192944154941,32.7322321249511,34.0069661041115,33.7365003078345,33.6945978758528,34.2929786870012,34.7774316288351,35.3121579502234,38.4022851956408,41.0880488317503,41.6725209514246,42.2857534429532,43.6549201778443,44.792359811963,44.0693197413141,44.3161110040684,44.8461108835932,42.3012532601949,39.1180903217865,37.5275669614777,36.2866602204575,35.4916750414766,35.8744854901673,36.008264630008,35.9700126233308,35.7474761585401,NA,NA
417,"KGZ","Kyrgyzstan",30.2067659943287,32.5951530213664,34.8443609703912,39.1562905454907,43.0895858560663,46.5058157522667,48.2180417758928,49.4964752648218,51.0648486454077,52.4959095051371,51.9039797580727,50.9161647403493,50.2568185162554,48.8859154580055,46.5927295806874,45.1183355861535,42.8290060473018,41.6114321797781,38.885229856411,40.2037855226916,41.2658534188333,42.319135894048,42.4214153542467,43.7069074649348,42.515034116174,38.9554444735762,39.3772977290121,38.4128959016615,NA,NA
418,"LAO","Laos",28.6775989101059,28.6524466805591,29.9125026870131,31.4049222054711,34.8920404143861,37.9894409059308,40.7894993082992,42.7213589904314,43.3542867777383,43.4498574235953,44.1031741261965,45.0879400560164,47.6941006616394,50.669463325144,53.2762781746486,56.8451090431763,59.023643613309,60.3909484612391,63.4453796652944,67.6602573021443,71.1861396766566,74.2372631705383,76.3923365797683,75.6537337560712,73.9639683090784,71.5786490267414,70.9944651751532,70.5602123611496,NA,NA
428,"LVA","Latvia",20.1504888193577,23.8677632367659,25.1804807465935,26.7068223755295,27.8165275194264,27.0359262879394,27.190139656323,27.7377880346489,30.0691327989453,32.3468487213716,33.1171408933062,34.7537897091629,37.9892065627638,40.3349456028341,40.3728957480405,41.7740301232929,44.7033371887909,45.4127372312169,46.2371411082222,52.3939274171412,57.2050015373057,58.468680983376,57.3919351517307,60.8292966641532,60.8738577847747,60.7238677448069,61.7140540380272,65.0217338426182,NA,NA
422,"LBN","Lebanon",41.2769754193237,40.130288384208,39.3481510665003,37.4477063530408,37.1050522201257,34.8953047087371,35.0429711531984,35.1266672453797,35.1930746396639,37.1320904326499,40.8447170230232,41.8614740005254,45.6309390631943,45.017028545239,43.05716831024,40.2120521892096,38.8343167516752,35.7413715170806,36.9393396262188,37.5072476850968,38.8638450950712,39.8369750814551,41.0848018992299,41.2531638294218,42.2373575648722,42.8936133733204,44.3350286143423,44.0219485601488,NA,NA
426,"LSO","Lesotho",19.029372797063,21.7359414192428,22.3446887823038,20.8302248990905,21.8668768335505,20.4116609639723,18.0226351091264,16.4535835329802,15.6801235080576,15.7377131369724,13.0895870320929,11.4609624606545,10.5658690355723,9.53943647944396,11.8307734522377,12.9623618814268,14.8921279940837,15.0996916412262,15.0683871590952,12.5805144977193,10.2246161325167,11.8582232514425,12.6428526406301,11.4153565316149,9.29161920322778,11.5840930202631,8.83345708332301,9.07323431511459,NA,NA
430,"LBR","Liberia",24.792970491524,24.706933143842,24.1370928743884,24.1951138937005,24.5493903030278,24.2728152937018,23.7305250995381,23.6187353250082,23.3511021314849,23.3529693766145,23.4022658636396,24.5049490691465,25.5084304173508,25.5022191832949,25.0856736614253,24.9209035250303,23.8781972442103,22.6855986419292,22.2780890419383,22.281264699158,22.6576612857618,22.0764162652652,21.9461520064987,22.0854450300751,21.9428513738752,21.6082972236013,22.663911847216,23.4653159586821,NA,NA
434,"LBY","Libya",7.49981236273547,7.72602675899108,8.46811288060051,8.04985188348942,8.39202235445413,7.80368258055003,7.54325991574331,7.75931812000624,8.26561751374456,8.26276220572889,8.19405168800405,8.10217158248931,7.58297304689664,7.48324015422422,7.68999205823732,8.15944533083041,8.82956850240164,9.77626455853671,11.3899112927326,13.0493284375359,14.6714199007875,14.2040568636959,15.0552168784659,14.8462202650772,14.4813326195554,13.8693990737921,15.1144221731632,14.3373950647818,NA,NA
438,"LIE","Liechtenstein",NA,NA,NA,NA,NA,NA,NA,NA,NA,NA,NA,NA,NA,NA,NA,NA,NA,NA,NA,NA,NA,NA,NA,NA,NA,NA,NA,NA,NA,NA
440,"LTU","Lithuania",21.4807363256486,24.4211631987352,24.4897430215365,24.1736226042813,25.1973705547577,26.3686720496083,27.3353000412527,29.0832567822314,32.8197558442887,34.3154549396905,32.0515186585856,32.5979269241633,34.0062539206775,35.4235457333953,35.1760879552117,38.6500327894246,41.9833379787322,43.192976433836,44.9669520381216,52.32015224514,57.1213007755394,59.214326572655,58.8211580744795,59.8911511864538,60.6220958340187,60.7851218450477,61.9293098044435,65.9600380472931,NA,NA
442,"LUX","Luxembourg",NA,NA,NA,NA,44.3243447811118,43.0109016770695,45.8792158575364,46.8997583799358,47.883988958466,48.7651445598622,50.4263275715536,49.5555347357672,51.128170280108,52.316568465711,52.5079537301662,51.4093358621264,51.177195344859,49.9962145646939,48.6988303112532,49.2161903722041,48.2879656506508,47.7123829219085,46.9097954156189,46.2154465625226,44.4407387688726,44.6157548451255,47.5475846492739,47.6080395273049,NA,NA
446,"MAC","Macao",NA,NA,NA,NA,NA,NA,NA,NA,NA,NA,NA,NA,NA,NA,NA,NA,NA,NA,NA,NA,NA,NA,NA,NA,NA,NA,NA,NA,NA,NA
450,"MDG","Madagascar",33.6963686666844,33.6836534987975,33.7164052752502,34.288551476081,35.0006364957667,35.8605909353198,36.4937082680149,37.3185237948829,38.0544224094479,38.917771492461,39.8989726696809,41.0362761725449,42.1515815610527,43.575578326024,44.8717308456224,45.624626571569,46.4434055741982,46.3926100870364,45.7965818629075,44.8330387680527,44.1259421903526,42.650725152323,42.1906077860925,41.5067759868062,41.3674063500358,41.8147323250811,43.1193185302501,43.9990401162496,NA,NA
454,"MWI","Malawi",34.5545140492985,36.9054445350551,37.0929088079045,38.1188257134649,39.0728892228759,39.8770764180285,39.6259245909794,39.0473731099874,36.8388746918518,33.233072022565,31.7887392486678,33.8303405641488,34.3307528131033,37.2752940749561,40.1126012308165,41.5517988998544,43.2975129418489,46.139394975785,46.9714262779951,47.4337909502051,47.2350804655227,46.8816291105991,45.1034454741528,44.1463777462515,44.3993308593593,45.7913582701743,46.1334550087915,46.166066921065,NA,NA
458,"MYS","Malaysia",43.0691992260057,44.368280102627,43.2683445616315,44.694692663039,45.9557368656282,47.0611185396328,48.2268081876942,51.0257822573284,50.7013018893482,50.5712903574118,50.3995912693206,50.6608158146324,51.6032664823518,53.6308604267154,54.0559813008219,54.9582545273833,56.2545830430105,56.6414810594843,56.8151380102506,58.5810711314928,57.7561676049784,58.8769092999753,60.1991700570358,61.7594157477199,62.6799688123374,64.2721811527675,64.8767282668405,64.6570087242828,NA,NA
462,"MDV","Maldives",11.0904849477113,11.2276552230326,12.287465948606,15.1993477932513,15.3714118114648,15.6798260807757,15.4980435363563,15.9537231538902,15.3800254963661,16.0088565802797,23.6412412149894,26.3781923265018,32.2850991855761,38.9350419093314,46.2702112759445,46.3725714647989,44.9793535785325,37.9988266483951,32.2309752777103,28.0252393455542,23.3468281365228,25.3226697839524,29.6727245269155,38.7125280654494,47.5135620108645,43.871822635327,40.2077970495323,38.0201500739886,NA,NA
466,"MLI","Mali",42.1303202993704,40.4710102450143,40.0703276970779,39.6242575175114,38.5334418431478,39.0128023593409,37.9576096535631,37.9406992937926,37.6207782471797,37.9811394019204,36.899617359283,37.4777391493562,36.7812469451412,36.862721972011,37.0786963155364,39.3548978914938,41.124848029009,43.0659175547341,44.204954143767,45.7683861820434,46.1174057958951,46.2993613463327,47.1255379836547,47.6180422475083,47.3366977347964,47.0776507098309,47.2324918031583,47.0058556010984,NA,NA
470,"MLT","Malta",26.9309566455442,30.1322623835568,33.2057626255495,36.5636610919419,38.9224503844822,39.9991483252138,40.3902192639126,40.0751620351248,40.1462347773031,40.5471621295923,41.6418882482137,42.237744368794,44.3965761184695,45.5532624748373,46.3443074622103,47.7626486806905,48.4067365352133,48.1598008924112,48.0374753448356,47.6499942608992,46.4695537065903,46.7000651716198,39.3342490836707,31.5440770126469,24.0511228991454,16.9411383474068,9.15149946003878,8.92473891797334,NA,NA
584,"MHL","Marshall Islands",NA,NA,NA,NA,NA,NA,NA,NA,NA,NA,NA,NA,NA,NA,NA,NA,NA,NA,NA,NA,NA,NA,NA,NA,NA,NA,NA,NA,NA,NA
478,"MRT","Mauritania",10.6495689090014,12.1000782479609,12.7856379517383,12.8363036321206,12.3754345364534,11.263131496436,10.6589034490226,10.6081531793768,9.61076618815301,9.58524895745212,10.2461371008401,11.2654698103756,11.5556761786313,12.5864431324291,13.6716756834766,13.9824659479116,15.3702421503504,16.1820571555566,17.7763957764157,17.9714653143901,18.9038953918583,18.7813266494615,19.6979814522534,19.1827680853682,19.6826304171465,21.2196575149552,23.0804480255043,24.3604538139792,NA,NA
480,"MUS","Mauritius",71.4510753398018,72.7425049322799,75.7247335956133,77.7665207206098,80.972201975577,74.5981315699851,76.7712289815458,74.9131146495599,71.9568304145952,69.2841160961248,75.9027583755099,79.6483758117872,84.3126381614629,84.9624362172874,84.6985117833333,86.5120838776105,86.3778320528869,84.1479272044175,86.7069066305069,81.0903636413237,75.5136942984011,74.1043220755991,72.8753373084865,73.9502921487332,80.3986805388479,83.052754187279,81.9111148490742,84.3571509620926,NA,NA
484,"MEX","Mexico",34.4465504651702,35.325340374793,36.3395076880584,36.3974800605354,35.6691233213681,35.5670182868545,35.8825965877381,36.7075845157137,38.2162895836453,39.1390667813508,40.181803857128,41.0082553483134,41.9833869847628,41.6588985587252,42.7816243984039,41.7663046161903,41.8071696919068,40.9450147666783,41.8464091748047,42.0980008288403,43.5387207954464,44.67363368178,46.1809259953802,47.1066189288396,46.5888598047462,46.4813742877718,46.5618028319539,45.637051257332,NA,NA
583,"FSM","Micronesia",7.18912236976644,14.8119856576025,22.44383317935,30.0462449900996,30.1584737214341,30.055494378438,29.9548552600939,30.9785256760711,31.4784608501437,34.9984309705658,41.4175698793087,46.6426546277609,50.5270439170004,56.0854394078379,57.9954995998016,50.3302609322582,43.8721771340809,37.6203035227613,30.245665898223,23.5683679675726,23.5683679675726,23.5683679675726,23.5683679675726,23.5683679675726,23.5683679675726,23.5683679675726,23.5683679675726,23.5683679675726,NA,NA
498,"MDA","Moldova",31.7844403294513,36.8405538814442,36.9113045187961,41.0663158260372,41.9111359243948,45.7110813546044,44.7885448190013,44.1144947167403,45.3405242144761,47.1830215566008,47.1775195174814,44.308465031755,45.7598504278803,44.8079040283813,44.550185612689,45.0056766527321,44.5726448319034,44.729010623405,47.1194085026438,46.0246815692061,47.0157694289397,52.7290677604114,54.0691179802367,54.8396253599616,51.6314796485621,54.3101202300859,49.8936119614252,49.8256654149934,NA,NA
492,"MCO","Monaco",NA,NA,NA,NA,NA,NA,NA,NA,NA,NA,NA,NA,NA,NA,NA,NA,NA,NA,NA,NA,NA,NA,NA,NA,NA,NA,NA,NA,NA,NA
496,"MNG","Mongolia",0,0,0,0,0,0,0,0,0,0,0,0,0,0,0,0,0.681787867687419,1.40803976059836,1.89345098555609,1.04143321594026,0.760856894975404,0,0,0,0,0.280564024404654,1.14196951460411,1.50186648669714,NA,NA
499,"MNE","Montenegro",NA,NA,NA,NA,NA,NA,NA,NA,NA,NA,32.8834619812695,21.8205314691441,19.5199026929424,18.6193481197628,18.0057123316416,14.9352106549158,15.5704713001116,15.9283264814073,16.0524109594851,16.4675693738645,16.6183708580972,17.3463859898218,17.5765887327411,17.3863557208662,17.151083742709,16.9265470475115,16.7651692756831,16.3662967021367,NA,NA
504,"MAR","Morocco",27.5900799777786,27.8502477028705,31.2264868381555,27.0617605561402,26.9784215251741,23.6969660839183,24.4813752194748,25.0530208924641,28.7894046400443,30.5004302221952,33.6729220615609,31.1876117190585,29.4021535429477,30.9828632203819,34.8690812760007,35.3302916557427,38.6544588606316,41.823821377829,39.6255438981108,41.8552916386152,38.5685774608506,40.9046895985461,41.6186136950724,41.3208202087011,35.7005922633814,40.2790750652201,37.2068122306571,33.9066601712977,NA,NA
508,"MOZ","Mozambique",25.8547452708178,28.0494919237503,29.2317730582254,31.3246757503364,31.4440630973237,31.7320256647534,30.8983408592807,31.3690259035349,31.4588495059502,31.9165673010241,32.4813969818293,33.4446155830779,31.7830919971897,31.8887227490191,32.3689173157087,33.0834988021854,34.1929154665964,34.9546896967178,33.5344003332356,32.7380080484454,30.912886737259,29.5682153442887,30.2420566038308,31.0498093571778,31.5561349828055,32.451300879358,33.8634866220809,33.8674033526735,NA,NA
104,"MMR","Myanmar",39.5971970892677,40.4759147268314,40.9750738292252,42.4511025316762,43.8875195578036,46.164794957034,48.8102999317591,51.7761643463385,54.2790277006612,57.7867488760353,61.283976977022,64.631587688724,68.1766439791397,71.1196576690249,72.8032363283565,72.3967571634035,71.16518804304,69.2765107157822,66.3600623520357,63.555761039537,61.1769619312676,58.3770991184919,57.1681067372088,56.5473615109322,55.0911705421472,55.2997526491908,57.1058473954241,56.0610669311369,NA,NA
516,"NAM","Namibia",14.1183747614503,17.0855300017549,18.1483198817081,17.3980743993432,18.7188790482051,19.6564066723625,17.4060946015368,16.5602113774593,17.2707054973873,16.5997180762398,16.6013021358029,17.5844211039116,17.7979983593201,16.7626081306628,15.9926080492597,13.9110133834328,12.4901047967608,10.5692545211209,10.089338429063,8.96445298388937,7.18078474604962,6.38625323242837,5.6898369892604,3.641359527974,5.81368048722413,8.84979279144237,9.62439799498301,9.79370818493992,NA,NA
520,"NRU","Nauru",59.1710516545126,57.9365692874917,55.9826095029094,54.033534196152,51.8714039232934,49.6180402833379,47.3361540868964,45.1860110362513,42.7599634340385,40.4430546587903,38.2541322517242,36.8787872923919,36.1044293569154,35.5810070530142,35.2759540732492,37.8199140466408,36.7265866938369,34.2244982468413,35.3378239088623,36.6820992619551,35.5107891735959,37.8379592669409,40.893036296435,40.7009510873423,40.7148127370293,40.703823338044,40.5230303791217,40.5992504861485,NA,NA
524,"NPL","Nepal",45.3179231821053,45.9485797734935,46.8439101876714,48.1654060665106,49.8831828140267,51.9430923820537,54.5962896300325,58.4682662284762,61.6537406534522,65.1918533845239,67.6342360058115,70.3343140153961,72.4286969493231,73.1024835175664,73.644786535018,75.703432671804,76.3586388300327,74.9020455028316,74.8699887739135,73.4115571223494,71.7316973645471,70.3317614325661,70.5078019172315,70.3518276074954,71.4090240387907,71.4009563817527,73.7849521122542,76.45816747692,NA,NA
528,"NLD","Netherlands",37.7819666153638,37.6246845326318,36.6066776668726,37.3664031366877,38.4307347630809,38.4949893807895,39.1894104231921,40.7991345110955,41.7500430633167,41.6762140598726,41.9360209684654,42.0403624480517,42.7692154264518,43.3992404894139,44.0446260486774,45.1128131547826,45.9122068377727,46.0716863732284,46.042043732056,45.6417139014428,44.5963743393774,44.7073072087515,43.8841964071508,43.7572133627676,43.944353616369,44.7114689191826,45.265292835685,46.1636040529266,NA,NA
540,"NCL","New Caledonia",25.4653076145459,26.6516883632047,27.1489857076567,27.1079751810123,27.9723913470421,29.2190894370675,29.1813336250235,28.3843220182275,29.2056235169417,28.7226556123034,28.0408793647391,28.1764683291135,29.862060498695,30.1657220622815,30.0418184438658,29.6744294369377,30.8237048377232,30.606388489522,30.2759200944635,32.3144941805254,34.7866004648772,36.2576989399949,38.8607380306492,41.1485059222644,41.8704934744148,41.3888456895792,39.8004697416608,37.7075712332135,NA,NA
554,"NZL","New Zealand",64.0601237071313,64.7615136845979,66.5630539749022,67.895115977864,68.5264389645076,69.5396314089333,70.3323591539842,69.1276846426007,65.5387229598785,63.1070367506878,60.7994800809513,59.7331880464594,59.8866145231945,62.9179446573939,62.8807780080944,63.1529327589523,63.604754750907,62.4571567228052,59.9280334112207,60.1600364633102,59.5600733352872,56.883078764029,55.4172177663159,54.7366906473262,53.3583108808043,51.9260220112753,52.5704591372489,53.4815700292567,NA,NA
558,"NIC","Nicaragua",26.161281300634,26.3473629120113,26.953790256566,25.8473558954082,25.9480175992913,25.5869167124335,24.9864510490781,25.3992299076512,25.6656018237981,25.9807873826167,26.0255081926516,26.2160494204644,25.6697086786403,26.4932892885878,26.4840411802295,27.8614634186777,29.7143425754454,31.9851382358701,33.0805868018771,33.5350116023019,33.5215449228741,33.3032022661844,33.6676272859221,34.1345576088227,35.0717558952119,35.8991626676992,37.3498766761059,36.8844878344925,NA,NA
562,"NER","Niger",23.3012456842943,21.6665626861112,22.5111539734024,23.4870268180438,23.4378983318411,25.0615660732511,27.2450042060059,27.2359358664924,26.5558171803463,28.2852194424548,28.6251748974419,28.857083469487,29.3590090141639,30.1290816237525,30.8248940702264,31.0269205600069,31.4563760928708,31.5305871432266,32.2855057588263,32.1950840532474,32.4796517974026,32.6227332769039,33.0666622820437,33.3833522508678,33.6443938375706,32.8300841673116,33.1069366356869,33.1204930360366,NA,NA
566,"NGA","Nigeria",41.3058105528839,41.8122040492502,42.2337828303595,42.5863756069617,42.7982493944587,42.7501347887275,42.7861180227328,42.9987889716834,43.3378602503362,44.0778061174635,45.1426330132835,45.5558189234494,46.2832911994142,45.9031453582907,45.8765862727995,44.9427807650407,45.2356285382941,44.5224054553135,45.3815623093154,45.5977876403807,47.0766198109456,47.614482463231,48.8635378609858,49.4748722710168,49.7768780060212,49.6182505141465,50.1428626016212,50.2738402632393,NA,NA
570,"NIU","Niue",NA,NA,NA,NA,NA,NA,NA,NA,NA,NA,NA,NA,NA,NA,NA,NA,NA,NA,NA,NA,NA,NA,NA,NA,NA,NA,NA,NA,NA,NA
408,"PRK","North Korea",42.6870790182159,42.1283368749167,43.6668513760432,42.8400805195742,40.7128477146867,40.2908644636116,42.8293395289734,43.623711584112,44.851257123783,47.332959487022,48.5211180278007,47.4578611336677,46.9389709636869,46.4724752901667,45.3025886936125,44.4938063158177,45.1430555740344,44.7276973471969,45.5148760571932,46.5943276185756,47.2554345898016,47.0885046738689,45.0776127711515,46.638670325402,48.1245001735941,50.0342363948124,52.3476750781176,55.8824856616009,NA,NA
807,"MKD","North Macedonia",21.7348008244483,21.897736587615,24.4567452396471,25.8487468027907,25.9292910801962,26.9440035374443,28.4906451766954,28.6253587983748,30.7072296816033,32.4308913846132,34.4848963843573,33.6694838763062,35.3410518261094,35.4190700675636,35.2832797140744,35.411737087241,36.2213365035093,36.2934517658309,36.6291903177396,36.3577882484324,37.3199515353157,36.6761674767854,36.6110832880461,36.0669395383998,36.3360758421185,36.3760084931072,39.2128740223261,39.4361312008904,NA,NA
578,"NOR","Norway",16.878646132721,17.8262279490383,17.6833161480687,18.2079284471499,18.9152385898601,19.0493961179528,18.7067359256147,18.5318014470842,19.5555027690629,19.5669750371563,19.3689119627926,19.6198342159629,20.3542997865986,19.1184807178599,19.067228006636,18.6194275781486,18.2960640300115,16.4142354717375,17.128279731466,17.7582851698823,19.0875470229503,20.0982111610764,19.1708746633497,19.3822560867791,19.0983683616855,18.4563595093672,18.6116642447669,18.9439082476587,NA,NA
512,"OMN","Oman",26.0349128343029,28.2521728875053,28.2009637337261,29.7844689760905,32.5807836916549,33.4949873834512,33.4599072527135,37.6103137957192,37.3513182431602,34.7894201104552,33.54182903168,32.3753265477086,27.7880743208802,28.1122882819962,29.188114892819,30.2690688887006,31.15927637981,32.7432846624159,33.5336854605826,35.3585477207674,37.2013447557151,40.8719997360013,43.6315522206414,46.1771585710395,53.9103523710378,57.8856679162935,61.1966941890416,66.1441089589104,NA,NA
586,"PAK","Pakistan",28.7296687771471,28.2944892283006,28.6849154374664,29.4819816529227,29.820160981881,29.8520651459337,30.1876732033308,30.0619668815929,30.4979550822241,30.569867432376,31.0733056604564,32.1008754089645,33.000039482431,32.7668053049151,32.4314325924404,33.0639968045675,33.1990104700649,33.4349972734289,34.0739389102319,34.6837581588474,34.3826289759111,34.6822215648854,34.0650025644415,33.1944211976344,32.8691167366728,33.3793746710754,32.6838921690983,33.8492323584119,NA,NA
585,"PLW","Palau",NA,NA,NA,NA,NA,NA,NA,NA,NA,NA,NA,NA,NA,NA,NA,NA,NA,NA,NA,NA,NA,NA,NA,NA,NA,NA,NA,NA,NA,NA
591,"PAN","Panama",23.7413523868181,23.50755215023,24.1505699294315,23.9022813417227,24.2712783694367,24.8054635900891,25.7341453523926,26.1304669971329,26.4415175072348,26.448912598363,26.7918359866237,26.9826812451122,26.833724648517,26.4245085841147,25.5675425815833,26.14757674264,25.4961444396258,25.4145484612053,26.3732737829747,27.5484362540348,28.2501003925528,29.3853876240107,30.6459564569987,31.1647633189053,31.6276983214932,30.7608125719219,31.8206458434167,30.3992354819734,NA,NA
598,"PNG","Papua New Guinea",38.3657046816889,39.8669819418947,35.7584486002777,29.865692889391,23.6888389474445,23.0649549938411,21.6881934203892,27.5085880595501,35.4258560479761,43.1834491413621,46.0414815299187,46.7876765475913,47.458522342376,47.8324070905249,47.5970501061553,45.3211857399603,47.6445214511049,48.6755512247974,46.0263612928777,45.7548708238369,48.0353491135624,49.2043631989366,50.8718777608914,54.5749590806647,56.1516867605463,57.5851772441107,58.0523250888197,57.6548395063922,NA,NA
600,"PRY","Paraguay",75.6400988118015,79.0356347430037,78.7714417537036,79.5518321079665,78.4400873416964,78.8802092135342,77.6799665654605,79.0227771936703,79.1356562201614,79.5109800477197,77.7765862370161,78.9120581313395,78.8806260130255,78.0510842131346,80.148609206947,82.7665866886565,81.3701216329814,81.8623725853036,83.6891390423067,82.8977652430779,82.5763591214331,85.5363076330247,85.8794793460866,86.1359547713306,87.1755035270612,86.7568492155543,83.7831783828079,83.3299973195422,NA,NA
604,"PER","Peru",28.3427609210402,29.4429771111452,30.1584716720775,30.9410340710257,31.6352502170204,31.7925721921175,32.4913767380199,33.8274590739183,33.7808966535474,34.0623411351251,34.5142109277214,34.538145520322,35.3456324678921,36.3716590076395,36.9634424251128,37.0375549774716,37.8146175324583,37.045796964722,36.6821534889339,35.6214937589846,35.3524150768999,33.9968146419811,34.3856618931935,33.7626988503612,33.8511617538368,33.0561315913311,33.9724209495753,33.8820359886882,NA,NA
608,"PHL","Philippines",64.9896259346944,64.5726838758828,63.5404131812369,62.8184337669515,62.9224972151611,63.59763684982,65.2133196334642,67.1938860221375,68.5940489339686,69.9726092329652,72.0020309817635,72.945895128989,75.3577599680437,77.1209209590787,77.1986105446608,77.7256734170008,78.9804918151821,78.2844361074716,77.4766645886207,78.2991845927754,76.3003480644095,74.2666451066878,73.4721094532459,72.8630257662148,71.68719544395,73.1063800622228,73.6432554637083,73.5277777214648,NA,NA
616,"POL","Poland",44.1659394532663,45.2535389827157,46.0015328666558,47.4977090193128,46.0851235603643,46.682222720551,47.7468607918609,45.8403376021388,47.5461626659717,48.8204971412588,46.5898968171044,46.5703343063107,48.2754497104792,48.208171568332,48.9428837924888,51.3169276869788,51.8649010991725,52.9349668916231,54.9081544644459,55.6722729487099,56.9289794601327,58.7066857327698,57.9289509644326,55.7403923422144,58.0722780528337,60.2603454500097,61.5730467139746,64.692061596145,NA,NA
620,"PRT","Portugal",11.8529134927673,12.1210300391145,11.8138349553978,12.2842828945882,12.7428230171639,12.3612723569835,12.8624738673689,13.2189133334306,13.2626764312471,12.5270565015699,13.2322919743778,12.6373585647667,13.2372157402063,12.9137013844935,13.4746845905472,12.8230159628602,12.637290045419,12.4281073946183,12.3509303473343,12.6467886233001,12.8650579741245,13.6913183621497,13.76391652427,14.109793562712,13.7695330477596,15.173978324308,15.4774011718167,16.2588610908946,NA,NA
634,"QAT","Qatar",5.77345316211498,7.5480557807435,9.52147813464623,12.531980236786,15.8723785606196,15.9548104836355,14.9805968342482,13.3391286818015,11.1902044768533,8.99767398204571,9.56333911622649,10.3099453120055,10.3967823126714,10.1798975873193,9.46850243500113,7.49913196968313,5.362192959171,4.52612038725211,4.31521206226545,3.86400854785285,3.54660130779106,3.27027156778959,2.94105174022906,2.54258551123229,2.42848967770041,3.64750669172047,4.60055559660952,6.23018838201301,NA,NA
178,"COG","Republic of Congo",31.1591084825583,31.0805371678468,30.9230177825964,30.0783786967032,29.2296905394368,28.4945018015995,28.4040217974221,29.2286302817507,30.6417452242086,32.0138192127005,33.4025100383895,34.7851532192944,35.6251236373529,35.9814144672284,36.098963488541,36.0413077215214,36.1217924500616,35.8637376134944,36.2107020051047,36.5319058510608,37.0168769166548,37.250689683078,37.676268108376,37.6073084411257,37.1498006770952,36.8857861399083,36.4813113162403,36.3702994100097,NA,NA
642,"ROU","Romania",34.9771746279346,40.8953702464851,42.433073497495,43.2096043488231,38.9764602177452,42.1394917811703,39.148274016769,38.4490729546665,42.1560089095888,46.9342194741675,46.4592416861082,43.0345612267017,45.3148309044952,40.3901907239405,39.0602540901879,40.6946747326872,43.2179637424317,44.9896118024701,49.1562184759899,50.4456978124313,51.4093498342021,59.5518353111912,64.1579465901692,67.0667983385798,65.7300227479869,67.8875004730947,63.4617066607904,59.7551607609529,NA,NA
643,"RUS","Russia",21.210722413366,22.5159622005442,21.2708054366246,20.8549326442247,21.8266056946519,23.4590584259072,23.9997817242973,25.9432443128185,27.9784371452792,29.5591892887133,30.0311907235073,30.0140210629199,32.4667622298049,33.5731129445732,31.8987324122072,32.8485901379747,32.1688697210665,31.6254084592101,32.2341562110906,35.1891059301473,36.1650013229871,39.6263735770868,40.5474148015275,41.3516985055084,42.3794850071704,42.490575389829,43.5002526882822,45.0587293626791,NA,NA
646,"RWA","Rwanda",38.2572687047385,37.2601143337885,37.3126588404526,38.752181454916,39.9807218945657,40.7170608878337,41.8856369131873,42.6258719324756,43.1643169906353,43.3277078653657,43.7425246312226,43.9230893656073,44.3792910889453,45.8877625323549,47.2930135159888,48.563252844051,50.1052045061694,51.6718735022555,50.7565079368267,49.1869032534559,47.8878909736372,46.2314102706054,45.561497351746,46.7798759842965,47.9912678517829,48.8772838747787,50.1026994830593,50.7091731064392,NA,NA
652,"BLM","Saint Barthelemy",NA,NA,NA,NA,NA,NA,NA,NA,NA,NA,NA,NA,NA,NA,NA,NA,NA,NA,NA,NA,NA,NA,NA,NA,NA,NA,NA,NA,NA,NA
659,"KNA","Saint Kitts and Nevis",82.8932906178319,86.9921256824346,88.4521018233057,87.7554192199178,85.7481628878657,82.3979089537901,68.8882218905079,55.3284812998274,44.5228668356376,39.3705995770851,24.9480793455045,21.2795861655733,17.7149021473409,13.8301583859325,4.6773077103685,6.78562374715138,8.89752254959193,11.4372863607831,13.3053689083095,15.8246368636076,17.0542138260833,18.5491381001337,19.0699280770115,21.7617917402603,24.0291501209209,25.1075865860291,25.3618438289799,26.0123548639589,NA,NA
662,"LCA","Saint Lucia",46.5162378469968,50.8019385682356,49.5682768310791,47.6540133466141,41.50431745275,35.6842202978686,34.6496947960938,34.7913488487797,35.0829039029202,35.1194768409469,37.4241303322987,37.3430705244888,41.5890620224555,42.9513800971965,44.455178475552,44.1339569466853,41.1119863754031,37.5093159283554,33.1324458854725,31.0163842351178,28.7532508276161,29.3535102326013,27.99091950433,29.0987671440484,29.8895113005925,30.341957379472,30.4221457244078,29.6636372691715,NA,NA
882,"WSM","Samoa",28.158590516953,25.1242748539855,22.0868345585181,20.9038514742998,21.9028477521418,25.4683125913923,28.8487058518999,32.5309651842614,34.82689796528,37.6758293344878,37.3909850649446,37.0669436255652,34.3378383969258,31.0585493295272,28.2018972355107,25.6789259773576,23.0790621534702,22.3846922283614,21.3163623524463,24.4792777813659,28.111693453088,32.8236682248514,37.2467282354073,39.5843154390452,33.7964458395429,34.0427013109308,32.3646004025442,30.4467919009473,NA,NA
674,"SMR","San Marino",NA,NA,NA,NA,NA,NA,NA,NA,NA,NA,NA,NA,NA,NA,NA,NA,NA,NA,NA,NA,NA,NA,NA,NA,NA,NA,NA,NA,NA,NA
678,"STP","Sao Tome and Principe",4.40920330056035,4.95008605825325,5.01926373113844,4.90551471679454,4.73012281836965,4.40113572771357,4.06808175012848,5.43612088761421,9.99162433160396,14.8416511053708,19.9176480929559,26.1189147499647,31.749750624295,34.756507022181,37.4856770157896,39.6570978646132,40.8525006417488,41.9202872957027,42.5331722280357,43.3200259651699,39.4849921127374,35.2508651391982,30.4136120710816,25.6723008852284,20.7343480373269,20.6519275075272,20.9109643992689,21.2202086298751,NA,NA
682,"SAU","Saudi Arabia",24.7364047058814,22.3501205236197,19.0471340764343,15.3606602837291,13.5345099682843,13.9474644585459,14.3411425575414,14.9099526067278,15.6487270358983,17.3665786266718,18.308143263095,18.4070961000669,18.3556804926447,16.6540146080097,14.7474055290101,12.3496158091068,9.68517639931386,7.01431002318054,6.45827373970143,5.75049494212608,5.53208310006691,6.38554027311798,7.20699284517916,7.25794621734205,7.24708916957721,6.94111342578229,6.64410938529034,6.66302863668837,NA,NA
686,"SEN","Senegal",26.2309481801853,26.2825972350707,25.7499600300242,26.554080193393,25.6782940288109,26.1025908016467,24.1222369217204,25.1583056948827,24.1019028785199,25.0753437401408,25.3208003120335,26.8933881710618,27.3139404174147,28.8844437721134,28.7943181151314,27.1574246024999,28.2811798389964,26.2823130339721,24.4590352307141,24.5450076903621,26.6953333250803,28.4831666378765,32.0223666520988,35.4395627661855,38.6736849228064,42.3599255865844,43.8155884881311,45.8126388418822,NA,NA
688,"SRB","Serbia",NA,NA,NA,NA,NA,NA,NA,NA,NA,NA,60.8584197816913,51.8637380409061,55.9359522019372,56.2585561575643,58.6209379705404,59.5762957973011,59.4637325415269,57.8377749278458,61.9577851278472,61.0217270425672,63.0346422413523,64.9762832798447,72.544928563036,73.8762275412808,75.5145296477378,78.0644259218396,79.1376503909878,76.1783797678541,NA,NA
690,"SYC","Seychelles",16.3649586770548,17.0340834611634,17.778719908148,18.50358208785,19.7926376222091,22.8272122099307,25.7675937994225,28.0539014117955,30.5578712397338,31.8819526538131,31.3134830208304,31.4724221473426,33.0603459904854,34.6981051058995,38.7557865109168,44.4543348647644,47.5954212075689,50.7577334769434,52.8664156637039,54.8685889662666,55.5242206041221,58.0867266985309,59.8042172037562,61.2536835356718,61.1087786454614,59.5852146154823,61.1231742326315,61.5454227930973,NA,NA
694,"SLE","Sierra Leone",33.7309606962417,33.6506582912822,32.632173652568,31.1846465063038,29.859851789945,28.0693620534303,25.6119343843465,25.2169479361137,25.0162118322388,24.9482408004822,25.6524099822792,27.1580132873451,27.8904853345881,29.4094767135971,31.7765551965376,33.6030747132476,35.4341153956779,37.2879566525511,38.2274517030231,37.618058105683,36.4716660899395,34.3504956718473,31.5428143008785,29.7643199772762,29.2600906156859,31.6289835288491,33.4316383790321,35.429738410082,NA,NA
702,"SGP","Singapore",9.27595107096741,10.3166976754205,12.0514319002547,14.1980065098061,16.3333664324623,18.4316081138995,21.2384562940735,24.3001558445728,27.1243746367785,29.639867318093,31.9611675519373,32.7792524637078,32.9992270725247,32.9911460363673,32.972632227085,32.8961723600922,33.1774650902971,33.4628054596958,33.8870162285967,34.1568499756055,34.2046029967255,34.1661740364527,34.1634332365886,34.2039486082308,34.0857911212415,34.2450605419291,34.646767127626,34.370247246051,NA,NA
534,"SXM","Sint Maarten",NA,NA,NA,NA,NA,NA,NA,NA,NA,NA,NA,NA,NA,NA,NA,NA,NA,NA,NA,NA,NA,NA,NA,NA,NA,NA,NA,NA,NA,NA
703,"SVK","Slovakia",49.6346694451855,50.7131708144917,51.8602756346847,50.3961978809861,46.5081575723171,47.1551034618162,46.7156556682226,44.4695895003351,47.7134748379584,53.0931981598597,52.647055818169,51.4062294745376,57.7430733046157,57.0232664799888,53.700887719845,55.3413866440458,54.8843309504355,51.7850042488231,54.1732587891371,57.3770690612302,59.9587649172124,62.8969195185013,64.1565441593081,62.2411211597122,63.7416396264588,62.4189331319629,62.1550913346388,65.190759522775,NA,NA
705,"SVN","Slovenia",30.3827934121696,33.4525672550285,35.060757637162,34.6512656029203,34.6028160613808,33.8464759920592,34.2506436538256,32.0378619954066,33.1900904021811,34.1391805176415,34.6954636873721,34.3511136821207,37.1695593714643,36.6987625375697,37.1546744932589,38.6681227440331,39.2320307141848,37.4669683839333,39.1196211056206,39.4350010122394,39.6421421802084,39.2158940987247,41.0466824965462,41.0016442828508,42.7586239511292,43.0294983229654,43.0153968153387,43.4995822850533,NA,NA
90,"SLB","Solomon Islands",22.1134133649415,22.5882214874937,23.0338767222275,23.3351076712324,23.181128458962,22.6543525663964,21.9665330022407,21.1086652094714,21.074675466413,21.1938044166622,21.7217366425946,22.4077620086392,23.2685763775289,23.3490319987011,21.4500667450847,19.3860052765548,17.4550682778328,15.5214796858511,13.6559869738359,13.7143626676116,16.1523282295356,16.1845396493527,21.5476402431539,21.6295564967908,21.6829629721243,19.4321813177563,19.5014025126456,14.223885206508,NA,NA
706,"SOM","Somalia",NA,NA,NA,NA,NA,NA,NA,NA,NA,NA,NA,NA,NA,NA,NA,NA,NA,NA,NA,NA,NA,NA,NA,NA,NA,NA,NA,NA,NA,NA
710,"ZAF","South Africa",29.7053396702351,33.4646855804728,33.9946255604873,33.0671682864236,35.8913106492538,35.092615587538,35.0275825448913,35.180220393599,35.1874267014854,35.5303932654461,34.9987075853652,33.633017500262,35.2043798987238,36.6218993986739,36.2556343302467,37.8403156582988,40.1515354445621,40.3325661250355,40.8888135015732,40.9178532933854,39.8159233474711,40.9603064117116,41.3835205898644,40.6769725456795,42.0520994623356,44.1974626273265,44.5311951930598,46.2958722338784,NA,NA
410,"KOR","South Korea",41.8067936011206,41.7073187119927,41.9268056839837,42.5494716878917,43.3899051840208,44.2355336447314,45.105734995341,45.3521180449469,45.602139851891,45.3572978906699,45.3456827907394,44.8433057639355,45.7319700941175,46.5718606982835,47.0018489163981,46.8903383977711,47.1309073409307,46.9481667463114,46.7118345758105,46.9460635229046,46.8401970015403,47.1652940220089,47.000351336152,46.5089962478786,45.7518676047506,45.6219159270641,45.4308644925475,45.4711883087246,NA,NA
728,"SSD","South Sudan",NA,NA,NA,NA,NA,NA,NA,NA,NA,NA,NA,NA,NA,NA,NA,NA,17.0517005396703,16.7435150312452,18.1091569378552,18.489605898724,18.3950574938421,18.4276254972396,18.5168521200183,17.9421578872178,17.8104067566,18.0326118606772,18.8411932015286,19.6732133862862,NA,NA
724,"ESP","Spain",21.9281414422778,22.9117546059156,23.8243087158363,24.4054474778486,28.0012575337716,27.1764665641607,27.6519581899704,27.6564109706751,29.602036445233,27.176161425796,27.7287969090358,28.4762636476895,29.9490792901982,28.9231301237438,30.7766471763642,32.2744046801715,30.4421222874302,30.5953619103871,30.7021791022243,30.5549165947084,30.5288016636561,30.5762687137712,31.0708550127736,31.5061881666976,33.7233901664328,34.6992954160251,35.8997035577284,32.0847908550875,NA,NA
144,"LKA","Sri Lanka",52.9332255742314,54.0685871952016,54.5377544562915,53.9760945179122,53.614898962577,53.5965846994878,52.6025936149128,52.9318634926759,52.9932459347741,51.9007004281784,52.7075092398937,54.3632651272087,54.2419033584397,54.2840979498269,56.5471237419137,56.1562047710966,56.6486411101113,59.0959761110672,59.264056412717,59.4415526580874,62.580056610618,61.9952519075607,62.3512521021144,65.898157477695,65.6538720638347,68.1151190907006,68.981077607631,66.703749527604,NA,NA
670,"VCT","St. Vincent and the Grenadines",51.7956116654158,40.768283669181,34.3698995443727,32.8869026764915,31.2548552346107,30.1196892065703,36.4928569349447,45.0026130513967,54.1144749357328,64.5526530241321,74.5368026126845,77.6481578668714,78.8364114382232,81.1101472000578,79.1677277325787,78.0543757194438,77.6261897964363,77.2214533522726,76.3624641268036,77.9704407892645,78.7726664815318,79.0373855519156,79.0740514849439,79.3344174808522,80.1151977286869,78.0811976709588,75.4244202697158,73.4888129135392,NA,NA
275,"PSE","State of Palestine",NA,NA,NA,NA,NA,NA,NA,NA,NA,NA,NA,NA,NA,NA,NA,NA,NA,NA,NA,NA,NA,NA,NA,NA,NA,NA,NA,NA,NA,NA
729,"SDN","Sudan",NA,NA,NA,NA,NA,NA,NA,NA,NA,NA,NA,NA,NA,NA,NA,NA,16.5158540919258,19.9542107679861,22.4494062032391,21.3835368176608,21.8254359508064,23.2169510197634,24.735453129804,24.2069282480905,25.6140771336513,25.5043029629263,26.3239190798233,24.2968275987288,NA,NA
740,"SUR","Suriname",50.7954006869076,47.4205535759389,44.7035779652865,42.681312905661,39.8363600735738,40.0205787564183,40.8783794374839,41.3281537487828,40.4863107136776,41.1290941159331,40.3368679075187,40.1448825848838,38.6953510086049,40.289819372537,40.2033313968326,40.4964379661909,41.0778735107585,44.2743502670681,45.1215777082323,47.2330280625036,48.845970974219,48.1117048917806,47.8272152567759,48.6472245847711,46.572999859416,46.8150265220659,45.4164200812369,42.735746027517,NA,NA
752,"SWE","Sweden",35.9982361902667,39.1266165355883,39.6723908261646,40.8825539442258,42.6431520300208,42.5908754424719,42.5557629818228,42.6604533170055,44.4747959053027,44.0755581320118,42.5499140022219,42.0826156379076,42.2476880070526,42.2898513090657,41.280828615082,42.5997256536244,43.5905312061839,43.8799988304118,44.5402170460314,47.6225258796742,48.6429339887508,49.6612653168195,45.9232336400151,46.7125572038865,46.4837001828968,46.3365930643439,47.1465194800527,49.6596438476231,NA,NA
756,"CHE","Switzerland",44.1434529393398,44.5865622249709,45.015893817362,44.9812666268708,45.7553259717053,44.4200620636588,44.4713689378103,42.7161312222333,43.7050709406576,43.0232784052269,43.2111329085057,43.0239467327964,44.2809300246667,44.199100694331,43.808476063094,44.7132077451254,44.8140776193684,43.8089182477376,44.0795452151478,44.2076700097289,41.9997034267934,41.8328114395629,42.5219666818461,41.8781310999949,42.4491213294745,42.689696920478,42.3028723410615,41.4869356548871,NA,NA
760,"SYR","Syria",43.3350746833853,42.9491846323763,44.0464850871043,42.5849153022643,41.7898309631833,42.5329576143073,44.8636538072068,45.2493174425911,48.1439103435594,49.9430153351971,49.6963932817035,47.438801089311,42.9081297588221,41.8335188323353,39.9462455269539,39.5609907832698,40.7256842772895,42.1850132533812,41.0378693367969,35.1811850243005,32.477017839798,30.6523859277959,30.1049009740755,26.970576458066,32.3365681666186,32.7820894367878,32.250417307324,34.2018774860908,NA,NA
158,"TWN","Taiwan",45.251133897923,44.9142456791561,44.1437269355655,43.900288674488,43.3700481780684,42.6007176195441,42.1003605226099,42.0742100126708,40.9190762666173,39.3303851135665,38.8345208778181,37.2597769375711,35.9854642995914,35.6385545375171,36.3654836115451,37.1803142506455,38.4539261831304,39.1688408018462,40.1581498650269,40.5800325286814,40.0280962595236,40.6654406631312,41.8541732882871,42.3164866901098,42.987678200654,43.6222504079555,43.608105198707,42.9572181998641,NA,NA
762,"TJK","Tajikistan",37.7835546860044,38.5672910455388,39.6174636661043,40.6195056283767,44.0252563122172,49.4317493615604,55.0782193666565,60.4646345814204,65.8891604672439,69.6363791469128,71.2909681517984,71.4633356983655,69.3255247331704,68.5557270736865,68.9391819694592,69.7560043236927,71.5084340962632,74.6941253342168,74.2286769889618,71.849911541584,70.1138148467864,66.6484383066847,61.5732202136494,58.640629317224,56.7616622229386,55.3318262972598,53.9776150256025,53.3417696935855,NA,NA
834,"TZA","Tanzania",34.4412255710856,34.0508392300919,33.9987612672589,34.6266739309463,34.1700883059065,34.1507234175945,35.5979363998103,35.1533057920444,36.0860757040788,36.7487015643462,36.7947894228719,36.4208939769038,37.9007289489539,37.1994146303729,37.5284008742307,38.2079737354777,39.0195823028514,39.8264061109066,41.6792688387853,42.8992118240688,43.4733746577655,43.6235834285237,43.6128240219226,43.5514042957851,43.0217970625935,43.3674502742344,43.0603631289776,42.9766490999669,NA,NA
764,"THA","Thailand",36.2624739461577,36.6961211290915,37.2630702709768,37.4505168171133,38.0724142094949,38.5293386512045,38.9870005191718,40.9249072632921,42.3840614497657,42.0925079550349,41.7979922522537,42.1798657386103,42.7143668261382,42.6203289468377,43.124936484708,44.8804958787037,46.2131750859846,46.5900913141932,47.9416940724879,48.86228954934,48.4096890815721,47.3739810675609,48.553249212434,49.7244612484183,48.9968395515526,48.6984354551435,49.3163234206961,46.9078975485982,NA,NA
626,"TLS","Timor-Leste",NA,NA,NA,NA,NA,NA,NA,NA,NA,NA,NA,NA,NA,NA,NA,NA,NA,NA,NA,NA,NA,NA,NA,NA,NA,NA,NA,NA,NA,NA
768,"TGO","Togo",26.1969854539763,27.5168028415032,27.9560347602203,28.3457828732569,28.3496223484689,28.6631597434196,28.6647420700968,28.7970096786086,29.4717333534254,29.5125977924842,28.852949453298,27.9915088840639,27.5092540267484,26.8962505332324,26.7337717871969,26.9383003661589,27.1012795441715,26.5877920447766,27.0330839652497,27.7567638874992,27.6900499256988,28.1724420810866,28.920887532202,29.1586072137882,29.4243159025194,30.3849303321378,29.9508643181816,30.0726220036008,NA,NA
776,"TON","Tonga",50.5025247740602,51.7631344665303,50.2480583183904,49.054057818697,48.2681995710339,48.4761551561878,48.3947669373222,49.178819892502,49.7405041755881,50.4370565679861,47.5838693474255,42.2438966287454,36.7358215529958,31.4875602840303,26.2003625885278,23.4817708885413,23.3349183836357,23.1930901129628,25.9754040505172,28.931521207818,34.8180117322519,41.0586976635382,46.9807710110964,50.1348173725843,53.1182065427111,53.2601230394615,52.6836449418482,52.4622958057857,NA,NA
780,"TTO","Trinidad and Tobago",69.5340337460917,70.2439050627831,67.3382397012521,63.7506914163946,60.9060131115967,59.6430596771635,58.9359382489435,57.3546212760703,51.4639553900494,45.2376963819729,43.0294325221093,39.7677403198922,30.7716019947031,24.7781670901519,19.8826543145369,11.4936864304228,3.4443865504627,3.19333859508342,3.47194491794993,3.72885534742638,3.78527767082745,4.09588006450711,4.62941394804629,4.83516513598167,4.96378308096791,5.16216923526132,5.07177205962053,5.00908084268418,NA,NA
788,"TUN","Tunisia",23.4155320237134,20.9155749887177,19.832897942451,22.2828086182328,23.0537449597804,19.172353201553,17.4191488648782,18.9645145835216,19.1945691872456,21.027808279288,21.8858986701651,25.1615480854982,22.5855799191742,23.1424092112822,21.1937697845947,21.8918256403865,22.3182675385236,23.1095865644622,23.1320830383734,24.5445491993498,22.7188007103275,21.5072513087655,21.5307784403686,21.5279600219961,22.6656447105352,23.6530174375252,24.2611946203428,23.1077330200328,NA,NA
792,"TUR","Turkiye",42.0934245256862,42.8877785126517,43.9760719219971,43.6979142322673,44.1932207103278,44.5315463540561,45.1357723432233,44.7294458698457,46.3345709776865,46.8575517727294,47.4618740799409,46.5599055597127,46.9932782065723,46.7504834458836,46.7055921298709,48.2048288090902,49.6141166472394,50.6780414064477,51.0745562384841,52.1345520158852,50.0928798220285,50.2362765930956,50.3986676749428,50.7324871793688,49.413681743178,49.5293782626691,50.8572468109127,51.0035928238159,NA,NA
795,"TKM","Turkmenistan",61.1250257687248,52.3541196335909,49.634307055065,51.529445283508,50.7164404418037,59.667879336637,65.1467687865536,64.7224128421518,60.5640703978788,58.0778999852787,53.4489546513305,48.3722908411585,43.7699291349894,38.4157391023597,36.2615476305574,34.7876939196436,33.3434870507245,31.494582870308,29.6119654769542,26.0540767535743,25.4501340946174,27.4883123258119,29.49249010751,32.0051167517137,34.4039516594582,35.5309529546991,35.8426725451708,34.2610082880248,NA,NA
796,"TCA","Turks and Caicos Islands",NA,NA,NA,NA,NA,NA,NA,NA,NA,NA,NA,NA,NA,NA,NA,NA,NA,NA,NA,NA,NA,NA,NA,NA,NA,NA,NA,NA,NA,NA
798,"TUV","Tuvalu",17.0606737333672,16.4071233125101,16.1620570901228,16.0329023376205,15.9602138620732,15.6106394601135,16.0914767349107,16.3807585512619,17.0862122398431,17.2701819324708,17.7514722092254,17.7394299536278,17.4015022811183,17.3209160391537,16.8259955923442,16.4024721495335,16.3075102923676,16.6766858222813,16.647198056334,16.7385150316769,16.7862199349353,16.5356930919649,16.119471436041,17.9290404145926,19.7738537345753,21.7929958512455,23.8328406178759,25.3295485085401,NA,NA
800,"UGA","Uganda",36.5717307029889,36.1998511259473,36.378278663742,37.0991612664423,37.5276802588254,38.8478178835867,40.3719906140938,41.0797479499679,40.999570331945,40.967363832494,40.6521764452922,40.2046787792283,38.9465745861422,38.1513984132689,37.4478812113844,36.7956039728825,35.9584384407633,36.1578455028538,36.5663694098038,36.8867988376375,36.2570240352473,36.5655155769173,37.2382490272567,36.5707354946143,37.2751346692121,38.8665828837198,40.444244195096,40.5155490148405,NA,NA
804,"UKR","Ukraine",31.3775084918274,33.2362500864765,31.7368156411756,31.9788345455808,32.036989314486,35.7605230129895,37.2600509045109,38.3945856385472,41.8299655071605,44.93659470646,44.99015294628,43.7578743141479,48.2492341785142,49.536524112886,49.9731301011873,52.9382604140916,55.6056567416493,56.8784446486015,59.4353329874672,62.6857309228924,64.403559392982,66.8200627095702,68.104697309745,69.4315750702377,68.6827558794558,70.5617424594748,70.3543319520418,69.7880360756844,NA,NA
784,"ARE","United Arab Emirates",15.661313391425,15.43058501261,15.4637400538479,16.475638007658,21.0600709291995,20.0772463881163,17.98779800621,15.600564715344,13.1201007822985,6.9610746737754,6.22504999274067,5.91545765450945,5.92143214939374,8.42642475875286,10.9994180575246,10.7893241359268,11.159893949638,11.2177356716908,9.52773942081659,7.9346730324788,9.50033753270004,10.9836213525491,12.6518707688633,13.6695987845887,14.5734805044792,15.2729313862502,15.2717758314175,15.3177960123429,NA,NA
826,"GBR","United Kingdom",49.0184945428178,48.9913954463127,49.6280195014375,50.5434313190071,51.6343500997758,51.2609142240628,51.9019354808009,52.3480182433335,52.8819230807011,52.9952641191927,54.310769093466,54.1434158708486,55.5151599037874,56.0885797476906,56.3826908774076,57.0957179589736,57.3931598239897,56.1775065490184,56.7114453361456,57.4650749527956,56.8668831687386,57.4714141403556,57.5772210130193,57.6735557428623,55.7500171843936,55.9783363268018,56.6550539330032,57.3445721179292,NA,NA
840,"USA","United States of America",51.6593469961691,52.1570439586238,55.1050739915487,54.8433451444542,57.1553647248201,57.9291457280214,57.2454099732464,56.9236965714951,58.896948180855,60.1966883544452,60.8926058615681,63.3356764365639,65.6574113693748,66.4465666644888,67.2090742876525,67.938162950301,67.5467239342068,68.1770284371005,69.1735993089183,70.249151623682,73.345260188544,75.9184930011564,77.1358598062303,76.6860203479503,76.9835324475627,76.5823664747795,76.0722790082079,76.2536406278114,NA,NA
858,"URY","Uruguay",30.3400423410912,30.5710064674674,31.0965873375885,31.8025321349613,29.9854487067405,27.3614844058868,27.0555879305369,27.8771068594565,29.8446436687327,34.1455639006963,39.8492528586465,44.6629246487451,48.0907896847598,51.0842566398669,55.2068752717704,56.6333988378783,58.7028017046493,61.5331264964109,64.0175274124783,64.3349064635146,65.3039358068497,66.7250215775396,62.7560908256977,62.2114825042367,60.0551693330935,58.3073170718283,57.0091763842104,56.7006118968957,NA,NA
860,"UZB","Uzbekistan",49.1250416885244,49.5790443212937,49.0739604790791,48.6777142064094,46.8625212254246,47.0396798677943,48.093007889219,49.2480591472667,51.7134637312998,55.5449127255972,57.9997254647029,59.9129213712939,61.5925176879656,60.9059015295738,60.3177769407775,59.8821676494486,59.2245261119746,58.5916411520868,57.8959233497942,56.9370732449294,55.6566258527595,54.2142102387123,51.7407758155302,50.2021143522103,49.0381258545936,48.2942976080917,48.2751010450377,49.5363872325894,NA,NA
548,"VUT","Vanuatu",10.893030576286,11.7203672410566,12.7894953872542,12.8319955262883,12.3867379327936,12.0858794491598,10.5996095950874,8.92344497430942,8.46218014529707,8.32797490184676,7.94780848739418,8.04623835292134,8.16136795583888,8.12516003012168,9.31983951381187,10.3359535430654,11.3303513234098,12.6324310239784,14.662585896845,15.2029538009641,15.9327106799386,15.9478360362423,15.6551858672258,14.6591948084238,13.9484731888625,13.265126183775,13.6507088240812,14.0024410267917,NA,NA
862,"VEN","Venezuela",20.1541115776184,20.5907343553427,21.4734085537297,22.8222789730177,24.3284561489469,25.8949040361373,26.4392929686313,27.2590370333907,27.4967591688171,27.6904608554889,28.5065478848758,29.779605431866,29.4109862100477,28.9116009374361,28.327836156544,26.9082783685309,25.4505040277669,25.0048875360534,24.3837045117655,22.8984131630903,21.1696787690823,19.6944862886863,17.9922136197158,16.3345843952589,16.6962860895776,17.2593911940774,17.5228425608811,17.7898512295702,NA,NA
704,"VNM","Viet Nam",46.8694746680238,47.2968983320685,46.9062649893778,47.8586211465277,47.5778063284927,48.0368014577304,48.3001313221196,48.988153340929,49.3337627083031,50.6438160677648,51.9489894563002,52.940932317342,55.6618077838742,56.2062745235566,56.7002344383061,57.3941654731319,58.0914210351377,56.3342625207133,57.5447549326936,56.9924381718002,55.9329485028696,54.8784672412127,54.8210645808069,54.0268462717961,54.6942860401623,54.7701532061328,54.7987808101493,54.4873556592959,NA,NA
876,"WLF","Wallis and Futuna Islands",NA,NA,NA,NA,NA,NA,NA,NA,NA,NA,NA,NA,NA,NA,NA,NA,NA,NA,NA,NA,NA,NA,NA,NA,NA,NA,NA,NA,NA,NA
732,"ESH","Western Sahara",NA,NA,NA,NA,NA,NA,NA,NA,NA,NA,NA,NA,NA,NA,NA,NA,NA,NA,NA,NA,NA,NA,NA,NA,NA,NA,NA,NA,NA,NA
887,"YEM","Yemen",35.1537475466505,33.6220866862075,33.5934430327139,33.4828648380481,33.3327487139793,33.6271420729984,34.8438394033504,34.9150583868538,32.9843685105301,32.9145516937017,32.9535039055388,32.4836930929013,31.7235286912431,34.3334917740895,35.1721848765724,36.0102367101015,37.6893122320523,38.856913953963,38.0749668346669,37.3603090142508,34.7201034348956,32.5507240073973,32.0007954083327,32.7203972641513,34.0433395822393,36.3745247104943,38.2694411021482,38.8258213165467,NA,NA
894,"ZMB","Zambia",17.9192091256174,20.3994703003648,20.5271703786493,22.8995488545893,25.83367397634,25.9884729430292,26.4618875696045,27.8856884681888,27.4550834137727,27.6062429694127,28.358335385794,29.7648747815188,29.3925790971,30.2504172031511,30.7213584388362,30.9621174635203,32.0281432083703,32.3416937976347,32.0520066127109,30.6941951461554,29.8128962650135,29.1904104906163,29.2964938150382,27.7271788592618,28.3240773177557,29.0733212125639,28.6168362889257,29.7237179887932,NA,NA
716,"ZWE","Zimbabwe",29.4850928258369,32.8982298133885,32.0050488685943,30.9599690560081,32.7995417236973,32.6537115717581,30.8826301285183,31.4334493207861,33.7653620972631,33.9136241984464,34.5121408032808,36.7414847449712,36.3942137978097,32.9541516667777,31.4344856287365,28.9914632979504,28.5335330567139,28.6668871446646,29.5220960238798,29.0673955493788,28.1037978064947,27.3058566584453,27.5660064522445,26.2385461658109,28.4426766975569,30.2811128704229,30.8173301043987,30.7967719385914,NA,NA
