"code","iso","country","TCL.ind.1996","TCL.ind.1997","TCL.ind.1998","TCL.ind.1999","TCL.ind.2000","TCL.ind.2001","TCL.ind.2002","TCL.ind.2003","TCL.ind.2004","TCL.ind.2005","TCL.ind.2006","TCL.ind.2007","TCL.ind.2008","TCL.ind.2009","TCL.ind.2010","TCL.ind.2011","TCL.ind.2012","TCL.ind.2013","TCL.ind.2014","TCL.ind.2015","TCL.ind.2016","TCL.ind.2017","TCL.ind.2018","TCL.ind.2019","TCL.ind.2020","TCL.ind.2021","TCL.ind.2022","TCL.ind.2023","TCL.ind.2024","TCL.ind.2025"
4,"AFG","Afghanistan",NA,NA,NA,NA,NA,NA,NA,NA,NA,31.1414045605723,30.4867043924147,29.7802642004224,31.1300766110374,32.617491166463,34.6207061877396,35.2214858815045,39.356413922831,42.2868098018342,44.7335644231098,49.177831927417,61.8769596825395,83.4864663823218,66.0254904666063,62.0265713239304,55.9324330143635,53.0738228525302,52.5367936973662,53.5639008852003,54.3226875073072,NA
8,"ALB","Albania",NA,NA,NA,NA,NA,NA,NA,NA,NA,19.9064869008379,23.514817019006,18.3217942132171,14.5729924527129,15.8771433152563,15.9067603462825,15.7432723250087,15.6186334142219,17.9409443060693,18.201294385819,18.5488629923161,18.798843480093,23.3182200256013,24.1550514198947,24.118562710504,22.8175154978317,21.7657432865382,21.2409926646526,20.6879328296097,20.9089959535537,NA
12,"DZA","Algeria",NA,NA,NA,NA,NA,NA,NA,NA,NA,18.8758800307203,17.9049025256633,16.9133042126378,15.2700717484622,13.2564741134603,13.8307144312037,12.9422958154346,11.4086966382593,11.672589670735,11.9167553229897,11.1354427154357,11.2160328151953,5.02041545357335,5.17515034926568,5.61768309730589,4.63625084191816,3.1676628432506,7.57363105822702,5.13152352174684,5.38575182264489,NA
20,"AND","Andorra",NA,NA,NA,NA,NA,NA,NA,NA,NA,42.5414096885532,40.9092525750648,40.6359805192667,39.28427340893,46.3798194212872,46.9946303551206,50.808733984501,47.0966194941232,48.2138257252189,49.1915709479619,48.4685861313626,48.6541620368473,51.9403100983842,44.7640656180412,42.1634594488425,35.8990548969736,35.609374321408,33.6938769860068,35.1614031340277,33.7449748892802,NA
24,"AGO","Angola",NA,NA,NA,NA,NA,NA,NA,NA,NA,27.1498178696169,27.8134264803777,25.6767295347283,24.5729152934229,22.8025256523933,21.7243289995468,20.211675170554,19.7524839799873,18.9583941610062,18.4259584563585,18.404783138318,17.8999065437545,16.9020501615216,16.2233178408983,16.5637376545456,15.7987580543859,15.2297314806793,15.3392979380745,15.131403279663,14.3017298205041,NA
660,"AIA","Anguilla",NA,NA,NA,NA,NA,NA,NA,NA,NA,25.1778915448115,26.7525606147632,22.2698031257909,18.9554680472481,21.3474208793557,22.6834408774512,22.8141509316653,26.4172493080536,35.0576407278329,37.7205377484651,38.6318999937326,41.1490536977999,44.8055119883017,50.6159597247435,53.6554380399372,52.3274194575082,43.4343056286207,45.7308955911666,46.7479143048769,46.7479143048769,NA
28,"ATG","Antigua and Barbuda",NA,NA,NA,NA,NA,NA,NA,NA,NA,26.2249513437725,23.9462110077958,22.9274267220498,21.597827172299,20.1395615508034,21.8606931412145,23.5769217224828,23.7810315625438,25.1928036621013,27.7813579037785,28.6411892529163,29.6961885880193,26.5037123936087,19.5469770426132,19.5990971511221,19.3759144242217,18.548343662411,19.7252996220448,27.0220409344539,25.6520252665885,NA
32,"ARG","Argentina",NA,NA,NA,NA,NA,NA,NA,NA,NA,11.287174720395,10.0651077572158,8.08698193944916,6.32543697592446,6.92396035306597,6.69696904032267,5.84254113605776,5.60848570734062,6.60153654682738,6.93936190778622,8.1773883392819,9.82600545126792,11.6016007913144,13.3689950683421,14.3197736911875,14.1422868805307,14.4376405328148,14.4557997982019,14.0116281548306,13.4455807577522,NA
51,"ARM","Armenia",NA,NA,NA,NA,NA,NA,NA,NA,NA,36.7526806934689,36.7763291307954,38.2097336777411,42.8129818070987,40.6058648743617,39.685327254493,39.0375868587152,37.1890384189825,38.0659299628687,40.4456434977347,43.4725437310848,47.2883952898894,54.265381972708,56.9063428111662,60.6798268440978,58.8342364054609,61.7822886735845,67.8371595082305,56.7964993590916,54.6404798463668,NA
533,"ABW","Aruba",NA,NA,NA,NA,NA,NA,NA,NA,NA,NA,NA,NA,NA,NA,NA,NA,NA,NA,NA,NA,NA,NA,NA,NA,NA,NA,NA,NA,NA,NA
36,"AUS","Australia",NA,NA,NA,NA,NA,NA,NA,NA,NA,12.8480103445142,13.122189421929,12.6171991845842,14.0866258133247,13.3698315305864,12.4198000323144,12.9517578063645,15.1297670128612,14.5774757000328,13.8344276392751,14.1056236346325,11.5429672210927,10.8576967504753,10.9216334344205,4.24864445339765,0,0,0,0,3.3493847706045,NA
40,"AUT","Austria",NA,NA,NA,NA,NA,NA,NA,NA,NA,18.7777755755649,17.9855088531106,15.5088278531728,14.2752370007898,14.1561891348914,14.6233695742897,14.1026733726675,16.1894137173382,18.6429054827806,19.5513652482917,21.0449026135079,21.2077844538978,19.9423783490899,17.2645746085892,14.6453253269725,13.03659040485,13.0835592372128,12.9626418581901,12.9477625809989,13.4654002118479,NA
31,"AZE","Azerbaijan",NA,NA,NA,NA,NA,NA,NA,NA,NA,36.0691740438759,36.1481952097731,38.163317889781,40.3396173495742,41.2973761930699,39.9602001087848,41.6545215189879,41.2237874288329,42.8637572418173,43.1069081016123,46.6029612708986,47.6293170845141,53.7539069452511,55.0346550578648,63.82917390789,64.007321373994,61.6121440952106,59.4953171373473,52.0011978666702,50.0051350203914,NA
44,"BHS","Bahamas",NA,NA,NA,NA,NA,NA,NA,NA,NA,22.1002530749615,20.5322526153033,20.774713105815,17.2135915133603,16.8000400551437,18.7868701401466,19.6406946108252,20.1892661913222,21.1392594346852,20.9340774765931,19.291351672506,14.887133330637,11.009866938164,11.6667264142661,11.0132365091007,9.57072077920581,10.9941193837368,14.5536483661683,14.0898786262946,13.5761474609471,NA
48,"BHR","Bahrain",NA,NA,NA,NA,NA,NA,NA,NA,NA,NA,NA,NA,NA,NA,NA,NA,NA,NA,NA,NA,NA,NA,NA,NA,NA,NA,NA,NA,NA,NA
50,"BGD","Bangladesh",NA,NA,NA,NA,NA,NA,NA,NA,NA,23.9442736286002,22.7691536103355,22.769142505767,21.6974617747781,21.1261039958431,20.5727937995517,21.682000223888,21.102503689845,20.4853931136481,18.2542636768298,16.04856328649,12.5074663783335,9.11451284144093,7.57293978052154,6.55193922977719,5.72699673998312,6.05443825669524,7.49790089843479,7.66492986267703,8.35390526285894,NA
52,"BRB","Barbados",NA,NA,NA,NA,NA,NA,NA,NA,NA,24.9724445621266,27.0237068099352,22.5826253449707,20.8416354151967,20.1300003563579,19.0830175454052,17.466361035362,11.0160454768675,11.4979279082388,12.172246351792,13.1984994945084,13.4682111627086,26.1710076694093,22.5294493372994,16.0600714917288,14.3474616383432,14.1217766849462,14.9630199761525,16.4565890716041,22.1660024238294,NA
112,"BLR","Belarus",NA,NA,NA,NA,NA,NA,NA,NA,NA,18.3344532640638,16.8558065561627,16.4460554955273,16.2396870823475,16.4062303488198,16.4303739004071,16.261092453978,15.892140391505,16.3087567935553,16.4136541002391,16.5162335718127,14.277259698558,12.6704678307577,10.6403843856247,9.43337891500671,8.51484983628058,9.21542806870828,9.59242150464939,10.4119808071623,10.5304002235963,NA
56,"BEL","Belgium",NA,NA,NA,NA,NA,NA,NA,NA,NA,19.2658875095445,15.4935027854302,13.733411012121,11.6109639314674,11.4742405818748,9.00937239742784,9.55055475524959,9.65351308188629,10.8780467775949,11.1960916513995,14.1810872154674,14.4178186906826,15.1561075675237,14.5046390419287,13.8829160041438,13.0247191042088,11.2714380807172,11.0324189212496,10.0788866032413,9.92088018136823,NA
84,"BLZ","Belize",NA,NA,NA,NA,NA,NA,NA,NA,NA,14.83692090664,15.8556170482298,16.1758313468112,15.7797427348463,14.2934091663235,13.9012059393999,9.88981003900513,9.99873441094701,8.84050308815603,8.03665353516475,7.73499431940249,8.45654640345235,7.84530955949219,8.50602659334041,8.25779086168708,6.57413560146101,7.870284901193,8.93301446203056,7.49021580456073,5.80662660570999,NA
204,"BEN","Benin",NA,NA,NA,NA,NA,NA,NA,NA,NA,2.8709359132352,4.51047846257389,3.50006453711927,6.33139282590288,2.52384359210635,3.3440327502792,4.31447068387313,6.05443357355041,5.21006091460166,9.48948853659347,9.38616935917416,7.55515920895283,8.35541853106955,7.69523823950345,8.45178934853203,7.18005788316533,7.55683147543776,8.27994354886023,7.29265679507346,6.57651325850665,NA
60,"BMU","Bermuda",NA,NA,NA,NA,NA,NA,NA,NA,NA,NA,NA,NA,NA,NA,NA,NA,NA,NA,NA,NA,NA,NA,NA,NA,NA,NA,NA,NA,NA,NA
64,"BTN","Bhutan",NA,NA,NA,NA,NA,NA,NA,NA,NA,45.448602729495,44.3674008930922,43.5091023842975,42.8599476418856,42.4295900576461,35.8418462052995,35.2299277957706,34.9079278186445,35.2706706588399,35.2023526784968,41.2856972419224,39.443952027719,37.3509615952177,36.2331722046126,36.8242899025376,36.0494517339469,37.0383329715156,38.2039437492854,37.2966388313275,36.7383810646558,NA
68,"BOL","Bolivia",NA,NA,NA,NA,NA,NA,NA,NA,NA,19.6365515601531,18.8522651154834,18.7414048693447,16.9004082205912,16.7221970936416,15.2290858279869,14.4709181623459,13.9491364652612,15.1772050621029,14.9651849239583,17.0970189536022,15.9953558993935,14.674285978432,13.9062160125185,10.8187272635876,9.71265058831848,9.36281709492637,8.86675861835566,7.51626431802678,4.83295595557958,NA
70,"BIH","Bosnia and Herzegovina",NA,NA,NA,NA,NA,NA,NA,NA,NA,36.4850206604707,37.9208991241401,35.1449067768046,33.7321788293417,37.2864273071529,36.790210451418,36.1845332988549,36.5255012197738,35.1884875340211,34.6019081056709,34.990721618762,33.5008908065105,34.7029733493534,34.5877217686781,35.2521741980433,33.8063951844306,35.2862045261706,34.4392463288907,33.0864218650617,32.1456713585329,NA
72,"BWA","Botswana",NA,NA,NA,NA,NA,NA,NA,NA,NA,20.8231820715077,25.0959195217574,24.4837497485083,23.5628823825904,24.0437345356767,25.0764691291986,26.2328874558128,27.4728363034832,28.4012240573609,30.7591523768804,34.5274988817116,38.2414804108389,42.0585905685741,46.5943083739298,61.2424888251635,57.9518488764006,56.9283039323277,55.7156031260664,56.0041200468041,54.3848564874641,NA
76,"BRA","Brazil",NA,NA,NA,NA,NA,NA,NA,NA,NA,11.5624464218922,11.4849986924764,12.022895332586,12.537964346549,13.9698101545431,14.593118396541,15.3930310304187,15.1370928174395,15.5707740178501,14.8215377443309,15.2135645747924,12.6164394213357,11.6084977126865,11.0250325085355,11.0229800734676,10.4369288728195,11.7983965471337,12.5664107588033,12.6611133711544,11.5924222962017,NA
92,"VGB","British Virgin Islands",NA,NA,NA,NA,NA,NA,NA,NA,NA,39.2832259934044,40.1851276984768,38.1514972125012,35.4963164482712,34.4073093232731,34.319408835243,30.2434509384962,31.7539107250665,33.1610461903202,34.983874199812,36.8300724773597,47.0671161245057,11.8398796094961,11.6944963257904,11.6791507185717,11.6760850723311,11.624109282051,40.6684675739404,44.2696513032963,45.0046261157829,NA
96,"BRN","Brunei Darussalam",NA,NA,NA,NA,NA,NA,NA,NA,NA,22.7946292130883,23.2168242290359,22.3652521428331,21.5413057576215,20.1120842656205,20.547952377912,18.4776086883141,18.1657986936264,18.641372743652,18.5761341588832,17.683441974505,17.7350524775906,18.7493056447509,18.8475928866456,20.2121339248512,21.0706241207923,23.8676074730053,23.9174583836103,23.7021474389897,23.9533510928097,NA
100,"BGR","Bulgaria",NA,NA,NA,NA,NA,NA,NA,NA,NA,25.7146796633492,26.6883460139158,25.1529388843925,24.7976191753823,25.3935799880355,26.3241880907589,26.9411225976342,26.7967455816844,27.7831624932168,27.5640552037291,26.2792761911768,25.0428406389544,25.7208739883128,24.0172481244436,24.7028295831359,25.4191644819203,25.6326793507086,26.7881364253061,28.2924971570568,27.8124546680117,NA
854,"BFA","Burkina Faso",NA,NA,NA,NA,NA,NA,NA,NA,NA,NA,NA,NA,NA,NA,NA,NA,NA,NA,NA,NA,NA,NA,NA,NA,NA,NA,NA,NA,NA,NA
108,"BDI","Burundi",NA,NA,NA,NA,NA,NA,NA,NA,NA,23.4639342456218,25.7221437912035,23.8454577180099,22.606128864221,22.1516128368889,20.7370220356282,19.8881422043483,21.2880079176379,22.2315408157382,20.457927855335,21.1010347203118,20.2246129171239,19.0615484369346,17.4189764235121,17.0753964245899,16.6858615974231,16.0394068106431,16.1890642218713,17.0681119609098,17.3137148645016,NA
132,"CPV","Cabo Verde",NA,NA,NA,NA,NA,NA,NA,NA,NA,NA,NA,NA,NA,NA,NA,NA,NA,NA,NA,NA,NA,NA,NA,NA,NA,NA,NA,NA,NA,NA
116,"KHM","Cambodia",NA,NA,NA,NA,NA,NA,NA,NA,NA,11.6367409445432,9.94807323421391,9.28995096284358,8.57109699035783,7.5392908258779,4.12297747011385,2.41208703272248,0.874954717279991,0,0,0.376297920214299,0.483868191401839,1.42315263375242,2.45676168303585,2.72205681329631,2.56813931915266,3.13675833886978,3.36020017417786,3.24255834411478,4.0364903432595,NA
120,"CMR","Cameroon",NA,NA,NA,NA,NA,NA,NA,NA,NA,31.391150883292,31.6218812411991,30.4491216253072,29.8359697856765,29.0722458514917,27.3763215563957,27.780445981786,27.5191119330964,25.3793724312165,20.8786732760085,20.3698310128122,18.4594244606169,16.1000853357972,15.5554863301289,16.4757123274376,14.6625628627225,13.9868041991626,14.4937682004422,13.4513427807901,12.792431465038,NA
124,"CAN","Canada",NA,NA,NA,NA,NA,NA,NA,NA,NA,13.746085259378,12.8252742893453,12.9937334723785,12.7061519086001,13.714218563567,14.4919657109936,14.7382697056018,14.3130805606174,13.5103627484699,12.5729146330034,12.0710783946212,12.1306559763367,12.1195048294619,12.6533645340158,13.0471230257063,14.4625327649788,14.0363409930024,14.2855637271069,9.4322783764862,7.7847026423413,NA
136,"CYM","Cayman Islands",NA,NA,NA,NA,NA,NA,NA,NA,NA,27.5380709620529,27.8502012197068,26.5145959763275,24.1604386017002,25.6550778868727,23.1331163379281,21.6586645101992,22.2167764035615,23.2107216927856,24.9859500750872,29.2555116553593,25.8480317100296,21.0546560283512,19.7113590316838,19.5544129041761,19.1299653777709,22.5940393812766,26.5486356717717,28.5530845538262,25.8131026183668,NA
140,"CAF","Central African Republic",NA,NA,NA,NA,NA,NA,NA,NA,NA,36.8079737883591,34.8503220365968,34.6588981551225,33.5346861580887,31.7321543863778,30.8309425226608,31.2305250979307,30.3385696720772,29.8261591846323,29.4443603046418,30.3094348906216,30.224224691593,29.9498015985341,30.0848953006589,30.4589008390516,29.3242980954835,28.7244591990901,29.2035994102603,28.6976044623787,28.2815585024703,NA
148,"TCD","Chad",NA,NA,NA,NA,NA,NA,NA,NA,NA,23.7043897287504,19.4411950784005,21.1659228059927,16.271528324607,15.5621717186892,15.8101383980934,18.5234282010372,16.4922094684409,17.1380973660391,14.8682027693686,12.6733850067021,10.937548460503,8.28683994307175,6.29743915096084,5.41696448905752,5.07786028449581,4.34168203918892,4.83972653269355,3.35591697454353,0.980824597233692,NA
152,"CHL","Chile",NA,NA,NA,NA,NA,NA,NA,NA,NA,15.3731841740275,14.9306667844601,13.9956447240881,13.2025912822926,13.1490269446488,13.4442405641562,13.3015781365942,12.3319892843006,12.7011469698469,12.1607865389152,11.9139975330329,11.6757102066433,11.0440637751789,11.4395179692482,12.1071742323557,12.730519968725,13.5241068009305,16.9142999368094,16.1116139405124,16.9317385920981,NA
156,"CHN","China",NA,NA,NA,NA,NA,NA,NA,NA,NA,23.3875366988396,21.4570729131152,19.5866074020416,17.7521641654665,17.4125658321467,16.6140310349943,16.5409515761502,16.6918864655481,17.6787183132389,17.9192181715583,18.4232839785464,17.9809912272345,17.8401130864124,17.3941168498116,17.512591116115,17.7495330436954,18.4113492146845,18.5339642179875,18.4091966904593,17.761009162844,NA
170,"COL","Colombia",NA,NA,NA,NA,NA,NA,NA,NA,NA,21.5960071318263,22.0161643366286,21.1271387745762,20.1086979789019,20.2527361587863,20.178464067381,20.1793228277506,20.5559578848703,21.4551636991094,21.8232857707779,22.4303064111057,21.361294809565,19.5564675230333,17.9105502771585,17.4485453442728,16.2744830841824,16.4311130432213,17.4576491161074,18.5758906357139,19.0065472725949,NA
174,"COM","Comoros",NA,NA,NA,NA,NA,NA,NA,NA,NA,41.0261383207965,42.1208937881468,40.4995926385251,40.1649945390131,37.6581343526437,37.4823455721006,34.6080390653059,33.5373646480971,18.5287062731199,13.6648936077791,12.7530423858803,12.7485121500194,12.2922117445199,16.9592515526131,23.2802271198716,24.5689235984706,24.2375222349008,25.4740519343617,26.0787203319996,24.1703928582785,NA
184,"COK","Cook Islands",NA,NA,NA,NA,NA,NA,NA,NA,NA,NA,NA,NA,NA,NA,NA,NA,NA,NA,NA,NA,NA,NA,NA,NA,NA,NA,NA,NA,NA,NA
188,"CRI","Costa Rica",NA,NA,NA,NA,NA,NA,NA,NA,NA,18.5362699336145,19.4346348304438,19.75781531554,17.5773683233764,15.9022578672989,16.3198168260755,16.2633232949491,16.4001686441962,18.3908077856714,20.3723511059065,22.4521433323615,21.6999268421301,19.4421852199566,18.6836254137077,18.5909546919281,17.8324284631351,18.7588383220826,21.2223734118748,21.9263820216373,22.6607796061081,NA
384,"CIV","Cote d'Ivoire",NA,NA,NA,NA,NA,NA,NA,NA,NA,11.8856912760368,12.4362575612836,13.736207053495,12.7220425387401,11.3926179923234,10.8510629002776,10.3413439465741,10.2447995980942,9.40055673092007,6.03735216433439,5.34232380385814,4.31659622067041,1.97115327222185,0.844633400574892,1.62358143853471,0.906397507840495,1.18281275865778,2.65399283879132,3.87758059858916,4.65319147094701,NA
191,"HRV","Croatia",NA,NA,NA,NA,NA,NA,NA,NA,NA,27.0041401234421,27.7253181539404,27.169920891564,25.9507247757468,28.232011817152,27.7405650017912,27.2949564022167,26.270922364937,26.7752474540764,25.8585647994539,26.3073859089435,25.0347247779307,24.6326968519792,22.4210573325498,21.9023118167072,20.7634752214402,20.798111259642,20.1849767339018,19.5397585206858,19.1155914090807,NA
192,"CUB","Cuba",NA,NA,NA,NA,NA,NA,NA,NA,NA,17.0551088233835,17.9808471402132,19.0858435725719,17.500915969408,18.3300398558579,18.9904698766482,18.3630474283888,17.9948395488191,19.7508986603384,21.7492339676353,22.1576350465591,13.9108614892435,8.91427314440126,8.40151342776829,8.31176164892354,7.98840004207558,12.2522224977448,21.2416515593587,20.4938615605291,20.0136635768517,NA
531,"CUW","Curacao",NA,NA,NA,NA,NA,NA,NA,NA,NA,48.4875128998824,43.813564292943,40.2444717440817,36.3376046077347,33.8529142969825,33.2983118093806,34.4404660819421,32.7707882530944,32.4112993550479,33.5699410186224,34.0151991374033,33.451480479742,37.6151530853588,43.2781626058292,43.4899067729698,42.1007303966553,40.2437368187743,36.6543564355397,34.6580384738831,34.5699869738276,NA
196,"CYP","Cyprus",NA,NA,NA,NA,NA,NA,NA,NA,NA,35.8754879096098,36.6859241755807,22.4369501811802,21.7515583857972,22.0523643737872,21.7688410925857,21.21286535057,31.7761177026594,34.1335589429556,34.919809076103,36.589714325428,25.9948112484117,21.566793628299,21.3911992670509,21.2983356999348,21.1828439394852,20.5384549822347,24.2117762420229,23.9469749002085,22.6586470202826,NA
203,"CZE","Czechia",NA,NA,NA,NA,NA,NA,NA,NA,NA,17.8992026663911,16.9683015631146,14.7310667509716,13.0895824884254,13.083065849618,14.3414105335764,12.7249037874602,13.5861479018817,14.787550673865,14.7285592491511,15.8017406420823,15.6560032258846,13.9247549974162,10.5521057593664,6.2369838836522,1.88307823174631,0.675919349976326,0.39974827101895,0.901194845155672,2.96495464716234,NA
180,"COD","Dem. Rep. Congo",NA,NA,NA,NA,NA,NA,NA,NA,NA,22.7054589728728,22.7164494528154,22.9632487660138,22.3522891956463,21.334823548034,20.0746290036783,20.1610597829253,19.560229544077,17.9241707703573,16.0526808322829,15.7733118638775,13.7438915282341,12.2474476551656,11.5210023135876,11.705384043819,11.1213207505667,11.3216518219122,11.7048684899957,11.7820497673309,11.534982963154,NA
208,"DNK","Denmark",NA,NA,NA,NA,NA,NA,NA,NA,NA,13.0353912896699,12.5683915908952,11.0503642166383,9.23720316676452,7.78143942601706,9.38229929371499,10.1961839600589,10.1674923680636,11.9616427759155,12.626548654566,13.6323508779475,12.7943158760753,12.8427582814271,12.2527663064987,10.4880348697521,10.2353124403617,10.1787562271581,10.5913822421476,10.2514687947481,12.8208287620033,NA
262,"DJI","Djibouti",NA,NA,NA,NA,NA,NA,NA,NA,NA,NA,NA,NA,NA,NA,NA,NA,NA,NA,NA,NA,NA,NA,NA,NA,NA,NA,NA,NA,NA,NA
212,"DMA","Dominica",NA,NA,NA,NA,NA,NA,NA,NA,NA,36.3978627932578,36.2646596055653,34.9082661602746,32.3204279847727,32.5145860070702,31.2043632244429,30.6320718809696,27.9729911687949,29.7088241974277,31.495150667207,34.8723310833967,36.6876624472845,0,0,0,0,0,20.2845417692357,31.0117431449508,31.4111500033781,NA
214,"DOM","Dominican Republic",NA,NA,NA,NA,NA,NA,NA,NA,NA,12.4009711862199,12.1219800210428,11.4319564908931,10.2163759894609,10.8026619646431,12.1072857545928,12.1649649152756,11.9322363148849,13.1088842106013,13.1494007728871,13.0113434883367,11.4768243660247,10.4413383406774,10.3061345556207,10.1742229542233,9.53095081574176,10.642694729107,12.2979229848796,11.1999198216241,11.426585924083,NA
218,"ECU","Ecuador",NA,NA,NA,NA,NA,NA,NA,NA,NA,24.7253872106811,25.3107412812821,23.5165895704273,21.6639631990099,20.7948658505637,21.0666565647326,20.7361202063225,20.1953929640208,20.3315078703937,21.4317345204411,21.5937107320399,21.5752387564989,21.7103009969241,22.1515380590666,21.9309520155455,21.1059813285164,21.7000525827456,22.5677450274033,22.3626153245269,21.1799620629028,NA
818,"EGY","Egypt",NA,NA,NA,NA,NA,NA,NA,NA,NA,36.6274507775544,39.7306667396212,38.7983655764317,38.1984082085758,39.4677867803604,38.0931514535648,36.4229185460983,30.2095094754875,30.0118981401483,29.336743986037,30.1527764253812,31.0320636661869,38.5782897156207,39.6462032814737,43.346052877064,44.0094995859648,45.0193437411501,48.0430136164036,50.36704367062,49.4184789471638,NA
222,"SLV","El Salvador",NA,NA,NA,NA,NA,NA,NA,NA,NA,12.0396290326471,13.7906124933247,14.4704325689569,15.6487670995139,15.7768686911534,17.3220793119737,18.1089031145258,18.3821107748132,19.1991637270838,20.609048804284,20.9892852166948,19.1638276359115,17.7880871605594,17.4169425503764,17.4565920903033,17.5588449353479,20.3274778877524,22.981809658067,23.9211444708743,24.5512260808301,NA
226,"GNQ","Equatorial Guinea",NA,NA,NA,NA,NA,NA,NA,NA,NA,32.6186064611019,35.1171483507956,34.9297638084331,31.9879784679808,28.1376692871549,25.4907742269006,22.8573051820547,22.2271532968368,21.4274613461742,17.909724988501,17.7194176308634,17.3311436879012,15.9796881179598,15.8834111108473,17.7900488578402,18.3696933845372,18.517701142587,19.5417861730591,19.3625203491237,19.8244896402208,NA
232,"ERI","Eritrea",NA,NA,NA,NA,NA,NA,NA,NA,NA,NA,NA,NA,NA,NA,NA,NA,NA,NA,NA,NA,NA,NA,NA,NA,NA,NA,NA,NA,NA,NA
233,"EST","Estonia",NA,NA,NA,NA,NA,NA,NA,NA,NA,12.5816159812386,11.9699667974616,12.6952318382818,11.1570051691861,11.076607379272,10.3569218493738,9.80388947693389,9.65767714986588,9.77552696793231,9.31950645993273,8.95810220987539,8.16385680480501,6.53394337122818,5.02277851106885,3.74227703218313,3.14757003307969,3.26647828145977,3.24806627158686,3.44893498165735,4.04198640887142,NA
748,"SWZ","Eswatini",NA,NA,NA,NA,NA,NA,NA,NA,NA,6.111476994117,5.1278942429368,4.24083661840939,4.62272977388069,3.01119252968333,2.43021404198382,4.42445718905526,5.42603766155986,5.96133777732025,8.38017707353004,10.188645887896,9.0069770449025,7.64630704241146,8.19996569945485,8.6065744799407,8.87122644442765,9.73577788768705,12.5326496606969,12.4495193826833,13.7459687977793,NA
231,"ETH","Ethiopia",NA,NA,NA,NA,NA,NA,NA,NA,NA,29.0734626258552,29.0545569165007,27.3653060484582,26.1877279332493,24.5727738934787,24.1754120264914,23.8742183654889,22.5602494590751,22.0476115957872,21.799021472502,22.5310091701252,22.2201945422394,22.6939998963458,23.6714602490708,24.3042559445562,23.6233537452295,23.6088553579516,25.0232854479042,23.4474806707143,23.2512004347438,NA
234,"FRO","Faeroe Islands",NA,NA,NA,NA,NA,NA,NA,NA,NA,NA,NA,NA,NA,NA,NA,NA,NA,NA,NA,NA,NA,NA,NA,NA,NA,NA,NA,NA,NA,NA
238,"FLK","Falkland Islands",NA,NA,NA,NA,NA,NA,NA,NA,NA,100,100,100,100,100,100,100,100,100,100,100,100,100,100,100,100,100,100,100,100,NA
242,"FJI","Fiji",NA,NA,NA,NA,NA,NA,NA,NA,NA,31.2225374930043,30.1839246281608,28.4977525155508,27.6584617999509,27.9483306331899,27.2785711335175,28.6216950956479,29.6859294772706,29.3154681278566,27.3165889180823,27.8141690187816,22.016299118856,21.0138152890568,21.7170217526189,23.0186188608671,22.8774261401004,23.6252956300866,25.121419989303,25.5752403585766,25.882226794358,NA
246,"FIN","Finland",NA,NA,NA,NA,NA,NA,NA,NA,NA,10.7768931987967,10.3768433283735,10.2579436922365,8.9516621395785,8.6312227590694,9.32332449572766,9.58386433107383,9.48146777425005,10.1059525869207,9.98130956700297,9.9198750986755,8.982335733722,7.21045527295502,6.14804191372023,5.3112160001363,4.70394567108254,4.51054436587596,5.09428306829454,5.30355423850739,5.75401525010918,NA
250,"FRA","France",NA,NA,NA,NA,NA,NA,NA,NA,NA,24.1183799123826,23.2840523833096,22.6782345993394,20.5582295699206,20.8893250159453,18.2629203728433,18.0467314120959,17.4635131864787,18.8038733733994,19.3115527324794,22.6221892363076,22.6406523776078,22.8283717154694,21.5094774336793,20.4474168232292,19.2740507389149,18.0785812162284,18.3355021264076,17.9044214718948,17.9016727666702,NA
258,"PYF","French Polynesia",NA,NA,NA,NA,NA,NA,NA,NA,NA,NA,NA,NA,NA,NA,NA,NA,NA,NA,NA,NA,NA,NA,NA,NA,NA,NA,NA,NA,NA,NA
266,"GAB","Gabon",NA,NA,NA,NA,NA,NA,NA,NA,NA,35.5337054800797,34.974025138277,34.6377573955519,34.5728258925203,33.5963274581727,34.419529604256,34.5597366923544,34.4397800253449,31.5759906253786,29.1015040394982,28.0901071563292,27.2194055398817,26.0307193817029,27.0125020078488,28.2668454072828,28.497791743274,29.4810311751871,30.1917521146164,30.7760142369869,30.7277653882147,NA
270,"GMB","Gambia",NA,NA,NA,NA,NA,NA,NA,NA,NA,13.4472574096301,13.2049104520184,12.477101817738,1.04809393029679,2.42620543516,1.93896275631104,1.33012035441422,1.5508057564972,13.9939877389989,13.2872750608213,14.4642089494247,17.0596638486318,21.8721125649397,23.0933797877271,22.5475531854391,22.5775636349194,20.0939211517864,18.7592590180071,17.9685672791499,18.5944159976134,NA
268,"GEO","Georgia",NA,NA,NA,NA,NA,NA,NA,NA,NA,44.0155732135007,44.3585235399665,43.2458588428045,42.2492837355729,46.0675615149171,45.2749525120932,45.2513430651958,46.8349266782734,48.6125862005104,50.0266659426392,54.3613094367999,54.4758105135987,56.549755417685,56.1427506949815,55.7143830957853,54.3742145807527,55.1232777589307,54.5179126467137,51.5557098762293,49.8888859986419,NA
276,"DEU","Germany",NA,NA,NA,NA,NA,NA,NA,NA,NA,23.6614051937546,21.6261513209401,17.4061477484588,15.2196025897448,15.8121170058653,14.5402957231375,14.8227975284733,17.4321652190273,19.7226129758374,20.1546391127892,24.688507361819,25.3875989607912,24.7253240600402,21.8211909899264,17.1322952540595,11.5380252734328,7.94269199825193,7.06158794303813,6.00359448120605,6.26993967402392,NA
288,"GHA","Ghana",NA,NA,NA,NA,NA,NA,NA,NA,NA,12.4955693082163,13.3354512556774,15.5966190019072,14.7760559296136,13.5876273699777,14.8519961668978,14.3086668252264,14.5182574439459,12.217427001938,8.93335665304528,7.71449763137994,5.47105142123421,3.72640311888193,2.38853520910298,2.97415296339365,1.57986928677275,1.87719986461342,1.82129178292008,2.49925835197341,2.15144638911593,NA
300,"GRC","Greece",NA,NA,NA,NA,NA,NA,NA,NA,NA,24.9770795325038,26.8272332537979,17.3440150092532,14.8795723010745,14.9089048841872,14.4935186691163,14.6236305520285,19.3215402383405,22.5916293884695,23.315098088227,24.4493195966135,24.5000346721945,25.920515084065,25.5011351853033,24.2928145113137,23.8282846451392,15.8001799633502,15.6871235114758,11.6682467721036,11.258831476989,NA
304,"GRL","Greenland",NA,NA,NA,NA,NA,NA,NA,NA,NA,NA,NA,NA,NA,NA,NA,NA,NA,NA,NA,NA,NA,NA,NA,NA,NA,NA,NA,NA,NA,NA
308,"GRD","Grenada",NA,NA,NA,NA,NA,NA,NA,NA,NA,12.4347485840519,12.4498901157792,12.4265138422881,12.5115750486573,22.7118441856521,19.569136058643,19.3628966022566,20.0480475253054,21.0797875881039,21.3616605865813,27.1514890749007,26.2099962525528,26.7654669680601,23.2821191291362,25.7498361711636,25.2398900230873,27.2751778383152,27.6655644128958,33.6011961964267,22.4842448170688,NA
320,"GTM","Guatemala",NA,NA,NA,NA,NA,NA,NA,NA,NA,7.75874762651014,7.78066210288866,5.99297127196513,6.4919738836273,5.77641850489658,6.7562667073997,7.05968013094599,8.21447388451365,8.86872386688445,9.67228922891252,9.85049590056691,6.0070726483188,6.10534958082862,5.73933399901007,5.11947524873263,4.22186775956439,7.08587899992743,7.98633264474346,7.98720474223119,6.62563527559006,NA
831,"GGY","Guernsey",NA,NA,NA,NA,NA,NA,NA,NA,NA,NA,NA,NA,NA,NA,NA,NA,NA,NA,NA,NA,NA,NA,NA,NA,NA,NA,NA,NA,NA,NA
324,"GIN","Guinea",NA,NA,NA,NA,NA,NA,NA,NA,NA,22.5614029044411,22.9388522164786,22.3790712926176,21.0994430583808,20.5064069817007,20.371921312286,19.3057782818493,20.1022587712832,12.6395070647305,8.84135137962099,5.32087133408287,2.07112693227104,0,0,0,0,0,0,0.162974804018873,0.751313679092618,NA
624,"GNB","Guinea-Bissau",NA,NA,NA,NA,NA,NA,NA,NA,NA,18.7697433218819,18.9757755917575,18.9938580243768,17.7269752763711,15.6031139680454,15.1910812482778,14.291826080607,15.3025387238396,9.79946742718221,8.67670964962448,7.11966556201777,5.13060026711052,3.33147035501909,4.16964626184348,3.79384638248284,3.21733696150788,3.52898476848918,4.43363914986419,4.85711315373379,5.84170659177848,NA
328,"GUY","Guyana",NA,NA,NA,NA,NA,NA,NA,NA,NA,41.1759477439037,42.5423298873029,42.3929059237013,41.7004564208662,40.4089246703858,39.2488399616084,38.64363716984,36.9028421332509,37.3906682775292,36.5936870084567,36.021776034173,33.1089378973287,32.264799441816,31.6870050225639,30.5269609181884,30.2417512705343,32.1979223233159,33.3949690590505,31.315341057112,24.4236030141344,NA
332,"HTI","Haiti",NA,NA,NA,NA,NA,NA,NA,NA,NA,21.7665535658201,23.15972574846,23.2093330701526,21.9958928003023,21.9127277742211,21.8613389548024,20.5426909782581,18.7721799052582,18.0661079596306,17.1486728301091,16.5368153047395,10.2712407737916,9.8899560329731,9.60402121361194,9.44610413135391,9.23960819809635,14.7640843447834,16.7627757738181,17.764785953441,19.1827027030881,NA
336,"VAT","Holy See",NA,NA,NA,NA,NA,NA,NA,NA,NA,NA,NA,NA,NA,NA,NA,NA,NA,NA,NA,NA,NA,NA,NA,NA,NA,NA,NA,NA,NA,NA
340,"HND","Honduras",NA,NA,NA,NA,NA,NA,NA,NA,NA,15.2169012098359,15.2601125650575,14.6500202954299,14.1372662429907,12.9193895654701,12.6657087449108,12.1889524447027,12.6285832741779,12.6137904558603,12.3522473220557,12.1739718111733,7.61271390385141,5.63175131215634,4.93401082785046,4.45129895725,3.6309846122099,6.06123339423284,7.45063981443283,7.23546436168577,7.40482039671808,NA
344,"HKG","Hong Kong",NA,NA,NA,NA,NA,NA,NA,NA,NA,NA,NA,NA,NA,NA,NA,NA,NA,NA,NA,NA,NA,NA,NA,NA,NA,NA,NA,NA,NA,NA
348,"HUN","Hungary",NA,NA,NA,NA,NA,NA,NA,NA,NA,15.5537561194102,15.4460212319379,15.074546553786,14.3952146212987,14.8017716935787,14.6197955772251,14.5705250341813,14.0472989840568,14.0401075971943,13.0792066535354,13.1774969979178,12.171058946853,11.8144618077988,11.0674603330242,11.1767998894933,10.9842801142088,11.02277696,10.9213285107429,10.0959512522121,10.3218630630713,NA
352,"ISL","Iceland",NA,NA,NA,NA,NA,NA,NA,NA,NA,NA,NA,NA,NA,NA,NA,NA,NA,NA,NA,NA,NA,NA,NA,NA,NA,NA,NA,NA,NA,NA
356,"IND","India",NA,NA,NA,NA,NA,NA,NA,NA,NA,25.2233323719418,25.068449567495,24.3689030126716,23.2510089315962,23.018387472568,23.2885566431822,22.62740896937,22.0642502577922,22.1519504367575,20.686621308279,19.3190426364989,17.7840023802328,16.2918160338581,15.5609748307895,15.7920527068522,15.4904499821126,16.0441780872361,17.0578773296665,16.8723453525868,16.7104007867216,NA
360,"IDN","Indonesia",NA,NA,NA,NA,NA,NA,NA,NA,NA,12.7795729497346,11.3827426876383,10.4226935927894,9.05575070982329,8.11656140787595,7.98498201902652,7.8370248174779,6.73920849215106,7.05017970163156,7.11256836050077,6.55080137140807,5.57265339809967,6.64610438907084,6.55275225266355,7.4292057249214,8.48467408449929,11.0210470332884,11.8096809828152,11.4669667744597,11.5756047591213,NA
364,"IRN","Iran",NA,NA,NA,NA,NA,NA,NA,NA,NA,46.8355836755473,48.0560403492967,51.4636037808118,51.0215789001622,51.8235875767402,51.6016671973687,50.6976965969149,48.5179112562031,50.9261517074324,52.0070480417987,54.194030756408,57.689038435789,65.1362906239166,65.2949434517894,63.0577249118665,62.4662527911114,61.9508788017059,62.3631769907091,60.5877604798024,62.6081958726843,NA
368,"IRQ","Iraq",NA,NA,NA,NA,NA,NA,NA,NA,NA,34.9435793282949,36.8980773196286,36.9625558789548,37.3733220702666,35.0378019272529,33.5334833972223,34.009798294746,34.2096291239846,37.1862753024574,41.1059545923545,47.0710474239673,48.9328988931529,57.9654219390746,64.0271340528995,70.3807864116375,70.3807864116375,74.0069654375659,94.4886135954041,62.6516435816746,57.5896110358236,NA
372,"IRL","Ireland",NA,NA,NA,NA,NA,NA,NA,NA,NA,9.903870350783,11.3499496086428,9.27209216964108,7.99047972807345,7.89955569630786,9.049619893764,9.68643946970431,11.6626923417219,12.4963952387868,13.1250731041939,12.856316694747,10.5119744561025,10.4139208110924,9.2927545135161,8.01327436042654,7.57495523461084,7.72773450100472,7.57079493584983,7.95583491684245,8.76636512262215,NA
833,"IMN","Isle of Man",NA,NA,NA,NA,NA,NA,NA,NA,NA,NA,NA,NA,NA,NA,NA,NA,NA,NA,NA,NA,NA,NA,NA,NA,NA,NA,NA,NA,NA,NA
376,"ISR","Israel",NA,NA,NA,NA,NA,NA,NA,NA,NA,18.2173427751466,18.5010985076771,19.9347430270683,19.1252676240092,18.5743123878876,19.6469447693623,8.02347578980196,8.0141113101142,8.15759320520603,7.94312259632852,8.2232972056259,22.1447753026657,20.7334015866658,20.8936491716428,22.8781453503134,23.0370494828056,24.3074853766724,25.0609715296766,24.223394300545,23.9604694664816,NA
380,"ITA","Italy",NA,NA,NA,NA,NA,NA,NA,NA,NA,29.1242112082174,29.3110995075259,29.1840161805906,27.181472717002,27.5714732309156,26.7984199085459,26.42006382653,25.0710252226111,25.0235345550723,24.4032939116021,24.6058003028617,23.10745251222,21.8654833198615,19.9082407143541,17.2520222275927,16.4576798090474,16.2677270784761,16.5593331631335,16.2355984130613,17.7529495538392,NA
388,"JAM","Jamaica",NA,NA,NA,NA,NA,NA,NA,NA,NA,16.3818841471066,15.4196942368416,15.6455614199357,15.059567343149,15.2687728613893,18.9021476440753,19.2532791637258,18.1595382245975,18.7180735038164,19.3104364678955,18.8519775074698,19.1851590666895,19.5386379513983,18.7627649919925,19.2235124746376,19.8780514098182,20.3560453432441,21.4443353034445,21.7305175833155,22.2705605567116,NA
392,"JPN","Japan",NA,NA,NA,NA,NA,NA,NA,NA,NA,29.4799797755235,28.4832986964201,27.3235601944527,26.2000216135536,26.0210735128447,26.0528197410145,26.2039016059507,26.1995558192279,27.1284038389873,27.8573421880841,28.1345709142118,27.0338210427169,26.9280964793915,25.5494137192494,24.5091287502264,23.8135300249891,24.0767599482881,23.8279461461911,23.8239064234397,23.725700356037,NA
832,"JEY","Jersey",NA,NA,NA,NA,NA,NA,NA,NA,NA,NA,NA,NA,NA,NA,NA,NA,NA,NA,NA,NA,NA,NA,NA,NA,NA,NA,NA,NA,NA,NA
400,"JOR","Jordan",NA,NA,NA,NA,NA,NA,NA,NA,NA,43.2302161550528,42.4281182059868,41.8669428256401,42.0505009916343,52.478594125787,52.4793777688454,62.3526741894595,70.5544326704162,70.5544326704162,54.1998071136506,51.4935697664707,51.4935697664707,46.677843522825,46.677843522825,47.9242896110777,48.975015825768,48.975015825768,57.0482956850027,53.0211441348305,48.6140443863461,NA
398,"KAZ","Kazakhstan",NA,NA,NA,NA,NA,NA,NA,NA,NA,31.1576942362295,31.9001143545174,31.0247353131462,30.4355110530852,30.0051433212266,30.0315789175362,29.2751879418817,29.6501411301197,30.4243479664631,33.6904823386728,35.8414007214775,39.291507860631,43.13853645631,46.5929238481823,45.0739226409467,42.1188010172716,43.0319652156344,39.3485031460271,27.6843295409647,27.1038681734344,NA
404,"KEN","Kenya",NA,NA,NA,NA,NA,NA,NA,NA,NA,14.2232956843571,14.0272794730248,13.357006121095,12.7439161756354,12.6699080030281,11.684328206446,12.00620509903,12.8393215020282,13.4572327894615,13.7241831112543,14.5778114083406,14.360006118861,13.8479449551452,13.5771868844564,13.5097661128621,13.1288415102388,14.4655276496062,16.6122165686162,17.3562071657498,17.6678383413397,NA
296,"KIR","Kiribati",NA,NA,NA,NA,NA,NA,NA,NA,NA,NA,NA,NA,NA,NA,NA,NA,NA,NA,NA,NA,NA,NA,NA,NA,NA,NA,NA,NA,NA,NA
689,"XKX","Kosovo",NA,NA,NA,NA,NA,NA,NA,NA,NA,NA,NA,NA,NA,NA,NA,NA,NA,NA,NA,NA,NA,NA,NA,NA,NA,NA,NA,NA,NA,NA
414,"KWT","Kuwait",NA,NA,NA,NA,NA,NA,NA,NA,NA,NA,NA,NA,NA,NA,NA,NA,NA,NA,NA,NA,NA,NA,NA,NA,NA,NA,NA,NA,NA,NA
417,"KGZ","Kyrgyzstan",NA,NA,NA,NA,NA,NA,NA,NA,NA,40.0477483779846,44.7356810038213,47.5742143673313,47.642386912774,47.4990456152799,44.9196850392845,44.9011816063195,45.1936494045294,46.2954854296514,49.4850683805473,56.8687819340954,62.3062689832834,64.6322689937835,65.5260133121058,65.308915598444,64.2178363387535,63.708680229464,65.9268980926369,60.0869630331217,58.1066543595636,NA
418,"LAO","Laos",NA,NA,NA,NA,NA,NA,NA,NA,NA,18.4588372572225,16.0105004974763,14.2338663128538,14.3718751809289,12.7659975538692,11.1080752116866,10.9810545554282,10.7610991129869,9.04746881539917,7.87980288290863,6.63801323440933,4.3697727369333,2.89069160985977,2.30058679935742,1.55141340230652,1.12699191363859,1.53642272259641,1.70090638312185,0.825959509215323,0.901078619794447,NA
428,"LVA","Latvia",NA,NA,NA,NA,NA,NA,NA,NA,NA,9.13740243045777,8.22354779452073,7.79843042968064,7.33131368172165,7.08982049704704,6.66412424638237,6.35640394963096,6.45245232846742,6.53350904712613,6.67773337810556,7.67188692490632,7.65960417355087,6.93093366445525,5.93053157371315,4.75019070488553,3.91804273607276,3.77760971800512,3.38210930300325,3.0941113599591,3.12347673603799,NA
422,"LBN","Lebanon",NA,NA,NA,NA,NA,NA,NA,NA,NA,20.4434734965382,22.3415781771023,19.9804436689755,17.0493844063434,15.3141455620599,16.6776805115768,16.7522520998267,17.6072188464409,19.8696087896643,22.0493673134092,21.2908700716561,19.8183084271289,18.6163672452835,17.7384271377023,15.8997027151888,13.9199847110991,11.73737960987,10.3992666161106,9.33073612148281,8.89258830183699,NA
426,"LSO","Lesotho",NA,NA,NA,NA,NA,NA,NA,NA,NA,39.0292171130463,38.0634214687036,37.8287100846857,35.7494322225676,35.8006696904199,34.8420811442101,34.3708200062781,34.2322148755505,33.5003022728039,30.33538703899,31.3240626941123,27.7002552057446,26.6118437172605,26.5244882348789,27.0511908875469,23.9488849711869,23.6646032958343,24.3188494359232,25.5264296208677,27.4515705701698,NA
430,"LBR","Liberia",NA,NA,NA,NA,NA,NA,NA,NA,NA,20.4700237615728,19.9218439319097,20.9343984775598,19.7813982555238,15.6228754420026,15.186103272204,15.2705229743813,14.0233790393363,9.94595861722419,7.71665724598301,4.54877834335781,2.55952904505401,0.933826380221902,0.38397723458155,0.300732203741831,0,0.350662403732272,0.919091642687249,1.50323364724586,1.56721291772598,NA
434,"LBY","Libya",NA,NA,NA,NA,NA,NA,NA,NA,NA,18.1702175749327,18.2448646639799,22.0518574315671,24.9490233765208,25.7983999819538,28.4375741545592,30.2489848304539,30.0632019268277,18.534931873107,18.6360495722606,19.5184402117462,20.4582631541447,19.8696338964622,36.4770493607013,37.7883899124488,37.4329917279567,37.4329206363391,47.1539748028681,22.9957517628798,18.5898189804704,NA
438,"LIE","Liechtenstein",NA,NA,NA,NA,NA,NA,NA,NA,NA,39.2934687220596,35.9557785946045,33.0919242697948,30.9169582243395,32.2272707220793,32.9989539227131,36.0407098108219,38.072050497055,41.6965612453545,42.6569586100136,43.8549654544408,41.7671672491469,41.5833958951843,39.0617607982281,35.2550102177476,34.5828625653651,35.9343123992521,36.7299779412868,39.2894406472769,42.9815937869299,NA
440,"LTU","Lithuania",NA,NA,NA,NA,NA,NA,NA,NA,NA,13.7883825278113,12.3306124348791,11.5479396075235,10.7488826929417,10.5905038975172,10.4374797937156,9.94234825216606,9.76731639461642,9.91019200340152,9.73590066331279,10.4063648582742,9.96782778281064,9.08128320564813,8.49576274179759,7.69020396336825,7.06370586969847,7.31202684835812,7.4927561221285,7.06056346719217,7.25289038755582,NA
442,"LUX","Luxembourg",NA,NA,NA,NA,NA,NA,NA,NA,NA,27.9530785879124,24.1331908281908,20.485620887343,15.4506660751103,15.8878547645117,12.6517651818114,12.3771765689255,12.5709751611747,14.9861332920748,14.1097165831297,16.5637365090686,16.203498054515,16.3577810069738,15.8307060491925,15.4655160263458,14.0905474570175,12.1857556096799,12.4892231671703,11.0702835281611,10.8438098106864,NA
446,"MAC","Macao",NA,NA,NA,NA,NA,NA,NA,NA,NA,NA,NA,NA,NA,NA,NA,NA,NA,NA,NA,NA,NA,NA,NA,NA,NA,NA,NA,NA,NA,NA
450,"MDG","Madagascar",NA,NA,NA,NA,NA,NA,NA,NA,NA,14.0030686506611,14.3765403938541,12.2471421195143,11.5156636290965,10.5779427859313,10.3579003598194,8.99306270972407,9.87062716899072,7.4930300832026,4.58518915091435,2.969083924722,1.40022696370684,0,0,0,0.0167377284831218,0.905572378162333,2.6324519491273,3.11442542865426,3.29526051458089,NA
454,"MWI","Malawi",NA,NA,NA,NA,NA,NA,NA,NA,NA,16.9085306815393,15.9009021003862,14.9173507455649,14.1954330599883,14.6526066649616,16.2926960946784,15.4433096007868,14.1307922553067,13.914093615933,10.7317650282632,9.53225227751935,8.69394932384485,8.21969328793483,7.52141260121327,8.43894792775795,7.68155190725348,7.26816993549977,7.33032841197465,6.38089322869754,5.79777183331535,NA
458,"MYS","Malaysia",NA,NA,NA,NA,NA,NA,NA,NA,NA,6.65305758602298,6.64197393626633,6.06124166477665,4.99995801768998,3.61748904816224,3.35792747924579,2.7778633166854,1.84659110696724,1.98694469079005,1.89448734655279,1.80046455000709,1.40139789802424,1.97078514286873,1.55631301620102,2.57909718557168,3.41043305290901,4.85316722784523,6.20892917552806,7.0401425906246,7.82629719328446,NA
462,"MDV","Maldives",NA,NA,NA,NA,NA,NA,NA,NA,NA,35.0192104150978,35.5121995439427,34.5871590577318,32.3685541811603,31.2215335149662,31.4049690902769,29.0384222366787,30.3000355216281,31.3108002890026,32.1348032290093,33.5870489556662,41.0444808860152,44.0085321375096,52.1859219840226,100,100,100,100,36.910339692202,28.3689839612761,NA
466,"MLI","Mali",NA,NA,NA,NA,NA,NA,NA,NA,NA,11.8140499432864,15.5031547890695,16.4644174908635,15.1234136731351,15.0466577181987,15.5718358995305,14.4909436206574,15.2834764670511,10.9409854461786,9.71349537105311,8.27962301754904,7.93830971347789,5.9694857173849,6.78584345986074,7.25312045142228,7.70724284025513,8.35353432478347,10.0345767726537,9.85640530667824,9.58897876508409,NA
470,"MLT","Malta",NA,NA,NA,NA,NA,NA,NA,NA,NA,NA,NA,NA,NA,NA,NA,NA,NA,NA,NA,NA,NA,NA,NA,NA,NA,NA,NA,NA,NA,NA
584,"MHL","Marshall Islands",NA,NA,NA,NA,NA,NA,NA,NA,NA,NA,NA,NA,NA,NA,NA,NA,NA,NA,NA,NA,NA,NA,NA,NA,NA,NA,NA,NA,NA,NA
478,"MRT","Mauritania",NA,NA,NA,NA,NA,NA,NA,NA,NA,NA,NA,NA,NA,NA,NA,NA,NA,NA,NA,NA,NA,NA,NA,NA,NA,NA,NA,NA,NA,NA
480,"MUS","Mauritius",NA,NA,NA,NA,NA,NA,NA,NA,NA,20.6683128182305,20.8209712282033,21.0720504151847,20.3280928751984,21.2751311628448,23.1662148656033,19.2743498109884,19.0819746802185,18.8046587159155,16.501824499232,16.6683632645297,20.9981805366068,22.8531855583308,26.3177982492596,100,100,100,100,100,100,NA
484,"MEX","Mexico",NA,NA,NA,NA,NA,NA,NA,NA,NA,18.7083127514739,18.4645677509257,17.7948232477628,17.45626014357,16.3538898103222,16.7366447948292,16.6613241546882,17.0955022566667,16.7521613404732,17.8933077653413,17.5630330846036,16.6812303614832,15.5467717208133,15.1374465774175,13.9129754467063,13.1909426219156,13.7895528088388,14.7000725285907,15.0301825202222,15.00133294697,NA
583,"FSM","Micronesia",NA,NA,NA,NA,NA,NA,NA,NA,NA,100,100,100,100,100,21.1972045655146,21.1972045655146,21.1972045655146,21.1972045655146,21.1972045655146,100,100,100,100,100,100,100,100,100,100,NA
498,"MDA","Moldova",NA,NA,NA,NA,NA,NA,NA,NA,NA,37.7300049241517,37.4224866121605,37.3483021965866,36.965045367519,37.8340185528903,37.0664472891922,36.9169389672889,27.0906518148313,26.9596961109569,26.2766814299948,25.1427128089725,23.1764176010274,25.2557434469132,23.1366764092921,21.9585497862999,19.9310436719295,19.351892719018,19.2803328773615,18.3505648032044,16.7589986902269,NA
492,"MCO","Monaco",NA,NA,NA,NA,NA,NA,NA,NA,NA,NA,NA,NA,NA,NA,NA,NA,NA,NA,NA,NA,NA,NA,NA,NA,NA,NA,NA,NA,NA,NA
496,"MNG","Mongolia",NA,NA,NA,NA,NA,NA,NA,NA,NA,11.0961124344975,11.6764990836396,9.649296967794,8.60673061920723,7.11704008615582,7.054171145805,7.53381448522629,8.23886977386138,11.8155404746043,21.7459074922819,22.0894672100165,21.962553077529,24.198315344,22.1360160047201,21.6506635550306,23.1358965834504,24.1313812547079,35.0323364726543,45.6993399447552,45.9229620959255,NA
499,"MNE","Montenegro",NA,NA,NA,NA,NA,NA,NA,NA,NA,33.135836211499,36.6146367101618,32.3541681141857,28.3771391542263,29.3621962805998,29.2489239598527,28.3579989838916,27.8189446089829,25.6151407050993,23.9797458737735,24.0317160313033,22.9998461451046,22.983595847807,24.2312047709291,25.741176648347,24.2107176039822,25.3561578690041,25.556759626158,25.5253304776723,25.5162145055745,NA
504,"MAR","Morocco",NA,NA,NA,NA,NA,NA,NA,NA,NA,18.2541293423088,17.9308983805062,19.2877677202055,17.9701250244684,18.1922440897245,18.7021360957147,17.6245501335604,18.3700247718153,21.1382471257511,20.5549568503031,20.5972150092668,22.323168718446,21.4218162625485,19.9522820857112,20.4396698477636,17.7509281616468,18.2054109638728,11.8202824713539,10.9186548787473,10.8475485018154,NA
508,"MOZ","Mozambique",NA,NA,NA,NA,NA,NA,NA,NA,NA,17.7677878291147,15.7704803364721,15.2652513502382,13.4946851446507,12.1629185813471,11.6753006767851,11.9161501941408,11.9001170006748,12.3772972611163,12.5764820895066,12.7333263552951,11.5941768858149,9.48115508624787,9.39686635978531,9.0982006138633,8.67907530576309,8.46048880647264,9.46058361312602,8.70983920511308,8.21504240210459,NA
104,"MMR","Myanmar",NA,NA,NA,NA,NA,NA,NA,NA,NA,24.5246023176298,22.5596659767754,20.9571112400533,20.21255342914,18.430292898314,17.371075238742,17.2653584678017,16.310793756586,14.9177448534245,13.8188879658897,12.7611430010584,11.0669180696637,10.2955713792591,10.1031632427577,10.2416411786323,10.1364736544524,10.509159068691,11.0494415468406,10.8559543002785,11.0766851006025,NA
516,"NAM","Namibia",NA,NA,NA,NA,NA,NA,NA,NA,NA,0,0,0,5.22205610682805,4.33278939898861,5.75730973428803,3.78090803102467,5.83037923797717,7.2075310794221,12.056920648306,13.8183168628131,23.8678518157514,32.8125447911244,29.9611563773251,31.2507937792027,33.9394910665834,31.6962975218456,32.0685688630552,35.1356893541646,35.9402016105799,NA
520,"NRU","Nauru",NA,NA,NA,NA,NA,NA,NA,NA,NA,NA,NA,NA,NA,NA,NA,NA,NA,NA,NA,NA,NA,NA,NA,NA,NA,NA,NA,NA,NA,NA
524,"NPL","Nepal",NA,NA,NA,NA,NA,NA,NA,NA,NA,38.7120971777435,37.2693316860055,36.2820897305645,35.8015298547959,33.9433770985055,34.1748166784006,34.4280353818489,33.5444545027917,34.7711104247525,37.8335385148847,39.4013726650955,41.3176185454428,44.9944355324977,43.682613331069,42.4073236736799,40.4670673121662,38.7508768566201,39.0907762882159,38.5430070143386,38.0344643360443,NA
528,"NLD","Netherlands",NA,NA,NA,NA,NA,NA,NA,NA,NA,25.8277365427237,24.3313044201114,22.9157716047266,21.6678015503152,21.301335507256,18.9498420618445,19.3089922421075,20.1245771268926,20.9273988097134,21.8727915273918,26.4015141509064,25.8636760759583,25.0683033504228,23.6681227689152,21.2084050296847,19.8898625552948,18.7107150061693,18.8676325233389,18.5436050281209,19.6148410762003,NA
540,"NCL","New Caledonia",NA,NA,NA,NA,NA,NA,NA,NA,NA,33.6121237431637,31.161836963825,30.6481602110394,31.1828808664971,32.0278405104471,33.6758501086432,36.9183089663917,37.2924745950234,33.2986998573316,31.465221747812,31.566057277339,30.6413727214499,30.1897643839174,29.161948431573,30.828434243017,26.611323545575,27.2749623639889,28.1166842221939,31.348152073596,29.9539365534111,NA
554,"NZL","New Zealand",NA,NA,NA,NA,NA,NA,NA,NA,NA,14.5264376606086,14.1230255012593,14.1437861409621,13.571118928642,13.6070300520737,13.4863320099858,13.5440176964643,13.3169626757674,12.8009555610121,12.2033146203553,11.9749479295064,11.4064779734603,11.2617513961817,11.2168506807044,11.4310956369334,11.5149867513197,11.9089255612226,12.3859721757757,13.2834637586611,14.3838811854342,NA
558,"NIC","Nicaragua",NA,NA,NA,NA,NA,NA,NA,NA,NA,11.2006473787528,11.4032694042475,10.1418684811885,9.90790121042741,8.00605284408843,5.16909068190954,5.07654397394508,6.29028067157712,6.52286654152286,6.7059693668387,12.3956005109032,8.82586327505932,4.50729199283221,3.98237351621208,3.93981474222596,2.61869539386304,3.48033787949841,6.89755989945968,5.80414042110067,4.14993662473137,NA
562,"NER","Niger",NA,NA,NA,NA,NA,NA,NA,NA,NA,NA,NA,NA,NA,NA,NA,NA,NA,NA,NA,NA,NA,NA,NA,NA,NA,NA,NA,NA,NA,NA
566,"NGA","Nigeria",NA,NA,NA,NA,NA,NA,NA,NA,NA,21.8433925937557,23.4404869473773,24.2541598590589,22.8247748207927,21.865473607598,20.3154886600268,18.4568704587129,17.8398409233452,16.9606818968303,14.9014317503227,14.5575292492244,13.8254255020457,9.60199921860411,7.83217400429002,7.45164876352786,6.32547666630278,5.87846751679244,7.08183913494517,7.78721103886437,7.39835354123308,NA
570,"NIU","Niue",NA,NA,NA,NA,NA,NA,NA,NA,NA,NA,NA,NA,NA,NA,NA,NA,NA,NA,NA,NA,NA,NA,NA,NA,NA,NA,NA,NA,NA,NA
408,"PRK","North Korea",NA,NA,NA,NA,NA,NA,NA,NA,NA,23.2626121852084,23.1423393212079,21.7470707283375,20.0252982489905,19.7851358849238,19.4542132922403,20.4363127448496,19.9589019560907,22.0546359766045,22.4293807399223,23.9782237742619,22.8051439757488,24.4171161074465,23.8608583809876,20.9656300633495,20.3863734341106,20.0679997222276,19.9951131559332,19.6657386416647,21.978965932448,NA
807,"MKD","North Macedonia",NA,NA,NA,NA,NA,NA,NA,NA,NA,23.9910575244947,24.0154431291566,20.6012807277459,17.9882866425084,16.5241289004424,15.9466961993372,15.8768117442767,16.4539688407565,18.4510652687493,20.6233922308334,22.1358607366063,22.9144839496898,25.3961580876286,24.7963725082799,24.8338078244634,23.3571251322032,22.3718187339612,20.9640018832124,19.7705192705264,19.5360401493791,NA
578,"NOR","Norway",NA,NA,NA,NA,NA,NA,NA,NA,NA,22.9414234169857,21.551688474334,21.1872376716533,19.9592222072191,20.6144417769729,19.6722371888584,20.1493003733595,20.2674347286309,20.3143520292772,19.3629332294941,19.5650624664481,18.0823418877967,16.7615704016872,15.6664467209813,14.6976399718412,13.6152486744565,13.4913042178449,13.195721800577,13.2345187934751,13.1866383257043,NA
512,"OMN","Oman",NA,NA,NA,NA,NA,NA,NA,NA,NA,NA,NA,NA,NA,NA,NA,NA,NA,NA,NA,NA,NA,NA,NA,NA,NA,NA,NA,NA,NA,NA
586,"PAK","Pakistan",NA,NA,NA,NA,NA,NA,NA,NA,NA,31.2962322760238,28.3150981736655,26.6071894480918,25.8184244605933,26.2183028311495,26.6588029718694,28.4716191541305,30.8360091118713,34.2624029892438,38.8441063674696,45.2439969606547,54.0259317368921,55.2474448972335,54.7113612046325,53.3554555623188,51.629618840289,50.3119289198738,53.964174240647,52.0562989685081,51.1599820304942,NA
585,"PLW","Palau",NA,NA,NA,NA,NA,NA,NA,NA,NA,29.7604856168,30.586321082598,29.8415267596543,27.8732359634686,27.8586459817561,28.2733605299743,28.4412159864512,31.3535788509809,34.0049957353223,30.3112378093122,32.0416284403228,33.9882077592753,36.1703703906356,37.8124937196541,58.2520144796289,50.0171395093098,48.9425931450666,46.4001918629723,40.8646458865184,41.0896430545947,NA
591,"PAN","Panama",NA,NA,NA,NA,NA,NA,NA,NA,NA,20.2854116057051,18.404714558689,18.2510826610845,15.6167013912788,14.1046161734649,13.8954726852842,14.6894908577082,14.9555499879741,17.1353890994031,19.5654943259401,20.1630914651513,20.9222302772614,19.1802710164623,17.6886824242869,15.8800920138086,14.5757568746063,14.07458603537,15.0649233602486,15.2891056648375,16.3162597201839,NA
598,"PNG","Papua New Guinea",NA,NA,NA,NA,NA,NA,NA,NA,NA,30.090874612581,29.201023097048,29.4298159855374,27.8788693085018,28.2185307676901,27.1507431018175,27.2652268709574,26.4651595060578,26.9332953397075,25.2086363817098,22.4725239351946,20.1055295473461,19.3860093566375,18.466438239155,18.6185843378607,20.232179303531,22.1338912897874,21.6385509453929,22.3342703787069,22.6105175525911,NA
600,"PRY","Paraguay",NA,NA,NA,NA,NA,NA,NA,NA,NA,8.00095564350735,8.01869395447892,6.13656423758412,5.35804407550769,4.65576722012767,3.56569302739265,1.9302941848794,1.52799285033885,1.80291300629379,1.83883721326018,2.66051356131986,3.4095451787165,4.29758850371725,4.674039309148,4.88655476822699,5.12530978699391,5.41885145203968,6.45930071293033,7.04531653125589,7.43633691273362,NA
604,"PER","Peru",NA,NA,NA,NA,NA,NA,NA,NA,NA,27.7511191852467,27.6937068275436,27.0197787183644,26.0887031047279,24.8746119593919,25.188517424368,24.6436778982018,22.5484413090223,21.6143138895372,21.3218350009792,21.0718328101639,20.0456502794634,19.7923184593887,19.7714493597233,19.5427850769373,18.6036206090891,18.6504769628618,19.2048595116686,19.0703214629612,18.7626799792532,NA
608,"PHL","Philippines",NA,NA,NA,NA,NA,NA,NA,NA,NA,22.5954127638041,21.5410970566345,20.1110084538869,19.9735897304827,19.5109763888195,17.735935247865,18.5089304548132,18.7412635790908,18.0776500109352,16.8344362574069,17.9255769348702,15.2959150133917,14.0557440940628,13.810018754556,14.643327439872,14.6924891122118,16.7046008974546,17.5663504492181,18.4447987079175,18.6055652673182,NA
616,"POL","Poland",NA,NA,NA,NA,NA,NA,NA,NA,NA,16.4699385691688,15.6082978187098,14.5069875734542,13.9409830406429,13.752956435048,14.1494492577097,13.4469365273569,13.5336749352188,14.0111984191338,13.6633830386049,14.7872295867795,13.6353436150196,12.2310983046368,10.4412291257727,9.91336338329501,9.13397750106193,9.34433114481509,9.9331122756079,10.4691458364033,10.6059004893798,NA
620,"PRT","Portugal",NA,NA,NA,NA,NA,NA,NA,NA,NA,2.70874108982329,1.74567635839166,1.67418201437825,1.33970003872027,2.11972868235102,1.63480519332253,2.46279715598691,1.33811775191474,0.488100215135702,0,0,0,0,0,0,0,0,0,0.742791922197114,0.44991302309208,NA
634,"QAT","Qatar",NA,NA,NA,NA,NA,NA,NA,NA,NA,NA,NA,NA,NA,NA,NA,NA,NA,NA,NA,NA,NA,NA,NA,NA,NA,NA,NA,NA,NA,NA
178,"COG","Republic of Congo",NA,NA,NA,NA,NA,NA,NA,NA,NA,32.8564067775599,33.3450179262068,32.8000691050031,32.9114822669742,32.4089776921605,30.2455363188862,29.7871447442797,29.6172394781393,27.2738182213447,24.6348351720468,24.4995834713242,21.3820703127847,20.4382182955259,20.2120718316679,20.1880370470726,19.7354687462574,21.3428101835133,21.4820260114762,21.3345168811735,20.1387591057239,NA
642,"ROU","Romania",NA,NA,NA,NA,NA,NA,NA,NA,NA,23.0681721823828,23.6334089833413,21.1427845576334,20.3515628547281,20.6064332748262,20.7652073365502,20.3945655559079,21.1206182430153,21.5967164276941,21.2516872810293,21.9833670278396,21.3297619866071,22.5914109119877,21.9081366891676,22.7315953583503,20.9352352915221,21.8015308418774,22.0953979964139,21.4045834116983,20.6145557170726,NA
643,"RUS","Russia",NA,NA,NA,NA,NA,NA,NA,NA,NA,18.2616381778061,17.9443655977015,18.2257643459751,18.2116274185395,19.3892211031142,19.1530590187607,18.4928560751969,16.2806688246614,15.1049676742484,13.8154130981687,13.577781593277,12.6164059622349,12.6627098554239,12.3963926729273,12.7577176297261,11.4258103957196,10.8539598598045,11.2406092970028,12.1489841702593,11.5250013275028,NA
646,"RWA","Rwanda",NA,NA,NA,NA,NA,NA,NA,NA,NA,22.4439652859468,23.9713293456693,22.9773345946945,22.9008559712047,22.4124978150963,19.8011828783285,19.5495305272122,20.0276367105689,18.2190180176988,16.5476949705892,16.7891058243083,15.0180983488595,13.6739623628181,12.3680547813839,12.6228139890118,11.973796814738,11.8804912172248,12.0061653532864,12.8562693289697,12.1142421423173,NA
652,"BLM","Saint Barthelemy",NA,NA,NA,NA,NA,NA,NA,NA,NA,NA,NA,NA,NA,NA,NA,NA,NA,NA,NA,NA,NA,NA,NA,NA,NA,NA,NA,NA,NA,NA
659,"KNA","Saint Kitts and Nevis",NA,NA,NA,NA,NA,NA,NA,NA,NA,22.729782616042,24.6832601511742,25.3521121948083,26.2520661550645,25.4119699576863,25.4458557607452,26.2287806305663,26.385465743273,28.3742867191234,33.0067198209452,37.2694434358505,38.5464095779477,41.3188580301446,41.452219356183,39.4146607033716,36.4578810965954,36.1756660212412,35.9982440368484,36.4386015731979,37.5177530769101,NA
662,"LCA","Saint Lucia",NA,NA,NA,NA,NA,NA,NA,NA,NA,35.2298415174149,31.6372737275444,30.0694550987131,28.746723021194,28.2613846118385,26.8835753118557,27.9650597145008,27.4019864621623,28.0116219358259,28.4554065246596,32.0777803330576,30.13282721376,29.5143416656631,29.5990640225362,30.3312148780597,29.0845090144531,32.006586394401,34.6210846988424,35.1803163587387,35.3736583656504,NA
882,"WSM","Samoa",NA,NA,NA,NA,NA,NA,NA,NA,NA,NA,NA,NA,NA,NA,NA,NA,NA,NA,NA,NA,NA,NA,NA,NA,NA,NA,NA,NA,NA,NA
674,"SMR","San Marino",NA,NA,NA,NA,NA,NA,NA,NA,NA,NA,NA,NA,NA,NA,NA,NA,NA,NA,NA,NA,NA,NA,NA,NA,NA,NA,NA,NA,NA,NA
678,"STP","Sao Tome and Principe",NA,NA,NA,NA,NA,NA,NA,NA,NA,29.4951283561232,100,100,100,100,100,100,100,100,100,100,100,100,100,100,100,100,100,100,100,NA
682,"SAU","Saudi Arabia",NA,NA,NA,NA,NA,NA,NA,NA,NA,NA,NA,NA,NA,NA,NA,NA,NA,NA,NA,NA,NA,NA,NA,NA,NA,NA,NA,NA,NA,NA
686,"SEN","Senegal",NA,NA,NA,NA,NA,NA,NA,NA,NA,21.5940333737379,22.2376365777701,22.0604848686314,17.669836362858,17.2088404972424,16.1390433108047,15.2471300825098,16.2910183447819,15.2285217709886,13.514625253484,12.2676933722137,11.1750539713982,9.09384614528204,9.55569394957035,9.87503706717983,7.19350570996785,7.59516775736385,8.15131548172162,8.95886205434267,9.73125163413513,NA
688,"SRB","Serbia",NA,NA,NA,NA,NA,NA,NA,NA,NA,34.9995922523596,35.5875772218641,34.2871835485385,31.9665401758081,32.0800710557567,31.312902072099,31.057849895852,30.1344819162664,30.4730689998411,29.1607471578998,28.932021677069,27.4674986286207,27.4165008607634,26.7939744335531,27.01639912387,25.930085831004,26.220600668132,25.7741790267006,24.1009469870687,23.9919018626336,NA
690,"SYC","Seychelles",NA,NA,NA,NA,NA,NA,NA,NA,NA,67.2071242898184,70.6253871139099,75.8486886384773,75.8486886384773,72.084508682118,75.8494135285508,81.9414040176738,67.2068281214241,57.8516927464742,51.1615237058054,51.1615237058054,51.1615237058054,52.8603451989968,57.4786220966414,66.284701251608,66.284701251608,64.661411258751,64.661411258751,64.661411258751,67.2080446211846,NA
694,"SLE","Sierra Leone",NA,NA,NA,NA,NA,NA,NA,NA,NA,23.7894447733264,22.0924968248777,21.1094554997409,19.5508932839986,16.7442526530047,16.5694996019767,16.0909278127674,16.5802754433797,7.99824554837332,3.90132080612116,0,0,0,0,0,0,0,0,0,0,NA
702,"SGP","Singapore",NA,NA,NA,NA,NA,NA,NA,NA,NA,18.5706951113723,18.1614280115033,19.8568436590317,19.2501869891247,15.1720916358035,16.1215835043939,15.6689592817335,15.2395192714452,15.4687895439007,15.1250667469739,12.8040413567575,11.4047380664882,8.96177675661465,6.07390106410234,5.19234696086538,5.10471293822211,4.70961699379674,6.13503867443144,7.17132264477951,9.89064940047783,NA
534,"SXM","Sint Maarten",NA,NA,NA,NA,NA,NA,NA,NA,NA,NA,NA,NA,NA,NA,NA,NA,NA,NA,NA,NA,NA,NA,NA,NA,NA,NA,NA,NA,NA,NA
703,"SVK","Slovakia",NA,NA,NA,NA,NA,NA,NA,NA,NA,17.2856687025602,16.3853273744967,15.3036520291209,13.6302732953545,12.6323200988522,14.2791705207979,13.7002616481154,13.7508564496069,15.1972545022446,14.120553034928,16.3119534107616,15.2513470401779,14.3526255560232,12.4029567522887,13.4425849463764,12.4548994554472,14.1153391297746,15.7393860483246,17.4062721491921,18.0457481839674,NA
705,"SVN","Slovenia",NA,NA,NA,NA,NA,NA,NA,NA,NA,32.7500810087184,31.5659465097053,29.4022875274293,27.6806153241347,26.8988984471646,27.481751615514,27.2707927191418,28.7428925040033,30.5029198251463,26.1613229250936,26.5859547497897,23.052702863371,20.4296592388809,16.7870667697994,17.6017311300494,16.4268682035072,17.7385767163178,18.6846709591288,20.6079056061025,20.4339618914589,NA
90,"SLB","Solomon Islands",NA,NA,NA,NA,NA,NA,NA,NA,NA,27.3094423078939,25.8586788206221,25.0486924666761,22.810688854868,21.983456463284,22.0254021363057,21.774999480929,20.8393892541347,20.4763898751619,17.8582576334324,16.1964083159051,14.2294528967424,12.7336617258269,11.7262011810006,11.7709124258585,11.8137455874251,12.5325764348573,13.2087671850266,14.3703014574283,15.2252748702788,NA
706,"SOM","Somalia",NA,NA,NA,NA,NA,NA,NA,NA,NA,20.308312858007,22.3825544066851,22.1790857495829,20.7975477503443,20.0085787481904,21.1619860005289,20.5699577919429,21.251987324314,20.6578962535931,22.4217401968775,23.2254743139577,24.4059474563495,23.091683857692,26.7196773575864,23.3273144344188,22.3596539788829,21.5329871914819,23.4196942079116,22.7415034146704,25.6451570713201,NA
710,"ZAF","South Africa",NA,NA,NA,NA,NA,NA,NA,NA,NA,4.42399322367848,3.75331205422441,3.76698764827961,4.03705623431918,4.16804448423825,5.29092815186368,6.32044664397777,5.22289954730594,5.93556497464206,5.86528139208868,5.62193689668899,5.51007265875552,5.25407225106153,5.05466918764819,4.88104806931057,5.09361064865249,5.69458986388101,7.3550413921005,8.58762892711832,10.1036652444792,NA
410,"KOR","South Korea",NA,NA,NA,NA,NA,NA,NA,NA,NA,27.9108934016834,26.6314519416234,25.7906133491459,23.5774720855296,22.6647171698773,21.7487046473761,21.5021821416408,20.3532354648521,21.0027881506302,21.4541374629283,21.0143465023347,19.5279836322779,18.9322588087203,17.5464162517212,16.8098119382561,16.5429300685342,17.0493094067081,16.5726070565587,16.5923990722255,17.0877213693576,NA
728,"SSD","South Sudan",NA,NA,NA,NA,NA,NA,NA,NA,NA,34.8892296933004,33.8221605004555,33.4848400165909,31.9349626092853,32.4406033343477,34.0112829352402,33.9989959895262,34.7409350274833,35.9227939727131,36.3330482579796,36.7985178556759,38.6120998790027,38.5523974783753,39.512359216411,40.9254568015336,40.9933321450978,41.6546771496142,43.6958769899152,41.5745421407352,40.6351636834266,NA
724,"ESP","Spain",NA,NA,NA,NA,NA,NA,NA,NA,NA,16.8981271824129,15.1520815690425,14.2847719369023,13.5405131528024,13.5312252974662,13.2902073073004,14.4710662755328,13.7389280241818,13.0752069038636,12.859353227388,12.5658091453032,10.6440136854556,10.1938281196005,8.91403120995651,8.98340993666697,8.21870670673449,8.66683240756602,7.87065918117737,8.55001628106726,8.40512920831823,NA
144,"LKA","Sri Lanka",NA,NA,NA,NA,NA,NA,NA,NA,NA,29.8707114902365,28.103849369652,25.6495748587161,24.6324066096728,22.4658562007888,21.8896902055338,20.4574386663009,19.6900833979061,19.4367464179439,19.7200880235785,19.6896677237905,19.2151977407055,19.4470934877181,18.5878274934866,18.9162993047329,18.311819607088,18.9787217675966,19.7747233082114,20.0343343622141,19.769663904943,NA
670,"VCT","St. Vincent and the Grenadines",NA,NA,NA,NA,NA,NA,NA,NA,NA,38.8143277484546,38.2530330612709,36.1754913033272,32.8254820410392,32.0915953425747,28.6976549255831,27.5932692389848,27.5149803412686,29.1200232923143,30.3609938399656,36.2039321958492,38.1627339902804,37.2788820293543,36.7953780696148,36.6878968027898,36.010652876022,36.3816312039145,32.9341754850877,33.4706051504887,30.9301358621608,NA
275,"PSE","State of Palestine",NA,NA,NA,NA,NA,NA,NA,NA,NA,NA,NA,NA,NA,NA,NA,NA,NA,NA,NA,NA,NA,NA,NA,NA,NA,NA,NA,NA,NA,NA
729,"SDN","Sudan",NA,NA,NA,NA,NA,NA,NA,NA,NA,34.6994992277597,35.7217149778454,31.5727208948523,30.4843263770366,28.7368852669721,30.2143551745148,25.837804648102,29.4434544876755,30.6805859192957,33.1169292657364,34.429611458772,47.8872262016505,41.0770657194543,40.5509042205716,37.2717138907559,34.4663035222398,33.526646367846,34.79127352769,34.5073319280013,35.7549886153467,NA
740,"SUR","Suriname",NA,NA,NA,NA,NA,NA,NA,NA,NA,42.4113889857796,42.5487192247008,42.5933349411542,41.2419846258836,40.4474996673679,39.1595921858354,38.394971418943,34.2716678319081,33.7139345892298,32.3262661535227,31.4978318420607,29.8365261608168,30.0418189127691,28.8818422135253,28.4306319116303,28.0596302938477,28.6036775131069,29.0338001459067,28.1723644520618,26.510237655535,NA
752,"SWE","Sweden",NA,NA,NA,NA,NA,NA,NA,NA,NA,11.2188513149086,10.1591504418007,10.1149074716724,8.34753531955141,8.87108817687435,8.74382192056596,9.1179073648232,8.67515436520328,9.50861171614028,9.20333696286728,9.63011495928112,8.71176548768319,7.93743568602628,7.24627459632299,6.61404152038288,5.80700881754935,5.66530321912006,5.67341712236437,5.52769000667899,5.6349465985419,NA
756,"CHE","Switzerland",NA,NA,NA,NA,NA,NA,NA,NA,NA,29.216731736861,28.2377470046051,27.26236268003,25.5221171178641,26.8572744868378,27.4075234106085,27.5142708562593,27.8487474179082,29.6485045557651,30.6308405142345,32.0147814596292,32.4232787076546,30.903162585145,28.1094494023067,26.2029481574749,23.797032906251,22.6599685879811,23.0102748636103,23.0195045740765,22.5931033291847,NA
760,"SYR","Syria",NA,NA,NA,NA,NA,NA,NA,NA,NA,20.36952275846,20.2763539198108,13.3641170416939,11.1200807016856,11.0535327839698,12.7145640693793,13.1326589682607,4.81123324700187,4.18064195111224,3.08398590532148,0.690466512213035,0,2.37452771802948,2.81351472053025,2.55026926948095,1.81082479034163,0.718340365213365,2.55128844147477,0.864743304574532,1.05747524208718,NA
158,"TWN","Taiwan",NA,NA,NA,NA,NA,NA,NA,NA,NA,35.9731891290968,34.6809350914041,33.7658234210957,32.4283149594382,27.3224253116193,26.7441470844488,27.1198611661308,27.289019939468,28.1874909240514,34.9465479893558,37.2501987119969,34.4911750647775,33.1302876734222,32.1101973748818,31.736658420318,31.23790746424,33.1525286404733,34.447879586518,34.3659339186934,31.7750291915579,NA
762,"TJK","Tajikistan",NA,NA,NA,NA,NA,NA,NA,NA,NA,35.5825477462204,38.2803039251076,40.0691798937565,39.981762100532,38.8378521835621,40.3153219577679,40.2573772806777,39.236879842772,42.1798324428374,46.6456805763391,48.6735090718844,54.0372196712205,78.3868936007802,84.4404404408897,91.92742891514,86.8696141118689,86.8696141118689,86.8579715562945,60.3797218192287,60.0991142198109,NA
834,"TZA","Tanzania",NA,NA,NA,NA,NA,NA,NA,NA,NA,18.9614936067753,18.8863281439527,18.0338326022372,16.386311954689,15.0328141674621,14.2847352713692,13.5085201652635,13.0530905006324,12.8211031240975,12.1173860542915,12.4514063301105,12.2604196565077,11.7647512470871,11.882707905174,12.57715810871,11.6577625985448,11.5142578614334,11.9214857125283,11.2482566616964,10.3471401993456,NA
764,"THA","Thailand",NA,NA,NA,NA,NA,NA,NA,NA,NA,18.2805171658877,16.5159208705374,15.740491199493,15.2431521576635,14.3688142533301,13.3808677953907,13.4794616113496,13.0772326256709,12.9942854895778,12.9058284681562,13.1594508450084,11.8477528870107,10.6196160172946,9.95348353397485,10.0573595139919,10.0755137416719,10.7502253539504,12.0575383840745,11.9225343589084,11.7332374851952,NA
626,"TLS","Timor-Leste",NA,NA,NA,NA,NA,NA,NA,NA,NA,24.7269245569242,21.6797566836737,21.7364970947352,21.5711753124332,20.9313976307168,21.676110014665,23.5508061649969,23.0954962096759,23.6052659801668,24.7272957913565,24.394392483139,24.6530625727198,24.9297037028434,23.7430555912094,24.3057634946656,23.4402758336637,23.2552266221845,24.1100156002892,23.7684116924477,24.5988744304077,NA
768,"TGO","Togo",NA,NA,NA,NA,NA,NA,NA,NA,NA,15.8808868739897,16.8562650284405,15.8087065626142,16.5889965870876,14.2662360509117,15.4658865716101,15.839174214241,17.1606550740703,15.5835155407682,18.5462194558695,18.0799979147366,15.9550949877854,12.1227526062401,10.0651919665668,8.84892324577152,7.08199817003292,6.25644415733836,6.97787703457094,7.83653459898144,7.62821729775247,NA
776,"TON","Tonga",NA,NA,NA,NA,NA,NA,NA,NA,NA,NA,NA,NA,NA,NA,NA,NA,NA,NA,NA,NA,NA,NA,NA,NA,NA,NA,NA,NA,NA,NA
780,"TTO","Trinidad and Tobago",NA,NA,NA,NA,NA,NA,NA,NA,NA,20.4480504753895,20.5892610891905,19.8730286125903,18.9359873070829,17.9294862441258,15.1189119205199,16.8078648756735,17.3482635468023,18.0929118179966,17.8059824528438,22.9553957191737,20.8043445547763,20.7537665692004,20.3895216171054,22.2924627930535,21.8608140413728,24.4482529540663,25.543129052725,25.8677871354604,24.4931433282895,NA
788,"TUN","Tunisia",NA,NA,NA,NA,NA,NA,NA,NA,NA,20.5522137349491,20.1441990285161,18.2690910248114,20.7698469301265,18.7042392456364,19.3872164439383,14.9508420786674,13.9549862228813,12.9822973539084,10.9648236928613,9.19993154269038,10.0548193042519,3.91695382338537,4.17563500043265,5.45367736436485,6.08853974494623,5.60028705314637,11.1557327107748,8.24696679601188,7.21736965716529,NA
792,"TUR","Turkiye",NA,NA,NA,NA,NA,NA,NA,NA,NA,21.9652177954662,21.710568599704,21.7425863401845,20.8392386567394,20.9068591682853,21.1759095119756,21.3372248142623,21.0860560848085,21.6033929588432,22.1271733621622,21.2239512112642,21.084401093697,20.6618937302858,19.7091806447105,18.5890489376502,17.5534063296409,14.9305320320165,14.124675213831,13.420363528401,13.3821727944149,NA
795,"TKM","Turkmenistan",NA,NA,NA,NA,NA,NA,NA,NA,NA,12.6713283592699,13.8435894685506,16.8135298131735,17.3466909455522,18.2437402613252,19.6143286321407,19.4205315253424,21.5474344967869,30.9713741653775,33.8980489618407,36.7670532693721,46.3091012839746,66.0948392646082,69.0777045094559,87.5933886264478,87.5933886264478,91.9180015318528,100,100,100,NA
796,"TCA","Turks and Caicos Islands",NA,NA,NA,NA,NA,NA,NA,NA,NA,30.1097939968958,30.6962902102694,22.2647073199472,18.7474456293905,14.3286687494341,13.7389114385394,13.3900402155398,15.9430300126105,18.4750100769504,23.9428588643971,25.7818603266097,25.2900461504859,22.8060219892993,20.785161374181,21.8465750943325,20.8519569734078,19.2384242234282,20.349162388109,21.2234426256086,20.8925578413554,NA
798,"TUV","Tuvalu",NA,NA,NA,NA,NA,NA,NA,NA,NA,NA,NA,NA,NA,NA,NA,NA,NA,NA,NA,NA,NA,NA,NA,NA,NA,NA,NA,NA,NA,NA
800,"UGA","Uganda",NA,NA,NA,NA,NA,NA,NA,NA,NA,20.8620147535718,20.9845696645923,18.6510218716605,16.8152499859513,16.4703518272478,16.1520150655725,14.0766852706255,14.4674677566136,13.9072214050509,12.4296773499738,11.6013004392332,11.5049876540639,8.51857961315902,7.44539787293975,7.22682087517174,6.7324410659573,7.19222254482641,8.65475653988663,9.18511306958587,9.1351924549831,NA
804,"UKR","Ukraine",NA,NA,NA,NA,NA,NA,NA,NA,NA,18.5030738600098,17.7905116843809,16.0326273195888,15.4408388423666,15.4895933414585,14.857939700931,14.1789734461659,14.4991440476798,15.0855209657682,15.1308234213975,15.2712467979779,13.5601235392332,12.5805375446079,11.5105050230001,11.5672006164453,10.7521065714574,11.8381530629977,12.9827746957601,13.220096131265,12.1301207605167,NA
784,"ARE","United Arab Emirates",NA,NA,NA,NA,NA,NA,NA,NA,NA,NA,NA,NA,NA,NA,NA,NA,NA,NA,NA,NA,NA,NA,NA,NA,NA,NA,NA,NA,NA,NA
826,"GBR","United Kingdom",NA,NA,NA,NA,NA,NA,NA,NA,NA,15.7678094499603,16.0498877130723,14.692627016469,13.5455100247184,12.3129977556929,10.680021647693,10.5579802637159,10.2274865022353,9.11448356521929,9.60808466550471,9.92846934172701,9.50128077071713,10.3997336601244,10.5748068785831,10.7253848313972,10.8148995426788,11.0181824003454,10.1732753253081,10.5177176415431,10.9457216750295,NA
840,"USA","United States of America",NA,NA,NA,NA,NA,NA,NA,NA,NA,9.56767318024424,8.9844493857923,8.6508681658284,8.19447734266529,9.13667455125736,9.6028883769965,10.4987565213082,10.9788908660946,11.49013684487,11.3512504771989,11.219862253296,10.5986329380576,10.2008816002945,9.86250466567347,9.52003407456498,9.81569795962083,10.0218990725321,10.1780741104167,10.8868323102174,11.4324216597606,NA
858,"URY","Uruguay",NA,NA,NA,NA,NA,NA,NA,NA,NA,11.3247648082525,9.1826098144479,7.26526495207679,5.81733987852908,5.39454682676249,5.20894265209738,4.5545010449013,3.69609506579775,4.07399655208523,3.53823657277576,3.55916675904777,3.90663102639553,4.75122628050836,4.72468082233092,5.81169356542381,6.32485634707399,7.09387726529512,7.82599667678188,7.64823893748115,8.03175683059402,NA
860,"UZB","Uzbekistan",NA,NA,NA,NA,NA,NA,NA,NA,NA,27.8050192826656,32.1896066254353,39.2122132541013,39.6461639169243,37.5898452041063,37.180123189607,37.9435733107906,37.4607088323761,38.2122360469739,38.7778579669854,40.2849215050343,42.1499331823686,46.1396980202311,48.6360959811019,63.1017675999848,61.6407225273925,60.2444005715154,58.2921908252339,58.2776028481972,63.4746837393527,NA
548,"VUT","Vanuatu",NA,NA,NA,NA,NA,NA,NA,NA,NA,44.7932873981023,44.1353427837979,44.110289845965,46.6533025405552,41.8218723768346,41.5422188895563,39.7072015892836,39.3409770336358,36.1024221330749,37.603393411843,30.1242309215382,28.9720530251313,28.6252013102086,28.7401189080164,29.3111912176789,28.6304917315272,30.6630466948487,31.3682877184495,31.7361082527709,31.621222699036,NA
862,"VEN","Venezuela",NA,NA,NA,NA,NA,NA,NA,NA,NA,24.8607772706942,25.684262633148,25.1616753061012,24.4775563942701,23.5049862302111,23.3915336201998,23.5909015950398,23.7442652943031,24.8349202472176,25.7258804505948,26.6653477021741,23.8301006770517,22.7553821806412,21.9893608682148,21.3924252774132,20.3168640879233,22.3894619755802,24.3620466895318,25.084097200644,24.9920099375976,NA
704,"VNM","Viet Nam",NA,NA,NA,NA,NA,NA,NA,NA,NA,16.8767313567659,15.9284695744907,15.0811891758678,13.4820031202524,12.1309301106653,10.7973725503412,9.93404271899183,8.44370071470171,8.11841755116836,7.1145288971539,6.6041961033966,4.33940859517257,3.41993541199585,2.67726923458801,2.68150160479561,2.76084493769844,4.09330186526256,5.23915890545408,6.17669636945904,7.19221617113809,NA
876,"WLF","Wallis and Futuna Islands",NA,NA,NA,NA,NA,NA,NA,NA,NA,NA,NA,NA,NA,NA,NA,NA,NA,NA,NA,NA,NA,NA,NA,NA,NA,NA,NA,NA,NA,NA
732,"ESH","Western Sahara",NA,NA,NA,NA,NA,NA,NA,NA,NA,NA,NA,NA,NA,NA,NA,NA,NA,NA,NA,NA,NA,NA,NA,NA,NA,NA,NA,NA,NA,NA
887,"YEM","Yemen",NA,NA,NA,NA,NA,NA,NA,NA,NA,NA,NA,NA,NA,NA,NA,NA,NA,NA,NA,NA,NA,NA,NA,NA,NA,NA,NA,NA,NA,NA
894,"ZMB","Zambia",NA,NA,NA,NA,NA,NA,NA,NA,NA,25.0118832014353,24.5156896008705,24.1716570202506,23.1424448747089,20.0425348875086,17.0782235372809,16.6500325544802,15.1711257520107,14.8348193987315,14.8850939636496,16.5482221017624,14.9632191150794,14.3680996323803,13.4082829926186,13.258459951401,12.1687730964556,11.3833265880559,11.1761701307767,10.6183559227932,9.458762258636,NA
716,"ZWE","Zimbabwe",NA,NA,NA,NA,NA,NA,NA,NA,NA,12.0377236850511,10.6082110583435,10.3551486807252,10.7285786010753,8.72725633316402,9.61113037565383,10.7252597609719,9.8574314734356,9.1125357716996,10.9510059629606,9.85500175427957,9.51086529164932,7.54927353369176,8.01033857361381,7.72206219560945,8.66886426319921,8.98837005807793,12.5525782491322,12.766133433497,14.2781060322305,NA
