"code","iso","country","WWT.ind.1996","WWT.ind.1997","WWT.ind.1998","WWT.ind.1999","WWT.ind.2000","WWT.ind.2001","WWT.ind.2002","WWT.ind.2003","WWT.ind.2004","WWT.ind.2005","WWT.ind.2006","WWT.ind.2007","WWT.ind.2008","WWT.ind.2009","WWT.ind.2010","WWT.ind.2011","WWT.ind.2012","WWT.ind.2013","WWT.ind.2014","WWT.ind.2015","WWT.ind.2016","WWT.ind.2017","WWT.ind.2018","WWT.ind.2019","WWT.ind.2020","WWT.ind.2021","WWT.ind.2022","WWT.ind.2023","WWT.ind.2024","WWT.ind.2025"
4,"AFG","Afghanistan",NA,NA,NA,NA,NA,NA,NA,NA,NA,NA,NA,NA,NA,NA,NA,NA,NA,NA,NA,0,NA,NA,NA,NA,NA,NA,NA,NA,6.056743145,NA
8,"ALB","Albania",NA,NA,NA,NA,NA,NA,NA,NA,NA,NA,NA,NA,NA,NA,NA,NA,NA,NA,NA,33.4,NA,NA,NA,NA,NA,NA,19.46665955,NA,12.72300529,NA
12,"DZA","Algeria",NA,NA,NA,NA,NA,NA,NA,NA,NA,NA,NA,NA,NA,NA,NA,NA,NA,NA,NA,41.7,NA,NA,NA,NA,NA,NA,76.18772888,NA,76.20021057,NA
20,"AND","Andorra",NA,NA,NA,NA,NA,NA,NA,NA,NA,NA,NA,NA,NA,NA,NA,NA,NA,NA,NA,100,NA,NA,NA,NA,NA,NA,100,NA,100,NA
24,"AGO","Angola",NA,NA,NA,NA,NA,NA,NA,NA,NA,NA,NA,NA,NA,NA,NA,NA,NA,NA,NA,4.29,NA,NA,NA,NA,NA,NA,NA,NA,NA,NA
660,"AIA","Anguilla",NA,NA,NA,NA,NA,NA,NA,NA,NA,NA,NA,NA,NA,NA,NA,NA,NA,NA,NA,NA,NA,NA,NA,NA,NA,NA,NA,NA,NA,NA
28,"ATG","Antigua and Barbuda",NA,NA,NA,NA,NA,NA,NA,NA,NA,NA,NA,NA,NA,NA,NA,NA,NA,NA,NA,44.4,NA,NA,NA,NA,NA,NA,NA,NA,NA,NA
32,"ARG","Argentina",NA,NA,NA,NA,NA,NA,NA,NA,NA,NA,NA,NA,NA,NA,NA,NA,NA,NA,NA,11.8,NA,NA,NA,NA,NA,NA,36.48806763,NA,23.60534859,NA
51,"ARM","Armenia",NA,NA,NA,NA,NA,NA,NA,NA,NA,NA,NA,NA,NA,NA,NA,NA,NA,NA,NA,14.6,NA,NA,NA,NA,NA,NA,0.5625,NA,0.556375623,NA
533,"ABW","Aruba",NA,NA,NA,NA,NA,NA,NA,NA,NA,NA,NA,NA,NA,NA,NA,NA,NA,NA,NA,65.01,NA,NA,NA,NA,NA,NA,NA,NA,NA,NA
36,"AUS","Australia",NA,NA,NA,NA,NA,NA,NA,NA,NA,NA,NA,NA,NA,NA,NA,NA,NA,NA,NA,92.9,NA,NA,NA,NA,NA,NA,95.81960297,NA,95.77098846,NA
40,"AUT","Austria",NA,NA,NA,NA,NA,NA,NA,NA,NA,NA,NA,NA,NA,NA,NA,NA,NA,NA,NA,100,NA,NA,NA,NA,NA,NA,98.20522308,NA,95.81809998,NA
31,"AZE","Azerbaijan",NA,NA,NA,NA,NA,NA,NA,NA,NA,NA,NA,NA,NA,NA,NA,NA,NA,NA,NA,38.09,NA,NA,NA,NA,NA,NA,41.33968735,NA,37.43198013,NA
44,"BHS","Bahamas",NA,NA,NA,NA,NA,NA,NA,NA,NA,NA,NA,NA,NA,NA,NA,NA,NA,NA,NA,63,NA,NA,NA,NA,NA,NA,NA,NA,NA,NA
48,"BHR","Bahrain",NA,NA,NA,NA,NA,NA,NA,NA,NA,NA,NA,NA,NA,NA,NA,NA,NA,NA,NA,64.9,NA,NA,NA,NA,NA,NA,93.27165222,NA,94.11875916,NA
50,"BGD","Bangladesh",NA,NA,NA,NA,NA,NA,NA,NA,NA,NA,NA,NA,NA,NA,NA,NA,NA,NA,NA,2,NA,NA,NA,NA,NA,NA,17.5205307,NA,16.34177971,NA
52,"BRB","Barbados",NA,NA,NA,NA,NA,NA,NA,NA,NA,NA,NA,NA,NA,NA,NA,NA,NA,NA,NA,48.21,NA,NA,NA,NA,NA,NA,NA,NA,NA,NA
112,"BLR","Belarus",NA,NA,NA,NA,NA,NA,NA,NA,NA,NA,NA,NA,NA,NA,NA,NA,NA,NA,NA,62.8,NA,NA,NA,NA,NA,NA,80.31443024,NA,83.31433868,NA
56,"BEL","Belgium",NA,NA,NA,NA,NA,NA,NA,NA,NA,NA,NA,NA,NA,NA,NA,NA,NA,NA,NA,78.2,NA,NA,NA,NA,NA,NA,85.06780243,NA,85.36613464,NA
84,"BLZ","Belize",NA,NA,NA,NA,NA,NA,NA,NA,NA,NA,NA,NA,NA,NA,NA,NA,NA,NA,NA,31.04,NA,NA,NA,NA,NA,NA,NA,NA,NA,NA
204,"BEN","Benin",NA,NA,NA,NA,NA,NA,NA,NA,NA,NA,NA,NA,NA,NA,NA,NA,NA,NA,NA,0,NA,NA,NA,NA,NA,NA,1.409315586,NA,6.687398911,NA
60,"BMU","Bermuda",NA,NA,NA,NA,NA,NA,NA,NA,NA,NA,NA,NA,NA,NA,NA,NA,NA,NA,NA,93.41,NA,NA,NA,NA,NA,NA,1.501752019,NA,1.5,NA
64,"BTN","Bhutan",NA,NA,NA,NA,NA,NA,NA,NA,NA,NA,NA,NA,NA,NA,NA,NA,NA,NA,NA,14.36,NA,NA,NA,NA,NA,NA,39.61262512,NA,48.76371002,NA
68,"BOL","Bolivia",NA,NA,NA,NA,NA,NA,NA,NA,NA,NA,NA,NA,NA,NA,NA,NA,NA,NA,NA,14,NA,NA,NA,NA,NA,NA,NA,NA,NA,NA
70,"BIH","Bosnia and Herzegovina",NA,NA,NA,NA,NA,NA,NA,NA,NA,NA,NA,NA,NA,NA,NA,NA,NA,NA,NA,31.3,NA,NA,NA,NA,NA,NA,65.30532074,NA,65.30693817,NA
72,"BWA","Botswana",NA,NA,NA,NA,NA,NA,NA,NA,NA,NA,NA,NA,NA,NA,NA,NA,NA,NA,NA,36,NA,NA,NA,NA,NA,NA,NA,NA,NA,NA
76,"BRA","Brazil",NA,NA,NA,NA,NA,NA,NA,NA,NA,NA,NA,NA,NA,NA,NA,NA,NA,NA,NA,40.8,NA,NA,NA,NA,NA,NA,43.40779114,NA,NA,NA
92,"VGB","British Virgin Islands",NA,NA,NA,NA,NA,NA,NA,NA,NA,NA,NA,NA,NA,NA,NA,NA,NA,NA,NA,70.58,NA,NA,NA,NA,NA,NA,NA,NA,NA,NA
96,"BRN","Brunei Darussalam",NA,NA,NA,NA,NA,NA,NA,NA,NA,NA,NA,NA,NA,NA,NA,NA,NA,NA,NA,68.14,NA,NA,NA,NA,NA,NA,NA,NA,NA,NA
100,"BGR","Bulgaria",NA,NA,NA,NA,NA,NA,NA,NA,NA,NA,NA,NA,NA,NA,NA,NA,NA,NA,NA,54.6,NA,NA,NA,NA,NA,NA,72.08776855,NA,74.64386749,NA
854,"BFA","Burkina Faso",NA,NA,NA,NA,NA,NA,NA,NA,NA,NA,NA,NA,NA,NA,NA,NA,NA,NA,NA,2,NA,NA,NA,NA,NA,NA,2.776229143,NA,2.144237041,NA
108,"BDI","Burundi",NA,NA,NA,NA,NA,NA,NA,NA,NA,NA,NA,NA,NA,NA,NA,NA,NA,NA,NA,0,NA,NA,NA,NA,NA,NA,NA,NA,NA,NA
132,"CPV","Cabo Verde",NA,NA,NA,NA,NA,NA,NA,NA,NA,NA,NA,NA,NA,NA,NA,NA,NA,NA,NA,16.47,NA,NA,NA,NA,NA,NA,NA,NA,NA,NA
116,"KHM","Cambodia",NA,NA,NA,NA,NA,NA,NA,NA,NA,NA,NA,NA,NA,NA,NA,NA,NA,NA,NA,0,NA,NA,NA,NA,NA,NA,46.79142761,NA,NA,NA
120,"CMR","Cameroon",NA,NA,NA,NA,NA,NA,NA,NA,NA,NA,NA,NA,NA,NA,NA,NA,NA,NA,NA,0,NA,NA,NA,NA,NA,NA,NA,NA,NA,NA
124,"CAN","Canada",NA,NA,NA,NA,NA,NA,NA,NA,NA,NA,NA,NA,NA,NA,NA,NA,NA,NA,NA,68,NA,NA,NA,NA,NA,NA,68.89015961,NA,68.29610443,NA
136,"CYM","Cayman Islands",NA,NA,NA,NA,NA,NA,NA,NA,NA,NA,NA,NA,NA,NA,NA,NA,NA,NA,NA,88.02,NA,NA,NA,NA,NA,NA,NA,NA,NA,NA
140,"CAF","Central African Republic",NA,NA,NA,NA,NA,NA,NA,NA,NA,NA,NA,NA,NA,NA,NA,NA,NA,NA,NA,0,NA,NA,NA,NA,NA,NA,NA,NA,NA,NA
148,"TCD","Chad",NA,NA,NA,NA,NA,NA,NA,NA,NA,NA,NA,NA,NA,NA,NA,NA,NA,NA,NA,0,NA,NA,NA,NA,NA,NA,2.315779209,NA,2.348043919,NA
152,"CHL","Chile",NA,NA,NA,NA,NA,NA,NA,NA,NA,NA,NA,NA,NA,NA,NA,NA,NA,NA,NA,84,NA,NA,NA,NA,NA,NA,89.10071564,NA,87.88771057,NA
156,"CHN","China",NA,NA,NA,NA,NA,NA,NA,NA,NA,NA,NA,NA,NA,NA,NA,NA,NA,NA,NA,49,NA,NA,NA,NA,NA,NA,61.67234802,NA,64.02632141,NA
170,"COL","Colombia",NA,NA,NA,NA,NA,NA,NA,NA,NA,NA,NA,NA,NA,NA,NA,NA,NA,NA,NA,11.3,NA,NA,NA,NA,NA,NA,18.77196884,NA,17.20656776,NA
174,"COM","Comoros",NA,NA,NA,NA,NA,NA,NA,NA,NA,NA,NA,NA,NA,NA,NA,NA,NA,NA,NA,0,NA,NA,NA,NA,NA,NA,NA,NA,NA,NA
184,"COK","Cook Islands",NA,NA,NA,NA,NA,NA,NA,NA,NA,NA,NA,NA,NA,NA,NA,NA,NA,NA,NA,NA,NA,NA,NA,NA,NA,NA,NA,NA,NA,NA
188,"CRI","Costa Rica",NA,NA,NA,NA,NA,NA,NA,NA,NA,NA,NA,NA,NA,NA,NA,NA,NA,NA,NA,15.2,NA,NA,NA,NA,NA,NA,25.43293571,NA,24.08607292,NA
384,"CIV","Cote d'Ivoire",NA,NA,NA,NA,NA,NA,NA,NA,NA,NA,NA,NA,NA,NA,NA,NA,NA,NA,NA,0,NA,NA,NA,NA,NA,NA,16.80625534,NA,18.46506882,NA
191,"HRV","Croatia",NA,NA,NA,NA,NA,NA,NA,NA,NA,NA,NA,NA,NA,NA,NA,NA,NA,NA,NA,20.6,NA,NA,NA,NA,NA,NA,33.97194672,NA,34.27618408,NA
192,"CUB","Cuba",NA,NA,NA,NA,NA,NA,NA,NA,NA,NA,NA,NA,NA,NA,NA,NA,NA,NA,NA,24.6,NA,NA,NA,NA,NA,NA,34.03637314,NA,32.60935974,NA
531,"CUW","Curacao",NA,NA,NA,NA,NA,NA,NA,NA,NA,NA,NA,NA,NA,NA,NA,NA,NA,NA,NA,61.66,NA,NA,NA,NA,NA,NA,NA,NA,NA,NA
196,"CYP","Cyprus",NA,NA,NA,NA,NA,NA,NA,NA,NA,NA,NA,NA,NA,NA,NA,NA,NA,NA,NA,62.5,NA,NA,NA,NA,NA,NA,72.63455963,NA,72.71961975,NA
203,"CZE","Czechia",NA,NA,NA,NA,NA,NA,NA,NA,NA,NA,NA,NA,NA,NA,NA,NA,NA,NA,NA,96.8,NA,NA,NA,NA,NA,NA,91.28707886,NA,91.45469666,NA
180,"COD","Dem. Rep. Congo",NA,NA,NA,NA,NA,NA,NA,NA,NA,NA,NA,NA,NA,NA,NA,NA,NA,NA,NA,0,NA,NA,NA,NA,NA,NA,15.53206825,NA,15.77808475,NA
208,"DNK","Denmark",NA,NA,NA,NA,NA,NA,NA,NA,NA,NA,NA,NA,NA,NA,NA,NA,NA,NA,NA,69.3,NA,NA,NA,NA,NA,NA,98.79153442,NA,98.96604156,NA
262,"DJI","Djibouti",NA,NA,NA,NA,NA,NA,NA,NA,NA,NA,NA,NA,NA,NA,NA,NA,NA,NA,NA,3.18,NA,NA,NA,NA,NA,NA,11.13740158,NA,11.06700706,NA
212,"DMA","Dominica",NA,NA,NA,NA,NA,NA,NA,NA,NA,NA,NA,NA,NA,NA,NA,NA,NA,NA,NA,39.07,NA,NA,NA,NA,NA,NA,NA,NA,NA,NA
214,"DOM","Dominican Republic",NA,NA,NA,NA,NA,NA,NA,NA,NA,NA,NA,NA,NA,NA,NA,NA,NA,NA,NA,9.7,NA,NA,NA,NA,NA,NA,39.55860519,NA,34.62879562,NA
218,"ECU","Ecuador",NA,NA,NA,NA,NA,NA,NA,NA,NA,NA,NA,NA,NA,NA,NA,NA,NA,NA,NA,36.8,NA,NA,NA,NA,NA,NA,NA,NA,NA,NA
818,"EGY","Egypt",NA,NA,NA,NA,NA,NA,NA,NA,NA,NA,NA,NA,NA,NA,NA,NA,NA,NA,NA,56.7,NA,NA,NA,NA,NA,NA,73.84403992,NA,62.60671616,NA
222,"SLV","El Salvador",NA,NA,NA,NA,NA,NA,NA,NA,NA,NA,NA,NA,NA,NA,NA,NA,NA,NA,NA,2.5,NA,NA,NA,NA,NA,NA,NA,NA,NA,NA
226,"GNQ","Equatorial Guinea",NA,NA,NA,NA,NA,NA,NA,NA,NA,NA,NA,NA,NA,NA,NA,NA,NA,NA,NA,31.09,NA,NA,NA,NA,NA,NA,NA,NA,NA,NA
232,"ERI","Eritrea",NA,NA,NA,NA,NA,NA,NA,NA,NA,NA,NA,NA,NA,NA,NA,NA,NA,NA,NA,0,NA,NA,NA,NA,NA,NA,NA,NA,NA,NA
233,"EST","Estonia",NA,NA,NA,NA,NA,NA,NA,NA,NA,NA,NA,NA,NA,NA,NA,NA,NA,NA,NA,36,NA,NA,NA,NA,NA,NA,92.27909851,NA,91.69114685,NA
748,"SWZ","Eswatini",NA,NA,NA,NA,NA,NA,NA,NA,NA,NA,NA,NA,NA,NA,NA,NA,NA,NA,NA,6.41,NA,NA,NA,NA,NA,NA,17.46899414,NA,16.95441818,NA
231,"ETH","Ethiopia",NA,NA,NA,NA,NA,NA,NA,NA,NA,NA,NA,NA,NA,NA,NA,NA,NA,NA,NA,0,NA,NA,NA,NA,NA,NA,3.035514116,NA,2.959531069,NA
234,"FRO","Faeroe Islands",NA,NA,NA,NA,NA,NA,NA,NA,NA,NA,NA,NA,NA,NA,NA,NA,NA,NA,NA,74.67,NA,NA,NA,NA,NA,NA,NA,NA,NA,NA
238,"FLK","Falkland Islands",NA,NA,NA,NA,NA,NA,NA,NA,NA,NA,NA,NA,NA,NA,NA,NA,NA,NA,NA,NA,NA,NA,NA,NA,NA,NA,NA,NA,NA,NA
242,"FJI","Fiji",NA,NA,NA,NA,NA,NA,NA,NA,NA,NA,NA,NA,NA,NA,NA,NA,NA,NA,NA,36.03,NA,NA,NA,NA,NA,NA,39.79051971,NA,39.87807846,NA
246,"FIN","Finland",NA,NA,NA,NA,NA,NA,NA,NA,NA,NA,NA,NA,NA,NA,NA,NA,NA,NA,NA,72.6,NA,NA,NA,NA,NA,NA,89.73806763,NA,89.52640533,NA
250,"FRA","France",NA,NA,NA,NA,NA,NA,NA,NA,NA,NA,NA,NA,NA,NA,NA,NA,NA,NA,NA,80.3,NA,NA,NA,NA,NA,NA,87.9442215,NA,86.74834442,NA
258,"PYF","French Polynesia",NA,NA,NA,NA,NA,NA,NA,NA,NA,NA,NA,NA,NA,NA,NA,NA,NA,NA,NA,50.15,NA,NA,NA,NA,NA,NA,NA,NA,NA,NA
266,"GAB","Gabon",NA,NA,NA,NA,NA,NA,NA,NA,NA,NA,NA,NA,NA,NA,NA,NA,NA,NA,NA,35.91,NA,NA,NA,NA,NA,NA,NA,NA,NA,NA
270,"GMB","Gambia",NA,NA,NA,NA,NA,NA,NA,NA,NA,NA,NA,NA,NA,NA,NA,NA,NA,NA,NA,0,NA,NA,NA,NA,NA,NA,10.54699612,NA,10.53283882,NA
268,"GEO","Georgia",NA,NA,NA,NA,NA,NA,NA,NA,NA,NA,NA,NA,NA,NA,NA,NA,NA,NA,NA,34.48,NA,NA,NA,NA,NA,NA,48.76444626,NA,50.23989487,NA
276,"DEU","Germany",NA,NA,NA,NA,NA,NA,NA,NA,NA,NA,NA,NA,NA,NA,NA,NA,NA,NA,NA,97,NA,NA,NA,NA,NA,NA,98.96163177,NA,99.12252045,NA
288,"GHA","Ghana",NA,NA,NA,NA,NA,NA,NA,NA,NA,NA,NA,NA,NA,NA,NA,NA,NA,NA,NA,6.3,NA,NA,NA,NA,NA,NA,11.81821918,NA,15.5425539,NA
300,"GRC","Greece",NA,NA,NA,NA,NA,NA,NA,NA,NA,NA,NA,NA,NA,NA,NA,NA,NA,NA,NA,78.1,NA,NA,NA,NA,NA,NA,89.68182373,NA,92.10958099,NA
304,"GRL","Greenland",NA,NA,NA,NA,NA,NA,NA,NA,NA,NA,NA,NA,NA,NA,NA,NA,NA,NA,NA,NA,NA,NA,NA,NA,NA,NA,0,NA,0,NA
308,"GRD","Grenada",NA,NA,NA,NA,NA,NA,NA,NA,NA,NA,NA,NA,NA,NA,NA,NA,NA,NA,NA,44.47,NA,NA,NA,NA,NA,NA,NA,NA,NA,NA
320,"GTM","Guatemala",NA,NA,NA,NA,NA,NA,NA,NA,NA,NA,NA,NA,NA,NA,NA,NA,NA,NA,NA,23.94,NA,NA,NA,NA,NA,NA,NA,NA,NA,NA
831,"GGY","Guernsey",NA,NA,NA,NA,NA,NA,NA,NA,NA,NA,NA,NA,NA,NA,NA,NA,NA,NA,NA,NA,NA,NA,NA,NA,NA,NA,NA,NA,NA,NA
324,"GIN","Guinea",NA,NA,NA,NA,NA,NA,NA,NA,NA,NA,NA,NA,NA,NA,NA,NA,NA,NA,NA,0,NA,NA,NA,NA,NA,NA,NA,NA,NA,NA
624,"GNB","Guinea-Bissau",NA,NA,NA,NA,NA,NA,NA,NA,NA,NA,NA,NA,NA,NA,NA,NA,NA,NA,NA,0,NA,NA,NA,NA,NA,NA,19.11757469,NA,20.00116348,NA
328,"GUY","Guyana",NA,NA,NA,NA,NA,NA,NA,NA,NA,NA,NA,NA,NA,NA,NA,NA,NA,NA,NA,20.28,NA,NA,NA,NA,NA,NA,32.47575378,NA,33.40572357,NA
332,"HTI","Haiti",NA,NA,NA,NA,NA,NA,NA,NA,NA,NA,NA,NA,NA,NA,NA,NA,NA,NA,NA,0,NA,NA,NA,NA,NA,NA,NA,NA,NA,NA
336,"VAT","Holy See",NA,NA,NA,NA,NA,NA,NA,NA,NA,NA,NA,NA,NA,NA,NA,NA,NA,NA,NA,NA,NA,NA,NA,NA,NA,NA,NA,NA,NA,NA
340,"HND","Honduras",NA,NA,NA,NA,NA,NA,NA,NA,NA,NA,NA,NA,NA,NA,NA,NA,NA,NA,NA,19.47,NA,NA,NA,NA,NA,NA,NA,NA,NA,NA
344,"HKG","Hong Kong",NA,NA,NA,NA,NA,NA,NA,NA,NA,NA,NA,NA,NA,NA,NA,NA,NA,NA,NA,74.96,NA,NA,NA,NA,NA,NA,91.12023926,NA,93.19579315,NA
348,"HUN","Hungary",NA,NA,NA,NA,NA,NA,NA,NA,NA,NA,NA,NA,NA,NA,NA,NA,NA,NA,NA,96,NA,NA,NA,NA,NA,NA,82.05249786,NA,72.23852539,NA
352,"ISL","Iceland",NA,NA,NA,NA,NA,NA,NA,NA,NA,NA,NA,NA,NA,NA,NA,NA,NA,NA,NA,79.65,NA,NA,NA,NA,NA,NA,3.046087027,NA,1.634699464,NA
356,"IND","India",NA,NA,NA,NA,NA,NA,NA,NA,NA,NA,NA,NA,NA,NA,NA,NA,NA,NA,NA,19.2,NA,NA,NA,NA,NA,NA,20.71492577,NA,28.83443451,NA
360,"IDN","Indonesia",NA,NA,NA,NA,NA,NA,NA,NA,NA,NA,NA,NA,NA,NA,NA,NA,NA,NA,NA,29.77,NA,NA,NA,NA,NA,NA,NA,NA,NA,NA
364,"IRN","Iran",NA,NA,NA,NA,NA,NA,NA,NA,NA,NA,NA,NA,NA,NA,NA,NA,NA,NA,NA,21.75,NA,NA,NA,NA,NA,NA,25.22955894,NA,26.38572121,NA
368,"IRQ","Iraq",NA,NA,NA,NA,NA,NA,NA,NA,NA,NA,NA,NA,NA,NA,NA,NA,NA,NA,NA,28.2,NA,NA,NA,NA,NA,NA,41.95675659,NA,41.81370544,NA
372,"IRL","Ireland",NA,NA,NA,NA,NA,NA,NA,NA,NA,NA,NA,NA,NA,NA,NA,NA,NA,NA,NA,94.3,NA,NA,NA,NA,NA,NA,51.73236465,NA,50.78858948,NA
833,"IMN","Isle of Man",NA,NA,NA,NA,NA,NA,NA,NA,NA,NA,NA,NA,NA,NA,NA,NA,NA,NA,NA,81.62,NA,NA,NA,NA,NA,NA,84.90541077,NA,84.82142639,NA
376,"ISR","Israel",NA,NA,NA,NA,NA,NA,NA,NA,NA,NA,NA,NA,NA,NA,NA,NA,NA,NA,NA,92.3,NA,NA,NA,NA,NA,NA,97.34565735,NA,94.95087433,NA
380,"ITA","Italy",NA,NA,NA,NA,NA,NA,NA,NA,NA,NA,NA,NA,NA,NA,NA,NA,NA,NA,NA,82.6,NA,NA,NA,NA,NA,NA,70.22106934,NA,70.67745972,NA
388,"JAM","Jamaica",NA,NA,NA,NA,NA,NA,NA,NA,NA,NA,NA,NA,NA,NA,NA,NA,NA,NA,NA,33.69,NA,NA,NA,NA,NA,NA,NA,NA,NA,NA
392,"JPN","Japan",NA,NA,NA,NA,NA,NA,NA,NA,NA,NA,NA,NA,NA,NA,NA,NA,NA,NA,NA,70.7,NA,NA,NA,NA,NA,NA,91.66891479,NA,98.57751465,NA
832,"JEY","Jersey",NA,NA,NA,NA,NA,NA,NA,NA,NA,NA,NA,NA,NA,NA,NA,NA,NA,NA,NA,NA,NA,NA,NA,NA,NA,NA,NA,NA,NA,NA
400,"JOR","Jordan",NA,NA,NA,NA,NA,NA,NA,NA,NA,NA,NA,NA,NA,NA,NA,NA,NA,NA,NA,62.1,NA,NA,NA,NA,NA,NA,76.83360291,NA,77.42380524,NA
398,"KAZ","Kazakhstan",NA,NA,NA,NA,NA,NA,NA,NA,NA,NA,NA,NA,NA,NA,NA,NA,NA,NA,NA,48.87,NA,NA,NA,NA,NA,NA,36.33563995,NA,30.29705429,NA
404,"KEN","Kenya",NA,NA,NA,NA,NA,NA,NA,NA,NA,NA,NA,NA,NA,NA,NA,NA,NA,NA,NA,0,NA,NA,NA,NA,NA,NA,11.36145592,NA,11.17656326,NA
296,"KIR","Kiribati",NA,NA,NA,NA,NA,NA,NA,NA,NA,NA,NA,NA,NA,NA,NA,NA,NA,NA,NA,6.32,NA,NA,NA,NA,NA,NA,33.23130035,NA,32.90410995,NA
689,"XKX","Kosovo",NA,NA,NA,NA,NA,NA,NA,NA,NA,NA,NA,NA,NA,NA,NA,NA,NA,NA,NA,NA,NA,NA,NA,NA,NA,NA,NA,NA,NA,NA
414,"KWT","Kuwait",NA,NA,NA,NA,NA,NA,NA,NA,NA,NA,NA,NA,NA,NA,NA,NA,NA,NA,NA,88.7,NA,NA,NA,NA,NA,NA,100,NA,100,NA
417,"KGZ","Kyrgyzstan",NA,NA,NA,NA,NA,NA,NA,NA,NA,NA,NA,NA,NA,NA,NA,NA,NA,NA,NA,8.67,NA,NA,NA,NA,NA,NA,19.00883102,NA,21.86356926,NA
418,"LAO","Laos",NA,NA,NA,NA,NA,NA,NA,NA,NA,NA,NA,NA,NA,NA,NA,NA,NA,NA,NA,11.78,NA,NA,NA,NA,NA,NA,10.24686813,NA,10.29782867,NA
428,"LVA","Latvia",NA,NA,NA,NA,NA,NA,NA,NA,NA,NA,NA,NA,NA,NA,NA,NA,NA,NA,NA,59,NA,NA,NA,NA,NA,NA,87.42035675,NA,96.45935822,NA
422,"LBN","Lebanon",NA,NA,NA,NA,NA,NA,NA,NA,NA,NA,NA,NA,NA,NA,NA,NA,NA,NA,NA,42.8,NA,NA,NA,NA,NA,NA,NA,NA,NA,NA
426,"LSO","Lesotho",NA,NA,NA,NA,NA,NA,NA,NA,NA,NA,NA,NA,NA,NA,NA,NA,NA,NA,NA,0,NA,NA,NA,NA,NA,NA,NA,NA,3.012597561,NA
430,"LBR","Liberia",NA,NA,NA,NA,NA,NA,NA,NA,NA,NA,NA,NA,NA,NA,NA,NA,NA,NA,NA,0,NA,NA,NA,NA,NA,NA,NA,NA,NA,NA
434,"LBY","Libya",NA,NA,NA,NA,NA,NA,NA,NA,NA,NA,NA,NA,NA,NA,NA,NA,NA,NA,NA,20.26,NA,NA,NA,NA,NA,NA,14.41312504,NA,NA,NA
438,"LIE","Liechtenstein",NA,NA,NA,NA,NA,NA,NA,NA,NA,NA,NA,NA,NA,NA,NA,NA,NA,NA,NA,74.33,NA,NA,NA,NA,NA,NA,NA,NA,NA,NA
440,"LTU","Lithuania",NA,NA,NA,NA,NA,NA,NA,NA,NA,NA,NA,NA,NA,NA,NA,NA,NA,NA,NA,75.9,NA,NA,NA,NA,NA,NA,96.75080872,NA,95.83541107,NA
442,"LUX","Luxembourg",NA,NA,NA,NA,NA,NA,NA,NA,NA,NA,NA,NA,NA,NA,NA,NA,NA,NA,NA,87.8,NA,NA,NA,NA,NA,NA,98.63204193,NA,98.81918335,NA
446,"MAC","Macao",NA,NA,NA,NA,NA,NA,NA,NA,NA,NA,NA,NA,NA,NA,NA,NA,NA,NA,NA,85.62,NA,NA,NA,NA,NA,NA,65.30953979,NA,85.18728638,NA
450,"MDG","Madagascar",NA,NA,NA,NA,NA,NA,NA,NA,NA,NA,NA,NA,NA,NA,NA,NA,NA,NA,NA,0,NA,NA,NA,NA,NA,NA,10.78687954,NA,10.94676018,NA
454,"MWI","Malawi",NA,NA,NA,NA,NA,NA,NA,NA,NA,NA,NA,NA,NA,NA,NA,NA,NA,NA,NA,0,NA,NA,NA,NA,NA,NA,6.330949306,NA,6.435644627,NA
458,"MYS","Malaysia",NA,NA,NA,NA,NA,NA,NA,NA,NA,NA,NA,NA,NA,NA,NA,NA,NA,NA,NA,22.9,NA,NA,NA,NA,NA,NA,89.31611633,NA,90.60617828,NA
462,"MDV","Maldives",NA,NA,NA,NA,NA,NA,NA,NA,NA,NA,NA,NA,NA,NA,NA,NA,NA,NA,NA,37.08,NA,NA,NA,NA,NA,NA,NA,NA,NA,NA
466,"MLI","Mali",NA,NA,NA,NA,NA,NA,NA,NA,NA,NA,NA,NA,NA,NA,NA,NA,NA,NA,NA,0,NA,NA,NA,NA,NA,NA,6.121931553,NA,6.265712261,NA
470,"MLT","Malta",NA,NA,NA,NA,NA,NA,NA,NA,NA,NA,NA,NA,NA,NA,NA,NA,NA,NA,NA,100,NA,NA,NA,NA,NA,NA,1.076956511,NA,7.039660454,NA
584,"MHL","Marshall Islands",NA,NA,NA,NA,NA,NA,NA,NA,NA,NA,NA,NA,NA,NA,NA,NA,NA,NA,NA,30.77,NA,NA,NA,NA,NA,NA,NA,NA,NA,NA
478,"MRT","Mauritania",NA,NA,NA,NA,NA,NA,NA,NA,NA,NA,NA,NA,NA,NA,NA,NA,NA,NA,NA,0,NA,NA,NA,NA,NA,NA,NA,NA,NA,NA
480,"MUS","Mauritius",NA,NA,NA,NA,NA,NA,NA,NA,NA,NA,NA,NA,NA,NA,NA,NA,NA,NA,NA,40.9,NA,NA,NA,NA,NA,NA,19.05670166,NA,26.92946434,NA
484,"MEX","Mexico",NA,NA,NA,NA,NA,NA,NA,NA,NA,NA,NA,NA,NA,NA,NA,NA,NA,NA,NA,43.4,NA,NA,NA,NA,NA,NA,64.34873199,NA,64.11196899,NA
583,"FSM","Micronesia",NA,NA,NA,NA,NA,NA,NA,NA,NA,NA,NA,NA,NA,NA,NA,NA,NA,NA,NA,16.09,NA,NA,NA,NA,NA,NA,NA,NA,NA,NA
498,"MDA","Moldova",NA,NA,NA,NA,NA,NA,NA,NA,NA,NA,NA,NA,NA,NA,NA,NA,NA,NA,NA,16.6,NA,NA,NA,NA,NA,NA,46.16069794,NA,41.42943573,NA
492,"MCO","Monaco",NA,NA,NA,NA,NA,NA,NA,NA,NA,NA,NA,NA,NA,NA,NA,NA,NA,NA,NA,99.69,NA,NA,NA,NA,NA,NA,96.76617432,NA,93.89298248,NA
496,"MNG","Mongolia",NA,NA,NA,NA,NA,NA,NA,NA,NA,NA,NA,NA,NA,NA,NA,NA,NA,NA,NA,36.88,NA,NA,NA,NA,NA,NA,26.14390373,NA,53.15664291,NA
499,"MNE","Montenegro",NA,NA,NA,NA,NA,NA,NA,NA,NA,NA,NA,NA,NA,NA,NA,NA,NA,NA,NA,30.6,NA,NA,NA,NA,NA,NA,55.27941513,NA,31.07913017,NA
504,"MAR","Morocco",NA,NA,NA,NA,NA,NA,NA,NA,NA,NA,NA,NA,NA,NA,NA,NA,NA,NA,NA,38,NA,NA,NA,NA,NA,NA,44.62698364,NA,75.3314743,NA
508,"MOZ","Mozambique",NA,NA,NA,NA,NA,NA,NA,NA,NA,NA,NA,NA,NA,NA,NA,NA,NA,NA,NA,0,NA,NA,NA,NA,NA,NA,NA,NA,21.66843605,NA
104,"MMR","Myanmar",NA,NA,NA,NA,NA,NA,NA,NA,NA,NA,NA,NA,NA,NA,NA,NA,NA,NA,NA,0,NA,NA,NA,NA,NA,NA,15.12370872,NA,15.18865585,NA
516,"NAM","Namibia",NA,NA,NA,NA,NA,NA,NA,NA,NA,NA,NA,NA,NA,NA,NA,NA,NA,NA,NA,20.7,NA,NA,NA,NA,NA,NA,NA,NA,NA,NA
520,"NRU","Nauru",NA,NA,NA,NA,NA,NA,NA,NA,NA,NA,NA,NA,NA,NA,NA,NA,NA,NA,NA,43.22,NA,NA,NA,NA,NA,NA,NA,NA,35.51222992,NA
524,"NPL","Nepal",NA,NA,NA,NA,NA,NA,NA,NA,NA,NA,NA,NA,NA,NA,NA,NA,NA,NA,NA,0,NA,NA,NA,NA,NA,NA,38.59770584,NA,29.58116531,NA
528,"NLD","Netherlands",NA,NA,NA,NA,NA,NA,NA,NA,NA,NA,NA,NA,NA,NA,NA,NA,NA,NA,NA,97,NA,NA,NA,NA,NA,NA,99.79000092,NA,99.80847168,NA
540,"NCL","New Caledonia",NA,NA,NA,NA,NA,NA,NA,NA,NA,NA,NA,NA,NA,NA,NA,NA,NA,NA,NA,61.96,NA,NA,NA,NA,NA,NA,NA,NA,NA,NA
554,"NZL","New Zealand",NA,NA,NA,NA,NA,NA,NA,NA,NA,NA,NA,NA,NA,NA,NA,NA,NA,NA,NA,61.8,NA,NA,NA,NA,NA,NA,84.47699738,NA,84.53193665,NA
558,"NIC","Nicaragua",NA,NA,NA,NA,NA,NA,NA,NA,NA,NA,NA,NA,NA,NA,NA,NA,NA,NA,NA,33.3,NA,NA,NA,NA,NA,NA,31.8045826,NA,NA,NA
562,"NER","Niger",NA,NA,NA,NA,NA,NA,NA,NA,NA,NA,NA,NA,NA,NA,NA,NA,NA,NA,NA,0,NA,NA,NA,NA,NA,NA,8.632699966,NA,6.838807106,NA
566,"NGA","Nigeria",NA,NA,NA,NA,NA,NA,NA,NA,NA,NA,NA,NA,NA,NA,NA,NA,NA,NA,NA,3.4,NA,NA,NA,NA,NA,NA,41.29954529,NA,40.66710663,NA
570,"NIU","Niue",NA,NA,NA,NA,NA,NA,NA,NA,NA,NA,NA,NA,NA,NA,NA,NA,NA,NA,NA,NA,NA,NA,NA,NA,NA,NA,NA,NA,NA,NA
408,"PRK","North Korea",NA,NA,NA,NA,NA,NA,NA,NA,NA,NA,NA,NA,NA,NA,NA,NA,NA,NA,NA,28.15,NA,NA,NA,NA,NA,NA,NA,NA,NA,NA
807,"MKD","North Macedonia",NA,NA,NA,NA,NA,NA,NA,NA,NA,NA,NA,NA,NA,NA,NA,NA,NA,NA,NA,33.66,NA,NA,NA,NA,NA,NA,4.862529755,NA,4.863628387,NA
578,"NOR","Norway",NA,NA,NA,NA,NA,NA,NA,NA,NA,NA,NA,NA,NA,NA,NA,NA,NA,NA,NA,76.1,NA,NA,NA,NA,NA,NA,75.81465912,NA,73.95063782,NA
512,"OMN","Oman",NA,NA,NA,NA,NA,NA,NA,NA,NA,NA,NA,NA,NA,NA,NA,NA,NA,NA,NA,33.07,NA,NA,100,100,100,100,100,100,100,NA
586,"PAK","Pakistan",NA,NA,NA,NA,NA,NA,NA,NA,NA,NA,NA,NA,NA,NA,NA,NA,NA,NA,NA,7.9,NA,NA,NA,NA,NA,NA,38.109478,NA,NA,NA
585,"PLW","Palau",NA,NA,NA,NA,NA,NA,NA,NA,NA,NA,NA,NA,NA,NA,NA,NA,NA,NA,NA,55.17,NA,NA,NA,NA,NA,NA,NA,NA,NA,NA
591,"PAN","Panama",NA,NA,NA,NA,NA,NA,NA,NA,NA,NA,NA,NA,NA,NA,NA,NA,NA,NA,NA,53.3967568919764,55.1298073667184,55.4332162735314,55.3272014260519,55.72445180105,54.6777362910128,54.3990222069446,NA,NA,NA,NA
598,"PNG","Papua New Guinea",NA,NA,NA,NA,NA,NA,NA,NA,NA,NA,NA,NA,NA,NA,NA,NA,NA,NA,NA,0,NA,NA,NA,NA,NA,NA,5.064795971,NA,7.294061184,NA
600,"PRY","Paraguay",NA,NA,NA,NA,NA,NA,NA,NA,NA,NA,NA,NA,NA,NA,NA,NA,NA,NA,NA,4.8,NA,NA,NA,NA,NA,NA,25.14752197,NA,27.35703087,NA
604,"PER","Peru",NA,NA,NA,NA,NA,NA,NA,NA,NA,NA,NA,NA,NA,NA,NA,NA,NA,NA,NA,56.3,NA,NA,NA,NA,NA,NA,48.65280151,NA,52.42102814,NA
608,"PHL","Philippines",NA,NA,NA,NA,NA,NA,NA,NA,NA,NA,NA,NA,NA,NA,NA,NA,NA,NA,NA,2.8,NA,NA,NA,NA,NA,NA,66.58663177,NA,68.04774475,NA
616,"POL","Poland",NA,NA,NA,NA,NA,NA,NA,NA,NA,NA,NA,NA,NA,NA,NA,NA,NA,NA,NA,67.4,NA,NA,NA,NA,NA,NA,77.37506104,NA,79.25460052,NA
620,"PRT","Portugal",NA,NA,NA,NA,NA,NA,NA,NA,NA,NA,NA,NA,NA,NA,NA,NA,NA,NA,NA,76.8,NA,NA,NA,NA,NA,NA,87.51369476,NA,85.33273315,NA
634,"QAT","Qatar",NA,NA,NA,NA,NA,NA,NA,NA,NA,NA,NA,NA,NA,NA,NA,NA,NA,NA,NA,89.3,NA,NA,NA,NA,NA,NA,99.94832611,NA,99.94572449,NA
178,"COG","Republic of Congo",NA,NA,NA,NA,NA,NA,NA,NA,NA,NA,NA,NA,NA,NA,NA,NA,NA,NA,NA,7.92,NA,NA,NA,NA,NA,NA,NA,NA,NA,NA
642,"ROU","Romania",NA,NA,NA,NA,NA,NA,NA,NA,NA,NA,NA,NA,NA,NA,NA,NA,NA,NA,NA,45.7,NA,NA,NA,NA,NA,NA,30.08520699,NA,30.68273735,NA
643,"RUS","Russia",NA,NA,NA,NA,NA,NA,NA,NA,NA,NA,NA,NA,NA,NA,NA,NA,NA,NA,NA,55.1,NA,NA,NA,NA,NA,NA,14.73645306,NA,21.4458046,NA
646,"RWA","Rwanda",NA,NA,NA,NA,NA,NA,NA,NA,NA,NA,NA,NA,NA,NA,NA,NA,NA,NA,NA,0,NA,NA,NA,NA,NA,NA,NA,NA,NA,NA
652,"BLM","Saint Barthelemy",NA,NA,NA,NA,NA,NA,NA,NA,NA,NA,NA,NA,NA,NA,NA,NA,NA,NA,NA,NA,NA,NA,NA,NA,NA,NA,NA,NA,NA,NA
659,"KNA","Saint Kitts and Nevis",NA,NA,NA,NA,NA,NA,NA,NA,NA,NA,NA,NA,NA,NA,NA,NA,NA,NA,NA,46.05,NA,NA,NA,NA,NA,NA,NA,NA,NA,NA
662,"LCA","Saint Lucia",NA,NA,NA,NA,NA,NA,NA,NA,NA,NA,NA,NA,NA,NA,NA,NA,NA,NA,NA,34.65,NA,NA,NA,NA,NA,NA,NA,NA,NA,NA
882,"WSM","Samoa",NA,NA,NA,NA,NA,NA,NA,NA,NA,NA,NA,NA,NA,NA,NA,NA,NA,NA,NA,25.25,NA,NA,NA,NA,NA,NA,42.86319733,NA,43.81048584,NA
674,"SMR","San Marino",NA,NA,NA,NA,NA,NA,NA,NA,NA,NA,NA,NA,NA,NA,NA,NA,NA,NA,NA,83.93,NA,NA,NA,NA,NA,NA,90.19248962,NA,90.19249725,NA
678,"STP","Sao Tome and Principe",NA,NA,NA,NA,NA,NA,NA,NA,NA,NA,NA,NA,NA,NA,NA,NA,NA,NA,NA,6.74,NA,NA,NA,NA,NA,NA,NA,NA,NA,NA
682,"SAU","Saudi Arabia",NA,NA,NA,NA,NA,NA,NA,NA,NA,NA,NA,NA,NA,NA,NA,NA,NA,NA,NA,62.1,NA,NA,NA,NA,NA,NA,85.19015503,NA,58.43117523,NA
686,"SEN","Senegal",NA,NA,NA,NA,NA,NA,NA,NA,NA,NA,NA,NA,NA,NA,NA,NA,NA,NA,NA,8.65,NA,NA,NA,NA,NA,NA,7.79962635,NA,17.21923828,NA
688,"SRB","Serbia",NA,NA,NA,NA,NA,NA,NA,NA,NA,NA,NA,NA,NA,NA,NA,NA,NA,NA,NA,14.8,NA,NA,NA,NA,NA,NA,36.47714233,NA,34.02871704,NA
690,"SYC","Seychelles",NA,NA,NA,NA,NA,NA,NA,NA,NA,NA,NA,NA,NA,NA,NA,NA,NA,NA,NA,49.7,NA,NA,NA,NA,NA,NA,NA,NA,NA,NA
694,"SLE","Sierra Leone",NA,NA,NA,NA,NA,NA,NA,NA,NA,NA,NA,NA,NA,NA,NA,NA,NA,NA,NA,0,NA,NA,NA,NA,NA,NA,15.33195019,NA,16.44782448,NA
702,"SGP","Singapore",NA,NA,NA,NA,NA,NA,NA,NA,NA,NA,NA,NA,NA,NA,NA,NA,NA,NA,NA,100,NA,NA,NA,NA,NA,NA,100,NA,100,NA
534,"SXM","Sint Maarten",NA,NA,NA,NA,NA,NA,NA,NA,NA,NA,NA,NA,NA,NA,NA,NA,NA,NA,NA,66.33,NA,NA,NA,NA,NA,NA,NA,NA,NA,NA
703,"SVK","Slovakia",NA,NA,NA,NA,NA,NA,NA,NA,NA,NA,NA,NA,NA,NA,NA,NA,NA,NA,NA,57.3,NA,NA,NA,NA,NA,NA,81.97028351,NA,81.96881104,NA
705,"SVN","Slovenia",NA,NA,NA,NA,NA,NA,NA,NA,NA,NA,NA,NA,NA,NA,NA,NA,NA,NA,NA,42.5,NA,NA,NA,NA,NA,NA,65.2226181,NA,82.07793427,NA
90,"SLB","Solomon Islands",NA,NA,NA,NA,NA,NA,NA,NA,NA,NA,NA,NA,NA,NA,NA,NA,NA,NA,NA,0,NA,NA,NA,NA,NA,NA,NA,NA,NA,NA
706,"SOM","Somalia",NA,NA,NA,NA,NA,NA,NA,NA,NA,NA,NA,NA,NA,NA,NA,NA,NA,NA,NA,0,NA,NA,NA,NA,NA,NA,NA,NA,NA,NA
710,"ZAF","South Africa",NA,NA,NA,NA,NA,NA,NA,NA,NA,NA,NA,NA,NA,NA,NA,NA,NA,NA,NA,42.3,NA,NA,NA,NA,NA,NA,41.29200745,NA,21.59136963,NA
410,"KOR","South Korea",NA,NA,NA,NA,NA,NA,NA,NA,NA,NA,NA,NA,NA,NA,NA,NA,NA,NA,NA,93,NA,NA,NA,NA,NA,NA,99.05317688,NA,99.43431091,NA
728,"SSD","South Sudan",NA,NA,NA,NA,NA,NA,NA,NA,NA,NA,NA,NA,NA,NA,NA,NA,NA,NA,NA,0,NA,NA,NA,NA,NA,NA,NA,NA,NA,NA
724,"ESP","Spain",NA,NA,NA,NA,NA,NA,NA,NA,NA,NA,NA,NA,NA,NA,NA,NA,NA,NA,NA,71,NA,NA,NA,NA,NA,NA,79.90252686,NA,81.23587036,NA
144,"LKA","Sri Lanka",NA,NA,NA,NA,NA,NA,NA,NA,NA,NA,NA,NA,NA,NA,NA,NA,NA,NA,NA,1.11,NA,NA,NA,NA,NA,NA,NA,NA,NA,NA
670,"VCT","St. Vincent and the Grenadines",NA,NA,NA,NA,NA,NA,NA,NA,NA,NA,NA,NA,NA,NA,NA,NA,NA,NA,NA,36.07,NA,NA,NA,NA,NA,NA,NA,NA,NA,NA
275,"PSE","State of Palestine",NA,NA,NA,NA,NA,NA,NA,NA,NA,NA,NA,NA,NA,NA,NA,NA,NA,NA,NA,29.57,NA,NA,NA,NA,NA,NA,NA,NA,71.47205353,NA
729,"SDN","Sudan",NA,NA,NA,NA,NA,NA,NA,NA,NA,NA,NA,NA,NA,NA,NA,NA,NA,NA,NA,0,NA,NA,NA,NA,NA,NA,NA,NA,NA,NA
740,"SUR","Suriname",NA,NA,NA,NA,NA,NA,NA,NA,NA,NA,NA,NA,NA,NA,NA,NA,NA,NA,NA,39.61,NA,NA,NA,NA,NA,NA,23.82750702,NA,23.83491898,NA
752,"SWE","Sweden",NA,NA,NA,NA,NA,NA,NA,NA,NA,NA,NA,NA,NA,NA,NA,NA,NA,NA,NA,79.8,NA,NA,NA,NA,NA,NA,96.98074341,NA,92.83252716,NA
756,"CHE","Switzerland",NA,NA,NA,NA,NA,NA,NA,NA,NA,NA,NA,NA,NA,NA,NA,NA,NA,NA,NA,93.9,NA,NA,NA,NA,NA,NA,99.29131317,NA,99.29097748,NA
760,"SYR","Syria",NA,NA,NA,NA,NA,NA,NA,NA,NA,NA,NA,NA,NA,NA,NA,NA,NA,NA,NA,7.21,NA,NA,NA,NA,NA,NA,NA,NA,NA,NA
158,"TWN","Taiwan",NA,NA,NA,NA,NA,NA,NA,NA,NA,NA,NA,NA,NA,NA,NA,NA,NA,NA,NA,16.2,NA,NA,NA,NA,NA,NA,NA,NA,NA,NA
762,"TJK","Tajikistan",NA,NA,NA,NA,NA,NA,NA,NA,NA,NA,NA,NA,NA,NA,NA,NA,NA,NA,NA,5.17,NA,NA,NA,NA,NA,NA,NA,NA,NA,NA
834,"TZA","Tanzania",NA,NA,NA,NA,NA,NA,NA,NA,NA,NA,NA,NA,NA,NA,NA,NA,NA,NA,NA,0,NA,NA,NA,NA,NA,NA,7.669259548,NA,16.11831284,NA
764,"THA","Thailand",NA,NA,NA,NA,NA,NA,NA,NA,NA,NA,NA,NA,NA,NA,NA,NA,NA,NA,NA,18.1,NA,NA,NA,NA,NA,NA,24.61011505,NA,33.69194412,NA
626,"TLS","Timor-Leste",NA,NA,NA,NA,NA,NA,NA,NA,NA,NA,NA,NA,NA,NA,NA,NA,NA,NA,NA,8.68,NA,NA,NA,NA,NA,NA,NA,NA,NA,NA
768,"TGO","Togo",NA,NA,NA,NA,NA,NA,NA,NA,NA,NA,NA,NA,NA,NA,NA,NA,NA,NA,NA,0,NA,NA,NA,NA,NA,NA,14.95806885,NA,15.9423418,NA
776,"TON","Tonga",NA,NA,NA,NA,NA,NA,NA,NA,NA,NA,NA,NA,NA,NA,NA,NA,NA,NA,NA,27.57,NA,NA,NA,NA,NA,NA,30.39982986,NA,30.15885735,NA
780,"TTO","Trinidad and Tobago",NA,NA,NA,NA,NA,NA,NA,NA,NA,NA,NA,NA,NA,NA,NA,NA,NA,NA,NA,4.2,NA,NA,NA,NA,NA,NA,NA,NA,38.72971725,NA
788,"TUN","Tunisia",NA,NA,NA,NA,NA,NA,NA,NA,NA,NA,NA,NA,NA,NA,NA,NA,NA,NA,NA,73.7,NA,NA,NA,NA,NA,NA,72.89781952,NA,75.89959717,NA
792,"TUR","Turkiye",NA,NA,NA,NA,NA,NA,NA,NA,NA,NA,NA,NA,NA,NA,NA,NA,NA,NA,NA,60.7,NA,NA,NA,NA,NA,NA,64.67511749,NA,63.44648361,NA
795,"TKM","Turkmenistan",NA,NA,NA,NA,NA,NA,NA,NA,NA,NA,NA,NA,NA,NA,NA,NA,NA,NA,NA,34.12,NA,NA,NA,NA,NA,NA,NA,NA,NA,NA
796,"TCA","Turks and Caicos Islands",NA,NA,NA,NA,NA,NA,NA,NA,NA,NA,NA,NA,NA,NA,NA,NA,NA,NA,NA,68.46,NA,NA,NA,NA,NA,NA,30.6111927,NA,30.61286736,NA
798,"TUV","Tuvalu",NA,NA,NA,NA,NA,NA,NA,NA,NA,NA,NA,NA,NA,NA,NA,NA,NA,NA,NA,28.56,NA,NA,NA,NA,NA,NA,42.62664795,NA,42.73396683,NA
800,"UGA","Uganda",NA,NA,NA,NA,NA,NA,NA,NA,NA,NA,NA,NA,NA,NA,NA,NA,NA,NA,NA,0,NA,NA,NA,NA,NA,NA,3.677373409,NA,3.91031599,NA
804,"UKR","Ukraine",NA,NA,NA,NA,NA,NA,NA,NA,NA,NA,NA,NA,NA,NA,NA,NA,NA,NA,NA,34.18,NA,NA,NA,NA,NA,NA,50.23121643,NA,52.43408966,NA
784,"ARE","United Arab Emirates",NA,NA,NA,NA,NA,NA,NA,NA,NA,NA,NA,NA,NA,NA,NA,NA,NA,NA,NA,100,NA,NA,NA,NA,NA,NA,94.95616913,NA,94.98781586,NA
826,"GBR","United Kingdom",NA,NA,NA,NA,NA,NA,NA,NA,NA,NA,NA,NA,NA,NA,NA,NA,NA,NA,NA,85.8,NA,NA,NA,NA,NA,NA,97.45330811,NA,97.19267273,NA
840,"USA","United States of America",NA,NA,NA,NA,NA,NA,NA,NA,NA,NA,NA,NA,NA,NA,NA,NA,NA,NA,NA,67.7,NA,NA,NA,NA,NA,NA,97.8502121,NA,98.06144714,NA
858,"URY","Uruguay",NA,NA,NA,NA,NA,NA,NA,NA,NA,NA,NA,NA,NA,NA,NA,NA,NA,NA,NA,26.3,NA,NA,NA,NA,NA,NA,NA,NA,NA,NA
860,"UZB","Uzbekistan",NA,NA,NA,NA,NA,NA,NA,NA,NA,NA,NA,NA,NA,NA,NA,NA,NA,NA,NA,93.4859838121668,94.1493912116516,92.1955969629662,93.2643122011031,97.1539360270163,NA,NA,NA,NA,NA,NA
548,"VUT","Vanuatu",NA,NA,NA,NA,NA,NA,NA,NA,NA,NA,NA,NA,NA,NA,NA,NA,NA,NA,NA,7.06,NA,NA,NA,NA,NA,NA,NA,NA,13.20904446,NA
862,"VEN","Venezuela",NA,NA,NA,NA,NA,NA,NA,NA,NA,NA,NA,NA,NA,NA,NA,NA,NA,NA,NA,32,NA,NA,NA,NA,NA,NA,NA,NA,NA,NA
704,"VNM","Viet Nam",NA,NA,NA,NA,NA,NA,NA,NA,NA,NA,NA,NA,NA,NA,NA,NA,NA,NA,NA,10,NA,NA,NA,NA,NA,NA,39.92021561,NA,40.75579834,NA
876,"WLF","Wallis and Futuna Islands",NA,NA,NA,NA,NA,NA,NA,NA,NA,NA,NA,NA,NA,NA,NA,NA,NA,NA,NA,NA,NA,NA,NA,NA,NA,NA,NA,NA,NA,NA
732,"ESH","Western Sahara",NA,NA,NA,NA,NA,NA,NA,NA,NA,NA,NA,NA,NA,NA,NA,NA,NA,NA,NA,NA,NA,NA,NA,NA,NA,NA,NA,NA,NA,NA
887,"YEM","Yemen",NA,NA,NA,NA,NA,NA,NA,NA,NA,NA,NA,NA,NA,NA,NA,NA,NA,NA,NA,0,NA,NA,NA,NA,NA,NA,28.11093521,NA,NA,NA
894,"ZMB","Zambia",NA,NA,NA,NA,NA,NA,NA,NA,NA,NA,NA,NA,NA,NA,NA,NA,NA,NA,NA,0.49,NA,NA,NA,NA,NA,NA,NA,NA,NA,NA
716,"ZWE","Zimbabwe",NA,NA,NA,NA,NA,NA,NA,NA,NA,NA,NA,NA,NA,NA,NA,NA,NA,NA,NA,0,NA,NA,NA,NA,NA,NA,54.78279114,NA,55.24731064,NA
