"code","iso","country","CHR.raw.2005","CHR.raw.2006","CHR.raw.2007","CHR.raw.2008","CHR.raw.2009","CHR.raw.2010","CHR.raw.2011","CHR.raw.2012","CHR.raw.2013","CHR.raw.2014","CHR.raw.2015","CHR.raw.2016","CHR.raw.2017","CHR.raw.2018","CHR.raw.2019","CHR.raw.2020","CHR.raw.2021","CHR.raw.2022","CHR.raw.2023","CHR.raw.2024"
4,"AFG","Afghanistan",NA,NA,NA,NA,NA,NA,NA,NA,NA,0.936094693584511,0.887161951429724,0.777837314749439,0.557135110751161,0.158384071301879,-0.638349854562206,-0.56982535912405,-0.404056422893731,-0.516006295116721,-0.607629116129688,-0.739491960424332
8,"ALB","Albania",NA,NA,NA,NA,NA,NA,NA,NA,NA,-0.635534179157169,-0.200395771663464,0.386838537747734,0.760708925485171,0.805761337383374,0.295534129277802,-0.15165244932471,-0.58610974189618,-0.816232348874374,-0.907390730604113,-0.941546254973127
12,"DZA","Algeria",NA,NA,NA,NA,NA,NA,NA,NA,NA,0.217542199597052,0.294826302187631,0.72565862903901,0.740206282597941,0.899657856455112,0.898595242945631,0.694575984334036,0.618644738323677,0.612672501477181,0.560741517140008,0.424254031033882
20,"AND","Andorra",NA,NA,NA,NA,NA,NA,NA,NA,NA,NA,NA,NA,NA,NA,NA,NA,NA,NA,NA,NA
24,"AGO","Angola",NA,NA,NA,NA,NA,NA,NA,NA,NA,-0.100447698783008,0.740901486954802,0.838055340927123,0.685482491458252,0.35317453311487,-0.168008564538847,0.11801442803338,0.292418582359791,0.383601342980887,0.304579794244974,-0.0447254903599699
660,"AIA","Anguilla",NA,NA,NA,NA,NA,NA,NA,NA,NA,NA,NA,NA,NA,NA,NA,NA,NA,NA,NA,NA
28,"ATG","Antigua and Barbuda",NA,NA,NA,NA,NA,NA,NA,NA,NA,0.722225392278302,0.883341533494094,0.870136958360288,0.736649460245673,0.200998380427731,-0.111953339225742,0.0928432220063308,0.0772244609966683,0.111967524304664,0.347272159836567,0.511637302131803
32,"ARG","Argentina",NA,NA,NA,NA,NA,NA,NA,NA,NA,-0.752698571632193,-0.75032630028876,-0.631268427233448,-0.288638547022991,0.00586918335889105,0.270655751892369,-0.312655407817992,-0.326951521542893,-0.248293856441785,-0.123045809567298,-0.112402458399295
51,"ARM","Armenia",NA,NA,NA,NA,NA,NA,NA,NA,NA,0.809627369414619,0.886669445887566,0.929340581324544,0.875337722119254,0.668311077246404,0.357631521562294,0.232705877564447,0.083945797802354,0.0650264035413239,-0.24745303897845,-0.314553434997883
533,"ABW","Aruba",NA,NA,NA,NA,NA,NA,NA,NA,NA,0.321148629837928,0.155901325574385,-0.0313633175369683,-0.327164091730516,-0.666110789647572,-0.623601363317301,-0.341762279647807,-0.352076602319449,0.0991443936055532,0.2797531785421,0.46303746798544
36,"AUS","Australia",NA,NA,NA,NA,NA,NA,NA,NA,NA,0.242035597478064,0.497167504088881,0.0784338673704201,0.166796288386057,0.14371247985634,0.0717482498770325,-0.456404838660057,-0.630247778989402,-0.630708542185843,-0.207689578503402,0.15689278750197
40,"AUT","Austria",NA,NA,NA,NA,NA,NA,NA,NA,NA,-0.829423622790962,-0.850768831992568,-0.843924643826004,-0.865633331580239,-0.926925368168763,-0.926832682973666,-0.79675905374152,-0.800791097296313,-0.827081469070336,-0.830788104518535,-0.80618828368888
31,"AZE","Azerbaijan",NA,NA,NA,NA,NA,NA,NA,NA,NA,0.824699927648878,0.626380948588573,-0.30707680521242,-0.399537108530212,0.656235498169614,0.620063007304942,0.732503057530179,0.697382753420169,0.758767872016344,0.479538546512595,0.288662908132011
44,"BHS","Bahamas",NA,NA,NA,NA,NA,NA,NA,NA,NA,0.199050936283415,0.274061578704425,0.433492462832831,0.781868297181764,0.904424820223709,0.894178178728904,-0.214920210618186,-0.322332113733066,0.0701237401660607,0.28858679000929,0.466232136550715
48,"BHR","Bahrain",NA,NA,NA,NA,NA,NA,NA,NA,NA,0.911498790447023,0.951494373868201,0.949377182249815,0.894060923860303,0.83691318857012,0.79958216211803,0.73935686990727,0.588040126235368,-0.172006946825289,-0.596378807586879,-0.517727978835023
50,"BGD","Bangladesh",NA,NA,NA,NA,NA,NA,NA,NA,NA,0.970144738646261,0.957564708098765,0.93961698050659,0.974698304708685,0.980944263543359,0.987092754913556,0.98266432508845,0.977572677816243,0.981232445949383,0.815120339071758,0.572008886193408
52,"BRB","Barbados",NA,NA,NA,NA,NA,NA,NA,NA,NA,0.288090271377719,0.836342487954739,0.852093914575856,0.837185401535678,0.923672866305999,0.877105627256367,0.694053178978402,0.0397699623272014,0.0576902224531031,0.114806515579939,0.184310564341783
112,"BLR","Belarus",NA,NA,NA,NA,NA,NA,NA,NA,NA,0.942263721057151,0.929952461881556,0.915633314686051,0.885513242851675,0.83187630425502,0.701956705637655,0.453001163010645,0.417446239186904,0.555672176947673,0.188345230338536,-0.188068360755569
56,"BEL","Belgium",NA,NA,NA,NA,NA,NA,NA,NA,NA,-0.837693013122175,-0.879328082000799,-0.894366171481726,-0.902332300610197,-0.890718752200186,-0.815134178144309,-0.779508273401085,-0.853341692424912,-0.903962721306049,-0.926401009445803,-0.952632783948624
84,"BLZ","Belize",NA,NA,NA,NA,NA,NA,NA,NA,NA,0.60900843416083,0.336574766200223,0.188205129204232,0.124367517183551,-0.020912410291444,0.138701516021615,-0.249425423576514,0.196961565121568,0.510613336231049,0.645038805653846,0.725433892802438
204,"BEN","Benin",NA,NA,NA,NA,NA,NA,NA,NA,NA,0.973377121364472,0.971381401521238,0.970520279209437,0.966957511850994,0.975476057780615,0.992643585260926,0.981900934377888,0.981929795377666,0.988984113232433,0.991005986442689,0.991696462174167
60,"BMU","Bermuda",NA,NA,NA,NA,NA,NA,NA,NA,NA,0.851163305714976,0.857543454441206,0.842271569200666,0.823767183281215,0.649848466766191,0.368772086446561,0.321369412673134,0.249597318079203,-0.188586282029235,0.716562607709324,0.855711586155255
64,"BTN","Bhutan",NA,NA,NA,NA,NA,NA,NA,NA,NA,0.756355369802261,0.755088780546985,0.827315201428485,0.869469352488108,0.969139450982508,0.965362880835984,0.95125918430741,0.939152569514136,0.887362521052114,0.412682097099204,-0.131776074857824
68,"BOL","Bolivia",NA,NA,NA,NA,NA,NA,NA,NA,NA,0.983015405027451,0.968063215304149,0.949728830600432,0.940007970231543,0.946900076418653,0.957001514203899,0.82224793461917,0.704352999080563,0.634757781525718,0.677120071431439,0.634933710404817
70,"BIH","Bosnia and Herzegovina",NA,NA,NA,NA,NA,NA,NA,NA,NA,0.72881245507471,0.780238133163664,0.914659635331384,0.909654352157198,0.936342350991588,0.894458044879506,0.884642424672784,0.671272999662823,0.472450814714745,-0.105661006955674,-0.550182887222606
72,"BWA","Botswana",NA,NA,NA,NA,NA,NA,NA,NA,NA,-0.23634873266802,-0.46952445174813,-0.703541604119107,-0.848268262684238,-0.889113833737841,-0.980072676909815,-0.927933272093354,-0.894479985421934,-0.728231531011667,-0.624099967282302,-0.584556165920014
76,"BRA","Brazil",NA,NA,NA,NA,NA,NA,NA,NA,NA,0.951773600085495,0.922020451056704,0.825528259379313,0.693998948974509,0.557016226999483,0.163042953555701,-0.399271553222649,-0.244558010908593,0.277669766239027,0.725244177499948,0.88560296784411
92,"VGB","British Virgin Islands",NA,NA,NA,NA,NA,NA,NA,NA,NA,NA,NA,NA,NA,NA,NA,NA,NA,NA,NA,NA
96,"BRN","Brunei Darussalam",NA,NA,NA,NA,NA,NA,NA,NA,NA,-0.360927294634077,-0.254068097399769,-0.0623379285621417,0.0371936138835339,0.378785002680927,0.766063180637803,0.630040895480555,0.424351570026931,0.00990495330994587,-0.282191666167344,-0.422653731260565
100,"BGR","Bulgaria",NA,NA,NA,NA,NA,NA,NA,NA,NA,-0.469739933047094,-0.488585067033566,-0.642407163579748,-0.477303711194156,-0.573232272433854,-0.682100498788882,-0.706858091093998,-0.709025437050006,-0.688010558791503,-0.775704884155074,-0.870426691013296
854,"BFA","Burkina Faso",NA,NA,NA,NA,NA,NA,NA,NA,NA,0.989948171937633,0.990432425366962,0.993006301164673,0.996954163475474,0.99689567768721,0.996895695760738,0.76930103696679,0.795353781282919,0.804613447944664,0.773123911787013,0.721517691887776
108,"BDI","Burundi",NA,NA,NA,NA,NA,NA,NA,NA,NA,0.95777656251726,0.96357098808874,0.967689818857518,0.971876164621107,0.968313016899151,0.923117335840123,0.854103529742184,0.850327454204426,0.848287088898673,0.877076484292812,0.891560009586355
132,"CPV","Cabo Verde",NA,NA,NA,NA,NA,NA,NA,NA,NA,0.753617272675818,0.805181230018304,0.933105556316815,0.704161336591987,0.533390553339001,0.407200325259225,8.62883655596572e-05,-0.161266318832239,0.157888505263893,0.374222051565861,0.544232734351995
116,"KHM","Cambodia",NA,NA,NA,NA,NA,NA,NA,NA,NA,0.921707105924416,0.862000003155535,0.847356337712948,0.880743445033881,0.924046893610027,0.933480182751229,0.929298019115427,0.906453593641947,0.903899912371418,0.90698457490467,0.917946144594473
120,"CMR","Cameroon",NA,NA,NA,NA,NA,NA,NA,NA,NA,0.442402074376857,0.799534255026022,0.906557862048815,0.891882005615549,0.82582703790635,0.791864094652035,0.734002065564685,0.613931409534766,0.388409588647409,-0.023494409325987,-0.416718536667999
124,"CAN","Canada",NA,NA,NA,NA,NA,NA,NA,NA,NA,0.389928017929528,0.602969383481833,0.747863040550951,0.835142820907683,0.866093524128837,0.747754292305153,0.151586718503859,-0.265723210841378,-0.439450542391472,-0.471894540753343,-0.307730941685191
136,"CYM","Cayman Islands",NA,NA,NA,NA,NA,NA,NA,NA,NA,NA,-0.0371608412167509,0.444757612292732,0.859183765889955,0.966031737131593,0.99411841199647,0.947417920339015,0.942218643921418,0.94957740152723,0.944160372400963,NA
140,"CAF","Central African Republic",NA,NA,NA,NA,NA,NA,NA,NA,NA,0.151907979601054,-0.142449848962879,-0.410172968977432,-0.492181867030648,-0.563737970669447,-0.51429890747322,-0.283067443539236,0.0662871722290162,0.943987297730658,0.811743537999445,0.787446241198229
148,"TCD","Chad",NA,NA,NA,NA,NA,NA,NA,NA,NA,0.976004910249085,0.97198238097103,0.923146441889067,0.842856318026526,0.80491448524825,0.84168981658242,0.84871781960735,0.86212241452387,0.877051293702896,0.904440577432334,0.936841490472419
152,"CHL","Chile",NA,NA,NA,NA,NA,NA,NA,NA,NA,0.627296912672244,0.293424329804552,-0.0152088060650318,0.0127551385394355,0.324159270221538,0.568541218512051,0.355351585435807,0.235420249758176,0.370159347915652,0.48832354481751,0.375881667585041
156,"CHN","China",NA,NA,NA,NA,NA,NA,NA,NA,NA,0.972079571602001,0.95088218806984,0.860055115712781,0.760273321435542,0.669198881321861,0.525543741259378,0.319538342504013,0.481796701278135,0.557170540843736,0.7002576451861,0.82379957356801
170,"COL","Colombia",NA,NA,NA,NA,NA,NA,NA,NA,NA,0.591001262058862,0.21460831888563,-0.207941527673186,-0.276884123512221,0.0155478688224174,0.32289833306163,0.506607573696852,0.738506546229031,0.838232811426711,0.878498612504385,0.858267847847762
174,"COM","Comoros",NA,NA,NA,NA,NA,NA,NA,NA,NA,0.988796849568655,0.996438317980793,0.995697036288529,0.996591235878665,0.996762904768922,0.994277430418503,0.982372457549604,0.981690906786281,0.982163412581689,0.981575808340683,0.973313253811532
184,"COK","Cook Islands",NA,NA,NA,NA,NA,NA,NA,NA,NA,NA,NA,NA,NA,NA,NA,NA,NA,NA,NA,NA
188,"CRI","Costa Rica",NA,NA,NA,NA,NA,NA,NA,NA,NA,0.610763325414324,0.386064428113552,0.113825942505131,0.0523433687913176,0.326961787569858,0.552490945334365,0.793551858313052,0.91020842080845,0.903586058273569,0.896928896347856,0.92981741151179
384,"CIV","Cote d'Ivoire",NA,NA,NA,NA,NA,NA,NA,NA,NA,0.914025281856892,0.906465527855721,0.923001080907779,0.909374302469959,0.822326204590219,0.817883006949096,0.858348469728644,0.854734054331851,0.848108260957037,0.866175546654825,0.88056362438305
191,"HRV","Croatia",NA,NA,NA,NA,NA,NA,NA,NA,NA,-0.529696164086256,-0.788118413599893,-0.549690040054846,-0.0821757032607866,0.371547016190369,0.251007307106712,0.192969249018769,-0.281301216884874,-0.611977227588042,-0.81568956507199,-0.885966771937339
192,"CUB","Cuba",NA,NA,NA,NA,NA,NA,NA,NA,NA,NA,NA,NA,NA,NA,NA,NA,NA,NA,NA,NA
531,"CUW","Curacao",NA,NA,NA,NA,NA,NA,NA,NA,NA,-0.480812598967185,-0.375099025139427,-0.264242813963543,0.455349502245866,0.669127268814878,0.838955031463575,0.797378922360401,0.831090794504908,0.836342576100461,0.815648222316519,0.758080847940802
196,"CYP","Cyprus",NA,NA,NA,NA,NA,NA,NA,NA,NA,0.0848325149072927,-0.34097717235479,-0.43072357403585,-0.0237814284979621,0.462933918740107,0.705059765545338,0.835663193430938,0.926248137333527,0.933968600169057,0.95571095462981,0.942716760368937
203,"CZE","Czechia",NA,NA,NA,NA,NA,NA,NA,NA,NA,-0.342420434628858,-0.584966110386549,-0.648225015141026,-0.670790175202097,-0.8181656907348,-0.845200419620752,-0.784513919514621,-0.781573290445591,-0.730301792550438,-0.710586674895732,-0.746472858949863
180,"COD","Dem. Rep. Congo",NA,NA,NA,NA,NA,NA,NA,NA,NA,0.945226580800775,0.961927504476429,0.970714268406377,0.975647466421663,0.965056389047398,0.956086576587477,0.944736431189848,0.958580110938949,0.969219973011416,0.964408804066147,0.955100616685013
208,"DNK","Denmark",NA,NA,NA,NA,NA,NA,NA,NA,NA,-0.0348093003489011,0.085502246507979,0.192514507451425,0.192113626643125,0.198591571761437,-0.42628341114482,-0.2967170324824,-0.418089226628693,-0.569347550972457,-0.690119411445694,-0.837279831751008
262,"DJI","Djibouti",NA,NA,NA,NA,NA,NA,NA,NA,NA,0.907508764812658,0.916983658259289,0.931602247577813,0.950254925221302,0.987488720120228,0.991761850160056,0.985520243638765,0.982376236250736,0.981493385323159,0.98838511070107,0.982948351451436
212,"DMA","Dominica",NA,NA,NA,NA,NA,NA,NA,NA,NA,0.709929523503684,0.589909962468363,0.397567188560218,-0.270987212922195,-0.246653405980344,-0.181175934525637,-0.375033012776575,-0.536219098288132,-0.344161810030784,-0.00863985064157456,0.289588405525017
214,"DOM","Dominican Republic",NA,NA,NA,NA,NA,NA,NA,NA,NA,0.952822110220501,0.914464641809894,0.941025612732231,0.962547618573257,0.987356483346794,0.994626838210729,0.935977773420244,0.939523144295571,0.947716765284696,0.955376147255893,0.958275696413222
218,"ECU","Ecuador",NA,NA,NA,NA,NA,NA,NA,NA,NA,0.910103707789353,0.819832164541012,0.737470942916954,0.500746408882164,-0.0574728194972346,-0.483599601123187,-0.576561353665695,-0.636519471189537,-0.672885742333308,-0.666315012778709,-0.724382153510442
818,"EGY","Egypt",NA,NA,NA,NA,NA,NA,NA,NA,NA,0.361758167016635,-0.230092482378128,-0.526142802122448,-0.54329843449803,-0.314729295541351,-0.617723074310239,-0.822463665094192,-0.879631324274413,-0.8889787821588,-0.866776487737885,-0.828509843847773
222,"SLV","El Salvador",NA,NA,NA,NA,NA,NA,NA,NA,NA,-0.763825510293176,-0.760238061901543,-0.737268962505982,-0.725610879090406,-0.750803766101069,-0.703006184014105,-0.557200916530684,-0.238374163408033,0.323282584721308,0.372032786107441,0.625712771025266
226,"GNQ","Equatorial Guinea",NA,NA,NA,NA,NA,NA,NA,NA,NA,-0.480141257455052,-0.678302528071808,-0.167037684782495,0.639925102867077,0.822071407613173,0.877142506876656,0.934632260249618,0.941406942048995,0.924333156649111,0.926198962565936,0.964990586428941
232,"ERI","Eritrea",NA,NA,NA,NA,NA,NA,NA,NA,NA,NA,NA,NA,NA,NA,NA,NA,NA,NA,NA,NA
233,"EST","Estonia",NA,NA,NA,NA,NA,NA,NA,NA,NA,0.126784322040674,0.0555635494524874,0.116811451656481,0.474127273354523,0.724764045188364,-0.304424733118029,-0.519514762389188,-0.723744596128335,-0.803189459365096,-0.81195968997724,-0.787235966931138
748,"SWZ","Eswatini",NA,NA,NA,NA,NA,NA,NA,NA,NA,-0.858580667741095,-0.793906922301553,-0.72136654159247,-0.664048830513139,-0.565704865336414,-0.300158027178723,0.0341807799471049,-0.144146698940442,0.029172392348224,-0.013848227088384,-0.074607806816532
231,"ETH","Ethiopia",NA,NA,NA,NA,NA,NA,NA,NA,NA,0.946953647806235,0.955877786051097,0.981834391466218,0.990442162431814,0.994616569375563,0.987554324666845,0.985237049758763,0.981208717607726,0.97789255745643,0.978507336889476,0.9767089533204
234,"FRO","Faeroe Islands",NA,NA,NA,NA,NA,NA,NA,NA,NA,NA,NA,NA,0.952758432843953,0.961519800066644,0.95096214126713,0.947358370984167,0.933267380373349,0.844305074697652,0.917400532540636,0.930186679935948
238,"FLK","Falkland Islands",NA,NA,NA,NA,NA,NA,NA,NA,NA,NA,NA,NA,NA,NA,NA,NA,NA,NA,NA,NA
242,"FJI","Fiji",NA,NA,NA,NA,NA,NA,NA,NA,NA,-0.729087093503206,-0.86316941302939,-0.897844734266741,-0.883705735508344,-0.850973007934892,-0.780200322151712,-0.678816244052558,-0.455398957422899,-0.253775713008322,0.556513683003895,0.634619274868165
246,"FIN","Finland",NA,NA,NA,NA,NA,NA,NA,NA,NA,0.158217147629844,0.392034391442073,0.520246929679877,-0.089957434696116,-0.67153657799322,-0.754344243574774,-0.770023236003331,-0.196145470118543,0.296940815781009,0.431272597585421,0.522807349690647
250,"FRA","France",NA,NA,NA,NA,NA,NA,NA,NA,NA,-0.704661736429375,-0.826847166423845,-0.897882483951949,-0.911496492847939,-0.962131982700293,-0.962383494764202,-0.58465544854914,-0.635799361579728,-0.712294445464125,-0.766541411416555,-0.802640183189584
258,"PYF","French Polynesia",NA,NA,NA,NA,NA,NA,NA,NA,NA,NA,NA,NA,NA,NA,NA,NA,NA,NA,NA,NA
266,"GAB","Gabon",NA,NA,NA,NA,NA,NA,NA,NA,NA,-0.554404387968376,-0.61678246586013,-0.561434780961045,-0.759006742293746,-0.657300272439514,-0.597876689419232,-0.520270900598434,-0.488784956941288,-0.370403208073527,0.153729371773062,0.492748621448789
270,"GMB","Gambia",NA,NA,NA,NA,NA,NA,NA,NA,NA,0.944807707613067,0.93513060193414,0.919203683018566,0.723287001311561,0.117464637779318,0.0311567009045503,-0.00330380212357439,-0.492268029098379,-0.714354810831154,-0.599523705791052,-0.390469547888603
268,"GEO","Georgia",NA,NA,NA,NA,NA,NA,NA,NA,NA,0.536053000971295,0.619513231347604,0.593184565296706,0.385225716041544,0.0364349282061326,-0.373898868489763,-0.64537367579783,-0.824173451706314,-0.698960930495891,-0.60869456854816,-0.564341366514751
276,"DEU","Germany",NA,NA,NA,NA,NA,NA,NA,NA,NA,-0.815175293410768,-0.799186525488797,-0.815960009884595,-0.885863310048842,-0.97324695709582,-0.973061927975824,-0.843452480023437,-0.832036364867685,-0.827209591561739,-0.791592779395245,-0.735918483303565
288,"GHA","Ghana",NA,NA,NA,NA,NA,NA,NA,NA,NA,0.983490711263352,0.983923741171806,0.982694346519798,0.978729298713439,0.98780634784637,0.98797938155262,0.983841809563513,0.938235474918019,0.91698471359231,0.903540481364359,0.867149735400393
300,"GRC","Greece",NA,NA,NA,NA,NA,NA,NA,NA,NA,0.854202413888503,0.864181585193836,0.807560228152289,0.770701177715539,0.626703683673714,0.442748105602173,0.39278042786175,-0.0976782559014095,-0.369528852560323,-0.338429692360841,-0.337491410406045
304,"GRL","Greenland",NA,NA,NA,NA,NA,NA,NA,NA,NA,0.846474979663276,0.783804344191426,0.558194665836631,0.347769163288577,0.168332601487192,-0.330152397732127,-0.621111198551325,-0.250598507207702,0.147597079171991,0.81882307099808,NA
308,"GRD","Grenada",NA,NA,NA,NA,NA,NA,NA,NA,NA,0.503059996262821,0.848436694329157,0.925207402565016,0.982565975516121,0.995767270103092,0.980944383693112,0.763518995395914,0.650915220656926,0.581645692773195,0.579950370173607,0.656520742900245
320,"GTM","Guatemala",NA,NA,NA,NA,NA,NA,NA,NA,NA,0.984127067253817,0.98259888730881,0.983265154284487,0.991225393264861,0.997476049480353,0.997581584815939,0.99011884659695,0.988160209423737,0.985193893441741,0.980436264193755,0.973028506065301
831,"GGY","Guernsey",NA,NA,NA,NA,NA,NA,NA,NA,NA,NA,NA,NA,NA,NA,NA,NA,NA,NA,NA,NA
324,"GIN","Guinea",NA,NA,NA,NA,NA,NA,NA,NA,NA,0.97277779977024,0.974678878498238,0.960099105919452,0.94998450549126,0.969037198828869,0.98711872244569,0.988698523118538,0.992098557001993,0.987354658734038,0.988032392739142,0.987145317656381
624,"GNB","Guinea-Bissau",NA,NA,NA,NA,NA,NA,NA,NA,NA,0.932616807912704,0.905423428443499,0.889597453359086,0.839147513687757,0.83627801025804,0.846995134262692,0.870463203290248,0.90195846560824,0.924133023203824,0.976557777323578,0.979411022096518
328,"GUY","Guyana",NA,NA,NA,NA,NA,NA,NA,NA,NA,0.943162906670133,0.946814851809925,0.884550919604959,0.855017167590634,0.768465938829702,0.699852023054298,0.883613392924454,0.921461849099212,0.983890940353346,0.992197693197725,0.955402085848461
332,"HTI","Haiti",NA,NA,NA,NA,NA,NA,NA,NA,NA,0.926857200968703,0.911809960265602,0.90026326384734,0.890852849619272,0.903977990971569,0.959302874577216,0.933840402792772,0.884183658648451,0.779640871565303,0.402404689597327,0.039040978440067
336,"VAT","Holy See",NA,NA,NA,NA,NA,NA,NA,NA,NA,NA,NA,NA,NA,NA,NA,NA,NA,NA,NA,NA
340,"HND","Honduras",NA,NA,NA,NA,NA,NA,NA,NA,NA,0.89784798387292,0.854904657814482,0.853313851182373,0.831306578244519,0.898084724115413,0.90577815823469,0.832819589853118,0.83247778970073,0.851681341847698,0.87661719065738,0.891243008489116
344,"HKG","Hong Kong",NA,NA,NA,NA,NA,NA,NA,NA,NA,0.992841380805141,0.992927595514536,0.9924038909264,0.994887447857032,0.9959640856747,0.962056842448071,0.717118658862235,0.684882098607485,0.499422251882322,0.377317673955055,0.31881424799144
348,"HUN","Hungary",NA,NA,NA,NA,NA,NA,NA,NA,NA,-0.08877742399006,-0.180284129399888,-0.443013262486381,-0.64285213332438,-0.682562036417875,-0.687036208905854,-0.671164437583413,-0.667749749075502,-0.707290439606918,-0.664771346558335,-0.807218730752081
352,"ISL","Iceland",NA,NA,NA,NA,NA,NA,NA,NA,NA,0.18120005966078,-0.00755617764493536,-0.0777234901392844,-0.321598768839255,-0.589934588755439,-0.70661582293885,-0.640134856190904,-0.616701429693292,-0.762114451502445,-0.903003674937072,-0.92473114339188
356,"IND","India",NA,NA,NA,NA,NA,NA,NA,NA,NA,0.674210359937277,0.544998154010678,0.487966274098313,0.504231272870194,0.650324453400044,0.700611158114785,0.730041088480705,0.849125288885133,0.969253368352906,0.973064593744204,0.983641753290332
360,"IDN","Indonesia",NA,NA,NA,NA,NA,NA,NA,NA,NA,0.972431866050114,0.94379202246248,0.911113064270143,0.901841297038705,0.910739324718721,0.915506601564115,0.909748788188767,0.917084604381241,0.948011437733544,0.966201171860519,0.990756261779915
364,"IRN","Iran",NA,NA,NA,NA,NA,NA,NA,NA,NA,-0.415678616466626,-0.507015315692852,0.145863040106737,0.474161992347399,0.582276471889174,0.647575972647881,0.531812330498081,0.550648443464063,0.55247412133643,0.689284629237985,0.757255938459482
368,"IRQ","Iraq",NA,NA,NA,NA,NA,NA,NA,NA,NA,0.979697063147962,0.980875755988537,0.976421309743438,0.969605466923678,0.966485403405455,0.967897258562104,0.963826832708597,0.971593875237301,0.97428470203224,0.952500865398133,0.935542691270952
372,"IRL","Ireland",NA,NA,NA,NA,NA,NA,NA,NA,NA,0.0986910629583408,0.199759528028977,0.66856852113099,0.820118899647931,0.363138335100247,0.0944262875430651,-0.180373858657044,-0.438728246261712,-0.595598047873868,-0.70179563953589,-0.796722886120481
833,"IMN","Isle of Man",NA,NA,NA,NA,NA,NA,NA,NA,NA,NA,NA,NA,NA,NA,NA,NA,NA,NA,NA,NA
376,"ISR","Israel",NA,NA,NA,NA,NA,NA,NA,NA,NA,0.997327661461415,0.994703798607939,0.987180259163323,0.984182693123219,0.985394464046117,0.986607660580548,0.957801913175764,0.947059070298624,0.942853159203374,0.944102081373067,0.948318654478555
380,"ITA","Italy",NA,NA,NA,NA,NA,NA,NA,NA,NA,0.656268775242316,0.68870663607023,0.693639054618364,0.644976112032344,0.430394678688747,0.38081537910436,-0.00273438153853772,-0.084885811010305,-0.278519208646239,-0.580649158283779,-0.752865239181453
388,"JAM","Jamaica",NA,NA,NA,NA,NA,NA,NA,NA,NA,0.0279121650544172,0.499598286610321,0.336857097057721,0.283951904781092,0.32357141479125,-0.260241912868147,-0.334599531782219,-0.424250852321295,-0.545602469881205,-0.58271959897015,-0.553585396976477
392,"JPN","Japan",NA,NA,NA,NA,NA,NA,NA,NA,NA,-0.340864114745108,-0.647651300082397,-0.760212424169271,-0.831819649642706,-0.876052175430905,-0.914533400102156,-0.72922013059165,-0.645383946436727,-0.570674074864804,-0.485374207946084,-0.341655364593791
832,"JEY","Jersey",NA,NA,NA,NA,NA,NA,NA,NA,NA,NA,NA,NA,NA,NA,NA,NA,NA,NA,NA,NA
400,"JOR","Jordan",NA,NA,NA,NA,NA,NA,NA,NA,NA,0.978336470326962,0.98228857764364,0.978134305297244,0.97950263040506,0.991950347257865,0.992351706550267,0.971281049365297,0.96782311769829,0.974416224397976,0.972862895289644,0.966108813153042
398,"KAZ","Kazakhstan",NA,NA,NA,NA,NA,NA,NA,NA,NA,0.94200023035605,0.740120555345083,0.557733410436212,0.479794668552274,0.533024936584539,0.496029638484613,0.520343211567866,0.709322393831931,0.851477562738388,0.794943376207968,0.667540159289899
404,"KEN","Kenya",NA,NA,NA,NA,NA,NA,NA,NA,NA,0.66792068165574,0.505053589589035,0.520647194413729,0.35813623087465,0.658799742798305,0.71627326208893,0.742352674381705,0.810651345856369,0.849915775224834,0.779725623379342,0.707192861073646
296,"KIR","Kiribati",NA,NA,NA,NA,NA,NA,NA,NA,NA,0.916604301689741,0.914289010034769,0.947330495231345,0.981288464059106,0.991961746873302,0.992907261880299,0.965861490909885,0.963551293136384,0.966741084161874,0.969844867449554,0.980011006267446
689,"XKX","Kosovo",NA,NA,NA,NA,NA,NA,NA,NA,NA,NA,NA,NA,NA,NA,NA,NA,NA,NA,NA,NA
414,"KWT","Kuwait",NA,NA,NA,NA,NA,NA,NA,NA,NA,0.472866057392349,0.753504407845011,0.969692986764452,0.981316878313579,0.978655443628366,0.949940664512969,0.752521662527895,0.447742399733946,0.664452471205772,0.741535206085957,0.751511094943602
417,"KGZ","Kyrgyzstan",NA,NA,NA,NA,NA,NA,NA,NA,NA,0.966844178580755,0.974770236130363,0.980455047003045,0.978014244383348,0.985735637772594,0.986966565618459,0.964838761876442,0.966367034831684,0.947844936742748,0.911176303073266,0.866114842269486
418,"LAO","Laos",NA,NA,NA,NA,NA,NA,NA,NA,NA,0.983048636685186,0.983133689802325,0.986653866402091,0.990407511225223,0.983041893776472,0.977753874891463,0.976504777089218,0.978708416542602,0.97319557823204,0.951306983431206,0.946281652895901
428,"LVA","Latvia",NA,NA,NA,NA,NA,NA,NA,NA,NA,0.170751255081554,0.123659687363796,0.245992010052776,0.657146598527938,0.458014477474479,0.206820285085653,-0.227169786555841,-0.648500803144269,-0.792028867823331,-0.879933337533691,-0.863894845101778
422,"LBN","Lebanon",NA,NA,NA,NA,NA,NA,NA,NA,NA,0.889177278863825,0.880626701301804,0.900139020944234,0.92989155891834,0.964093167944056,0.729714652225053,-0.218239079491308,-0.62702208508977,-0.842794194191422,-0.92976759309083,-0.965606345643491
426,"LSO","Lesotho",NA,NA,NA,NA,NA,NA,NA,NA,NA,-0.0965366191327752,-0.16881555488003,-0.470743249914083,-0.224893877097506,-0.37218550670934,-0.345587140486453,0.273962945663841,0.628235538622687,0.809755474041921,0.861314612916263,0.889793606721925
430,"LBR","Liberia",NA,NA,NA,NA,NA,NA,NA,NA,NA,0.971773363187809,0.968611784106628,0.943592321557371,0.923279717310638,0.884788884744937,0.783077445765957,0.578317403242272,0.416130722771423,0.352304516196106,0.584221888099199,0.710701030864114
434,"LBY","Libya",NA,NA,NA,NA,NA,NA,NA,NA,NA,0.923000769406031,0.971706720710277,0.986579153189191,0.98095888834367,0.977789378411369,0.949918077698377,0.93000290411008,0.864733743109625,0.724871679837057,0.695722724082759,0.671256763510266
438,"LIE","Liechtenstein",NA,NA,NA,NA,NA,NA,NA,NA,NA,NA,NA,NA,NA,NA,NA,NA,NA,NA,NA,NA
440,"LTU","Lithuania",NA,NA,NA,NA,NA,NA,NA,NA,NA,-0.172189273729642,-0.305826738085563,-0.403488997689859,-0.732316506374233,-0.914943194551036,-0.947556782983269,-0.972965589262688,-0.982551521634553,-0.983816263929416,-0.976721092056723,-0.981961404270445
442,"LUX","Luxembourg",NA,NA,NA,NA,NA,NA,NA,NA,NA,0.561181696127615,0.480999504672056,0.498316113935236,0.644053352424422,0.631998640828575,0.563339087006467,0.502204000669724,0.254316634574351,-0.0712879253849622,-0.41927505193279,-0.714767245502133
446,"MAC","Macao",NA,NA,NA,NA,NA,NA,NA,NA,NA,0.980865499445725,0.787005871211153,0.660436038621814,0.58872987456401,0.449118197649568,0.117258495558934,-0.565453433773994,-0.747896993735917,-0.859359379766533,-0.772990863155143,-0.49831354633122
450,"MDG","Madagascar",NA,NA,NA,NA,NA,NA,NA,NA,NA,0.854256425867751,0.806039693930451,0.717943380351082,0.677689075424482,0.521159095724717,0.595437650139588,0.593917398926501,0.581724359022576,0.702710534018482,0.724442115700734,0.831888567729603
454,"MWI","Malawi",NA,NA,NA,NA,NA,NA,NA,NA,NA,0.990585807137898,0.988966817042102,0.989434316722071,0.992197413995162,0.993943413183769,0.98978301800809,0.986180221212265,0.987954345719822,0.992172820676897,0.994362862354648,0.993629936694094
458,"MYS","Malaysia",NA,NA,NA,NA,NA,NA,NA,NA,NA,-0.680687767102212,-0.664312458196774,-0.422113014901876,-0.170853987201063,0.181630748591088,0.870981297099418,0.899569660619498,0.777571531704023,0.631005484562373,0.394279894573204,0.0576614940705547
462,"MDV","Maldives",NA,NA,NA,NA,NA,NA,NA,NA,NA,0.96215110749105,0.974307075424639,0.973240414729349,0.973702662997674,0.982669191622788,0.984178432198112,0.632422976142662,0.609892861473809,0.660099732185598,0.698857756976394,0.731870972468553
466,"MLI","Mali",NA,NA,NA,NA,NA,NA,NA,NA,NA,0.9842812296984,0.983485353363672,0.988371040799958,0.990614498679082,0.992044224648603,0.987172907130952,0.989607974750021,0.985609660355354,0.983029902492729,0.982779277588261,0.978946976465802
470,"MLT","Malta",NA,NA,NA,NA,NA,NA,NA,NA,NA,-0.751059207322396,-0.517185006831959,-0.18594401058799,0.138310926372817,0.580529066503122,0.907826231912462,0.928268492930314,0.902402710635211,0.868761284607896,0.821198556523621,0.81157764499087
584,"MHL","Marshall Islands",NA,NA,NA,NA,NA,NA,NA,NA,NA,NA,NA,NA,NA,NA,NA,NA,NA,NA,NA,NA
478,"MRT","Mauritania",NA,NA,NA,NA,NA,NA,NA,NA,NA,0.876915633791718,0.961084633243583,0.972388252636185,0.95359422909475,0.961504173106181,0.966672851746472,0.967729279610507,0.964466716155763,0.960668293627604,0.95890635124666,0.944803844046605
480,"MUS","Mauritius",NA,NA,NA,NA,NA,NA,NA,NA,NA,0.964235946228283,0.952356997374166,0.94604488569765,0.907492538083259,0.885780339957643,0.872788019298895,0.593484418480341,0.429863405524594,0.420616435095714,0.458959676525839,0.565706657865799
484,"MEX","Mexico",NA,NA,NA,NA,NA,NA,NA,NA,NA,0.000514249018324602,-0.46988850949026,-0.519755354390788,-0.583894690990603,-0.589111324073264,-0.238289535611978,-0.187546393191398,0.229902897084955,0.336415444002852,0.54124373418333,0.621594240680123
583,"FSM","Micronesia",NA,NA,NA,NA,NA,NA,NA,NA,NA,NA,NA,NA,NA,NA,NA,NA,NA,NA,NA,NA
498,"MDA","Moldova",NA,NA,NA,NA,NA,NA,NA,NA,NA,0.333850889276317,0.480934538587457,0.644136984939691,0.777743328015791,0.7549120168893,0.433153325828976,0.214920677972285,0.170416484302684,-0.359472615077992,-0.558185084423763,-0.618252075710835
492,"MCO","Monaco",NA,NA,NA,NA,NA,NA,NA,NA,NA,NA,NA,NA,NA,NA,NA,NA,NA,NA,NA,NA
496,"MNG","Mongolia",NA,NA,NA,NA,NA,NA,NA,NA,NA,0.924879961752158,0.906671675267782,0.900999099885135,0.882673362432544,0.887894041025294,0.889057785722589,0.893582733316092,0.92142213184147,0.921295405027658,0.900129179206702,0.914325717411279
499,"MNE","Montenegro",NA,NA,NA,NA,NA,NA,NA,NA,NA,-0.363242502232716,-0.303473862278994,0.0468088870161428,0.516784865655713,0.612052141092002,0.651363457177843,0.806419527628429,0.411233323230795,-0.161181363324956,-0.598621123349423,-0.816046127233419
504,"MAR","Morocco",NA,NA,NA,NA,NA,NA,NA,NA,NA,0.99505895294772,0.997904805252462,0.997674653625716,0.997429642758758,0.997063171162622,0.996292760791262,0.903981626507614,0.894802795943051,0.891985425646781,0.892212993207766,0.876005156805092
508,"MOZ","Mozambique",NA,NA,NA,NA,NA,NA,NA,NA,NA,0.876497106381971,0.909146152564532,0.909514800547303,0.924489240923223,0.923524974058461,0.897787858352233,0.842033776164075,0.784563093208514,0.787038946545006,0.789576601823404,0.767016868025506
104,"MMR","Myanmar",NA,NA,NA,NA,NA,NA,NA,NA,NA,0.35184527551575,0.037389888792296,0.104348760553094,0.378367414657001,-0.304946848664328,-0.529274968380984,-0.546773900696887,-0.505311576287303,-0.5264973055132,-0.470420315486669,-0.316029503885437
516,"NAM","Namibia",NA,NA,NA,NA,NA,NA,NA,NA,NA,0.228989536114948,0.792736799954136,0.80947535975481,0.801956064734822,0.825760869449739,0.8496548508275,0.7823038236137,0.49160806874551,0.590483318196444,0.625718914256366,0.77542082650666
520,"NRU","Nauru",NA,NA,NA,NA,NA,NA,NA,NA,NA,NA,NA,NA,NA,NA,NA,NA,NA,NA,NA,NA
524,"NPL","Nepal",NA,NA,NA,NA,NA,NA,NA,NA,NA,0.95053632768458,0.900963303469766,0.911833221183297,0.89056938688382,0.896276639427919,0.905290822923307,0.907189887897186,0.911306661302257,0.885472769548676,-0.205489732182146,-0.517805957175383
528,"NLD","Netherlands",NA,NA,NA,NA,NA,NA,NA,NA,NA,-0.728571757462038,-0.592042075991653,-0.557635218390927,-0.757588432816452,-0.933339210517553,-0.950292493990413,-0.899105970173923,-0.919213951218675,-0.919516884847729,-0.927759168308656,-0.925958002395685
540,"NCL","New Caledonia",NA,NA,NA,NA,NA,NA,NA,NA,NA,NA,NA,NA,NA,NA,NA,NA,NA,NA,NA,NA
554,"NZL","New Zealand",NA,NA,NA,NA,NA,NA,NA,NA,NA,-0.310201665037491,-0.559826146853491,-0.62538979539027,-0.73218674098603,-0.886989008209627,-0.938029246580539,-0.947475118907921,-0.962017371668743,-0.96288115442031,-0.963632861664145,-0.953977579755379
558,"NIC","Nicaragua",NA,NA,NA,NA,NA,NA,NA,NA,NA,0.982550694487923,0.98854300662675,0.983827773525156,0.964197792243907,0.970981801290541,0.951860234154006,0.865321590864268,0.82562943219633,0.792593628204281,0.745108702840543,0.705490792834235
562,"NER","Niger",NA,NA,NA,NA,NA,NA,NA,NA,NA,0.977018489351527,0.978854898192644,0.980075737909102,0.98248101395066,0.987591467303534,0.998799512962777,0.998326100695428,0.994281246145029,0.9929705778671,0.979175117119365,0.946816137798565
566,"NGA","Nigeria",NA,NA,NA,NA,NA,NA,NA,NA,NA,-0.40821087696814,-0.020867000369082,0.200588780811152,0.112030034586382,0.0049518305062594,-0.256516427067113,-0.424368592462396,-0.24949957183726,-0.0460292282121559,-0.12136385440681,-0.13010438569588
570,"NIU","Niue",NA,NA,NA,NA,NA,NA,NA,NA,NA,NA,NA,NA,NA,NA,NA,NA,NA,NA,NA,NA
408,"PRK","North Korea",NA,NA,NA,NA,NA,NA,NA,NA,NA,NA,NA,NA,NA,NA,NA,NA,NA,NA,NA,NA
807,"MKD","North Macedonia",NA,NA,NA,NA,NA,NA,NA,NA,NA,-0.418046671063933,-0.507223636380195,-0.523690424644989,-0.613829245468405,-0.652304095345648,-0.857593832286716,-0.892465942744639,-0.857086806222831,-0.839687033008358,-0.884006382385609,-0.940188244998565
578,"NOR","Norway",NA,NA,NA,NA,NA,NA,NA,NA,NA,-0.244098395032405,-0.592338096845622,-0.677318951300363,-0.756073931898271,-0.889039231662977,-0.902995603574339,-0.870095594828886,-0.908057468309119,-0.849582225500763,-0.788275945239936,-0.725259770287229
512,"OMN","Oman",NA,NA,NA,NA,NA,NA,NA,NA,NA,0.0821256690190932,0.715624218225654,0.931807211690339,0.972471200789833,0.994745647507958,0.995300400291492,0.987771060815741,0.971634508659268,0.952971541508902,0.958397382797747,0.916242644926038
586,"PAK","Pakistan",NA,NA,NA,NA,NA,NA,NA,NA,NA,0.995275973311264,0.994009226722958,0.985193613226807,0.985780906444565,0.982400445727426,0.984918916979808,0.979260757886486,0.978586129369072,0.97886969300064,0.968991267594139,0.968882429654122
585,"PLW","Palau",NA,NA,NA,NA,NA,NA,NA,NA,NA,0.238423523962311,-0.133157256517236,-0.455737456706938,-0.594899322151547,-0.648941548860451,-0.613112166161743,-0.358177064456721,-0.0729834833481058,-0.0968133481732183,-0.405880819092265,-0.674298384933612
591,"PAN","Panama",NA,NA,NA,NA,NA,NA,NA,NA,NA,0.90580318467734,0.738192405029336,0.590757425565651,0.301595070013034,0.152163951829846,-0.138403777506602,-0.509276153728509,-0.212619043403433,0.314078161493635,0.739605387339144,0.822731909034541
598,"PNG","Papua New Guinea",NA,NA,NA,NA,NA,NA,NA,NA,NA,-0.664870238676653,-0.319627668230219,0.134916682190293,0.376180890037379,0.915282856335351,0.964277666043744,0.960579094186692,0.950580346953893,0.925258919896873,0.865383267738847,0.845771253381683
600,"PRY","Paraguay",NA,NA,NA,NA,NA,NA,NA,NA,NA,0.963861914080917,0.943107221673139,0.89276037949505,0.812719627076829,0.687550017726558,0.46514214836147,0.351338062607367,0.0477145464452968,-0.34342913387253,-0.782701427619928,-0.688430895932182
604,"PER","Peru",NA,NA,NA,NA,NA,NA,NA,NA,NA,0.978765998697091,0.978904394912621,0.956692825035565,0.93343391489543,0.942907067526647,0.93747488733081,0.840136097131346,0.791220791931393,0.797885870047199,0.803643302385483,0.858612121748031
608,"PHL","Philippines",NA,NA,NA,NA,NA,NA,NA,NA,NA,0.952607709731906,0.918193067247524,0.940633287397911,0.961634691043005,0.970033626717971,0.97339012007381,0.948536049516173,0.934204528785175,0.930758426266685,0.934288582617766,0.881801335441561
616,"POL","Poland",NA,NA,NA,NA,NA,NA,NA,NA,NA,-0.950546698346251,-0.908733297157944,-0.865900549466444,-0.879769694239215,-0.912511648785894,-0.933725545706883,-0.899317728029606,-0.916642096983554,-0.929508396873291,-0.90485086126484,-0.91956318836151
620,"PRT","Portugal",NA,NA,NA,NA,NA,NA,NA,NA,NA,0.446617737225308,0.561828144144558,0.680609876142869,0.649922637973968,0.618454517450047,0.831184535430908,0.774938083313871,0.813886279463712,0.690924272037072,0.48937881381554,0.333299020219933
634,"QAT","Qatar",NA,NA,NA,NA,NA,NA,NA,NA,NA,0.521907094179853,0.530603388298014,0.523551584138137,0.664610474523148,0.762825854936684,0.66797496258909,0.148630703332516,-0.105439884921761,-0.462294102659866,-0.212611794287122,0.230135741853722
178,"COG","Republic of Congo",NA,NA,NA,NA,NA,NA,NA,NA,NA,-0.0239726743397957,-0.168808122361394,-0.00741630032169189,-0.148457512967468,-0.543870958037776,-0.736157349894765,-0.756765499366927,-0.692575173993646,-0.65813132648087,-0.623747063341992,-0.591090254038022
642,"ROU","Romania",NA,NA,NA,NA,NA,NA,NA,NA,NA,-0.457654289633508,-0.573474525681072,-0.532799923955283,-0.440947047584119,-0.626542276637478,-0.702239800444984,-0.82544422298214,-0.834473664768346,-0.867134039450524,-0.905683767317955,-0.917011965443408
643,"RUS","Russia",NA,NA,NA,NA,NA,NA,NA,NA,NA,0.924415840433556,0.919108888886556,0.885412188990535,0.857604086565305,0.893830443177806,0.894379286571746,0.900138570266501,0.86580675853275,0.863440213361945,0.817320063020163,0.709336712675414
646,"RWA","Rwanda",NA,NA,NA,NA,NA,NA,NA,NA,NA,0.95435729309482,0.966177237794528,0.966107924020645,0.961503700004901,0.964480386814415,0.96596720817628,0.963878065782178,0.959697943029382,0.926921166738529,0.883730483260383,0.833782416239969
652,"BLM","Saint Barthelemy",NA,NA,NA,NA,NA,NA,NA,NA,NA,NA,NA,NA,NA,NA,NA,NA,NA,NA,NA,NA
659,"KNA","Saint Kitts and Nevis",NA,NA,NA,NA,NA,NA,NA,NA,NA,-0.556647423520716,-0.620053211679364,-0.68977704466556,-0.694757865360648,-0.650403310635363,-0.47390122393244,-0.306561354424741,-0.177438715313143,-0.077488331641964,-0.0841230203376835,-0.0359980892166898
662,"LCA","Saint Lucia",NA,NA,NA,NA,NA,NA,NA,NA,NA,-0.471339658136681,0.0570234358493109,0.508736947668855,0.745283158111293,0.739787910700017,0.759896323025819,-0.0903203604345065,-0.177209294654606,0.150332272810559,0.305964821256856,0.448356347348074
882,"WSM","Samoa",NA,NA,NA,NA,NA,NA,NA,NA,NA,0.789080470686338,0.862306170417043,0.693048193545671,0.360912109028277,-0.164377481172852,-0.724708282869695,-0.772748811544322,-0.755074227009259,-0.748741500790912,-0.657934723984392,-0.545954540834589
674,"SMR","San Marino",NA,NA,NA,NA,NA,NA,NA,NA,NA,NA,NA,NA,NA,NA,NA,NA,NA,NA,NA,NA
678,"STP","Sao Tome and Principe",NA,NA,NA,NA,NA,NA,NA,NA,NA,0.972516354298059,0.991114385771266,0.996016879449233,0.995099461674655,0.994349492336567,0.995655634687408,0.994597000742317,0.986519817341626,0.984008675614274,0.978385756805249,0.969212438655409
682,"SAU","Saudi Arabia",NA,NA,NA,NA,NA,NA,NA,NA,NA,0.959659297432602,0.967803486497381,0.976424980443815,0.97968847486057,0.991899688093819,0.97574025201888,0.963745897458899,0.912785946002454,0.951725597860628,0.922414358963168,0.88245657943927
686,"SEN","Senegal",NA,NA,NA,NA,NA,NA,NA,NA,NA,0.958587696263674,0.96054249819441,0.961045108599633,0.945586190788157,0.956528943999955,0.953728597946626,0.956263464122805,0.962033601299971,0.964375673819346,0.963628366025866,0.957930225391236
688,"SRB","Serbia",NA,NA,NA,NA,NA,NA,NA,NA,NA,-0.469022023717637,-0.339846588311975,-0.168797649109246,-0.0614432370367047,-0.677429255123249,-0.667571688403472,-0.333835735908161,-0.351345020891524,-0.615761087452336,-0.735757928288675,-0.85253559184107
690,"SYC","Seychelles",NA,NA,NA,NA,NA,NA,NA,NA,NA,0.965612844157001,0.970155083290427,0.970484854672654,0.980389497606817,0.978912088246603,0.980525026491516,0.912518043179085,0.814653595314171,0.801877495877872,0.784708484090798,0.780522601558593
694,"SLE","Sierra Leone",NA,NA,NA,NA,NA,NA,NA,NA,NA,0.927767179645319,0.918677071442798,0.926483120367229,0.921374762908367,0.921243917962501,0.899685099916346,0.836900926254129,0.770515524213239,0.76835150623709,0.861692117761092,0.911852245142955
702,"SGP","Singapore",NA,NA,NA,NA,NA,NA,NA,NA,NA,0.932825296009539,0.953702461438301,0.958928003038962,0.969739141470721,0.965373641708061,0.954660995465611,0.942660091394032,0.84498515496159,0.656803950006251,0.417131404693658,0.373995684941769
534,"SXM","Sint Maarten",NA,NA,NA,NA,NA,NA,NA,NA,NA,NA,NA,NA,NA,NA,NA,NA,NA,NA,NA,NA
703,"SVK","Slovakia",NA,NA,NA,NA,NA,NA,NA,NA,NA,-0.0166746145767893,-0.266070170553731,-0.44558880195389,-0.511870390377245,-0.58822965172944,-0.81721884835916,-0.781403496593132,-0.453036693723019,-0.362279386709408,-0.297756738165615,-0.619657978409454
705,"SVN","Slovenia",NA,NA,NA,NA,NA,NA,NA,NA,NA,0.037201782364368,0.194809334222059,0.245031968788804,-0.018935763633006,-0.461499689888759,-0.517268683492785,-0.544673652439451,-0.693385445001663,-0.750196607226587,-0.765421628766861,-0.90127006882068
90,"SLB","Solomon Islands",NA,NA,NA,NA,NA,NA,NA,NA,NA,0.985167328227508,0.9752480503877,0.97551065099655,0.977091219883966,0.978989008885056,0.987893780311156,0.938834436013553,0.855365056569682,0.658136684400281,0.545220484427033,0.487305085924068
706,"SOM","Somalia",NA,NA,NA,NA,NA,NA,NA,NA,NA,0.653815861140118,0.877625813657195,0.922408856053176,0.92445214320153,0.952558135006627,0.954261645149194,0.908526659898972,0.898483805622922,0.899427339411065,0.901819868195438,0.921650834215369
710,"ZAF","South Africa",NA,NA,NA,NA,NA,NA,NA,NA,NA,0.966501752553953,0.964933129559126,0.872404550451126,0.85182607157613,0.831781139614742,0.754930131328616,0.643038040468906,0.156325360188491,-0.0787179299064063,-0.211554801134362,-0.21011349320117
410,"KOR","South Korea",NA,NA,NA,NA,NA,NA,NA,NA,NA,0.937400044676648,0.929446165827278,0.928095309519829,0.955572731726539,0.969349372580816,0.971805604496565,0.818809686700972,0.829137494289377,0.887821584452962,0.875601084622399,0.82366865848335
728,"SSD","South Sudan",NA,NA,NA,NA,NA,NA,NA,NA,NA,NA,NA,NA,NA,NA,NA,NA,NA,NA,NA,NA
724,"ESP","Spain",NA,NA,NA,NA,NA,NA,NA,NA,NA,0.625711349307594,0.721031456683502,0.614515781151778,0.434287520177605,0.395367915055625,0.608061576911516,0.624573451994246,0.677750927068476,0.712428504298224,0.418361785054374,-0.230281359724765
144,"LKA","Sri Lanka",NA,NA,NA,NA,NA,NA,NA,NA,NA,0.558241471986186,0.563240434116126,0.402323780347041,-0.325178848120737,-0.329091293320484,-0.528269217461762,-0.373572173262257,-0.206570082468239,-0.18029128618712,-0.0861314197444365,-0.427947357848911
670,"VCT","St. Vincent and the Grenadines",NA,NA,NA,NA,NA,NA,NA,NA,NA,0.00856206749092542,-0.646548970277238,-0.826892252819248,-0.858405934809384,-0.871249050051735,-0.856617638614091,-0.870798131729664,-0.86581102044697,-0.652656779920068,0.0233633682210665,0.670645452470443
275,"PSE","State of Palestine",NA,NA,NA,NA,NA,NA,NA,NA,NA,NA,NA,NA,NA,NA,NA,NA,NA,NA,NA,NA
729,"SDN","Sudan",NA,NA,NA,NA,NA,NA,NA,NA,NA,0.576000787320067,0.438712348464669,0.435430401984867,0.433369395690094,0.291887127245381,0.130125279404915,-0.0610271389141472,0.037895088938386,-0.450255603135224,-0.535159040168693,0.472906193776299
740,"SUR","Suriname",NA,NA,NA,NA,NA,NA,NA,NA,NA,0.944205849627885,0.927290855625704,0.845051433772112,0.732089816234636,0.470255754088869,0.305638847676124,0.0880192173445394,0.116312987693761,0.549912821718919,0.608259200500622,0.55819063746647
752,"SWE","Sweden",NA,NA,NA,NA,NA,NA,NA,NA,NA,-0.805072925321897,-0.810938541647996,-0.84491838166973,-0.912238498084859,-0.930847590126073,-0.909690824120593,-0.839095117140508,-0.765457465762779,-0.705540827339918,-0.609313546305863,-0.43339877943197
756,"CHE","Switzerland",NA,NA,NA,NA,NA,NA,NA,NA,NA,0.867447191508129,0.935975380067846,0.949902923097589,0.953349918999076,0.952832625485329,0.939214574389434,0.937850921131571,0.942867239044265,0.97987907698042,0.980419732324229,0.97689206497371
760,"SYR","Syria",NA,NA,NA,NA,NA,NA,NA,NA,NA,0.827662413523564,0.925127616657647,0.962415026488822,0.985943654961135,0.981556668660382,0.976626852659409,0.957540077533466,0.841159506441678,0.638139310655219,NA,NA
158,"TWN","Taiwan",NA,NA,NA,NA,NA,NA,NA,NA,NA,0.909075042506228,0.898373851325582,0.900010695496732,0.929992768680683,0.931256650333883,0.96130999804729,0.898756232669754,0.835009288615947,0.800327545747019,0.476682702486146,0.264914536429594
762,"TJK","Tajikistan",NA,NA,NA,NA,NA,NA,NA,NA,NA,0.989806507542712,0.990545185252391,0.991790301546993,0.996603419957485,0.988350984123751,0.976850703575475,0.974223191101572,0.975969752812712,0.97922096317843,0.979316361368934,0.976946262874973
834,"TZA","Tanzania",NA,NA,NA,NA,NA,NA,NA,NA,NA,0.99022831637495,0.993415365169742,0.99266554795286,0.979370959752357,0.96843613449011,0.970768681250858,0.978596246667968,0.979550636313336,0.979303663965287,0.934537914503273,0.94908730599273
764,"THA","Thailand",NA,NA,NA,NA,NA,NA,NA,NA,NA,0.695486112097746,0.198725909578752,-0.324848168524889,-0.609310910310615,-0.819619274812504,-0.946899513126463,-0.933328900235826,-0.926785231107066,-0.893092408650149,-0.854686959866688,-0.597901175970881
626,"TLS","Timor-Leste",NA,NA,NA,NA,NA,NA,NA,NA,NA,-0.258360745859874,-0.48802756807919,-0.593202898597705,-0.772102856908633,-0.78455596074387,-0.663800146371314,-0.558638464504543,-0.563075152792301,-0.629451550399946,-0.539390492138155,-0.410029505372888
768,"TGO","Togo",NA,NA,NA,NA,NA,NA,NA,NA,NA,0.979362758597106,0.975116478803488,0.978553612658757,0.97920113742784,0.980043302922045,0.980482754398627,0.978095130576872,0.978841848129046,0.986732294593307,0.996288407421964,0.994541543146876
776,"TON","Tonga",NA,NA,NA,NA,NA,NA,NA,NA,NA,0.728451114994328,0.864467135787259,0.91995968765497,0.935879949877061,0.971582806189925,0.963828873989379,0.964092624943965,0.943251344241336,0.862885212796137,0.815435299003721,0.292584985631545
780,"TTO","Trinidad and Tobago",NA,NA,NA,NA,NA,NA,NA,NA,NA,-0.449654926979297,-0.964530341716713,-0.72722362644436,-0.447741556037159,-0.255058485409178,-0.0152762417460039,0.410638802326598,0.845524223783526,0.904652328015605,0.884427934290478,0.796243449354879
788,"TUN","Tunisia",NA,NA,NA,NA,NA,NA,NA,NA,NA,0.0359362893674093,-0.509533289489926,-0.783900033491109,-0.944454946929986,-0.936247261373883,-0.953588683707986,-0.862549557943546,-0.809683171319021,-0.702559342747341,-0.561300036841898,-0.482481063185086
792,"TUR","Turkiye",NA,NA,NA,NA,NA,NA,NA,NA,NA,0.975302728931583,0.980164533971283,0.982755711721985,0.983603048272454,0.966171583620286,0.955957925527209,0.943238489080936,0.942998726816827,0.920851574308132,0.844844030003761,0.784147648231579
795,"TKM","Turkmenistan",NA,NA,NA,NA,NA,NA,NA,NA,NA,0.583272672818482,0.692744624324672,0.763573347727721,0.733067313271896,0.821274433812144,0.682931905447822,0.379625613318381,-0.219031369624513,-0.666028767862957,-0.641554474001345,-0.542266772980316
796,"TCA","Turks and Caicos Islands",NA,NA,NA,NA,NA,NA,NA,NA,NA,NA,NA,-0.543174810611586,-0.745578381359127,-0.783277376441462,-0.864068633529849,-0.742306752072749,-0.724678009589018,-0.72869249717876,-0.720933063860871,-0.710050835053547
798,"TUV","Tuvalu",NA,NA,NA,NA,NA,NA,NA,NA,NA,NA,NA,NA,NA,NA,NA,NA,NA,NA,NA,NA
800,"UGA","Uganda",NA,NA,NA,NA,NA,NA,NA,NA,NA,0.966208216620942,0.960068903407448,0.957498289685512,0.99626823869059,0.996750938615287,0.997328918491943,0.997914612191783,0.997765586656948,0.997928425363427,0.998086256340005,0.992169979374788
804,"UKR","Ukraine",NA,NA,NA,NA,NA,NA,NA,NA,NA,0.70191000121736,0.854836458586367,0.890705587631283,0.868057370191724,0.882770760851058,0.834561279047832,0.831641709918769,0.712002353731286,0.626329760603524,0.521916115240065,0.64480237234501
784,"ARE","United Arab Emirates",NA,NA,NA,NA,NA,NA,NA,NA,NA,0.947827048196411,0.958311032211832,0.961420286208883,0.955185767281589,0.959342251945948,0.966348389620848,0.95841788538862,0.938946398241152,0.896046447287677,0.911737712164189,0.888762556836827
826,"GBR","United Kingdom",NA,NA,NA,NA,NA,NA,NA,NA,NA,-0.65981023446054,-0.660972633366393,-0.712801300824227,-0.840031930506425,-0.95529337235459,-0.965703460603505,-0.754141265915807,-0.698539930733531,-0.675935732756715,-0.647035558170775,-0.630511056302594
840,"USA","United States of America",NA,NA,NA,NA,NA,NA,NA,NA,NA,-0.116273081835406,-0.217387691285339,-0.50547887169629,-0.463601646294101,0.166051677346081,0.505936132352916,0.491606796182774,0.466470551351729,0.411793921655457,0.412622578586564,0.531576578969841
858,"URY","Uruguay",NA,NA,NA,NA,NA,NA,NA,NA,NA,-0.499906259233855,-0.598741511747237,-0.49266495003375,-0.545477000016732,-0.322814926154523,0.168849468646701,0.381676449941001,0.638052192570407,0.418913039464614,0.464094493709521,0.704067734883044
860,"UZB","Uzbekistan",NA,NA,NA,NA,NA,NA,NA,NA,NA,0.805333840621408,0.80119181157429,0.868275231111725,0.867372291518328,0.932741063839608,0.952489288922543,0.953828664153029,0.953469173821863,0.972562346896202,0.975683171268893,0.949796770025363
548,"VUT","Vanuatu",NA,NA,NA,NA,NA,NA,NA,NA,NA,0.735108675009027,0.0808642373869506,-0.744307829472457,-0.882235966986527,-0.91888505449115,-0.942204771314576,-0.953827346636205,-0.945865030200705,-0.920599157349015,-0.88184506903504,-0.812784859316366
862,"VEN","Venezuela",NA,NA,NA,NA,NA,NA,NA,NA,NA,NA,NA,NA,NA,NA,NA,NA,NA,NA,NA,NA
704,"VNM","Viet Nam",NA,NA,NA,NA,NA,NA,NA,NA,NA,0.942804019063578,0.835961540745446,0.521287142640231,0.089212544509766,-0.249201708870165,-0.358558375627623,-0.624020092040892,-0.297683720445184,0.014202288971073,0.325621792462506,0.687645201381008
876,"WLF","Wallis and Futuna Islands",NA,NA,NA,NA,NA,NA,NA,NA,NA,NA,NA,NA,NA,NA,NA,NA,NA,NA,NA,NA
732,"ESH","Western Sahara",NA,NA,NA,NA,NA,NA,NA,NA,NA,NA,NA,NA,NA,NA,NA,NA,NA,NA,NA,NA
887,"YEM","Yemen",NA,NA,NA,NA,NA,NA,NA,NA,NA,0.170375256760245,0.708597060461095,0.889511921259757,0.94153632912743,0.935986838631395,0.922524473408033,0.871277276075692,0.834993710170032,0.785154029802236,0.6336250440668,-0.532831139341247
894,"ZMB","Zambia",NA,NA,NA,NA,NA,NA,NA,NA,NA,0.967759749533764,0.972614191455941,0.979109090981772,0.975484003845883,0.971200330723455,0.967300190075927,0.93738165375251,0.910852856642418,0.931796072836546,0.952142689390432,0.947925844982576
716,"ZWE","Zimbabwe",NA,NA,NA,NA,NA,NA,NA,NA,NA,0.718095600200204,0.684568145035758,0.561590421804142,0.434192381366861,0.0509462261099973,-0.406161040307689,-0.550934034421555,-0.39972961333293,0.0150023242981239,0.74836598619127,0.813856016914777
