"code","iso","country","FGA.raw.2008","FGA.raw.2009","FGA.raw.2010","FGA.raw.2011","FGA.raw.2012","FGA.raw.2013","FGA.raw.2014","FGA.raw.2015","FGA.raw.2016","FGA.raw.2017","FGA.raw.2018","FGA.raw.2019","FGA.raw.2020","FGA.raw.2021","FGA.raw.2022","FGA.raw.2023","FGA.raw.2024"
4,"AFG","Afghanistan",NA,NA,NA,NA,NA,NA,0.0250436168664034,0.0299286070229823,0.0412169374064779,0.0548569251832212,0.0715773324098037,0.0883868325092962,0.10110864529079,0.108917351806959,0.111039524420868,0.106947716510245,0.100109694229401
8,"ALB","Albania",NA,NA,NA,NA,NA,NA,0.0109880077915339,0.0206267325714691,0.0351581462156865,0.0501703751952636,0.065719429119756,0.0814403717506875,0.0935268980563697,0.101191604331589,0.103669794197454,0.100424791351236,0.0945336949755453
12,"DZA","Algeria",NA,NA,NA,NA,NA,NA,0.0311463853480545,0.0350809096268307,0.0427327034144123,0.0513261356648249,0.0620612513455243,0.0729429895043943,0.081269755365099,0.0865418823316091,0.0882072894548258,0.0858498062935811,0.0815483267752048
20,"AND","Andorra",NA,NA,NA,NA,NA,NA,NA,NA,NA,NA,NA,NA,NA,NA,NA,NA,NA
24,"AGO","Angola",NA,NA,NA,NA,NA,NA,0.0252289942739021,0.0294364347247422,0.040027390783032,0.0530959675795071,0.0693923627427531,0.0858007456513135,0.0982922443201142,0.106054829742826,0.108317173428862,0.104547362363568,0.0980656342207955
660,"AIA","Anguilla",NA,NA,NA,NA,NA,NA,NA,NA,NA,NA,NA,NA,NA,NA,NA,NA,NA
28,"ATG","Antigua and Barbuda",NA,NA,NA,NA,NA,NA,-0.121941887162505,-0.0543757013046799,-0.013716292067205,0,0,0,0,0,0,0,0
32,"ARG","Argentina",NA,NA,NA,NA,NA,NA,0.0183931318142412,0.0338428762381746,0.056942112969014,0.0714610117166958,0.086699691358155,0.099996862922574,0.107561478118253,0.109183748638517,0.104039886081574,0.0962679159628794,0.090427961397584
51,"ARM","Armenia",NA,NA,NA,NA,NA,NA,0.0160176381568122,0.0167613933447213,0.0223304124279999,0.0294271180864765,0.0385233544814461,0.0485952651944301,0.0569158691644058,0.062957234406646,0.0661256618204193,0.0659620603510342,0.0639537014519134
533,"ABW","Aruba",NA,NA,NA,NA,NA,NA,NA,NA,NA,NA,NA,NA,NA,NA,NA,NA,NA
36,"AUS","Australia",NA,NA,NA,NA,NA,NA,0.0559201287851434,0.0598206245159294,0.055896254233111,0.0584134320445195,0.0515522772170993,0.046189205944662,0.0393015401230841,0.0365100175608941,0.033783414725322,0.0310974840335991,0.0289961842982456
40,"AUT","Austria",NA,NA,NA,NA,NA,NA,0.0119618441147911,0.0255985548941564,0.0323679325863289,0.0368075354106348,0.0388917127911121,0.0299906928945131,0.0206442582373554,0.00323870215399857,-0.0160370635025197,-0.0336000234055319,-0.0489616021600839
31,"AZE","Azerbaijan",NA,NA,NA,NA,NA,NA,0.0533591388334567,0.046599444356014,0.0394604511762653,0.040902815086695,0.0467750124362969,0.0524769655926007,0.0616840378754884,0.0576592857480382,0.0570510695974162,0.0552171805770727,0.0549132331186417
44,"BHS","Bahamas",NA,NA,NA,NA,NA,NA,NA,NA,NA,NA,NA,NA,NA,NA,NA,NA,NA
48,"BHR","Bahrain",NA,NA,NA,NA,NA,NA,-0.00492968347861755,-0.0028191929918171,0.00866163989333946,0.033866686571135,0.0525317658235434,0.0678323955809661,0.0807304887030011,0.0914983197891486,0.095461118205332,0.0933990919780736,0.0874399881466661
50,"BGD","Bangladesh",NA,NA,NA,NA,NA,NA,0.0250436161671255,0.0299286068650897,0.0412169375710558,0.0548569258947968,0.0715773324948954,0.0883868326729738,0.10110864567973,0.108917352469883,0.111039524237027,0.106947716457464,0.100109693501317
52,"BRB","Barbados",NA,NA,NA,NA,NA,NA,NA,NA,NA,NA,NA,NA,NA,NA,NA,NA,NA
112,"BLR","Belarus",NA,NA,NA,NA,NA,NA,-0.0641722812358834,-0.0367214205519674,-0.0123529389576877,0.00313970290770116,0.00269890793955185,0.00542781082382771,0.00822525149715303,0.0114743549005984,0.0150992773725607,0.0182186411145211,0.0206496609401863
56,"BEL","Belgium",NA,NA,NA,NA,NA,NA,0.0311155366226408,0.0320226309082094,0.0245675169374076,0.0154557856612292,0.0132959890387927,0.00798058817339253,-0.00622696823407831,-0.0199867117816459,-0.0332520797679289,-0.046461755358392,-0.0569784180221734
84,"BLZ","Belize",NA,NA,NA,NA,NA,NA,NA,NA,NA,NA,NA,NA,NA,NA,NA,NA,NA
204,"BEN","Benin",NA,NA,NA,NA,NA,NA,0.0250436157519613,0.029928607149653,0.0412169377633813,0.0548569256161691,0.071577331565837,0.0883868322885941,0.101108645143391,0.108917351586088,0.111039523567783,0.10694771570537,0.100109692251316
60,"BMU","Bermuda",NA,NA,NA,NA,NA,NA,NA,NA,NA,NA,NA,NA,NA,NA,NA,NA,NA
64,"BTN","Bhutan",NA,NA,NA,NA,NA,NA,NA,NA,NA,NA,NA,NA,NA,NA,NA,NA,NA
68,"BOL","Bolivia",NA,NA,NA,NA,NA,NA,0.0967001364013931,0.0926262202998396,0.083913048307789,0.0795340823154349,0.0734505160189562,0.0642631083496092,0.063970314271359,0.0615679299616858,0.0605774767689804,0.0580305709355609,0.0564026165522156
70,"BIH","Bosnia and Herzegovina",NA,NA,NA,NA,NA,NA,-0.112389862078021,-0.120475980988653,-0.115117430706645,-0.0778364136880034,-0.0559259844355089,-0.0390821578385483,-0.0230236713260457,-0.00107591978642252,0.0251609532618668,0.0389270169083029,0.0561577452669653
72,"BWA","Botswana",NA,NA,NA,NA,NA,NA,0.0250436140195665,0.0299286040573512,0.0412169378431628,0.0548569262365819,0.0715773330648504,0.0883868335502171,0.101108646352586,0.10891735308439,0.111039523127798,0.106947714808332,0.100109691854906
76,"BRA","Brazil",NA,NA,NA,NA,NA,NA,0.0813428631240687,0.0677085963571304,0.0657932985771184,0.0638148184634195,0.0642982688747149,0.060462437042965,0.0630925086576879,0.0577885796292659,0.0531151679084962,0.0496421209051214,0.0458285642941447
92,"VGB","British Virgin Islands",NA,NA,NA,NA,NA,NA,NA,NA,NA,NA,NA,NA,NA,NA,NA,NA,NA
96,"BRN","Brunei Darussalam",NA,NA,NA,NA,NA,NA,-0.0308527708193511,0.000181918694070582,0.0268382880740665,0.0410961572493427,0.0558505151912041,0.0696393778453841,0.0805221118195552,0.0877902225406566,0.0907161788760089,0.0887680462634903,0.0844013343518821
100,"BGR","Bulgaria",NA,NA,NA,NA,NA,NA,0.127562625003481,0.111937187301626,0.0989444341226531,0.0778027239045247,0.0689615855343582,0.0673333803059013,0.0593420025304909,0.0504007330346892,0.041235871456903,0.0492243066319686,0.068081744074465
854,"BFA","Burkina Faso",NA,NA,NA,NA,NA,NA,0.0250436157683231,0.0299286072437899,0.0412169378235363,0.0548569255364664,0.0715773324697757,0.0883868329139879,0.101108646787703,0.108917353198788,0.111039524681772,0.106947716656625,0.100109693785611
108,"BDI","Burundi",NA,NA,NA,NA,NA,NA,0.025043614189493,0.0299286067813682,0.041216937682081,0.0548569265591079,0.0715773316684887,0.0883868303024105,0.101108646591323,0.10891735474302,0.111039527023857,0.106947717942971,0.100109695231994
132,"CPV","Cabo Verde",NA,NA,NA,NA,NA,NA,NA,NA,NA,NA,NA,NA,NA,NA,NA,NA,NA
116,"KHM","Cambodia",NA,NA,NA,NA,NA,NA,0.0250436151328219,0.0299286065524285,0.0412169374361329,0.054856925754974,0.0715773325477536,0.0883868326799104,0.101108646182054,0.108917352878881,0.111039523810257,0.106947716857902,0.100109694414917
120,"CMR","Cameroon",NA,NA,NA,NA,NA,NA,-0.0119368613049029,-0.00340386524976444,0.013548749055265,0.0378964224079079,0.0599431380930702,0.0781866742716968,0.0924710915016023,0.100940846606483,0.102132205603764,0.0988096078812417,0.0959911940847062
124,"CAN","Canada",NA,NA,NA,NA,NA,NA,0.00343140650174512,0.00308065140925806,0.00592263502224966,0.0174692234598455,0.0228196001697649,0.0223441654557637,0.0172183009540692,0.0102373471879311,0.00231874070042926,-0.00592816473947821,-0.010987113259007
136,"CYM","Cayman Islands",NA,NA,NA,NA,NA,NA,NA,NA,NA,NA,NA,NA,NA,NA,NA,NA,NA
140,"CAF","Central African Republic",NA,NA,NA,NA,NA,NA,0.0250436159733951,0.0299286064356736,0.0412169394146085,0.0548569294611569,0.071577335984242,0.0883868347450738,0.101108646314366,0.108917351653332,0.111039522504645,0.106947712736652,0.100109688434711
148,"TCD","Chad",NA,NA,NA,NA,NA,NA,0.0250436161366505,0.0299286064907593,0.0412169364217712,0.0548569247025874,0.0715773316797816,0.0883868323831007,0.101108645361234,0.108917352889109,0.11103952623488,0.106947717579835,0.100109695098511
152,"CHL","Chile",NA,NA,NA,NA,NA,NA,0.169956834107837,0.157425118401417,0.144495276706599,0.133167415604714,0.120942082657707,0.104884435122987,0.0842962778389098,0.10131277125978,0.122498350599112,0.115419083242484,0.107895782767635
156,"CHN","China",NA,NA,NA,NA,NA,NA,0.0969914407846064,0.0951084579672903,0.0984835995142594,0.089985528480568,0.0675607602741823,0.0519783648635592,0.0428380675906546,0.0381969061365157,0.0383763814546283,0.0421117530948942,0.0511459272004824
170,"COL","Colombia",NA,NA,NA,NA,NA,NA,0.0257165085559292,0.0303758210559346,0.0412431740750612,0.0544039711063071,0.0705700920919015,0.0868357658420091,0.0991646998554638,0.106762424911989,0.108874453938648,0.104985329363815,0.0984159135309561
174,"COM","Comoros",NA,NA,NA,NA,NA,NA,0.0322531422489254,0.0105906524428587,0.00370273396860088,-1.11022302462516e-16,-1.11022302462516e-16,-1.11022302462516e-16,-1.11022302462516e-16,-1.11022302462516e-16,-1.11022302462516e-16,-1.11022302462516e-16,-1.11022302462516e-16
184,"COK","Cook Islands",NA,NA,NA,NA,NA,NA,NA,NA,NA,NA,NA,NA,NA,NA,NA,NA,NA
188,"CRI","Costa Rica",NA,NA,NA,NA,NA,NA,0.0201354308158279,0.0280421454001998,0.0403891582202875,0.054094510782766,0.0706321142698976,0.087268799157389,0.0998919357446755,0.107681779531606,0.109865644267578,0.105914001529307,0.0992305364064261
384,"CIV","Cote d'Ivoire",NA,NA,NA,NA,NA,NA,0.0250436163516901,0.0299286067883147,0.0412169377925027,0.0548569259513612,0.0715773327220486,0.0883868326648847,0.101108645965352,0.108917352542088,0.111039524277707,0.106947716419358,0.10010969357742
191,"HRV","Croatia",NA,NA,NA,NA,NA,NA,0.164582318420308,0.146006778569783,0.131610391953299,0.12359886224708,0.11759915309099,0.113032969804655,0.111386674786918,0.108202072160217,0.103388541954949,0.0958254730612478,0.0872010392563272
192,"CUB","Cuba",NA,NA,NA,NA,NA,NA,0.0154670147286287,0.023440920680214,0.0372983366157225,0.0521331608923545,0.0682099312213478,0.0843988217149003,0.0967624088708074,0.104496300725018,0.106830880011534,0.103232323922091,0.0969419224794539
531,"CUW","Curacao",NA,NA,NA,NA,NA,NA,NA,NA,NA,NA,NA,NA,NA,NA,NA,NA,NA
196,"CYP","Cyprus",NA,NA,NA,NA,NA,NA,0.0484956665633269,0.0519933757663926,0.0512644345286515,0.0493836072546419,0.0502260366094069,0.0511765908253556,0.0516132527796263,0.0537714760901518,0.0539966990109713,0.0515824543818479,0.0472730251177718
203,"CZE","Czechia",NA,NA,NA,NA,NA,NA,0.0663597657611146,0.0613907474455135,0.0562166502543995,0.0550482460465354,0.0546536574836285,0.0489711391012857,0.041760728793343,0.0343482892141664,0.025290460152408,0.0151340701479794,0.0056398380812368
180,"COD","Dem. Rep. Congo",NA,NA,NA,NA,NA,NA,0.0250436166281018,0.0299286075214418,0.0412169380578049,0.0548569259006997,0.0715773324486841,0.0883868324691319,0.101108645540439,0.108917351982009,0.11103952376483,0.106947715891817,0.100109693048874
208,"DNK","Denmark",NA,NA,NA,NA,NA,NA,-0.0390772829875627,-0.0421721932672531,-0.0460917020865832,-0.055331815991848,-0.0543129744766302,-0.0608884159876786,-0.0710777731377541,-0.084348748730471,-0.093291293247863,-0.0987096901724636,-0.104428015897618
262,"DJI","Djibouti",NA,NA,NA,NA,NA,NA,NA,NA,NA,NA,NA,NA,NA,NA,NA,NA,NA
212,"DMA","Dominica",NA,NA,NA,NA,NA,NA,NA,NA,NA,NA,NA,NA,NA,NA,NA,NA,NA
214,"DOM","Dominican Republic",NA,NA,NA,NA,NA,NA,0.0250436160940655,0.0299286064708117,0.0412169371133475,0.0548569254158404,0.0715773324967999,0.0883868329233521,0.101108646232549,0.108917352939457,0.111039524673179,0.106947716581608,0.1001096937934
218,"ECU","Ecuador",NA,NA,NA,NA,NA,NA,0.021990459879768,0.028358953450097,0.0404588473851559,0.0541674816846414,0.0707226307753852,0.0873759119336925,0.1000085609961,0.107800283683233,0.109978308520874,0.106013299706434,0.0993150618230236
818,"EGY","Egypt",NA,NA,NA,NA,NA,NA,0.0270460654567071,0.0307387220158919,0.0395691155821665,0.0489483614232056,0.0627328160623144,0.0753403343499979,0.085363854258913,0.0917890757501811,0.0939806381176711,0.0914725787620205,0.0864709567626971
222,"SLV","El Salvador",NA,NA,NA,NA,NA,NA,0.0174369516092836,0.0279333013148462,0.0403061673173422,0.0545225571643031,0.0711629373938734,0.0878968052507394,0.10057553566843,0.108376175104419,0.110525590698174,0.106495392944265,0.0997252067434675
226,"GNQ","Equatorial Guinea",NA,NA,NA,NA,NA,NA,0.0250436154878309,0.0299286079172858,0.0412169397867823,0.0548569275119601,0.0715773341015538,0.0883868342910132,0.101108646164587,0.108917351007445,0.111039519821654,0.106947712191508,0.100109689004349
232,"ERI","Eritrea",NA,NA,NA,NA,NA,NA,NA,NA,NA,NA,NA,NA,NA,NA,NA,NA,NA
233,"EST","Estonia",NA,NA,NA,NA,NA,NA,0.0470309777698679,0.0448567784745797,0.0473223159323795,0.0509373632271835,0.0431150752978993,0.0316047481591435,0.0133216694577907,0.000112752105618119,-0.0133358518368732,-0.0251768431073627,-0.0353708923342618
748,"SWZ","Eswatini",NA,NA,NA,NA,NA,NA,NA,NA,NA,NA,NA,NA,NA,NA,NA,NA,NA
231,"ETH","Ethiopia",NA,NA,NA,NA,NA,NA,-0.103598641165568,-0.0440327240013868,-0.00761237550360205,0,0,0,0,0,0,0,0
234,"FRO","Faeroe Islands",NA,NA,NA,NA,NA,NA,NA,NA,NA,NA,NA,NA,NA,NA,NA,NA,NA
238,"FLK","Falkland Islands",NA,NA,NA,NA,NA,NA,NA,NA,NA,NA,NA,NA,NA,NA,NA,NA,NA
242,"FJI","Fiji",NA,NA,NA,NA,NA,NA,0.025043620136884,0.0299286122212696,0.0412169423908799,0.0548569261057421,0.0715773305286405,0.088386831292345,0.101108644374455,0.108917350852928,0.111039524993216,0.106947715815761,0.100109695314017
246,"FIN","Finland",NA,NA,NA,NA,NA,NA,-0.000138606431504651,-0.00829914131230047,-0.0148064129975475,-0.0219805286521129,-0.0281026107311498,-0.0333836995310592,-0.0396462673983121,-0.0463974178343007,-0.0515893363297579,-0.0559204672102498,-0.0596430795792677
250,"FRA","France",NA,NA,NA,NA,NA,NA,0.00831239297858799,0.00978805350615608,0.0058724701733941,-8.71725493345465e-05,-0.00880814758610393,-0.0242191209646735,-0.0399292981339432,-0.0555189901266528,-0.0726519819308526,-0.0898767704205918,-0.107800425436949
258,"PYF","French Polynesia",NA,NA,NA,NA,NA,NA,NA,NA,NA,NA,NA,NA,NA,NA,NA,NA,NA
266,"GAB","Gabon",NA,NA,NA,NA,NA,NA,0.0246318607839817,0.0297336170375249,0.0411370865625067,0.0547723266994022,0.0714725073011866,0.0882628945244559,0.100973835577419,0.108780532157177,0.110909624046482,0.106833425160332,0.100012574164869
270,"GMB","Gambia",NA,NA,NA,NA,NA,NA,NA,NA,NA,NA,NA,NA,NA,NA,NA,NA,NA
268,"GEO","Georgia",NA,NA,NA,NA,NA,NA,-0.0489634780612033,-0.067665290467237,-0.0715454053662816,-0.052182355507387,-0.0105824227993876,0.0534955272876576,0.0326343721377662,0.0394551083435815,0.0713240193483362,0.0669518971108989,0.063451481862079
276,"DEU","Germany",NA,NA,NA,NA,NA,NA,-0.0210490723425603,-0.00557099141148742,0.00036028362054874,0.00771011782438524,0.00696415727096422,0.00154747942623401,-0.0100731042559097,-0.0214852716254342,-0.033912529529344,-0.0477217547727972,-0.0610713017976353
288,"GHA","Ghana",NA,NA,NA,NA,NA,NA,0.0223820719773391,0.0265593103585504,0.0403173094273848,0.0543723991916023,0.0713611652421129,0.0875917566160345,0.0996670254923473,0.107929799446709,0.110298577006408,0.106404716881109,0.0998688222111475
300,"GRC","Greece",NA,NA,NA,NA,NA,NA,0.0398664498817527,0.0655119738100667,0.0579687581756498,0.0539198539563717,0.0427109528192764,0.0253353585112008,0.00745945558247518,-0.0091431037215185,-0.0242681326085027,-0.0350014896790636,-0.0443028760137536
304,"GRL","Greenland",NA,NA,NA,NA,NA,NA,NA,NA,NA,NA,NA,NA,NA,NA,NA,NA,NA
308,"GRD","Grenada",NA,NA,NA,NA,NA,NA,0.0181441651858578,0.016364156459449,0.0125223782994566,0.0128948645919698,0.0166903540854975,0.0198643942053547,0.0225127496443163,0.0247443194430872,0.0254546503964117,0.0301480391482514,0.0335645434289251
320,"GTM","Guatemala",NA,NA,NA,NA,NA,NA,-0.0183489187598587,0.00577188022626807,0.02894294240346,0.0431954434169368,0.0576698809500156,0.0718245155405206,0.0829422848073611,0.0902987760714677,0.0931574856177435,0.0909836503871986,0.0863437662596798
831,"GGY","Guernsey",NA,NA,NA,NA,NA,NA,NA,NA,NA,NA,NA,NA,NA,NA,NA,NA,NA
324,"GIN","Guinea",NA,NA,NA,NA,NA,NA,0.0250436162379186,0.0299286071466667,0.0412169373358524,0.0548569258455816,0.0715773325288456,0.0883868324570878,0.101108646065915,0.108917351848101,0.111039524014279,0.106947716284304,0.100109692418167
624,"GNB","Guinea-Bissau",NA,NA,NA,NA,NA,NA,NA,NA,NA,NA,NA,NA,NA,NA,NA,NA,NA
328,"GUY","Guyana",NA,NA,NA,NA,NA,NA,NA,NA,NA,NA,NA,NA,NA,NA,NA,NA,NA
332,"HTI","Haiti",NA,NA,NA,NA,NA,NA,NA,NA,NA,NA,NA,NA,NA,NA,NA,NA,NA
336,"VAT","Holy See",NA,NA,NA,NA,NA,NA,NA,NA,NA,NA,NA,NA,NA,NA,NA,NA,NA
340,"HND","Honduras",NA,NA,NA,NA,NA,NA,0.0250436146263482,0.0299286065259223,0.0412169380767002,0.0548569264692047,0.0715773333103735,0.0883868341346234,0.101108647386877,0.108917353766471,0.111039525540039,0.106947717107174,0.100109693564676
344,"HKG","Hong Kong",NA,NA,NA,NA,NA,NA,0.042815873500585,0.040883567496343,0.0393286943556161,0.0378188421155776,0.0364119634048479,0.0351729778617325,0.0339839321415656,0.0329735671359137,0.0320712296915053,0.0312923916641237,0.0305505341128267
348,"HUN","Hungary",NA,NA,NA,NA,NA,NA,0.0554231185034386,0.0650290136398393,0.064813484103873,0.0569821789444491,0.0489065523682453,0.039338246574889,0.0305151300568547,0.0228548694563768,0.015154774822155,0.0086937783413481,0.00808738334944237
352,"ISL","Iceland",NA,NA,NA,NA,NA,NA,0.0556066615361563,0.0243854212951948,-0.00329004130735999,-0.00359510510884931,-0.00178107462530719,-0.00441924426274709,-0.00149027505793953,-0.00164696613826876,-0.00663541084398389,-0.0108909255514961,-0.0228285983465778
356,"IND","India",NA,NA,NA,NA,NA,NA,0.162232205448723,0.155199161733494,0.141091704983348,0.123714391231629,0.109667955934454,0.0983875434831007,0.0891560753180121,0.0815232480247936,0.0749635868411911,0.069208044626716,0.0643183056441754
360,"IDN","Indonesia",NA,NA,NA,NA,NA,NA,0.0246130908608793,0.0278511566914617,0.0364962654455587,0.048563652694295,0.063848743539507,0.078431508285014,0.0899309447670573,0.0970699718918449,0.0993079711671851,0.0963427347927734,0.0910537660603616
364,"IRN","Iran",NA,NA,NA,NA,NA,NA,0.031079515549286,0.0332065549993752,0.0392019694259793,0.0477691737710242,0.0588511686163515,0.0696700858282775,0.0782212060443852,0.0837348595806375,0.085576894212215,0.0835104252375107,0.0795939581373
368,"IRQ","Iraq",NA,NA,NA,NA,NA,NA,0.0266976398865453,0.0310830597718805,0.0414747654788312,0.0540704609575329,0.0695845547640952,0.085212755921106,0.0970659641362313,0.104396240926885,0.106475362346742,0.102782505913688,0.0964952644682024
372,"IRL","Ireland",NA,NA,NA,NA,NA,NA,-0.011340309305709,-0.000996968427740774,0.00687064820568528,0.00844181783950448,-0.00511089132090237,-0.018010550313389,-0.038561766486278,-0.050772066602082,-0.0625413779405625,-0.0707389324164723,-0.0729919940844934
833,"IMN","Isle of Man",NA,NA,NA,NA,NA,NA,NA,NA,NA,NA,NA,NA,NA,NA,NA,NA,NA
376,"ISR","Israel",NA,NA,NA,NA,NA,NA,0.135066027592663,0.157695491599134,0.154638097727738,0.127738467738263,0.148222322127061,0.120820751217839,0.103209525058816,0.0960173497720374,0.0845489522948033,0.0786606305608832,0.0552784853086237
380,"ITA","Italy",NA,NA,NA,NA,NA,NA,0.053032356441421,0.0490184415030914,0.038947380507613,0.0284246361783769,0.0202975855690317,0.0130589390179057,0.00423915111092898,-0.00364885827634132,-0.0107681841536849,-0.0168583141600031,-0.0213915793917477
388,"JAM","Jamaica",NA,NA,NA,NA,NA,NA,0.0286218742788953,0.0269346438388192,0.0228734062505398,0.030524106489362,0.0389496427867297,0.0480498119298618,0.0559839669547282,0.0598289205578932,0.058951673645556,0.0565586859225975,0.0550398263168572
392,"JPN","Japan",NA,NA,NA,NA,NA,NA,-0.050264133763731,-0.022965310972503,-0.0023656194868833,0.0160092841909827,0.0270913320530393,0.0243532991596687,0.023484955409661,0.021688939331419,0.0195066687270977,0.0177617366911256,0.0166502545448464
832,"JEY","Jersey",NA,NA,NA,NA,NA,NA,NA,NA,NA,NA,NA,NA,NA,NA,NA,NA,NA
400,"JOR","Jordan",NA,NA,NA,NA,NA,NA,0.023764119813803,0.0287633027351726,0.0400993830687986,0.0536240302279622,0.0700156493037065,0.0865390446637111,0.0990970391053567,0.106873687885472,0.109096923551133,0.105235984366086,0.098652975062173
398,"KAZ","Kazakhstan",NA,NA,NA,NA,NA,NA,0.121691476233791,0.0911754240701712,0.0714725179287066,0.0560649107286322,0.0567122597312824,0.05526066632568,0.0602836611098354,0.064153819868205,0.0679164120429885,0.065480163781344,0.067157104867247
404,"KEN","Kenya",NA,NA,NA,NA,NA,NA,0.106832861252205,0.0910984288166381,0.0782169911658948,0.0722640618776362,0.0670574360769807,0.0642631068731649,0.0639703112619914,0.0615679274387957,0.0605774733162834,0.058030566335433,0.0564026127887944
296,"KIR","Kiribati",NA,NA,NA,NA,NA,NA,NA,NA,NA,NA,NA,NA,NA,NA,NA,NA,NA
689,"XKX","Kosovo",NA,NA,NA,NA,NA,NA,NA,NA,NA,NA,NA,NA,NA,NA,NA,NA,NA
414,"KWT","Kuwait",NA,NA,NA,NA,NA,NA,0.0248627824848717,0.0298716080694681,0.0406633309339242,0.053350722212989,0.0685470104333805,0.0838661474108091,0.095520790880032,0.102765178808034,0.104880457453823,0.101354757649254,0.0952661609625944
417,"KGZ","Kyrgyzstan",NA,NA,NA,NA,NA,NA,-0.0921390385616747,-0.0504632580587934,-0.0128616111492371,0,0,0,0,0,0,0,0
418,"LAO","Laos",NA,NA,NA,NA,NA,NA,NA,NA,NA,NA,NA,NA,NA,NA,NA,NA,NA
428,"LVA","Latvia",NA,NA,NA,NA,NA,NA,0.0181636277214068,0.0229040314741606,0.0289243745298413,0.029141587505477,0.0240132917485869,0.0188076397899455,0.0150973722205439,0.0123147358902485,0.0081364321432218,0.00508683231145546,0.003242479859485
422,"LBN","Lebanon",NA,NA,NA,NA,NA,NA,0.0250436160505909,0.0299286071233982,0.0412169376734564,0.054856925800886,0.0715773325150215,0.0883868327486101,0.101108645889875,0.108917352444069,0.111039524497067,0.106947716551963,0.100109693414288
426,"LSO","Lesotho",NA,NA,NA,NA,NA,NA,NA,NA,NA,NA,NA,NA,NA,NA,NA,NA,NA
430,"LBR","Liberia",NA,NA,NA,NA,NA,NA,0.0211038572720175,0.00521710704585954,0.00185160031444576,-1.11022302462516e-16,-1.11022302462516e-16,-1.11022302462516e-16,-1.11022302462516e-16,-1.11022302462516e-16,-1.11022302462516e-16,-1.11022302462516e-16,-1.11022302462516e-16
434,"LBY","Libya",NA,NA,NA,NA,NA,NA,0.029393726931225,0.0329604197446152,0.0418771715859199,0.0527833340905774,0.0663111197759982,0.0799829068922338,0.090410078397196,0.0969289723798807,0.0988929472106927,0.0958215985087514,0.0904073002431667
438,"LIE","Liechtenstein",NA,NA,NA,NA,NA,NA,NA,NA,NA,NA,NA,NA,NA,NA,NA,NA,NA
440,"LTU","Lithuania",NA,NA,NA,NA,NA,NA,0.0887491589583758,0.106906648905297,0.126799884682324,0.131830115650525,0.110446216699388,0.0841143376624298,0.0561747479195804,0.0321933540994992,0.00968710538976314,-0.0087558593242022,-0.0230658262227791
442,"LUX","Luxembourg",NA,NA,NA,NA,NA,NA,0.0164315245397617,0.0342519840453537,0.0336424850116424,0.030628059744396,0.0198983755161799,0.00697191331983937,-0.00822919766234842,-0.0219083753502015,-0.0339459091824792,-0.0448073452981677,-0.0502032122943481
446,"MAC","Macao",NA,NA,NA,NA,NA,NA,NA,NA,NA,NA,NA,NA,NA,NA,NA,NA,NA
450,"MDG","Madagascar",NA,NA,NA,NA,NA,NA,0.0246531319612961,0.0298254156412265,0.0411622177973023,0.0548183153575679,0.071529491661402,0.08833027031269,0.101047124022066,0.108854915626975,0.110980247276194,0.106895564759421,0.100065379677751
454,"MWI","Malawi",NA,NA,NA,NA,NA,NA,0.0250436181035492,0.0299286077282221,0.0412169383109031,0.0548569273802761,0.0715773332323184,0.0883868321685097,0.101108643588793,0.108917349189953,0.111039520752751,0.106947712201072,0.100109689288237
458,"MYS","Malaysia",NA,NA,NA,NA,NA,NA,0.0688135757257717,0.0791431103598774,0.0927640741482219,0.0484405129997569,0.0138942336169621,-0.0103850008412084,-0.0259842579090128,-0.036378426731324,-0.0405165486570712,-0.0385213203689775,-0.0254072127207815
462,"MDV","Maldives",NA,NA,NA,NA,NA,NA,NA,NA,NA,NA,NA,NA,NA,NA,NA,NA,NA
466,"MLI","Mali",NA,NA,NA,NA,NA,NA,0.0250436151328219,0.0299286065524285,0.0412169374361329,0.054856925754974,0.0715773325477536,0.0883868326799104,0.101108646182054,0.108917352878881,0.111039523810257,0.106947716857902,0.100109694414917
470,"MLT","Malta",NA,NA,NA,NA,NA,NA,0.168124851449839,0.128984948930515,0.111750851573394,0.0942035271686108,0.070021817963541,0.0431777504330983,0.0166585416486429,-0.00176812044333774,-0.0127708656117728,-0.0201345037016823,-0.02568516369955
584,"MHL","Marshall Islands",NA,NA,NA,NA,NA,NA,NA,NA,NA,NA,NA,NA,NA,NA,NA,NA,NA
478,"MRT","Mauritania",NA,NA,NA,NA,NA,NA,0.0250436170493871,0.029928608326349,0.0412169379807614,0.0548569253280895,0.0715773318824269,0.0883868321414449,0.101108645812242,0.108917353113922,0.111039524881691,0.106947717046254,0.100109694291437
480,"MUS","Mauritius",NA,NA,NA,NA,NA,NA,0.313940958162807,0.0770634003924697,0.0712987011840698,0.0701548150458049,0.0677102557943936,0.0657650180751419,0.0644069185649943,0.0625716306541655,0.0604794217850515,0.0579419280866482,0.0563206398471714
484,"MEX","Mexico",NA,NA,NA,NA,NA,NA,0.0996369063453324,0.0733371602902178,0.0572131417443245,0.0522530914122272,0.0528659273132617,0.0541186424152742,0.0588581913645478,0.0635596034343753,0.0626833453715723,0.0619654545685693,0.0651904371952912
583,"FSM","Micronesia",NA,NA,NA,NA,NA,NA,NA,NA,NA,NA,NA,NA,NA,NA,NA,NA,NA
498,"MDA","Moldova",NA,NA,NA,NA,NA,NA,0.161145328114523,0.140887667192391,0.117947884787035,0.103171256360048,0.0923104279834526,0.0819566306557471,0.0753761269086448,0.0681673382368717,0.0625641424309238,0.0596685298033024,0.0576631873321423
492,"MCO","Monaco",NA,NA,NA,NA,NA,NA,NA,NA,NA,NA,NA,NA,NA,NA,NA,NA,NA
496,"MNG","Mongolia",NA,NA,NA,NA,NA,NA,NA,NA,NA,NA,NA,NA,NA,NA,NA,NA,NA
499,"MNE","Montenegro",NA,NA,NA,NA,NA,NA,-0.145262468705539,-0.12516786687102,-0.0984725887945095,-0.0540871475544579,-0.0266750704722468,-0.00593423938948334,0.0182714370896777,0.0416725754590885,0.0611375666336527,0.0662553659617939,0.0729187802816393
504,"MAR","Morocco",NA,NA,NA,NA,NA,NA,0.0250436165100496,0.0299286073989959,0.0412169383307053,0.0548569259898266,0.0715773324519531,0.0883868324569015,0.101108645762706,0.108917352591733,0.111039524188652,0.106947716151757,0.100109693414174
508,"MOZ","Mozambique",NA,NA,NA,NA,NA,NA,-0.0477074482898933,-0.0439609073298635,-0.0330679841335385,0.000600541050214787,0.0176286390948903,0.0302444101011181,0.043593898444275,0.0584663456504317,0.0658895972441005,0.0676295261679531,0.0640875625371191
104,"MMR","Myanmar",NA,NA,NA,NA,NA,NA,0.105072018908581,0.0975509292731429,0.0840327031425556,0.0795340853653959,0.0734505172019662,0.0642631066246973,0.0639703107278566,0.0615679271665968,0.0605774728857194,0.0580305655357465,0.0564026117926497
516,"NAM","Namibia",NA,NA,NA,NA,NA,NA,0.025043616001208,0.0299286049875902,0.0412169368572533,0.0548569257332405,0.0715773316725095,0.0883868339259819,0.101108648210523,0.108917354067295,0.111039526731143,0.106947718979705,0.100109695653766
520,"NRU","Nauru",NA,NA,NA,NA,NA,NA,NA,NA,NA,NA,NA,NA,NA,NA,NA,NA,NA
524,"NPL","Nepal",NA,NA,NA,NA,NA,NA,NA,NA,NA,NA,NA,NA,NA,NA,NA,NA,NA
528,"NLD","Netherlands",NA,NA,NA,NA,NA,NA,-0.0314331299970436,-0.0221853972601262,-0.0270583008656701,-0.0280474203352696,-0.0416545867258029,-0.0526675385429545,-0.0512755136566567,-0.054873818201391,-0.0520878629553682,-0.0406276375846008,-0.0374364369120759
540,"NCL","New Caledonia",NA,NA,NA,NA,NA,NA,NA,NA,NA,NA,NA,NA,NA,NA,NA,NA,NA
554,"NZL","New Zealand",NA,NA,NA,NA,NA,NA,0.0203130759996741,0.0174488266646251,0.00934698719091109,0.0108972050380938,0.0148482397353364,0.0133833022127849,0.0160998156323127,0.0185805116087745,0.0198316289803457,0.0197531748635125,0.0212938499344593
558,"NIC","Nicaragua",NA,NA,NA,NA,NA,NA,0.0250436197729145,0.0299286085893011,0.0412169353506193,0.0548569236011127,0.0715773559643234,0.0883868848364313,0.101108725331139,0.108917460241458,0.111039653920787,0.106947860751582,0.100109844246628
562,"NER","Niger",NA,NA,NA,NA,NA,NA,0.0250436172123683,0.0299286088739834,0.0412169396385824,0.0548569264979788,0.0715773328163767,0.0883868331749096,0.101108646672477,0.10891735274706,0.1110395242741,0.10694771736457,0.100109693833168
566,"NGA","Nigeria",NA,NA,NA,NA,NA,NA,0.0258378272132054,0.0305965911836026,0.0410952573510623,0.0535757488814081,0.0687157721086611,0.0839800036223748,0.0956119774874054,0.102841671116547,0.104969840902422,0.101422163522243,0.0953178230981684
570,"NIU","Niue",NA,NA,NA,NA,NA,NA,NA,NA,NA,NA,NA,NA,NA,NA,NA,NA,NA
408,"PRK","North Korea",NA,NA,NA,NA,NA,NA,0.0249790022866154,0.0373720896959215,0.0461351641146759,0.0546006373719727,0.0641000071680453,0.0800466210750359,0.0924615264315489,0.100289153158748,0.102853161255644,0.101396562233518,0.0955681931484658
807,"MKD","North Macedonia",NA,NA,NA,NA,NA,NA,0.089722087522951,0.133974984830251,0.0864712706738182,0.0778754333318432,0.0722206816076485,0.0632981879639363,0.0630640160784728,0.0607489889185673,0.059812442645365,0.0573385391273884,0.0557622993879068
578,"NOR","Norway",NA,NA,NA,NA,NA,NA,-0.0234122698754909,-0.0146368980566186,-0.00505492078833003,-0.00228590657196426,0.0074560242216799,0.00251186152828398,-0.00290337544765151,-0.0106135493776421,-0.0195263209880129,-0.0214699770925318,-0.0265866042033187
512,"OMN","Oman",NA,NA,NA,NA,NA,NA,0.0450572747991169,0.0340057763353412,0.028255344708243,0.0227449660176138,0.0275125562865448,0.047640491891412,0.0693419564430378,0.0830376820929939,0.0880188792611678,0.0871688834881725,0.0851407956442041
586,"PAK","Pakistan",NA,NA,NA,NA,NA,NA,0.0294647986851122,0.0327912260987857,0.0411592313528124,0.051392715937508,0.064192223601268,0.0771396079272892,0.087036380213751,0.0932880257838666,0.0952605080174804,0.0924882546794918,0.0874771523705122
585,"PLW","Palau",NA,NA,NA,NA,NA,NA,NA,NA,NA,NA,NA,NA,NA,NA,NA,NA,NA
591,"PAN","Panama",NA,NA,NA,NA,NA,NA,0.0250436160034657,0.0299286060203645,0.0412169369891273,0.0548569257066831,0.0715773322104716,0.0883868328349828,0.101108645226147,0.108917351451751,0.111039524042857,0.106947715752572,0.100109692834405
598,"PNG","Papua New Guinea",NA,NA,NA,NA,NA,NA,0.04605620728932,0.0183314340086234,0.00762253717689587,0.00133702409611125,-1.11022302462516e-16,-1.11022302462516e-16,-1.11022302462516e-16,-1.11022302462516e-16,-1.11022302462516e-16,-1.11022302462516e-16,-1.11022302462516e-16
600,"PRY","Paraguay",NA,NA,NA,NA,NA,NA,0.0250436146818747,0.0299286049924177,0.0412169361620738,0.0548569246821917,0.0715773319343747,0.0883868309935048,0.101108644390558,0.108917350937356,0.111039521646101,0.106947713839157,0.100109690759232
604,"PER","Peru",NA,NA,NA,NA,NA,NA,0.0120940319702183,0.0230407956703349,0.0376988918054888,0.0517884625258793,0.0678902046024861,0.084019450543187,0.0963480499485536,0.104073726453559,0.10642739355878,0.102874773395525,0.0966359182549272
608,"PHL","Philippines",NA,NA,NA,NA,NA,NA,0.02805957496631,0.0317982089214361,0.0409648457745246,0.05215595737708,0.0660201706679651,0.0800279442327876,0.0907309917326942,0.0974519223607309,0.0995173425481353,0.0964376773260978,0.0909675330268487
616,"POL","Poland",NA,NA,NA,NA,NA,NA,0.0441382650768458,0.0273852093515687,0.0154687905352708,0.00586939049235546,-0.00122775200464365,-0.00870477535282943,-0.0181944035715185,-0.0219698625523329,-0.0230719577329536,-0.0266035786992621,-0.0238998999596144
620,"PRT","Portugal",NA,NA,NA,NA,NA,NA,0.0905437512663168,0.0833101157887588,0.0710709607551241,0.0626585475092905,0.0572016244940756,0.053441599687619,0.0470497832985679,0.0404933237377703,0.0339734942173875,0.0277566731201242,0.0214516655302326
634,"QAT","Qatar",NA,NA,NA,NA,NA,NA,0.0385260831967584,0.0432053191229527,0.0519890924424493,0.0619754519156477,0.0737470172226193,0.0847578739274693,0.0914177469593445,0.0982551140365193,0.100974596621105,0.0975173667797222,0.0909842023033804
178,"COG","Republic of Congo",NA,NA,NA,NA,NA,NA,0.0246011751723945,0.0295567041480473,0.0408782885147292,0.0545002436203834,0.071135276087315,0.0878640897246774,0.10053993564981,0.108340025720906,0.110491247539264,0.106465154867822,0.0996994934320439
642,"ROU","Romania",NA,NA,NA,NA,NA,NA,-0.0466204258532833,-0.0418859939567472,-0.0251397506210954,0.0144603537499153,0.0365932556166941,0.0424652441113773,0.0420044642975912,0.0405209042680239,0.0374955028606598,0.0277467466104881,0.0237842606815108
643,"RUS","Russia",NA,NA,NA,NA,NA,NA,0.0021843873080607,0.0162722236207113,0.026570123643699,0.0471103140703177,0.0718530575988714,0.0697741977711961,0.0639924190444832,0.048088875349944,0.0508349077711132,0.0562434911398972,0.0563551536849003
646,"RWA","Rwanda",NA,NA,NA,NA,NA,NA,0.0405624322155682,0.018977998611285,0.00790396453715303,0.00140512869491238,-1.11022302462516e-16,-1.11022302462516e-16,-1.11022302462516e-16,-1.11022302462516e-16,-1.11022302462516e-16,-1.11022302462516e-16,-1.11022302462516e-16
652,"BLM","Saint Barthelemy",NA,NA,NA,NA,NA,NA,NA,NA,NA,NA,NA,NA,NA,NA,NA,NA,NA
659,"KNA","Saint Kitts and Nevis",NA,NA,NA,NA,NA,NA,-0.0876420931280893,-0.0530595421600879,-0.0212588533714704,-1.11022302462516e-16,-1.11022302462516e-16,-1.11022302462516e-16,-1.11022302462516e-16,-1.11022302462516e-16,-1.11022302462516e-16,-1.11022302462516e-16,-1.11022302462516e-16
662,"LCA","Saint Lucia",NA,NA,NA,NA,NA,NA,0.0270656181653237,0.0362733614822268,0.0442128223131493,0.0546036010634836,0.0609545928860273,0.0642631036963512,0.063970307559658,0.061567923681479,0.0605774690504584,0.0580305615314596,0.0564026083226894
882,"WSM","Samoa",NA,NA,NA,NA,NA,NA,NA,NA,NA,NA,NA,NA,NA,NA,NA,NA,NA
674,"SMR","San Marino",NA,NA,NA,NA,NA,NA,NA,NA,NA,NA,NA,NA,NA,NA,NA,NA,NA
678,"STP","Sao Tome and Principe",NA,NA,NA,NA,NA,NA,NA,NA,NA,NA,NA,NA,NA,NA,NA,NA,NA
682,"SAU","Saudi Arabia",NA,NA,NA,NA,NA,NA,0.0277736266052564,0.0322392171594463,0.0422309958717417,0.0542519240151798,0.06899580804161,0.0837933678300027,0.0949414549582095,0.101743997503923,0.103505353042125,0.0998369940604076,0.0938448234766347
686,"SEN","Senegal",NA,NA,NA,NA,NA,NA,0.025043616197409,0.0299286069700231,0.04121693781398,0.0548569260764029,0.07157733284525,0.0883868327353661,0.101108645628731,0.108917352202499,0.11103952339742,0.106947715608162,0.100109692736498
688,"SRB","Serbia",NA,NA,NA,NA,NA,NA,-0.148726593922293,-0.119650672406595,-0.0859921392189242,-0.0442558433007446,-0.0215526597637156,-0.0094523709159916,0.00231946574810671,0.0182512911562789,0.0320834064381204,0.0341076566664376,0.036625008392825
690,"SYC","Seychelles",NA,NA,NA,NA,NA,NA,NA,NA,NA,NA,NA,NA,NA,NA,NA,NA,NA
694,"SLE","Sierra Leone",NA,NA,NA,NA,NA,NA,0.0431061457163215,0.0184882771941406,0.00631833857131903,0,0,0,0,0,0,0,0
702,"SGP","Singapore",NA,NA,NA,NA,NA,NA,0.0216092157871424,0.0388348958166536,0.0581817487225589,0.0649983455859189,0.0704930193351812,0.0780590372714154,0.0886700619373266,0.0945574125225834,0.0948959902464763,0.092768129159092,0.0893516606481342
534,"SXM","Sint Maarten",NA,NA,NA,NA,NA,NA,NA,NA,NA,NA,NA,NA,NA,NA,NA,NA,NA
703,"SVK","Slovakia",NA,NA,NA,NA,NA,NA,0.0579889596236258,0.0540314063980234,0.0406062729583365,0.0333166044057911,0.0222724248849151,0.0134431354096396,0.00773782175441662,0.00415107153069827,0.00149516325988519,-0.000307344133509191,-0.00384954850247876
705,"SVN","Slovenia",NA,NA,NA,NA,NA,NA,-0.0758348609978714,-0.0470151157206872,-0.0169853840069779,0.0242402303372102,0.0348290572009426,0.0184693971423167,-0.000191974643503512,-0.0108142272747708,-0.0184907569843108,-0.0281831500891845,-0.03216717315689
90,"SLB","Solomon Islands",NA,NA,NA,NA,NA,NA,NA,NA,NA,NA,NA,NA,NA,NA,NA,NA,NA
706,"SOM","Somalia",NA,NA,NA,NA,NA,NA,0.0250012605125531,0.0299142306956686,0.0412104843026233,0.0548517773543193,0.0715709536171929,0.0883792908484013,0.101100442973773,0.108909028055345,0.111031621304021,0.106940763824437,0.100103786256693
710,"ZAF","South Africa",NA,NA,NA,NA,NA,NA,0.0236623494996084,0.0278948566877959,0.0368527398027509,0.0493852427396839,0.0625352242564872,0.0753698841107628,0.0852018699607586,0.0917300483998797,0.093571585955406,0.0910385679053414,0.0860475964191307
410,"KOR","South Korea",NA,NA,NA,NA,NA,NA,0.0621460562645217,0.0449538740063873,0.0189821228099725,0.00765882933051909,0.00308051700621137,-0.00340154280550908,0.00653456855493517,0.0112252092977214,0.0196111741149063,0.0288085181020405,0.0434453353974806
728,"SSD","South Sudan",NA,NA,NA,NA,NA,NA,NA,NA,NA,NA,NA,NA,NA,NA,NA,NA,NA
724,"ESP","Spain",NA,NA,NA,NA,NA,NA,-0.00453292022458462,-0.0409425601388506,-0.0658912781102504,-0.0872842434087603,-0.11165101610083,-0.13064752515332,-0.14492130474589,-0.14712114513164,-0.139546148997577,-0.123841573299359,-0.097394471713993
144,"LKA","Sri Lanka",NA,NA,NA,NA,NA,NA,0.0250436171683102,0.0299286078994219,0.0412169376966232,0.0548569250058093,0.0715773324815348,0.0883868329186979,0.101108646695689,0.108917352982566,0.1110395258229,0.106947717275866,0.100109693846117
670,"VCT","St. Vincent and the Grenadines",NA,NA,NA,NA,NA,NA,-0.098254768831336,-0.0444863674816818,-0.00623371147169094,0,0,0,0,0,0,0,0
275,"PSE","State of Palestine",NA,NA,NA,NA,NA,NA,NA,NA,NA,NA,NA,NA,NA,NA,NA,NA,NA
729,"SDN","Sudan",NA,NA,NA,NA,NA,NA,0.0250436161647398,0.029928606581362,0.0412169373649811,0.0548569258626055,0.0715773322456312,0.0883868322251866,0.101108645278118,0.108917352175187,0.111039523980043,0.106947716314361,0.087788811005928
740,"SUR","Suriname",NA,NA,NA,NA,NA,NA,NA,NA,NA,NA,NA,NA,NA,NA,NA,NA,NA
752,"SWE","Sweden",NA,NA,NA,NA,NA,NA,-0.0214114817488096,-0.0115245200082233,-0.00438597305860566,-0.000375586016820528,-0.00122957140919178,-0.00501677020235369,-0.00992030869159377,-0.0165714280836872,-0.0238025321050402,-0.0309955066304957,-0.0376559076166439
756,"CHE","Switzerland",NA,NA,NA,NA,NA,NA,0.0141955862124161,0.0237766765476624,0.020457942965689,0.0160098482542246,0.0124910052989453,0.00325720704399513,-0.0078498003984524,-0.019014734835445,-0.0270053698851249,-0.0317553796015065,-0.0345627720623353
760,"SYR","Syria",NA,NA,NA,NA,NA,NA,0.0250436162365013,0.02992860714667,0.0412169377496809,0.0548569259005935,0.0715773326137099,0.0883868328541371,0.101108646177676,0.108917353078697,0.111039524910838,0.106947717033222,0.10010969408123
158,"TWN","Taiwan",NA,NA,NA,NA,NA,NA,-0.17439270940176,-0.151719293553981,-0.148031324816497,-0.124326531373622,-0.0819336292307422,-0.0373564277670737,-0.0261599336406316,-0.00795556353377591,0.00195783454797249,0.0137253586742538,0.0310816650072068
762,"TJK","Tajikistan",NA,NA,NA,NA,NA,NA,-0.225297421987917,-0.242872187757619,-0.234721009965148,-0.204994084381214,-0.187444772599193,-0.176958870330152,-0.170005754420632,-0.174113467169846,-0.173137362404002,-0.204840786207845,-0.29812445477948
834,"TZA","Tanzania",NA,NA,NA,NA,NA,NA,NA,NA,NA,NA,NA,NA,NA,NA,NA,NA,NA
764,"THA","Thailand",NA,NA,NA,NA,NA,NA,0.0267330691144847,0.0309504504613332,0.0410776174871936,0.0533175597354505,0.0684051395520098,0.0836170134075618,0.0951919361213938,0.102389559002377,0.104493639329241,0.100996957802647,0.0949524090638367
626,"TLS","Timor-Leste",NA,NA,NA,NA,NA,NA,NA,NA,NA,NA,NA,NA,NA,NA,NA,NA,NA
768,"TGO","Togo",NA,NA,NA,NA,NA,NA,0.0250436145464925,0.0299286052850336,0.0412169360145127,0.0548569244866772,0.0715773316346653,0.0883868323008439,0.101108646523263,0.108917352933688,0.111039524449789,0.106947716037465,0.100109692666643
776,"TON","Tonga",NA,NA,NA,NA,NA,NA,NA,NA,NA,NA,NA,NA,NA,NA,NA,NA,NA
780,"TTO","Trinidad and Tobago",NA,NA,NA,NA,NA,NA,0.0250436162677126,0.0299286072001324,0.0412169378118126,0.0548569258457805,0.071577332254543,0.0883868322318717,0.101108645548342,0.108917352437514,0.111039524138544,0.106947716482412,0.100109693229689
788,"TUN","Tunisia",NA,NA,NA,NA,NA,NA,0.0250436160292316,0.0299286067619922,0.041216937388951,0.0548569254295324,0.0715773323533466,0.0883868326236175,0.101108645850554,0.108917352708966,0.111039524941038,0.106947717012819,0.100109694344085
792,"TUR","Turkiye",NA,NA,NA,NA,NA,NA,0.12835916426579,0.13204433087351,0.125964465647319,0.108822358660291,0.082640656280569,0.0570786961848457,0.0511450285636263,0.0493877906476259,0.0574577685930056,0.0661300627666983,0.0777590370771011
795,"TKM","Turkmenistan",NA,NA,NA,NA,NA,NA,0.0214527420066859,0.0244037949354281,0.0348089064645503,0.0470224406917492,0.0615919620970005,0.0765202117772217,0.088124249921381,0.0956474442811452,0.098337202790951,0.0956556902920096,0.0904142750961112
796,"TCA","Turks and Caicos Islands",NA,NA,NA,NA,NA,NA,NA,NA,NA,NA,NA,NA,NA,NA,NA,NA,NA
798,"TUV","Tuvalu",NA,NA,NA,NA,NA,NA,NA,NA,NA,NA,NA,NA,NA,NA,NA,NA,NA
800,"UGA","Uganda",NA,NA,NA,NA,NA,NA,NA,NA,NA,NA,NA,NA,NA,NA,NA,NA,NA
804,"UKR","Ukraine",NA,NA,NA,NA,NA,NA,0.0759904358039085,0.04354189622953,0.0266113126649914,0.0316028329448128,0.0547431491097587,0.0741304913434908,0.0910704843259793,0.107649382234092,0.120490907160699,0.128703670125756,0.126793316957525
784,"ARE","United Arab Emirates",NA,NA,NA,NA,NA,NA,0.0278532440209631,0.0316634223558929,0.0407365337913093,0.053402866386568,0.0671892254070114,0.0807082652691811,0.0911099163949394,0.0982274551975888,0.100180276715839,0.0965742972061405,0.0907035114752819
826,"GBR","United Kingdom",NA,NA,NA,NA,NA,NA,0.0149690806838163,0.0215458115898359,0.0215275906205745,0.0218410819389372,0.0154794818873096,0.00574384390696991,-0.0053639004519862,-0.0159947203033435,-0.02616049076579,-0.0356127151502039,-0.0447930791342154
840,"USA","United States of America",NA,NA,NA,NA,NA,NA,-0.00685657919729032,0.00280245984565264,0.00352063538064518,0.00528024926184845,0.00558181612150332,0.00448318550217497,0.00604516404206468,0.0101273709771965,0.0133055320710596,0.0159329853679855,0.0196447809201123
858,"URY","Uruguay",NA,NA,NA,NA,NA,NA,0.0317617707598172,0.0924667360469309,0.0939382373386821,0.162606240723775,0.272014685575315,0.356331368086994,0.366384862490899,0.297277573122715,-0.0108634623987595,-0.0119328941348354,0.0326803030304279
860,"UZB","Uzbekistan",NA,NA,NA,NA,NA,NA,0.0494859032565462,0.10141923784022,0.146977613019848,0.138639931748595,0.132489381520188,0.10137584230179,0.0614858324545466,0.0530360434518042,0.0517579172252072,0.0497036237579958,0.0481797944626767
548,"VUT","Vanuatu",NA,NA,NA,NA,NA,NA,NA,NA,NA,NA,NA,NA,NA,NA,NA,NA,NA
862,"VEN","Venezuela",NA,NA,NA,NA,NA,NA,0.0102992408074953,0.00444167766027981,0.00616399794557498,0.0162900811617812,0.0317745614514389,0.0474690077583768,0.0604806590058726,0.0729572757143864,0.0852970180577317,0.090419846364056,0.0902259543658244
704,"VNM","Viet Nam",NA,NA,NA,NA,NA,NA,0.0252109840834263,0.0304157101981004,0.0441328900198041,0.0645425596745326,0.0863732779789945,0.108187448176435,0.125265260935805,0.135635641002546,0.138505491861843,0.13306278027695,0.122788009396844
876,"WLF","Wallis and Futuna Islands",NA,NA,NA,NA,NA,NA,NA,NA,NA,NA,NA,NA,NA,NA,NA,NA,NA
732,"ESH","Western Sahara",NA,NA,NA,NA,NA,NA,NA,NA,NA,NA,NA,NA,NA,NA,NA,NA,NA
887,"YEM","Yemen",NA,NA,NA,NA,NA,NA,0.0250436160855312,0.0299286070806486,0.0412169377120204,0.054856925979138,0.0715773325799243,0.0883868327076733,0.101108645900374,0.108917352604603,0.111039524357163,0.106947716505307,0.100109693678497
894,"ZMB","Zambia",NA,NA,NA,NA,NA,NA,-0.0232134751436411,-0.0160863577811774,-0.00603781711198925,0,0,0,0,0,0,0,0
716,"ZWE","Zimbabwe",NA,NA,NA,NA,NA,NA,0.0250436169262527,0.0299286064301625,0.0412169358821335,0.0548569233925456,0.0715773302582796,0.0883868308764835,0.101108644660355,0.108917351543401,0.111039524300026,0.106947717179561,0.100109694635075
