"code","iso","country","GEC.raw.2016","GEC.raw.2017","GEC.raw.2018","GEC.raw.2019","GEC.raw.2020","GEC.raw.2021","GEC.raw.2022","GEC.raw.2023","GEC.raw.2024"
4,"AFG","Afghanistan",5848.21181315184,20419.9592697807,22438.3331582472,38018.0065712333,24625.2726198658,11890.3997467048,7496.59570722654,2080.37419242412,47966.0306568854
8,"ALB","Albania",2177.64706351608,2764.63610949367,2818.44093956426,8560.05737395212,6118.46036593989,4399.88641032204,6220.11742454767,3823.84111585468,2620.76573203504
12,"DZA","Algeria",3658.81595678627,7133.59403132647,13310.9504329115,10565.4132600427,7043.19804468006,8821.62806909904,3921.8185030967,3022.52715367079,16580.016955059
20,"AND","Andorra",9.86794682219624,1.65380952134728,1.71015476062894,6.89945926517248,41.2277630195022,60.8321652114391,13.2831974588335,13.511156886816,57.0736025720835
24,"AGO","Angola",187028.439388722,216853.66876176,240861.50114499,204294.484594353,198213.92997209,248475.783867083,206902.602932885,175663.197851785,342464.385577314
660,"AIA","Anguilla",NA,NA,NA,NA,NA,NA,NA,NA,NA
28,"ATG","Antigua and Barbuda",8.59606483578682,10.5947256684303,21.996710807085,31.5804044604301,138.483372420073,256.815115042031,108.154188610613,25.4888335242867,18.5072399228811
32,"ARG","Argentina",302376.234361351,379691.182075083,370712.195711181,265013.541450925,363101.984665047,671943.673405018,442086.208150461,445306.144701395,829783.971546579
51,"ARM","Armenia",13770.9894238412,12034.2103164233,11644.2987963185,11881.9511642344,27557.2084692605,27016.8811907209,16408.2027585395,9907.49821525812,16771.888616059
533,"ABW","Aruba",48.1719686388969,29.7619021832943,14.5045635104179,9.09297659248114,26.4542431235313,50.3504297137261,31.7913270071149,42.3863655999303,68.3895111605525
36,"AUS","Australia",453974.956560221,238297.227254778,303062.360834133,701217.144516055,966494.956681475,1083740.16749681,699304.604491271,327113.05903849,560951.928447135
40,"AUT","Austria",2224.44919420406,2368.77395217493,2718.50447277725,3948.32078973204,7789.8463749513,10264.8631621748,2178.2937794663,1417.18595696613,4548.62825870886
31,"AZE","Azerbaijan",9892.48678228259,13571.7308890969,11837.4062467068,15682.7707213983,12527.2397958748,23444.1694336087,19647.3115264475,18169.2358702756,18411.9271234386
44,"BHS","Bahamas",481.620105139911,960.03260717541,1310.98533269018,1294.36858704686,1365.30004657805,1127.47978129238,847.166723363101,799.878877058625,1049.48506446928
48,"BHR","Bahrain",4.91701681911945,2.70089782774448,7.40963239967823,9.90316490828991,23.6141052097082,2.5623167976737,1.31529062986374,3.80800324678421,6.9931930527091
50,"BGD","Bangladesh",22.919767215848,7.05053041130304,6.6949824243784,3.13645587861538,8.62856693565845,9.36425910145044,8.42574074864388,3.64285698533058,4.28799505531788
52,"BRB","Barbados",17.9189082756639,40.1921473518014,25.4185559824109,14.5459003821015,21.0694226101041,44.9154468923807,16.7964169979095,17.3956388831139,16.7950709089637
112,"BLR","Belarus",NA,NA,NA,NA,NA,NA,NA,NA,NA
56,"BEL","Belgium",NA,NA,NA,NA,NA,NA,NA,NA,NA
84,"BLZ","Belize",59.8046481981874,175.190612122416,889.529062949121,657.104846179485,383.992210432887,302.672340035439,963.225323937833,821.824665516615,451.931788064539
204,"BEN","Benin",14854.6923681647,25849.5823974013,28291.9555952847,22457.095570676,11252.128076598,17555.4725170955,21913.4251452312,26786.9457344189,28909.2325392365
60,"BMU","Bermuda",NA,NA,NA,NA,NA,NA,NA,NA,NA
64,"BTN","Bhutan",612.747984960675,567.756158597767,499.969738259912,426.364548966289,675.565209917724,637.348415978253,593.706499196589,482.279243126512,833.681350454688
68,"BOL","Bolivia",198166.268158637,261637.748973519,338686.817786761,190756.673515067,166986.624745257,138881.192805551,104982.623563059,127923.649694607,278984.215361334
70,"BIH","Bosnia and Herzegovina",4388.94786828756,11512.3662498966,8641.11335342005,22708.5587370917,13797.9400476478,15270.227795735,21642.234180782,29890.3327343985,14651.472957585
72,"BWA","Botswana",19605.9042029306,20102.3173612803,15117.2641799971,16637.2320370004,32377.2042083293,33753.2655047998,11481.4713254794,15017.8721251637,59022.6714888215
76,"BRA","Brazil",850357.373467952,921511.59354239,884408.825832188,834987.733509511,1081953.55012932,1063107.84541618,838315.778833173,763704.17976886,919089.189160898
92,"VGB","British Virgin Islands",NA,NA,NA,NA,NA,NA,NA,NA,NA
96,"BRN","Brunei Darussalam",NA,NA,NA,NA,NA,NA,NA,NA,NA
100,"BGR","Bulgaria",2183.82163850218,4100.3316774182,4541.97552556917,5090.0656994693,4689.86661761999,4822.51111673191,4237.76859219372,4043.21782125905,4139.87664164975
854,"BFA","Burkina Faso",446264.623739414,674312.44316297,1013204.74614036,653816.958377376,484863.266944088,472695.337989002,274827.773520485,276484.147180296,664378.962169543
108,"BDI","Burundi",130.819592945278,131.880205385387,165.34075640887,204.90023522079,286.006970159709,188.934542320669,80.4592251032591,139.659295476973,167.522185362875
132,"CPV","Cabo Verde",437.435845337808,718.468396238983,736.760306283832,942.186880201101,839.160833761096,1023.30446008593,342.04196498543,421.995038494468,1021.98333664238
116,"KHM","Cambodia",702.749539017677,809.247863508761,674.345199801028,1526.12737412751,1474.42094914615,1864.56707780808,2104.71286364645,1226.62282058597,1795.09340080619
120,"CMR","Cameroon",78819.799730517,110253.264131732,151446.897518255,116273.66907604,80485.3357617259,70897.2967737764,78774.161122039,86663.5089478269,132817.461671658
124,"CAN","Canada",318480.959397953,369318.094232259,395634.822894383,674178.792330708,480975.989074832,417259.269133626,484056.881381573,774031.88917155,835147.95296156
136,"CYM","Cayman Islands",NA,NA,NA,NA,NA,NA,NA,NA,NA
140,"CAF","Central African Republic",5377.88622032851,7378.34300595522,11046.120113343,7250.70013064146,9904.742716901,8737.23102037609,7041.55109471828,3926.61063686013,4227.6371396631
148,"TCD","Chad",191318.620982319,247505.13121663,289406.387900293,262485.074736185,209810.466658637,233769.211137488,186985.561242424,150148.722625896,244671.936662674
152,"CHL","Chile",30767.037604291,41692.9685160182,47597.9589057751,34497.0353943296,26890.0565370843,34113.8316908665,23568.8881664053,44609.2179735415,64230.4903541952
156,"CHN","China",333529.922011953,451716.06094534,467288.96201966,346320.43172602,518668.245712705,781358.045646742,307932.803770509,328986.484456573,1027466.73144412
170,"COL","Colombia",251086.233748384,189768.631118432,197789.899740286,217681.780205861,234985.787269264,196130.276602261,185759.810224161,187038.981942303,222852.721700385
174,"COM","Comoros",45.9795881062746,38.2032228782773,42.8802474439144,45.0741877630353,43.9440416321158,64.0719385668635,37.7574942335486,29.4711005017161,35.8038008436561
184,"COK","Cook Islands",NA,NA,NA,NA,NA,NA,NA,NA,NA
188,"CRI","Costa Rica",309.12182315439,146.79431720078,71.5179938673973,214.766651205718,329.435706555843,179.72639451921,109.619881168008,103.294399730861,80.7393434941769
384,"CIV","Cote d'Ivoire",9574.05147507042,9926.77484437823,10804.7826004922,6524.3732580021,9858.60499204695,10647.9777961671,15379.6480953172,12861.8922554106,15292.4307251349
191,"HRV","Croatia",501.17374702543,1391.69768628106,1214.79978910834,2391.54408098757,1503.21085577458,960.899417255074,3650.56230838224,1771.17583135143,971.741776105016
192,"CUB","Cuba",847.121603704989,887.046745352447,965.583605021238,1663.88219240308,1906.68694254756,1326.48314743489,547.804633304477,712.912830293179,1052.59307947755
531,"CUW","Curacao",88.6439511850476,39.2026606351137,57.3388818502426,488.279249481857,281.1864579916,118.356422916055,118.732744932175,165.766691356897,253.203926511109
196,"CYP","Cyprus",40.8625706583261,100.494518436491,171.470216177404,81.7174740433693,37.5942602008581,22.937851972878,3.805196210742,2.72519455850124,11.5962689444423
203,"CZE","Czechia",28.8146617747843,22.6304531954229,43.1264623515308,177.710269793868,316.370542053133,152.510242875665,58.9020305089653,9.03944821283221,21.2961844019592
180,"COD","Dem. Rep. Congo",250735.092099935,264598.682138145,223153.966487601,178999.022156879,169141.846527249,162612.234952778,172627.032853551,161434.220257774,208494.743067123
208,"DNK","Denmark",26.8706197030842,16.2600632868707,15.3905504047871,21.6268227882683,21.9214197173715,14.4171404615045,29.0792888402939,62.3778481632471,45.8127615191042
262,"DJI","Djibouti",51.3768179640174,8.52209995687008,26.546980060637,209.8085796386,573.058091118932,84.6531517058611,107.269876137376,76.9157691821456,107.298343673348
212,"DMA","Dominica",NA,NA,NA,NA,NA,NA,NA,NA,NA
214,"DOM","Dominican Republic",346.77099634707,369.044339686632,288.746295228601,171.966024711728,408.394148483872,344.013007193804,233.958530582488,262.907503142953,438.583818517625
218,"ECU","Ecuador",13485.7869040966,15968.3209571615,12741.4706012905,9945.08926043659,12455.5217030644,13306.4300582111,9667.12401830405,7851.7891663909,14002.4989708364
818,"EGY","Egypt",3112.89097114652,4473.57571422309,4045.76555222273,3753.48670794815,1797.02558302134,528.667906343937,189.370147690177,248.010015413165,528.962781094015
222,"SLV","El Salvador",217.282501593232,233.275249712169,249.404933966696,96.5601361468434,207.063222981989,261.836268141866,151.023239836097,109.918175555766,105.239710174501
226,"GNQ","Equatorial Guinea",10.5358430072665,12.9209976345301,10.8443301767111,7.69152544438839,10.4592356905341,10.0749688595533,6.15224161744118,6.45997048169374,7.76718524843454
232,"ERI","Eritrea",8125.63408091664,9472.14680677652,10641.5286112353,21327.6704430133,13076.1074798703,17621.6156933829,13680.777384378,11491.6570391655,31599.4488045052
233,"EST","Estonia",62.8541160449386,81.8573023080826,126.47276231274,67.4766503572464,31.3171768337488,21.0735843479633,30.0430852174759,45.0914018154144,62.1719301976264
748,"SWZ","Eswatini",5710.36292263865,4355.65488211811,3314.67293681949,1260.05380078405,930.983705669641,1054.05194272846,1371.67223540694,3383.1332429871,4463.02932848036
231,"ETH","Ethiopia",42027.0282486379,64047.1246659011,81740.1288392767,87426.9539359957,96758.0372412354,85390.898033075,60089.6636584103,52561.5923315287,147221.108548619
234,"FRO","Faeroe Islands",NA,NA,NA,NA,NA,NA,NA,NA,NA
238,"FLK","Falkland Islands",NA,NA,NA,NA,NA,NA,NA,NA,NA
242,"FJI","Fiji",247.761949889362,161.735284730792,105.261643752456,30.6360694617033,24.3417964056134,64.0900879651308,84.5258181989193,31.1046103686094,30.0620890632272
246,"FIN","Finland",2864.94083888456,3419.93429203331,4807.71449233778,2778.95028021559,2170.39800911024,2393.79225289449,1601.35732524842,2136.97620418295,2545.03062845767
250,"FRA","France",4791.18489740789,5201.89006255567,5457.65111216903,19399.7523064204,23662.7020732611,21425.8701015748,7169.46458303556,5524.09302967414,8793.4286824055
258,"PYF","French Polynesia",NA,NA,NA,NA,NA,NA,NA,NA,NA
266,"GAB","Gabon",4028.62519135326,3608.29930761456,5413.19310102612,6604.35756623,6388.88569074869,6674.83000671118,6271.98660994321,4892.54111675918,5830.90725794435
270,"GMB","Gambia",2176.6596005559,3134.74199237674,3138.94022832066,2546.78302489221,3305.02766062319,4877.89596151561,2809.06841284037,1884.63117200881,1889.3104384765
268,"GEO","Georgia",6601.97006034479,9839.43551998213,8833.72428622842,12302.0152484626,12778.1713681035,12595.2603313141,10103.1428571865,10160.6251946464,15614.0496707559
276,"DEU","Germany",114.030597545207,195.026581637561,223.086872518063,548.09188683331,927.882744628936,836.453992418945,178.396884504706,25.9431555382907,173.049546711147
288,"GHA","Ghana",50197.5196942613,62846.6944679171,57895.809548378,48345.1274258792,50552.4222264364,50872.4333583787,48079.5070887357,34625.473892048,63765.6258812174
300,"GRC","Greece",2220.60591415316,2249.6428293027,1937.9236333631,4855.4663396664,3360.8902220726,3618.40181706101,2352.90321994573,2214.63255640119,2314.7740775086
304,"GRL","Greenland",NA,NA,NA,NA,NA,NA,NA,NA,NA
308,"GRD","Grenada",NA,NA,NA,NA,NA,NA,NA,NA,NA
320,"GTM","Guatemala",1732.26435150206,2320.07249890268,3224.39359208941,4855.05451539159,6633.76602631807,5797.05193486065,3521.50059176236,4578.96882974356,4286.88046888262
831,"GGY","Guernsey",NA,NA,NA,NA,NA,NA,NA,NA,NA
324,"GIN","Guinea",19171.526667282,18394.5303875059,19842.9610537961,18208.5583773777,17784.2798699439,18531.8971432,27206.1081287861,24737.9636661261,18082.025805667
624,"GNB","Guinea-Bissau",2206.45128405094,1099.31279700994,1307.69688849896,1110.31206091493,2078.69196434319,1297.40004783869,2493.05001858622,2741.48596456647,2228.06302601844
328,"GUY","Guyana",14298.4638217241,19715.8976756036,16562.6609606594,10786.4954738021,9079.3577651307,8269.7529566735,3279.58608713001,4836.48747130483,9886.04699979722
332,"HTI","Haiti",705.286297336221,412.025384172797,485.581196911633,518.771772071719,756.153545789421,618.633388109505,599.560030058026,435.230730876327,543.019469305873
336,"VAT","Holy See",NA,NA,NA,NA,NA,NA,NA,NA,NA
340,"HND","Honduras",3214.44157810509,4675.2987632975,9645.946185112,4388.24745957553,5875.5458830446,7841.50604711473,8486.05947998166,4379.43778926134,6246.22664424032
344,"HKG","Hong Kong",NA,NA,NA,NA,NA,NA,NA,NA,NA
348,"HUN","Hungary",NA,NA,NA,NA,NA,NA,NA,NA,NA
352,"ISL","Iceland",8118.48257126473,11473.6108093131,4408.89894016273,4599.21198043227,4507.4754260499,5424.60789637081,2948.09731070139,5652.71500669234,15209.6952359695
356,"IND","India",227597.11241442,243160.702830948,267041.448011577,257216.57161583,162875.44025325,112345.4516185,60407.2054230198,50515.1106028035,83488.9523362666
360,"IDN","Indonesia",14199.1567523107,11128.2633128762,9516.87549452484,13093.5895160809,17911.1238410398,14586.9589044452,12354.5581674054,12864.8388012722,14986.0185727328
364,"IRN","Iran",61640.4221516922,65431.8049012572,130606.782725818,117729.727154702,106170.023742449,69298.8504524231,37236.4127359651,51175.637179438,106053.494763583
368,"IRQ","Iraq",2827.42683145031,12811.934481632,9714.21268629655,39969.2523456663,10344.7364049107,6600.89573683962,5146.73630907014,5531.49484982714,14257.9714958221
372,"IRL","Ireland",10418.9859848768,11415.1400324441,11574.5206642486,13341.2949159369,13465.8136580847,13032.0855239369,10620.7798946388,15402.2066185065,18320.1860354394
833,"IMN","Isle of Man",396.814262352884,328.431772124022,202.100836034864,242.944978933781,246.351330712438,212.805215265602,256.796979598701,362.177513260394,383.412471268326
376,"ISR","Israel",19.3506568595767,16.5387129560113,19.4333525076509,42.7575488612056,18.7357228547335,3.82120112329721,0.787793196737766,1.24322577565908,5.36101671308279
380,"ITA","Italy",5956.77640866861,6247.69393438473,6313.31471062452,8785.3342060186,17077.1514504366,21777.2885810286,7429.54014012963,3498.6208887957,6181.12656277046
388,"JAM","Jamaica",43.9756645411253,44.4126059263945,43.5247030183673,39.1192645952106,40.3053526431322,67.6442522481084,35.1020698696375,46.9731942340732,26.5343564152718
392,"JPN","Japan",564.734212227166,1009.34034858271,1403.58029282466,645.019869700074,457.45829212293,453.25372524187,389.033118791878,723.347476091236,849.239207435399
832,"JEY","Jersey",NA,NA,NA,NA,NA,NA,NA,NA,NA
400,"JOR","Jordan",64.4011255949736,265.912230543792,604.795245155692,381.568352282047,402.475372321904,174.36733301729,66.5239694342017,425.628580875695,645.869691595435
398,"KAZ","Kazakhstan",505956.61714156,948359.995956212,795530.444710936,676091.552150618,644452.622530639,798844.379330359,702668.512402743,612182.40028502,1429763.90630561
404,"KEN","Kenya",75354.5681529194,78487.6022539139,105968.51423806,117601.942015365,121424.483986229,100423.927207537,89516.7095218152,78978.4641984031,153613.068477258
296,"KIR","Kiribati",NA,NA,NA,NA,NA,NA,NA,NA,NA
689,"XKX","Kosovo",321.059227991849,312.702447328717,320.380197096616,890.007446404546,1599.84520116076,1765.42116239667,640.787622533739,220.391006398946,574.689690325409
414,"KWT","Kuwait",1.14702174812555,0.674935631453991,0.605847209692001,3.63383540511131,4.44655750691891,2.62341328710318,1.07633747160435,0.470670513808727,0.472469002008438
417,"KGZ","Kyrgyzstan",12244.1572166868,12105.3535680287,12450.3287888356,12165.3301274031,25379.8541231789,31278.3669989966,16217.5739959888,12856.2016201131,38902.7315520309
418,"LAO","Laos",80.4196240529418,102.787544943392,93.0183046609163,165.911247357726,144.973016001284,113.937768958509,106.793527841568,75.8672174289823,87.4082441031933
428,"LVA","Latvia",NA,NA,NA,NA,NA,NA,NA,NA,NA
422,"LBN","Lebanon",623.917918875813,592.113678894937,1357.25473116338,1112.93708897382,997.504404909909,601.665272124112,351.279766611755,437.643367357552,1653.39422767609
426,"LSO","Lesotho",9184.43727771938,15996.6800684109,10798.5462420806,7558.30365566164,10276.7030738592,14316.2008535042,4917.02166273445,4402.68809396029,14621.1264149174
430,"LBR","Liberia",127.439547672868,199.611326158047,135.180075891316,128.281021408737,125.103369809687,139.367281444371,118.912951245904,139.511008284986,146.781103536487
434,"LBY","Libya",7028.63866749406,12504.8486377895,18522.5497799888,15987.478485927,8856.55722647905,7230.98993608356,2420.35294406116,1720.91340760142,6494.64333301038
438,"LIE","Liechtenstein",6.01278311014175,14.5037753768265,8.17520361021161,44.6711012721062,47.4045673049986,35.7006650231779,5.59145253151655,1.47626862674952,9.54373625293374
440,"LTU","Lithuania",2.72230911627412,1.75352520495653,1.31282509118319,2.97334337607026,1.87545344978571,1.61856465041637,2.15424041822553,3.38016824424267,2.41627971827984
442,"LUX","Luxembourg",NA,NA,NA,NA,NA,NA,NA,NA,NA
446,"MAC","Macao",NA,NA,NA,NA,NA,NA,NA,NA,NA
450,"MDG","Madagascar",148397.702222824,221703.272263885,234114.067742594,176735.756695189,196216.378499903,200499.165349357,168879.571434021,178013.359805174,264914.039154395
454,"MWI","Malawi",3968.30629523098,10124.0295157209,12870.4972757846,7424.21086225659,7979.10237472504,7907.96475110948,4147.85938575864,1377.09993577003,15225.9453786463
458,"MYS","Malaysia",552.37142495811,281.965759925544,159.980452813208,132.095526732504,251.963627994061,257.830714426935,109.046257160604,137.88836337626,237.528793476522
462,"MDV","Maldives",NA,NA,NA,NA,NA,NA,NA,NA,NA
466,"MLI","Mali",309470.90425127,483874.15745236,565256.487133816,464541.411886536,321270.861494221,447178.72423815,282353.793181926,353205.506785214,495005.188577354
470,"MLT","Malta",NA,NA,NA,NA,NA,NA,NA,NA,NA
584,"MHL","Marshall Islands",NA,NA,NA,NA,NA,NA,NA,NA,NA
478,"MRT","Mauritania",12264.0069959611,18261.4905221164,25430.428137809,30650.9679978192,13053.1692069024,18556.792554073,9089.102299124,10358.0655905232,24142.4047839418
480,"MUS","Mauritius",NA,NA,NA,NA,NA,NA,NA,NA,NA
484,"MEX","Mexico",96550.9058827087,124165.12478134,156396.802249447,168239.239717126,154757.642527454,242063.630485445,76252.4314633533,89751.7196269482,196658.201889649
583,"FSM","Micronesia",NA,NA,NA,NA,NA,NA,NA,NA,NA
498,"MDA","Moldova",NA,NA,NA,NA,NA,NA,NA,NA,NA
492,"MCO","Monaco",NA,NA,NA,NA,NA,NA,NA,NA,NA
496,"MNG","Mongolia",35264.2439390495,60826.7329875119,60642.7649269439,46077.5253881365,52536.3396249302,90442.5203803107,31888.6066714302,30351.4330819808,154263.519179344
499,"MNE","Montenegro",2277.50391675159,2437.74986276031,2086.42151160911,9923.19062811881,8099.27216177806,6639.49824394286,4409.21888013929,4404.53659439832,4082.77378553152
504,"MAR","Morocco",20859.7275534421,37538.5320366174,41572.3836661726,37261.9369185865,38856.513185963,28459.551670365,9340.82425862551,18574.1339586154,26431.881484285
508,"MOZ","Mozambique",18332.574964419,24744.9408601895,30880.1803758815,31391.1811556891,38087.0055690259,38805.8175982758,21309.0739000365,7931.80870133638,33623.1840103641
104,"MMR","Myanmar",2580.58531549573,2828.96613700688,2450.33148698509,5024.7527859658,4360.74624298513,2949.01844940335,2659.80133312196,1333.43946030736,2242.24640965462
516,"NAM","Namibia",36878.5150320008,21055.2062220946,19601.2544821054,18986.2591244355,49334.2686770558,56982.6665442586,18816.6397255138,39561.8193660006,77163.4528603479
520,"NRU","Nauru",NA,NA,NA,NA,NA,NA,NA,NA,NA
524,"NPL","Nepal",1672.80055999756,1774.46137773991,5518.14177697897,3023.36791218072,2846.11448020488,1822.07070364803,1509.9957183972,2529.1978969723,4109.20781909674
528,"NLD","Netherlands",167.906928554177,102.382930018008,85.7956084311008,142.889974974096,122.044844813645,115.759507413954,113.211974345148,150.35873477906,212.370750978589
540,"NCL","New Caledonia",2483.31943122298,4600.77278641611,7002.48073194176,3663.21423602849,6459.0916499421,13226.8336093128,20970.0909962133,7867.23941613734,2945.87662922591
554,"NZL","New Zealand",70388.3201776035,128489.205041736,104810.236631528,58740.8950878009,38602.702140484,63093.8276833929,93788.7357414067,85959.4481862374,83968.3540581614
558,"NIC","Nicaragua",12158.3122297749,24337.6064155847,22198.4594759047,12522.6463627219,9781.68847248703,13889.0768442526,9482.80653208494,8164.9146265462,6581.87836682051
562,"NER","Niger",257192.094612047,399285.22486227,419774.926211581,305188.596105874,181228.648075677,195712.342943825,97254.0283555314,139194.649452738,300334.253826886
566,"NGA","Nigeria",445514.237054035,576650.731007062,511428.553719841,273900.698804058,211535.986815035,318976.460384689,219510.627502359,182319.13608329,275285.135330081
570,"NIU","Niue",NA,NA,NA,NA,NA,NA,NA,NA,NA
408,"PRK","North Korea",3681.19830969721,2689.5902829878,1541.03753375635,3722.22941026464,5776.40744252503,3946.69339428842,2137.40432197228,2376.80440445989,4586.8829173632
807,"MKD","North Macedonia",1278.0451583378,2365.04842679948,3431.26766200364,5005.38298369944,3368.69782845303,3865.28769012913,5554.39533537254,3918.22777308524,2828.85959828272
578,"NOR","Norway",8927.76019561663,5155.41055505164,4828.71528287604,3999.02983197942,11080.5374234784,6946.58202715032,3532.08722228743,5254.8726414945,11470.0882453136
512,"OMN","Oman",10391.9996471703,8281.95538625121,3570.26198206097,1904.64514757693,3586.02610587329,6476.03369712085,12503.5042326003,14442.3751927912,10752.9516764209
586,"PAK","Pakistan",24951.5075248964,24206.7011082135,20884.5682051852,34667.5580821671,25459.4914924316,15147.0792166926,10900.5267203636,7164.58329989761,24724.0872150958
585,"PLW","Palau",NA,NA,NA,NA,NA,NA,NA,NA,NA
591,"PAN","Panama",542.572897203267,717.254286594689,400.637175984681,454.922647893429,468.146155171096,360.905438765883,393.919029131532,659.128624200821,492.238952279091
598,"PNG","Papua New Guinea",29673.8784822747,21246.5750700608,14182.2099577636,20436.6750737578,23205.7175218612,31614.2855214626,25917.1318509504,23278.2385134026,22536.838622719
600,"PRY","Paraguay",87894.219439365,125977.489730649,82905.7914343551,52463.84832187,106626.268998832,182976.73793678,274607.669147886,170746.935874231,113945.297817364
604,"PER","Peru",204573.99089127,141310.599942006,164382.798753306,101890.79925555,174892.288471863,169971.700500272,140699.85011667,133309.747199923,291146.386626743
608,"PHL","Philippines",785.66507280618,1051.30497322977,722.286307409406,716.437709838152,1118.71289031953,1245.24765001237,775.690111912787,575.573402784765,494.313429504633
616,"POL","Poland",19.0751543566585,18.4073931351304,10.2291760705411,27.5353347398341,26.971421469003,10.5610978379846,5.21634744480252,13.945618044585,35.3780720718205
620,"PRT","Portugal",6877.58880409971,5709.461794734,3736.61004124582,7487.33116029203,2430.5089809522,3569.45990192145,7770.70206003264,5044.22197658196,1587.08753065392
634,"QAT","Qatar",3.54670060425997,0.83411430567503,0.139141596853733,0.62489253282547,11.2667401209474,1.31985975056887,0.138846389949322,0.764732107520103,0.416694365441799
178,"COG","Republic of Congo",26810.9064797461,21074.729591392,19815.1603810489,21855.8743587136,27971.0159180984,23858.4475016892,22514.9444580153,23060.426786758,23954.1876975521
642,"ROU","Romania",1034.28142277524,2137.50054760277,3946.05316700041,6085.26584893465,7397.73185949028,9117.85462989286,2181.196134381,1537.38452348113,2741.06441292539
643,"RUS","Russia",1271792.64627973,1472171.56871028,1606151.78592807,1487834.01123569,1391162.08103715,1438279.59149428,1627022.20045518,1622723.26486607,1799665.86362049
646,"RWA","Rwanda",106.663330450654,75.364718593657,133.349140867591,91.198581263423,98.1993209421635,83.1297341063619,53.5248450264335,60.2118703722954,82.3546602502465
652,"BLM","Saint Barthelemy",NA,NA,NA,NA,NA,NA,NA,NA,NA
659,"KNA","Saint Kitts and Nevis",NA,NA,NA,NA,NA,NA,NA,NA,NA
662,"LCA","Saint Lucia",NA,NA,NA,NA,NA,NA,NA,NA,NA
882,"WSM","Samoa",NA,NA,NA,NA,NA,NA,NA,NA,NA
674,"SMR","San Marino",NA,NA,NA,NA,NA,NA,NA,NA,NA
678,"STP","Sao Tome and Principe",NA,NA,NA,NA,NA,NA,NA,NA,NA
682,"SAU","Saudi Arabia",4669.04494132847,11018.1014185175,13902.0339975655,11995.9421387389,10150.4130116999,5880.20115002245,3322.65898445249,3318.44493431598,10461.4975058809
686,"SEN","Senegal",96776.6035410389,132520.83107201,128897.215141006,144387.17625168,87695.3305745646,103182.189123236,57652.2692936733,52380.5243827701,88991.3596930355
688,"SRB","Serbia",957.932094201446,1082.50795889646,771.523980099708,5705.17873442918,4565.564307414,3000.75553573668,1692.72366774827,901.904681965709,593.043419718742
690,"SYC","Seychelles",6.0724001377821,1.51793283224106,3.87095879018307,7.21191008388996,23.4550749734044,13.9655792191625,5.84576054662466,2.65713597089052,5.61736525595188
694,"SLE","Sierra Leone",270.58889285475,297.546342864633,181.149896740913,145.073965527117,127.266903199255,206.776985824108,314.831273257732,362.840642727911,467.521219573915
702,"SGP","Singapore",55.2225629091263,50.2232535481453,64.8368056491017,36.917418435216,112.521765559912,59.6064341887832,29.9956593438983,37.9945763796568,87.833397641778
534,"SXM","Sint Maarten",NA,NA,NA,NA,NA,NA,NA,NA,NA
703,"SVK","Slovakia",171.172473024577,304.362614691257,311.046838410199,570.327585574239,656.046240206808,467.783725962043,78.9375122487545,77.3028293736279,251.224754951894
705,"SVN","Slovenia",55.4729204066098,95.7729412615299,95.9800287894904,169.93227500841,297.086796980351,446.270966675133,51.8474829494953,37.1056285463274,116.685108181089
90,"SLB","Solomon Islands",NA,NA,NA,NA,NA,NA,NA,NA,NA
706,"SOM","Somalia",33424.0858791247,29652.1986059025,35091.6044495702,40570.8982301354,64751.7808385864,43626.6141185835,19911.2210172936,26182.5193209052,40507.3876679838
710,"ZAF","South Africa",642990.104757167,789311.193857662,564860.434668593,312419.597625591,261355.318822689,344222.066322245,304447.567869551,438584.772358038,797812.311495945
410,"KOR","South Korea",35.3146556951106,93.2289016470313,349.061591051519,187.51034520939,72.8506226874888,72.40937076509,98.8823457546532,22.6047173701227,187.265601743013
728,"SSD","South Sudan",49294.7613527775,57893.7789125293,50608.4613802582,41234.7008836791,43373.6040870026,37694.4802966565,26000.1863634363,33357.5131848752,46640.7137555853
724,"ESP","Spain",21401.1672805399,21336.3709578663,25119.8291390389,70734.6921873838,39445.4435127601,34560.5387685224,16673.8606269509,17276.4786199331,24206.229568623
144,"LKA","Sri Lanka",405.424143187702,372.415505513549,334.45324794203,205.447814248502,544.452758163214,363.429528936744,275.892172262073,274.050754375756,1078.20279947668
670,"VCT","St. Vincent and the Grenadines",NA,NA,NA,NA,NA,NA,NA,NA,NA
275,"PSE","State of Palestine",3.94861940294504,6.32304438203573,2.89636573195457,5.33179693669081,19.2918244972825,18.8848342373967,1.18386725336313,2.30594182759523,6.71638336777687
729,"SDN","Sudan",215100.668024652,391316.46158836,396205.145232335,409641.689370818,351504.00014288,379241.647421211,284917.047419988,129879.095360972,461115.149005726
740,"SUR","Suriname",2969.11448760331,3068.79662263393,2368.57013765723,1519.26508402079,1235.63762806356,1153.52375468612,271.068496115506,498.15598295629,1416.55607016385
752,"SWE","Sweden",7045.39519254677,5300.99086279795,7778.14003287442,5908.42070622928,6974.65876109898,9600.66458482295,7324.27712816186,5874.29620693624,6402.47132846713
756,"CHE","Switzerland",1565.22341927513,1557.14361365512,1219.33674343303,3767.25354089215,8625.37576241419,12869.6192453094,2359.61009843275,1733.76460084692,3576.19904534146
760,"SYR","Syria",1675.82752855495,2073.26681499183,3979.40842008218,22991.8967350498,4146.71073070914,3820.64308493584,968.792071871459,1811.00798073784,3438.97769011185
158,"TWN","Taiwan",32.979444861412,49.5062782466412,59.0509892776608,57.398240685463,57.8956805691123,124.56522500515,28.284859508276,47.6268045157194,97.1959819942713
762,"TJK","Tajikistan",8060.78033065423,6102.83692326397,7706.09544434771,15231.2746206559,18876.0484349504,7911.8845959194,5383.25774203241,5671.84035101905,15142.4678642713
834,"TZA","Tanzania",137590.178476349,262083.844365485,257192.094413944,250708.078506425,260741.728683293,268161.756862871,186438.639426939,82478.3438010961,451355.938753016
764,"THA","Thailand",393.288348406553,255.771644741297,155.594251483679,141.777791254222,248.704307466745,242.091753855348,113.840596534312,120.369257286191,276.384379982948
626,"TLS","Timor-Leste",2846.99010713398,2518.90181300044,3041.51685231179,3668.20499004424,5476.74934507906,4776.55701818317,3043.60820522904,2157.22786683589,2557.02437715977
768,"TGO","Togo",5077.12731447816,10247.4471624345,6497.5249774754,5686.00079561025,3922.3289367035,5735.56552883238,11508.0528996885,8680.09375355393,7292.50969762355
776,"TON","Tonga",NA,NA,NA,NA,NA,NA,NA,NA,NA
780,"TTO","Trinidad and Tobago",NA,NA,NA,NA,NA,NA,NA,NA,NA
788,"TUN","Tunisia",826.073303163052,1241.09349003434,2045.4840287827,3383.42796022445,1418.68155999109,374.838659394532,101.359870593995,59.2891964763403,235.704292465001
792,"TUR","Turkiye",99480.9536966607,130189.254255015,149727.979639314,160294.02883742,228850.408391237,232286.473262887,125005.281353287,95367.0009201132,187762.684293151
795,"TKM","Turkmenistan",3286.18286402896,12987.1705492847,13714.6522982717,20162.6734731756,21128.322882738,14722.8227043934,6343.75265179947,3153.60598514229,15309.9544433057
796,"TCA","Turks and Caicos Islands",67.0693559199572,119.518728993833,71.4274634346366,124.480557858944,377.930465616286,107.475835338235,40.709045059979,36.4359241202474,129.134645193815
798,"TUV","Tuvalu",NA,NA,NA,NA,NA,NA,NA,NA,NA
800,"UGA","Uganda",105445.661824681,118103.478248827,139667.111232109,184426.302000701,244192.365130328,295979.321113788,399804.946857721,259305.299469434,181962.629864432
804,"UKR","Ukraine",1034.0691983439,1960.29940992221,2201.65435906872,2713.53066030145,3252.79092659429,2345.16848509386,2037.42535268888,1166.80420816317,2629.18353157118
784,"ARE","United Arab Emirates",435.437538512051,232.62244451791,189.616797588766,303.256697431207,399.090240761638,160.35578532517,97.7921385616064,113.144727744162,174.630650565028
826,"GBR","United Kingdom",49796.584375333,59463.4512294643,47807.4228134565,41391.1286307164,41994.4051053897,41421.9138404317,38374.3677339107,42065.5783301815,53405.6442848817
840,"USA","United States of America",1261572.90104548,1065871.32585925,1381942.94356127,1519905.53414715,1235627.16693,1146506.13148954,1368685.23941815,1592816.05746388,1887031.38802918
858,"URY","Uruguay",218536.412851177,243731.24858816,216249.400522433,188790.845886499,131978.77466014,127531.766131289,101700.520530336,117159.143408217,252985.475464806
860,"UZB","Uzbekistan",9438.17679747194,14173.9241675399,14290.3044868931,31765.4158655666,25013.7462640628,19568.5755363256,8642.74709314108,6456.26629595086,29772.6441599503
548,"VUT","Vanuatu",4.60625267773867,2.5251290500164,1.40255113691092,0.589480526745319,2.27699756622314,0.882900647819042,0.808283776044846,1.3370912745595,3.49049341678619
862,"VEN","Venezuela",455082.944576383,366118.32408189,338277.859012604,367182.032677822,345348.798646748,295848.237158842,328819.94650349,367606.61279323,430705.892093554
704,"VNM","Viet Nam",503.277823843062,587.217500127852,504.005248121917,512.681611463428,1352.15823015571,700.766484811902,468.689859591424,510.913484789431,1291.49162627757
876,"WLF","Wallis and Futuna Islands",NA,NA,NA,NA,NA,NA,NA,NA,NA
732,"ESH","Western Sahara",14.1120039820671,6.61319900304079,9.65936258435249,3.03569736331701,8.03060661256313,3.5775109231472,1.78837087005377,0.759030759334564,1.37301170825958
887,"YEM","Yemen",9261.67247793823,11342.4132149667,15700.0561920032,23567.2883712202,17771.760714516,11735.3832596168,7222.06632179022,7137.36045589298,15880.3363637775
894,"ZMB","Zambia",17437.5871011689,44902.0692155361,69186.2812929004,67023.0449596718,77302.0292348862,95146.2340970263,60330.8837181628,15905.1587044001,207648.75779254
716,"ZWE","Zimbabwe",29580.8915483877,39986.9964215159,33462.1566165909,32682.7562567815,38127.3646486849,48266.5027839094,20894.8710688278,10624.9783854932,52598.5439145043
