"code","iso","country","GHO.raw.2014","GHO.raw.2015","GHO.raw.2016","GHO.raw.2017","GHO.raw.2018","GHO.raw.2019","GHO.raw.2020","GHO.raw.2021","GHO.raw.2022","GHO.raw.2023","GHO.raw.2024"
4,"AFG","Afghanistan",314.310403581398,276.623996714814,223.706375445052,166.707495208975,129.148229040446,106.294271620262,107.770778084049,122.511568200825,126.564730432505,125.489103719244,121.634532657009
8,"ALB","Albania",168.822166482788,173.150842309702,154.0553928386,142.753524549709,135.061697855153,111.390523911553,88.6015403395035,80.2904340304888,50.2557800613171,32.6442630982588,41.359393028361
12,"DZA","Algeria",192.366723970695,207.830486611947,212.948290363462,209.044429575495,203.974573712075,195.790968788892,180.056462214287,162.723806047896,155.89535185205,152.394999601255,150.097377989253
20,"AND","Andorra",NA,NA,NA,NA,NA,NA,NA,NA,NA,NA,NA
24,"AGO","Angola",170.213022050133,189.248406074689,182.747358598521,154.64294503371,118.435902095859,90.3182823538752,77.4894072128157,68.350679190086,64.7258154284049,57.2790303120403,55.6984803094868
660,"AIA","Anguilla",NA,NA,NA,NA,NA,NA,NA,NA,NA,NA,NA
28,"ATG","Antigua and Barbuda",120.337868745825,110.197857578009,113.094910953664,120.494581390446,129.093660659992,143.639254494203,142.940594743843,139.295509682459,137.005985009377,131.602157692644,129.352196359118
32,"ARG","Argentina",109.454358609836,104.337633687755,109.162894018586,114.384945412171,122.613842216133,120.425323735285,109.297189188239,109.87111162316,109.739658187264,106.626675986025,102.062487949175
51,"ARM","Armenia",164.672734084658,161.355686297354,147.286238575607,153.574018869405,170.60079316924,160.446526236698,150.732580728856,155.246154873192,170.567669805436,175.880316328764,174.617064542769
533,"ABW","Aruba",-386.70078760329,-662.144612977438,-924.252638745237,-815.772009215182,-699.067683560355,-530.219644623009,-300.54715673978,10.1783451359744,95.8082896600707,96.9641924581483,104.252816834224
36,"AUS","Australia",112.064312560198,108.513032720855,105.533570101112,108.850040127113,110.06895613049,110.698633861491,101.239224813128,94.9910238558514,91.3252918714965,91.0611185159761,89.7839341276668
40,"AUT","Austria",29.0864946928058,45.5763725858881,61.6456016488876,79.1390841707303,87.7680553322007,86.1739561558251,83.5636959598222,89.021980911319,78.8167395697714,62.2286664193273,43.1242102354061
31,"AZE","Azerbaijan",127.07389381474,134.387369798563,142.245327344127,141.301031303271,153.540871614547,151.853486759864,139.201886460967,132.907463470182,138.452098971363,145.051174045804,145.244702112724
44,"BHS","Bahamas",116.079490404852,127.436921510392,127.053975013565,146.193903528373,147.147990781066,159.36705937981,154.603433991573,159.888692951376,171.541581336044,174.258150946305,173.118420018559
48,"BHR","Bahrain",196.976608830949,198.197534060926,185.84756918269,176.115355252243,175.326648925697,175.05992547659,173.001777798945,159.117380933928,142.845250705982,142.050912629985,139.277818094471
50,"BGD","Bangladesh",205.856971384132,203.887119731392,204.657522921125,202.756386914431,198.406590423601,193.41198855791,190.612747207873,183.810049772499,176.295991259875,165.851196123265,153.307378505312
52,"BRB","Barbados",96.3179835898914,76.3169392626222,80.9514411509206,92.0694169255273,86.1766074710252,82.6353980910681,79.3992465530543,79.7310754889297,77.6763636569307,86.7420914810646,91.3835385798731
112,"BLR","Belarus",140.999822142277,124.131841340978,108.076676103008,96.4068886948976,98.5865583586046,97.5780789081488,95.7613768431737,94.6502122032757,94.5090758147229,90.734752003136,89.4301814985178
56,"BEL","Belgium",5.19397899440396,19.5028744725831,30.8851389624109,43.4769085373911,64.4384747713763,67.590107045903,71.8772731368977,75.3373401427686,65.1165337814715,53.4743956820738,41.922357474107
84,"BLZ","Belize",186.571901733481,169.493266332881,169.490312146955,170.905117974454,159.264640115985,167.395278790786,168.577019958864,175.612888382224,163.832159618907,153.624526122542,140.294754512167
204,"BEN","Benin",234.363260751443,214.477500493213,206.88082292738,203.991501055462,197.648090675529,189.837746039964,185.623135653002,178.981364419508,173.091454746872,170.048459130025,165.211105538237
60,"BMU","Bermuda",54.9019068807546,35.7322263193116,67.8137832409691,130.021077910398,135.759487859077,140.735576801368,160.298418388643,120.384992274612,48.9920344064157,28.9027227319362,62.5476670533306
64,"BTN","Bhutan",276.477774150707,281.617051239437,270.84520914543,252.828061662737,244.939281278444,220.881369267395,185.133351727083,148.669095245679,126.610557693695,113.865244963266,103.528743614215
68,"BOL","Bolivia",214.203913389062,213.747828272264,207.285675839361,200.000537876411,188.261724930154,174.44514831178,157.82060488614,144.281564406282,142.242170047166,142.303252809953,153.146301304449
70,"BIH","Bosnia and Herzegovina",179.57467894391,135.670061948718,126.454220907961,120.200755478689,123.022886016275,115.81286447501,109.570524628028,120.486743466123,120.243737401119,111.330558477654,89.3952177756789
72,"BWA","Botswana",184.921956583927,175.740492172642,161.674418243065,149.986871543365,155.750131470963,136.47207560685,119.73125453165,111.823328488599,112.705111073216,117.398743398576,122.417338366884
76,"BRA","Brazil",188.241532041519,188.300880184165,177.36026826817,162.421941156791,146.22671910505,122.580202891581,106.124016628012,102.924775431738,103.453169486274,110.036806916728,118.041874548989
92,"VGB","British Virgin Islands",NA,NA,NA,NA,NA,NA,NA,NA,NA,NA,NA
96,"BRN","Brunei Darussalam",160.19796493794,77.8542137478228,53.8078136200308,62.3914498282828,96.6029126986328,104.920003808586,128.728606646198,170.994264178311,205.803785911483,208.898967526672,215.327977877948
100,"BGR","Bulgaria",47.3953155841849,52.5002000873272,50.8230877340139,78.6337248740816,87.1809323619342,68.8252069810555,38.1583746871512,65.2696929559929,87.8687102929474,46.5073550747787,13.6019279578348
854,"BFA","Burkina Faso",204.010438369291,200.748066545959,198.270626034563,196.426672691491,197.128648945487,196.828265366947,185.630857967583,175.468787883055,174.257249856963,166.026787741829,152.82112525507
108,"BDI","Burundi",274.747443841835,272.392647582202,260.757836200268,250.812465325867,245.274622290212,233.354796589146,213.545453450397,199.377106223371,187.353318308823,191.062936713755,189.491243904471
132,"CPV","Cabo Verde",139.21662107825,114.834325067844,113.120713161375,117.133707816871,107.313432438013,120.541926667587,119.047285090977,144.359610427347,145.620782258357,138.499577134921,130.446120606228
116,"KHM","Cambodia",197.016450008826,183.640447302859,184.23423184602,191.176374140123,199.138563648573,211.838024206091,225.217494398792,234.5172436408,232.506783756856,216.98209202574,199.252697166979
120,"CMR","Cameroon",141.408482818277,167.221954652686,181.798381311235,190.514095549532,184.688836074396,181.917376789404,171.99126609966,156.680542540919,137.870614009607,120.588163196167,111.08692681797
124,"CAN","Canada",97.6186409489468,99.7668892054045,98.8781674461191,109.634901155018,117.274683377306,113.82932699666,98.1812632514026,88.7245277361182,84.1859930571552,84.297046767481,83.7357174508929
136,"CYM","Cayman Islands",NA,NA,NA,NA,NA,NA,NA,NA,NA,NA,NA
140,"CAF","Central African Republic",167.564164597212,156.432255293803,144.342583634204,143.578018128637,146.261833193556,136.53668102436,129.214263768038,133.992193351221,135.486332750758,129.703326987595,125.550161873222
148,"TCD","Chad",246.930765080499,246.64307444481,247.792731523214,246.852542976837,242.735327757201,238.265489201474,233.30905567034,226.872076755938,220.248514933563,214.467449993502,208.404537976912
152,"CHL","Chile",185.850538228192,170.95435510153,160.821314338194,161.098795856857,160.058286746546,153.467178918603,136.717320546267,131.241760847219,132.08348939579,124.238247147325,108.478541299426
156,"CHN","China",263.061771163714,238.775007550126,210.844916825701,181.923996433237,158.9153173796,141.231873601282,131.868754623938,136.265600862334,143.97894062923,153.342646067058,159.545868375266
170,"COL","Colombia",175.930204560306,169.945824384381,162.084204487183,146.036325292383,140.306079373469,145.307475742359,148.325093359436,152.090897322985,146.501390665144,140.979825224325,137.291015452485
174,"COM","Comoros",171.954725544262,178.481373805912,196.448859548187,198.70810563356,202.363705491463,209.186447459629,220.041409656635,228.073965783879,239.226790951146,246.342411891374,239.600434712053
184,"COK","Cook Islands",NA,NA,NA,NA,NA,NA,NA,NA,NA,NA,NA
188,"CRI","Costa Rica",132.683642643395,112.924811606773,103.492488209486,112.384815344143,126.447128122083,134.002875259284,125.770189766457,123.570296034071,120.183232375243,130.646928507558,141.089790422769
384,"CIV","Cote d'Ivoire",204.621597675835,222.734742968527,232.953646512912,244.351559659922,240.985769095458,209.634557975801,182.960674391279,168.668424076145,170.283376360468,173.409872594926,173.464583115891
191,"HRV","Croatia",74.1888343328715,95.1124001527911,83.8782504588102,85.0225303972695,81.3012218142669,86.6923317272934,90.0025787105888,97.7197855542613,99.4220188502279,105.138133942633,104.916055574064
192,"CUB","Cuba",NA,NA,NA,NA,NA,NA,NA,NA,NA,NA,NA
531,"CUW","Curacao",152.358863295707,147.642656373368,131.871469487481,146.158149118757,105.928840787674,-29.8426285896922,-96.9161657983313,-4.26385521909527,42.625838425288,90.4666237860092,92.3241133127385
196,"CYP","Cyprus",59.3193415154192,63.5414018904643,75.9376030632139,85.4344092770533,92.0753826535584,99.603124817422,109.873808939989,119.768735351135,121.38734674621,111.552452014306,109.692097342422
203,"CZE","Czechia",26.9134429055539,27.989480994425,38.3786730978248,59.2287816745625,72.1251597867162,67.4817762732273,55.7782835626312,62.138518692587,63.0321992955405,39.6171540579678,8.05815946899151
180,"COD","Dem. Rep. Congo",254.090261009283,270.031794893256,271.370184058235,263.291670036278,250.001029357643,225.9088521866,202.75019362872,181.667113789929,181.759123737919,185.184437048488,189.659065311192
208,"DNK","Denmark",-38.158192853905,-84.5736123470766,-46.7255198855465,-33.8746421745019,-15.794490149695,-18.3419764227262,-9.14413485979963,5.69948421463016,4.3516754860608,19.411324181894,25.5490910678117
262,"DJI","Djibouti",99.7607468186713,110.603157164612,115.163128852846,122.018101904554,140.434085892741,153.809962995955,167.87613648007,162.933205516583,155.743201621537,153.114440201719,150.20366647859
212,"DMA","Dominica",124.984457109955,120.946976646289,103.443503651501,95.9686189474274,95.9499303672657,114.395170732018,111.126187276379,98.0922941439784,98.6005501212146,97.2483339382284,99.2063291374299
214,"DOM","Dominican Republic",166.510528881539,157.029390110832,157.317266736386,160.081826845028,165.654899967017,174.652771739837,179.844516320502,183.72103873989,188.314292111965,187.901230776986,183.597025504819
218,"ECU","Ecuador",197.166682035937,193.855872586472,173.702822380552,157.643177280839,123.815468575724,106.175429261103,79.9957650295066,73.5196055323262,77.4563837555163,93.1511864146528,112.867123925498
818,"EGY","Egypt",176.599863119685,161.597752859727,156.587387124296,157.893985390074,154.783566385942,144.128599996149,131.307807079039,136.398312847292,128.73957708206,120.011046894187,116.756490377267
222,"SLV","El Salvador",63.4339768076698,68.296275688338,78.9010074342125,81.1980771639647,89.67623828319,112.758437975231,114.026131472781,122.232953182225,141.573302653352,151.155657843502,161.309854563277
226,"GNQ","Equatorial Guinea",99.5234116943404,94.3236008371775,100.459286768591,95.2580620544371,88.5984184374596,84.0980417723048,86.1055493508757,86.7789754198722,85.7700962939193,87.0382556566596,89.1855009975912
232,"ERI","Eritrea",NA,NA,NA,NA,NA,NA,NA,NA,NA,NA,NA
233,"EST","Estonia",147.004701230764,121.758983212218,98.4579846503068,120.021271578466,118.343555188798,19.8844538330151,-95.6596947240048,-122.949862838454,-115.261380542772,-185.140131967173,-188.956793763015
748,"SWZ","Eswatini",50.0778734658489,48.3621342766048,57.4915547493457,65.1542128778932,76.9845565676907,94.8597772456431,96.8164432839609,91.6497033747695,101.860530297762,121.393925844385,109.515964800494
231,"ETH","Ethiopia",224.603930637573,211.213329772825,199.850826041858,195.469703340102,192.164293650279,192.296891666294,196.341385053044,191.174312525443,180.710833658754,172.352468863045,166.281233113835
234,"FRO","Faeroe Islands",38.5585610527631,64.5612687388054,85.7924557666651,128.410748814976,154.090846925182,161.588948606289,176.284128869303,174.021652729471,165.33116471911,157.749874601775,138.229772794283
238,"FLK","Falkland Islands",NA,NA,NA,NA,NA,NA,NA,NA,NA,NA,NA
242,"FJI","Fiji",64.5347693316924,82.6425487696692,101.717334459199,129.417093484595,133.031739361383,131.316719494262,139.065310456922,115.680570761676,113.582068899158,127.626564599531,121.403372925306
246,"FIN","Finland",13.9290628305131,-16.0574588660692,29.6385779798716,-10.4095793952569,-1.23967847667075,-12.5412850816379,-1.02717960497582,15.9097311258931,19.4194902687103,14.3695400078215,7.33777239309982
250,"FRA","France",28.9946302848076,34.6695359957591,42.2006601245034,52.3931503384976,55.3469631387969,52.5783560413397,38.6286988162741,41.8016625564521,39.8558208750559,33.040213142027,19.9598781267482
258,"PYF","French Polynesia",NA,NA,NA,NA,NA,NA,NA,NA,NA,NA,NA
266,"GAB","Gabon",17.0519612610214,78.7420724837509,102.938364996027,87.6450139446955,79.7146015329671,87.8713073950356,96.5918864797076,96.3188452958163,98.2003548257896,107.985553501426,118.685052774734
270,"GMB","Gambia",185.247063561794,187.434490572227,186.396178200466,171.536263904508,153.23940518931,149.852152406399,152.232177460336,134.309810560169,123.222705066555,114.488619301374,115.534175556069
268,"GEO","Georgia",201.52875174331,201.706488012182,208.653838564655,211.21807519787,192.205658227351,174.513811293452,147.35142745415,136.802517762554,141.181275035286,137.979296359715,138.841040878288
276,"DEU","Germany",60.3728615880747,66.1935958893586,77.1621004815381,79.3674994296984,80.3582892263487,57.2805582817346,31.3213729781789,22.8464178009579,17.2456981964303,-0.764394243719117,-14.9575823153832
288,"GHA","Ghana",277.908736065114,269.622206859376,270.222679020786,257.011236916445,245.40897872499,225.120518434219,211.857479129697,208.586788804196,206.789101464557,200.834450806807,191.505387291181
300,"GRC","Greece",73.9832138551167,87.85352975572,84.748076907217,76.709562400435,54.9192369121347,13.5647781624329,-3.93953569883591,-36.677712565482,-17.7108436765598,-27.063434755416,-15.9594628247959
304,"GRL","Greenland",NA,NA,NA,NA,NA,NA,NA,NA,NA,NA,NA
308,"GRD","Grenada",151.219369513322,143.156678410658,130.742922261916,132.381483312372,148.59205457348,161.625463478647,160.666356791624,151.012991758649,156.918049388909,178.724628121164,175.080439513867
320,"GTM","Guatemala",165.262092150009,183.396528043624,202.474698036749,215.928749248711,218.085456766259,223.13044518959,216.0033663483,200.644715127725,185.141092871897,168.697847525369,153.747677438911
831,"GGY","Guernsey",NA,NA,NA,NA,NA,NA,NA,NA,NA,NA,NA
324,"GIN","Guinea",234.604698724343,228.495071427204,222.996634024185,222.850881227005,224.632083438913,217.938659392386,220.414990776904,218.06066455506,212.770226222855,203.407367271468,189.56109668831
624,"GNB","Guinea-Bissau",209.425817594055,189.64728582964,176.654606461052,160.803468076389,150.162672919266,146.666693670398,149.97311534333,150.631999343794,154.03776988566,158.021717454586,150.32252577384
328,"GUY","Guyana",198.025559018302,200.958705367334,186.681829908204,178.585447142674,166.783030826994,170.247167068458,186.722848664601,202.750524601075,220.390906260825,250.328684232089,272.985588027901
332,"HTI","Haiti",182.162196920536,178.059434075056,174.179173051717,170.113810087526,165.494300819959,156.412578184614,145.777104804283,137.793777473564,123.037653476355,113.46321150132,105.335316567805
336,"VAT","Holy See",NA,NA,NA,NA,NA,NA,NA,NA,NA,NA,NA
340,"HND","Honduras",189.971665260999,180.677685201719,171.495849630072,164.861497742427,158.072325238018,153.590493621446,144.705294822115,141.023939149612,142.514041715493,146.532210626321,149.93855222365
344,"HKG","Hong Kong",117.34237163675,117.888363699978,114.880016754821,115.762453683693,114.21789745343,105.467382191837,53.5126391995758,25.2744368002874,-14.5503631592308,-11.1020526313315,3.24366038470782
348,"HUN","Hungary",-30.1659203160349,-2.06286713606433,26.8968663738893,62.8463259632217,92.322835771933,105.476118046501,116.271171142662,125.575583643319,117.180279987952,87.5470552818879,60.032516288464
352,"ISL","Iceland",129.715233819402,100.00769512661,75.0618561345787,75.4742460264978,91.1479565170048,97.9066270346448,96.333705671234,95.4881522525512,95.2095887071009,89.6662277443331,92.7712186893052
356,"IND","India",233.682361160274,225.223014505339,217.121370319428,209.885349482643,204.069724690649,199.283776848855,185.18545152598,171.241193449038,167.268757573921,165.715875134038,168.28495902404
360,"IDN","Indonesia",249.853725351388,239.011494799418,224.53650102381,212.356330088656,196.755232159964,191.259905396268,183.852511117509,180.989644593069,187.877135696817,192.271356953897,192.965680136955
364,"IRN","Iran",172.991016378619,162.736316468181,162.118866819029,164.191906401854,160.84664847699,158.6855290565,159.298634923753,162.296924069884,161.564433498823,159.416538883279,157.979629174596
368,"IRQ","Iraq",266.315398605658,284.814537197164,286.563650277016,265.704369414126,256.379891741196,250.121863930795,237.874232130365,209.804135620335,197.504428302041,189.046016404225,173.665200955069
372,"IRL","Ireland",12.6639520785935,29.9199284746827,58.7590753125138,78.8454383114424,96.2995345518124,98.3197754621381,93.8052833233621,87.4018067782233,81.1369520623513,64.8393258419583,51.0183150704495
833,"IMN","Isle of Man",NA,NA,NA,NA,NA,NA,NA,NA,NA,NA,NA
376,"ISR","Israel",151.673153351292,120.671134208448,102.454470951204,78.6478754348859,79.3492139538513,66.7316337094848,70.2956663892806,77.24471035323,109.548089831686,105.411497937289,90.0335923464499
380,"ITA","Italy",78.820257652205,88.5298395286562,85.1209662932994,67.3690237138081,46.5843824563625,29.877338784683,43.1259628417506,49.0774848523354,69.1860771605345,64.4027004500401,52.179280284951
388,"JAM","Jamaica",70.0218193720498,64.9661714372592,70.3741729779639,61.1615195875042,103.195222245799,124.916097331451,94.6049674597676,87.0775056859494,85.4912273483686,97.7766190282555,99.7030940082805
392,"JPN","Japan",99.8419199322436,100.535579541865,96.5010631603701,97.6912330794929,83.7017099279254,54.8354751337914,26.180009674886,20.3834709077322,20.5844367988464,24.0952680199498,26.4832632130957
832,"JEY","Jersey",NA,NA,NA,NA,NA,NA,NA,NA,NA,NA,NA
400,"JOR","Jordan",182.562273140242,191.658172507828,190.762675857087,191.907395615399,185.764695509121,172.958558902365,136.253136441367,101.723564792069,93.5060910349746,89.7670780802745,98.3458792410961
398,"KAZ","Kazakhstan",194.615691685119,195.257283117209,198.163192706627,200.144438341845,201.654692619847,186.914491763854,167.554895100038,125.398520126817,96.984037641324,76.6146963203164,77.3176275742647
404,"KEN","Kenya",222.607355765382,182.982163001491,142.579882782322,138.154456356828,144.376541104952,157.571252085518,182.090343740663,198.007769646598,197.028375681584,187.338041196385,171.257054099579
296,"KIR","Kiribati",160.579395040363,157.034120689601,155.331190696005,169.196453038866,175.022459486218,171.645586214657,182.528383015551,181.51918672002,175.766980891644,165.031403036217,152.526901146012
689,"XKX","Kosovo",NA,NA,NA,NA,NA,NA,NA,NA,NA,NA,NA
414,"KWT","Kuwait",142.224807314373,139.920904166287,152.86060407383,153.709643105588,158.105198442698,160.595339152648,147.716474330369,127.119716386351,151.724716110007,159.693987126482,155.52457833534
417,"KGZ","Kyrgyzstan",264.835142964637,263.228220195916,245.682429442673,225.690412832819,215.349649338524,197.156971412036,154.418467812759,135.888089903186,140.449185885128,140.607392107003,146.388057950157
418,"LAO","Laos",248.697498686269,252.174013087693,277.097448094084,314.567319925058,341.896472974401,359.431819364171,345.079730812894,308.427588324984,279.583673259204,243.266971596565,204.030824955201
428,"LVA","Latvia",81.9394245851252,77.475806254,80.996205106163,87.5812977122301,102.474216888287,101.53123096425,107.943429549728,108.586555964268,99.3376505344608,87.4869496087404,75.1602556658675
422,"LBN","Lebanon",245.001486605476,255.113136130421,247.496507996264,223.721072543542,209.602447666244,200.352247636374,173.485974141248,122.732573600505,93.2856816615095,91.9935985511285,91.4554818922885
426,"LSO","Lesotho",134.486333321328,109.741402828478,82.267008667685,80.0769806307826,63.1966958489703,48.4653844554055,13.6305017935936,78.1270815786906,106.817122663,112.174593132741,122.05195702712
430,"LBR","Liberia",220.914671513799,208.005830511733,202.849297798962,183.888389062709,157.472413046533,150.033253375022,147.48905865898,145.648765895561,150.476507862461,153.717347383637,151.916446073411
434,"LBY","Libya",63.8238037135078,80.1872918085331,86.5804999302227,93.4898469954169,98.3357990457066,129.493083851878,101.359857761399,97.0364882882485,120.300947035023,127.900495965647,144.584238059431
438,"LIE","Liechtenstein",NA,NA,NA,NA,NA,NA,NA,NA,NA,NA,NA
440,"LTU","Lithuania",97.3511568532081,89.9194034258726,82.978676564023,95.2301846300333,103.402813967821,93.8929952869059,89.8279042978904,93.101161219268,87.5356697506238,69.1101430581094,55.7186877835891
442,"LUX","Luxembourg",33.0820989223463,24.4042915640168,19.35021735089,19.4668357572157,30.1802140974541,37.298606889059,17.4671530486136,28.9602689447337,12.4104993165027,-4.36070831523876,-5.64690131943855
446,"MAC","Macao",-27.4948871216892,95.5526610786015,132.71093203918,174.683333143084,127.825620627061,148.081827663605,116.547392399412,61.9565485481226,-4.29961449317899,13.8395641142653,34.190695226203
450,"MDG","Madagascar",160.985507300819,158.508732778794,153.146346719623,149.034990859589,138.121636449126,133.566119314454,130.870170394551,130.483114853503,134.403263790945,135.59091951071,139.12126460259
454,"MWI","Malawi",241.603169177177,234.037096546593,225.966587625127,220.418779385651,221.654359176728,230.847027836118,240.171052954177,242.566776019124,235.789698660176,227.299994340728,215.475770494592
458,"MYS","Malaysia",209.714727151982,208.59712302339,196.067012057306,181.285859864727,179.264699516349,178.025388421231,168.427398798208,153.79120693928,143.481892576459,142.955730570025,144.644866910076
462,"MDV","Maldives",282.320497154394,275.580207994041,267.778193294813,264.226386699971,260.32800497954,261.932682870515,267.745632889016,241.258756776207,237.057840351197,228.87327062515,223.478193888388
466,"MLI","Mali",231.773254712469,231.251797530206,228.788554825103,233.56921717784,238.389583028971,236.81785257977,231.566951086297,224.945096531638,216.718302613564,201.89398152345,187.78514917343
470,"MLT","Malta",76.2544847923419,-8.21596341704674,-115.731190108966,-128.687783330742,-134.910304920426,-117.974027115965,-102.88567020204,-66.2711024408702,17.1265696620785,76.0941829103005,129.452768459407
584,"MHL","Marshall Islands",NA,NA,NA,NA,NA,NA,NA,NA,NA,NA,NA
478,"MRT","Mauritania",178.877873656783,186.676194724891,195.310760661441,196.88598353749,195.224652931389,199.071252753738,199.721054652438,195.037379532737,189.264306170542,179.002834940067,169.333920874982
480,"MUS","Mauritius",192.72741589416,168.467812127264,166.450227870308,168.29947911141,168.271565971221,162.477512455495,146.262010547436,128.728196005506,122.653454009677,124.673233997508,130.60883551069
484,"MEX","Mexico",122.40074036622,115.967355770789,113.950112045255,108.328667688992,105.663353699919,98.6698370113467,79.8779723341954,77.9817040793732,83.8229477638453,91.4211507954128,98.1339036988675
583,"FSM","Micronesia",NA,NA,NA,NA,NA,NA,NA,NA,NA,NA,NA
498,"MDA","Moldova",110.259662150872,115.19846130222,127.699230540988,140.808525288998,155.807923192456,148.021834920567,143.098699741818,148.462579405222,134.296510347493,126.328090431055,114.999862672281
492,"MCO","Monaco",NA,NA,NA,NA,NA,NA,NA,NA,NA,NA,NA
496,"MNG","Mongolia",402.546552132764,386.949176423326,319.728023480725,284.567346403741,267.065483224314,258.840282100117,239.584929664922,210.276182813859,195.087371841905,209.05430694474,213.411274886738
499,"MNE","Montenegro",90.8405952554958,87.7504998346856,73.6948405810889,73.7148538502825,120.649212652136,107.205013259885,126.803925594459,140.148307566445,141.641490132977,133.936038034129,119.129332327165
504,"MAR","Morocco",185.986361176769,176.594423620915,166.392685036161,160.923107105493,159.106010833582,159.806204406946,160.051013094183,161.558628576838,163.717583965725,159.651509260508,151.767433728916
508,"MOZ","Mozambique",290.247345144497,332.855297221396,330.049631281831,328.095775377763,306.49218463046,285.885543133161,228.672595854299,185.290941202927,171.505733633065,159.444555409893,161.677374564406
104,"MMR","Myanmar",131.753030499614,134.454859515393,144.923622250439,160.004407076721,155.339617994848,142.55773407761,136.161470385744,122.939433919674,104.594804349068,88.5714280352671,73.0441224952001
516,"NAM","Namibia",137.244547343937,163.895460523588,172.443006018177,167.556090225289,166.91359242895,159.846736807426,137.942524223734,125.968435460196,135.84428923808,139.228110426146,148.120740667842
520,"NRU","Nauru",NA,NA,NA,NA,NA,NA,NA,NA,NA,NA,NA
524,"NPL","Nepal",198.205611476357,196.275217455759,191.371481050692,194.021220371766,199.002909531333,199.133901819989,197.27113443075,195.290141361746,186.211536427581,169.64023053714,141.84005185419
528,"NLD","Netherlands",46.2290702986826,54.1476383863035,60.5239297440008,64.381556731123,63.3059974468607,54.8138531628714,46.5201158033355,40.5142376814943,18.8378699399243,-6.46997897885743,-26.5143343346154
540,"NCL","New Caledonia",NA,NA,NA,NA,NA,NA,NA,NA,NA,NA,NA
554,"NZL","New Zealand",90.2903921488808,93.0723079482996,94.1136579476723,97.2622926791909,99.6471534546757,98.4016218611952,91.3640051101276,85.463107758738,78.8328659387261,68.9535504831275,66.8895778928733
558,"NIC","Nicaragua",181.0817269723,188.858961321902,197.203664127584,198.842780381715,188.716483428092,173.70354693778,155.456304737411,146.663199467251,137.768323598782,129.511154428178,123.654965311173
562,"NER","Niger",214.947261613669,217.358978488916,217.920787424324,218.420512958452,218.631429964657,218.883833330006,214.527176609238,208.979575121384,204.789094466679,199.635665099831,188.469424500424
566,"NGA","Nigeria",133.582890625935,156.108985829968,156.597897445059,139.156913586219,120.662292378345,104.909441508421,98.1815443368395,111.740986809932,109.700561946074,108.883796582985,116.585884520748
570,"NIU","Niue",NA,NA,NA,NA,NA,NA,NA,NA,NA,NA,NA
408,"PRK","North Korea",NA,NA,NA,NA,NA,NA,NA,NA,NA,NA,NA
807,"MKD","North Macedonia",50.367188251453,26.2659353483825,6.01387643577521,21.7231995105884,26.039442058696,47.6759484421861,51.7885783089536,66.204406374485,98.5584825579052,108.96001270835,103.993205020869
578,"NOR","Norway",94.8661516934702,93.6278953108381,91.8304506189043,96.2086923101962,98.0616526950299,85.7968054236566,79.6369679879676,72.9170738889152,66.4734532644901,57.6120653231097,48.869671992355
512,"OMN","Oman",245.332090756274,235.011290779692,228.038761714417,215.225796382238,201.007239808409,176.652609222405,156.061078608686,144.345013234625,145.448967565933,149.651189026691,151.565724288526
586,"PAK","Pakistan",167.731708737099,153.753167429293,157.216693086712,174.828739837882,188.447528426455,193.70749431142,193.328629844314,197.738688939796,195.203903327124,179.920754907607,159.447071749877
585,"PLW","Palau",67.7807552388951,22.3675407508482,24.4127855577001,44.8229490227801,29.7020486017311,36.1549014666706,39.6418084145483,56.1652849736704,101.087462756955,106.027763683058,106.890831479596
591,"PAN","Panama",222.743698064625,215.444333886314,203.982535574498,175.549494721721,132.05754508121,131.335470036177,83.3045096526189,93.7016677684721,106.970378964926,132.61003008137,152.47494932326
598,"PNG","Papua New Guinea",23.3791048694605,68.5465593249028,123.785944611268,178.490856357038,225.889220467791,240.802362206167,232.394814388395,224.359978458297,195.700175159762,166.187971875711,156.222257338866
600,"PRY","Paraguay",244.956972623824,228.208818978877,206.647942461998,190.097670242205,169.194378566638,153.26329837594,145.091041276549,135.3287212916,120.922506184717,106.420546404457,102.588307223994
604,"PER","Peru",213.14648865062,209.252404228693,192.035564879093,186.208921940277,177.430787752767,174.666474657609,159.87298657226,151.740089815654,156.498355591463,153.666372586307,158.877570677754
608,"PHL","Philippines",193.855270645792,205.455806428512,208.463035600121,216.826838810825,227.349408399767,228.327072117192,222.141056452771,204.531260193087,189.070627922034,178.493502003396,170.452921036125
616,"POL","Poland",76.8193034152711,69.9162556819929,79.1477849772179,93.748849371507,102.174809497664,93.4758645543096,87.3487564156827,96.8966387615717,95.9128753805084,79.3038891629671,55.8323610905347
620,"PRT","Portugal",49.5387822015418,84.626033655471,92.8233293705153,97.1030256181865,99.345010108986,106.123807819949,93.6385398797983,73.8468578126892,53.693578690703,25.0887210698185,-2.29940182926532
634,"QAT","Qatar",269.307281308046,246.523869522885,233.505418428851,216.787373935384,201.784027576234,175.788545094037,150.191489552264,136.788456257282,141.27635937791,148.683278359435,156.155508651811
178,"COG","Republic of Congo",118.84596053085,107.502875997696,117.634619158234,111.238712516602,113.238414872865,110.341316711381,115.258869914335,119.491910122373,119.870835193344,123.63890133283,126.558819094833
642,"ROU","Romania",-11.2238905384342,-20.3137766710439,-12.9141819205306,24.8316971870635,63.85057292336,64.7316186404447,59.6358691642372,79.5190446257751,87.4214000559286,71.997613396965,65.3199385761235
643,"RUS","Russia",124.727541869461,118.431090388138,116.721616634965,118.602420402926,126.664276087527,121.03869799896,114.876931952141,115.989486364841,119.367627208452,120.288084906513,121.950650245173
646,"RWA","Rwanda",197.47703312094,192.522582792121,192.378705815794,189.929957475039,188.550683175075,187.147763599333,187.747214053368,183.151498475216,177.536622811803,169.482357985169,156.607280974676
652,"BLM","Saint Barthelemy",NA,NA,NA,NA,NA,NA,NA,NA,NA,NA,NA
659,"KNA","Saint Kitts and Nevis",130.593343680744,118.185974387095,111.234485374886,115.53904996506,122.798746649196,134.977850408235,135.450869514709,135.908577732378,136.644558694803,133.059498866178,130.929763764837
662,"LCA","Saint Lucia",176.033758074709,164.72304869511,153.154399201975,145.979087493358,140.030235111846,128.315748118876,126.472317256662,127.025890835569,130.848806669211,132.563466947643,136.046294114475
882,"WSM","Samoa",166.741412651439,182.997637590489,191.462064278011,188.746500210424,162.132355117735,134.778265326228,104.430761125243,104.410007638401,89.6618790854258,74.4735498269527,69.2762137891881
674,"SMR","San Marino",NA,NA,NA,NA,NA,NA,NA,NA,NA,NA,NA
678,"STP","Sao Tome and Principe",219.806117079175,226.441469785146,230.909797344004,226.629256289549,211.765946071748,198.008938730432,190.777576706773,169.411886988316,147.428555243271,124.325394608992,114.731222465783
682,"SAU","Saudi Arabia",225.581045679047,214.160556605147,210.15603193518,192.316731298869,178.696066237266,171.946121158259,166.771387152759,155.602105111333,154.5703323109,144.796462819759,134.287025757672
686,"SEN","Senegal",232.902318319325,238.207138238717,233.083745090749,227.57862504691,215.008989764213,205.684753474391,200.916756752109,194.677751285714,189.312311122406,183.371005959729,174.481659818682
688,"SRB","Serbia",-29.5365854802484,-5.38551513638056,33.9186270398332,75.6027329361764,86.6191678767098,93.4251472877886,100.372793751865,114.845314689432,115.080902241482,114.647625779103,86.2823510388919
690,"SYC","Seychelles",142.988705534099,153.154395419442,171.215700347428,190.401792371697,205.391986711079,219.782324814628,222.293627271671,207.509689299955,191.802935583991,169.725743621982,153.076387763383
694,"SLE","Sierra Leone",240.248886533696,234.19812945672,232.157422601228,204.921428655117,174.365051060465,151.10734893375,135.13664474916,142.64593837914,145.621145961923,154.748169038197,165.97207934504
702,"SGP","Singapore",172.990764365222,178.1976275761,181.569221764305,180.141096697545,170.550950663495,154.858029716557,144.098601466507,144.059970055197,136.362981894732,133.896485529392,136.952220599694
534,"SXM","Sint Maarten",NA,NA,NA,NA,NA,NA,NA,NA,NA,NA,NA
703,"SVK","Slovakia",19.7940355454416,27.8273862298357,43.0070958737896,60.532617888438,81.8821899654048,76.1505862072421,69.7204528615296,89.750731108409,82.3741700824659,75.0997653980642,54.7395813361091
705,"SVN","Slovenia",35.2744944606903,29.3912957249757,36.693810446004,21.7031853411032,48.3089476526263,51.6893212623324,48.6093724535272,57.699845018242,60.0186835262085,55.0291743145123,48.4851092313691
90,"SLB","Solomon Islands",183.984222234599,158.76089343525,132.414220136973,108.947998096419,93.2782189633928,86.3066357445573,85.0655721429431,90.8464271869132,97.6912841557769,117.447399611458,128.24918840766
706,"SOM","Somalia",116.464646102218,127.832223155823,133.4949962386,129.721292695418,128.442375381025,128.746414488972,130.01218613946,129.701092318199,129.213234744828,129.041221545626,128.074633135451
710,"ZAF","South Africa",127.427032182612,106.360718995334,93.2422874376989,84.2438613818796,91.9554378145408,98.4747123701891,91.6237267147685,91.353650763956,84.4917264831144,82.2372787567381,90.4788545187383
410,"KOR","South Korea",199.756450865395,188.902603489175,172.694403816283,159.395035100856,147.344009161914,126.781669230504,107.461779883032,100.057903152898,92.8794787867285,84.0107690292834,75.4053886328971
728,"SSD","South Sudan",NA,NA,NA,NA,NA,NA,NA,NA,NA,NA,NA
724,"ESP","Spain",22.259389027682,54.6912340960206,46.0416621464941,55.7764407732452,65.5612622987297,65.5837435119023,41.4072365463875,45.9198769512965,53.458218643327,34.7857584652866,30.8211751280116
144,"LKA","Sri Lanka",188.716359305899,201.491727333615,214.503536057858,217.776154454089,207.516567199151,190.543175121801,173.769849998993,160.083223142312,138.672054038101,110.187109094742,98.5571347443973
670,"VCT","St. Vincent and the Grenadines",118.307822800534,108.207602148074,100.025089276986,85.7548556787045,85.5134527576889,103.118601553569,103.951896137337,97.3019844373627,105.180397807248,100.725687943234,120.698567988994
275,"PSE","State of Palestine",NA,NA,NA,NA,NA,NA,NA,NA,NA,NA,NA
729,"SDN","Sudan",124.440339181477,113.302205425736,113.262293298642,118.553087526696,129.934487558657,139.591475416026,142.706859748083,141.042736107139,127.915331439421,119.356616003918,100.666949717435
740,"SUR","Suriname",281.255417096269,273.088911400503,241.596489525006,198.240146003071,126.279974135683,92.3450907357033,83.7803327232254,83.2432582407535,76.2539790656802,85.6779516681626,109.250050938186
752,"SWE","Sweden",20.8355454464354,20.5739702782996,27.7491337388587,35.1032474897635,38.2231576385525,31.3373396577688,36.0797618644971,48.4234870206964,46.7107891216658,48.5600807184534,55.0903936664153
756,"CHE","Switzerland",62.9284656312365,58.8009277486848,59.8978600164447,51.6800145871648,49.4149172585123,47.9490532436165,47.447437266685,47.9712775010188,41.523796673808,46.6126026006738,45.6092985703826
760,"SYR","Syria",NA,NA,NA,NA,NA,NA,NA,NA,NA,NA,NA
158,"TWN","Taiwan",64.1424842732078,75.6434187763782,87.6033517908945,106.911180231492,116.329821133782,107.919675947797,101.719981373182,105.821651573377,101.286816396887,93.8112951283485,87.1645237928791
762,"TJK","Tajikistan",140.740248779865,164.225085429067,192.882532629424,235.614015455889,257.963546691713,267.532909599439,265.537403064769,252.797156344671,236.470927021418,215.645117932232,196.970983392114
834,"TZA","Tanzania",233.122845777637,237.780993692207,240.338749026086,233.262326648082,219.670848162927,202.611962151736,190.149676974079,182.398570257053,178.925897637728,184.11128925123,189.99670735797
764,"THA","Thailand",180.184019220939,174.051779402217,165.578505367238,159.584837704483,149.611497793315,136.175506986061,124.268598979593,110.387463981323,106.760155064043,100.930012617813,99.015274977197
626,"TLS","Timor-Leste",151.623939144317,125.515765909237,106.479071886828,66.6934970192968,33.5037558030991,39.6640921051761,9.32999072561253,2.00881462957647,49.9980744185698,64.1809118829993,72.7904269528994
768,"TGO","Togo",205.94492934681,190.706582585733,179.367249785305,163.547975996032,144.232567114211,157.522354839046,175.739761524434,189.951424319678,200.924892873894,200.823021108685,192.178971793341
776,"TON","Tonga",82.8141113731003,79.2722986675462,117.094838264138,139.441425704782,143.370443155122,165.779252212022,176.690893518265,170.031677229892,161.532561817618,151.466423650165,137.557011587468
780,"TTO","Trinidad and Tobago",144.203329442691,114.731375627581,78.7722242425544,66.2223440648277,59.4934996912248,53.9488908875843,59.9914990254074,85.6700147556276,90.0416567650313,87.7171185460405,82.7741313897161
788,"TUN","Tunisia",168.480362577552,161.405851747379,151.972242196339,146.560898833793,142.359768507262,131.468879510606,121.301449400237,113.568751522336,109.083001173595,107.151292976232,110.181174488056
792,"TUR","Turkiye",195.873447995104,187.727890370457,186.150774234903,195.022182551666,195.763619233222,187.796072011767,172.653801777085,168.980260450247,165.453561988887,158.790782101082,157.601210182802
795,"TKM","Turkmenistan",196.186568805504,184.398718780317,170.747837050554,146.114034117218,141.904396120048,111.962129129965,94.8765373840401,120.75870953178,166.257352330738,189.32899615068,192.879397917898
796,"TCA","Turks and Caicos Islands",225.731297190586,194.1130413616,174.177053574228,176.667089512896,182.683929612152,187.133612827684,186.026690843656,178.249605029009,164.674852141385,146.313053173197,136.235961250253
798,"TUV","Tuvalu",NA,NA,NA,NA,NA,NA,NA,NA,NA,NA,NA
800,"UGA","Uganda",279.50209614476,257.219196286017,231.223273131249,201.880777808527,196.82123877229,192.384345763472,188.649084166104,185.060326103649,180.13580322032,174.315135488391,168.796658180101
804,"UKR","Ukraine",81.7349343595273,78.9190496999883,93.02164181435,92.6741878739016,91.0993608963239,79.0244178911264,64.1460607952321,45.7318761383453,22.6449871526848,23.5954374207012,37.9825298430118
784,"ARE","United Arab Emirates",290.426382097522,266.386537589667,242.545819008192,206.722729492764,166.313099545064,135.136667151008,119.552090664345,110.45884637994,105.244151146148,106.202775387324,112.877095331552
826,"GBR","United Kingdom",-15.376059678353,-19.8995774481033,-23.9110801344268,-19.1471986703546,-10.2569299820597,-19.1810510538496,-32.0893402973286,-26.6778122641604,-27.9711276215407,-12.8184645249053,2.84879043261127
840,"USA","United States of America",51.8992377389939,56.749515225394,59.1132396858742,69.1823343546296,83.585813465953,81.9743074811099,70.4873798039621,73.8143769895886,72.9838381792835,74.0242560464103,80.1735212907469
858,"URY","Uruguay",104.961127523458,92.4117018601368,90.1110017681658,77.421699637633,85.8828946125277,94.594697820004,86.8511270697889,100.285928964284,108.870463621482,117.305370207516,128.032958354744
860,"UZB","Uzbekistan",97.4872930618118,88.3168120001823,100.350141445849,106.509281017608,120.729683363881,113.485478411676,106.538314045761,122.088606412445,137.711488034323,147.029448985146,155.440167442217
548,"VUT","Vanuatu",182.28228902775,150.146665587136,86.7006759543904,31.8010837468926,17.6969264137976,1.00277020012541,19.0612156867098,44.1762786117094,56.8483604233869,64.7918030442699,97.3538433643751
862,"VEN","Venezuela",NA,NA,NA,NA,NA,NA,NA,NA,NA,NA,NA
704,"VNM","Viet Nam",221.000692707529,226.119621159621,231.85055463018,227.621226436664,223.141240374846,229.752496919158,246.502807584022,256.382259642302,237.038949431423,213.344791446946,196.970821278409
876,"WLF","Wallis and Futuna Islands",NA,NA,NA,NA,NA,NA,NA,NA,NA,NA,NA
732,"ESH","Western Sahara",NA,NA,NA,NA,NA,NA,NA,NA,NA,NA,NA
887,"YEM","Yemen",109.915589242681,57.795127065134,39.3479648399408,67.3098976350456,62.2175846272201,72.0412199519095,47.1463196666721,27.0789836169335,5.8717038187386,47.2651935426219,122.823082427441
894,"ZMB","Zambia",260.888155196703,268.846423423873,264.759588464472,249.978348825947,237.31883077228,229.83709599577,224.717811120028,209.552528476547,206.015177442642,205.831706966485,201.291564832125
716,"ZWE","Zimbabwe",166.576178457621,176.988069332696,172.19086428608,153.949965413419,122.423442866491,90.474231471261,56.9945334149878,64.0289563680335,90.796760517578,122.504290316237,142.032238262078
