"code","iso","country","KF5.raw.2005","KF5.raw.2006","KF5.raw.2007","KF5.raw.2008","KF5.raw.2009","KF5.raw.2010","KF5.raw.2011","KF5.raw.2012","KF5.raw.2013","KF5.raw.2014","KF5.raw.2015","KF5.raw.2016","KF5.raw.2017","KF5.raw.2018","KF5.raw.2019","KF5.raw.2020","KF5.raw.2021","KF5.raw.2022","KF5.raw.2023","KF5.raw.2024"
4,"AFG","Afghanistan",121.49125953435,109.106728038719,96.7656065804272,68.6860757379295,62.5135914951062,46.5430513336154,45.8975441534461,43.9782981550911,34.7649646644552,24.0997902420052,19.1511414117079,7.71620567731986,0.676974811226127,0.940489926046005,1.64383311849609,2.78252953955511,3.1620462827539,3.1620462827539,4.48926388729165,4.48766030391926
8,"ALB","Albania",1467.12140287497,929.532241808404,1629.01945747217,1919.55792936281,1678.61396998052,1667.74245549928,1612.60528490468,1143.01283652338,929.400765956059,814.693922138165,752.259893300554,865.449540181452,627.523098472742,644.722844654226,699.963651966644,818.122931156687,825.127182623834,955.171125527816,843.574798710576,794.234843752532
12,"DZA","Algeria",6992.14429182871,7944.79860187573,9551.56529575564,11779.7916051639,14934.048587151,14620.7085298468,16361.7198199196,18768.3286016947,18178.1848679461,17124.8043189255,17988.7983730277,17537.2269140776,37496.0712083473,35951.913884014,34238.8896183002,37936.9451225596,42515.116515723,25098.6357044396,28433.4857606355,27718.1403651568
20,"AND","Andorra",27.6653838996528,32.6357192231315,33.6068808980968,38.5126807431727,18.8911791209266,17.9783221302387,12.3240173049023,18.1376286963975,16.3109469242903,14.9400041561588,15.9101396334461,15.5674070162239,11.0068967272634,22.7023614870052,29.3740838244618,54.358115586365,55.784075573509,67.5888516698415,58.118149750562,67.0153994461024
24,"AGO","Angola",22778.7543397829,18934.668730792,23457.2016508236,23941.7839731359,28821.0812098269,28276.6201016486,33510.9658213728,30972.420602685,33174.5231705559,30680.5643352736,32684.777269028,32080.3836486611,35492.266525672,36621.4599552188,37284.0083432166,38237.47598297,42407.0758913013,42882.6052299885,44974.4526267801,47498.6760630273
660,"AIA","Anguilla",3.80446755567164,3.95078981574868,5.41405059924477,9.95012340447697,7.16992408535481,7.02359987462456,6.73095032427191,5.85297293355143,1.97541130246745,1.60960878676215,1.53644514162435,1.53644514162435,0.95116174884874,0.512125389832899,0.219474815132378,0.219474815132378,1.90225651157335,2.12175370724718,1.9022788921148,1.9022788921148
28,"ATG","Antigua and Barbuda",13.6890930912098,17.2968196558528,14.8703354954644,15.3856540602571,20.2408038464236,18.6927429868218,14.5690068056,15.2306099005143,13.4641252381109,5.59102595193034,3.67863135706271,2.79595199649305,12.0481632296831,19.2466641415407,19.0996036276432,20.5722576700965,20.7931067496918,11.9059408820638,4.41060386387043,8.38610975787759
32,"ARG","Argentina",77282.4827165884,94540.9690459115,109866.793855348,130605.072338901,132571.803197177,136386.054433319,130346.239673896,149059.745480474,148238.727888058,142581.390489311,134830.502138126,128641.564939008,103668.242130082,78811.0011676947,70633.1995917696,71587.5371311254,70286.6931175048,85771.3068079183,94821.7680295305,99818.4310050549
51,"ARM","Armenia",222.574436974646,225.729079065184,196.436320431625,99.785505085193,147.91782213243,158.522931765338,156.953084062734,158.842148790113,163.732028580664,113.425662276285,88.4557233885697,73.3710740116861,77.8683703875389,53.4795593289821,43.7282918383376,56.1958505675932,45.558368126736,18.9335723379123,30.5110486260807,45.5706230136458
533,"ABW","Aruba",NA,NA,NA,NA,NA,NA,NA,NA,NA,NA,NA,NA,NA,NA,NA,NA,NA,NA,NA,NA
36,"AUS","Australia",175087.884576985,183030.370848555,317367.147738718,299679.627688914,300393.263488312,282136.530276653,270415.963125036,125560.009000466,120169.353020562,152158.363644412,177574.408489091,211328.531629926,230697.6806801,211144.926734882,495469.199676238,1012441.79775122,992979.510561584,972707.922465695,965493.762610133,676625.989736527
40,"AUT","Austria",12081.3108640138,12879.6794128534,17784.4094588878,18701.0150595766,18518.6840904905,17719.2048929048,19439.7729714019,14661.1250312233,11851.6629366811,10291.0194883925,8611.49810395063,7226.54547558805,8066.28496498951,10936.3210212916,14305.1819413629,16594.6193867704,16555.4477620887,16536.4129071434,15688.9361833701,15024.5712153654
31,"AZE","Azerbaijan",459.329830552269,475.444414475498,422.267465635177,392.048937834715,369.093754885179,401.831638938795,341.579813273098,334.345711854417,305.258096351683,274.453387006128,205.438947591076,179.336329378205,147.830334054223,143.947099277317,103.451252932663,106.661565837495,110.782017305442,126.930809740076,361.552172633488,406.313243914795
44,"BHS","Bahamas",577.025772899327,668.364704824222,665.295091283691,1561.66176299407,1581.82194836709,1627.75653993766,1691.64799467877,1629.37269466422,970.877351019222,847.403296620173,736.911637890805,891.127831526692,1630.19981485147,1414.76101774596,1446.34594913973,1821.55974917111,1580.26913233422,845.419239211343,959.206287674032,1037.07685249068
48,"BHR","Bahrain",NA,NA,NA,NA,NA,NA,NA,NA,NA,NA,NA,NA,NA,NA,NA,NA,NA,NA,NA,NA
50,"BGD","Bangladesh",1663.74770134408,1958.73092304143,1855.41869740104,1851.6603239081,1947.96432897803,1911.81563056169,1586.33102672378,1721.4570666149,2073.70895145436,2839.72562005806,3838.49936106591,5792.94438496666,8259.19807073877,9492.3665231377,10915.1657304085,11591.7609879117,10881.0507591708,9183.00999822968,9516.21029765998,9073.88169287494
52,"BRB","Barbados",9.3677786951291,7.94382212788465,7.71928921567001,9.29313489319008,8.24372152959036,10.1172511062511,13.2650308397206,48.2667011967903,48.1918039627641,47.5924181693597,45.1196088750086,49.9150356767582,26.4552049528943,43.8428957276692,96.2321650328146,113.245001050829,114.595211722498,104.47726984464,89.3380180946663,42.4198654031716
112,"BLR","Belarus",14563.3180471838,16113.850758989,16016.1379083779,12441.0527886735,10488.1394362528,9892.05074275692,9117.00562199048,9477.34169755584,9065.90277399699,8562.425644815,8621.46918326887,15074.1863689328,17233.0052817378,21585.0403727739,25922.8774095338,27595.6503320357,21454.8796424744,18832.4505376066,15218.0408674434,11372.7733643191
56,"BEL","Belgium",5845.84622328205,8688.91237887772,10687.8418110117,13735.6906805593,13525.5731956635,17551.2316696194,16797.0883831176,16574.0251721065,14218.701665575,14227.5870792128,10517.5824090621,10245.8489578782,9615.39527966157,10013.062279152,10051.920170237,10747.065541316,13168.0349955603,13473.5456440051,15138.7945959042,15926.9319076943
84,"BLZ","Belize",17731.6823560139,14583.1998440952,13584.3297700677,13580.1537029219,15672.4902644123,15815.6087012624,22079.1175020571,20912.9335006614,23183.1279060124,24553.754360367,24375.3550203701,22478.6481105821,25153.2341545393,24165.4415480978,27044.9086744247,33524.1157979336,31592.3759347269,27442.844696101,34789.2740040808,41020.9934911146
204,"BEN","Benin",201.653555552899,200.168859557538,172.331094419429,145.434446081527,147.60257545089,140.915719054478,111.509850386771,76.8386977713511,207.285259886935,267.796462671517,273.052822264932,416.226167670296,478.111664391463,527.83582718436,480.999975523776,544.060412442152,470.963611616099,480.983485201424,433.87874511322,483.667913782986
60,"BMU","Bermuda",NA,NA,NA,NA,NA,NA,NA,NA,NA,NA,NA,NA,NA,NA,NA,NA,NA,NA,NA,NA
64,"BTN","Bhutan",913.509303887942,1006.03816164195,1119.66918447892,1076.86390292025,1151.83400144011,2157.77724218368,2280.82237774624,2317.51704124586,2224.05752783437,2082.67928932265,1053.40629765449,1371.33137770945,1670.53047955332,1776.40731407513,1717.27907062638,1845.5797396244,1495.05719367165,1315.34252613734,1382.69523324798,1502.07899455899
68,"BOL","Bolivia",115213.31122578,118562.104320827,121161.432569481,139874.041001676,138075.797793046,186455.689028795,197435.09026702,212700.821976462,201789.780758823,208522.974501773,147621.697330243,158392.586097858,161904.337121058,164711.872291789,541588.131321816,627340.457968231,760561.351414516,800527.344436288,911612.681431145,1126744.93320989
70,"BIH","Bosnia and Herzegovina",93.7716876757941,79.6609544717034,312.917464149216,417.235927822884,374.179435697318,370.671266135139,387.16266705248,180.541115293583,96.8942190575237,110.264330550803,108.01963716817,97.9185307965884,73.8056553400454,59.8441355898958,45.1282823865516,50.4124749517013,55.4169042123241,140.147333656191,415.116490586434,428.631485048652
72,"BWA","Botswana",94.0505733024847,85.3658364672036,95.6050044508321,103.133718619816,84.3493634089246,77.5213845013942,60.5757135800216,52.2143868617534,54.0646922127668,56.4683486892371,41.2205125493815,34.1575468343674,26.805180854197,15.5931334863704,1.96530418817816,3.13333061495334,3.97978337562391,5.91756292840602,5.55135960027669,6.64280007086913
76,"BRA","Brazil",1018580.71576386,1087998.10701932,1085739.05000013,1099115.0535564,988808.748342843,945834.507679488,865211.098234275,932893.030331958,918989.156860805,1006361.19684841,1020069.20146164,1665721.20464788,1862228.12533199,2033286.51778667,2117065.73574379,2241287.33179674,1812984.12656989,1750907.59071156,1714010.54366562,1983704.14169241
92,"VGB","British Virgin Islands",0.877068127158201,0.877104280167099,0.877110389526909,2.41143222556749,2.41143253640733,2.92268068413628,4.60333011716904,4.5302317182845,3.65363489358614,3.87276431332464,2.77674098712456,1.4616006190332,34.4193923819432,36.1734341842099,35.9543026919834,35.9543026919834,35.9543020705467,3.65432402634657,1.38874572589627,1.38875525481228
96,"BRN","Brunei Darussalam",559.941173420782,632.887721338015,799.250025401089,944.584135226604,1034.92162232784,1004.00490745603,2247.01757332208,2899.44092900545,2867.03024398504,2964.83806482741,3091.77262198573,2273.32058928211,1451.60689111484,1324.4912736897,1099.89896480987,927.091015559851,368.376245583701,420.555773418564,973.051146214389,953.426931508028
100,"BGR","Bulgaria",8811.70770785546,7835.46591400159,8471.0769458979,8655.35222216376,8378.0994934435,7644.53155193285,7317.67745075012,8482.82283785003,7692.3974094504,7467.78556345767,8518.17379509941,8802.09945182485,7242.61644492241,8757.74163399862,8376.16821384334,7631.83572046666,9253.96906041199,8341.168027485,7500.02300383272,8207.02487456477
854,"BFA","Burkina Faso",NA,NA,NA,NA,NA,NA,NA,NA,NA,NA,NA,NA,NA,NA,NA,NA,NA,NA,NA,NA
108,"BDI","Burundi",294.841171815044,250.687050374042,225.929303940046,273.658187912679,269.670952183721,274.649944193943,289.632390474908,243.58047706456,211.500382045696,311.07589358093,302.418468667089,334.309725438032,389.311324162009,419.824709711542,338.551524921321,349.611892610878,337.320542419553,287.40161780479,210.431454394054,229.250448238924
132,"CPV","Cabo Verde",NA,NA,NA,NA,NA,NA,NA,NA,NA,NA,NA,NA,NA,NA,NA,NA,NA,NA,NA,NA
116,"KHM","Cambodia",37902.1432447642,44195.887132321,48213.849706257,54074.1093834563,63993.0091899463,85347.3595601499,104376.422571153,130308.714343431,159192.545977584,184233.355728022,191851.800171288,206633.946129354,201856.958113269,192379.665328363,185307.497962102,186676.823710368,177686.028740927,172791.377288656,175574.194987678,162144.52938844
120,"CMR","Cameroon",2233.86503896826,1996.39167472451,1924.59133273475,1914.01276698645,2194.79450478,2937.71070971567,2931.81711308992,3069.65276087063,4404.6313906518,7559.49438151398,7733.68802301795,9230.87584386268,11388.2852953473,11722.2207590739,9752.34776330179,10603.6550714231,10963.0782186423,10469.7179170558,11209.931617724,11701.3654211338
124,"CAN","Canada",148904.638070725,160936.240849919,159525.984239405,148664.588531929,87509.885018698,60406.3136885479,52176.4621764114,59919.6135187637,79043.5984772981,132404.236860514,161567.947095451,167962.508673865,179195.143781372,169446.161996146,136611.471086606,114037.612626585,109790.371320802,93361.5119817688,216959.447097726,232986.828093758
136,"CYM","Cayman Islands",4.21690552875758,4.65320764638779,5.1621696030078,5.3802908153624,4.72595542057073,2.61753623370442,3.27187734068901,3.70803803360568,8.21561908841579,7.19770993030924,6.9068818907769,5.74353314834092,4.72570226716471,0.145433603113064,1.30880632108941,1.38152160467339,1.89045979257921,2.69017770156901,4.43520575128363,4.58059487459418
140,"CAF","Central African Republic",3351.46772122424,3262.47625862306,3263.53734559503,3590.29790490558,3958.25901389439,4706.9281819705,4765.68101404708,4638.65731690545,5150.60192933932,5696.15733285751,4945.24726014898,5333.6061762923,6210.24053560342,6372.32642611339,6773.04166585386,7983.12570165216,8019.77633882048,7299.2958038577,7078.99619325413,7615.1197434418
148,"TCD","Chad",70.6602800395441,157.932616259349,118.216508239948,242.793290501625,241.828651475541,242.122511361816,171.712443925774,228.154977868212,195.496419471244,311.431509834008,373.890022259151,416.880919615447,510.784742266017,559.188400882976,513.533767874563,610.464775649321,686.88936587781,664.4701683716,748.089581953219,923.112223754548
152,"CHL","Chile",9870.60531567161,11794.1193421971,9681.32720651478,12426.4090081579,13058.4937059174,12985.3901029438,13263.6685705328,39616.4482796227,36713.6397388039,35696.964583365,35623.9645690958,33841.2056830031,6445.42724283303,6049.21522487802,8805.75228940837,9529.53057399141,9605.93584514617,9136.06576190698,9304.6920768893,6844.30784260613
156,"CHN","China",105188.48943016,150463.404508568,170007.178928159,199950.044201015,202665.026029992,215919.574880226,185186.267072766,174352.91143805,141938.882452924,133356.89697275,116552.909757321,117534.242998147,120943.358801536,133039.248415607,136426.080603014,136041.897760296,128705.410300837,120833.843478995,115838.526702562,116412.527896056
170,"COL","Colombia",81980.8982419738,80605.2812642508,89350.0043113063,94874.0829286534,92911.5045080116,95774.640779705,94707.755995868,90416.3025175658,85235.5736304169,83499.7919991545,77701.6391725835,84634.4570399752,103945.604506486,121239.767904149,127229.080215929,141512.635838415,141071.34295547,124940.90784087,111670.351631556,106295.470993152
174,"COM","Comoros",83.1574512747167,72.8389250308446,75.7063143538758,78.7220401594867,107.811023004509,104.871487723232,145.181958059715,147.438738120315,583.795415019464,947.737051856171,1121.90396129455,1101.32008280259,1132.71885183243,717.441920599892,400.778269932419,289.951344154093,319.558074674794,302.01399113231,335.116460439054,528.888415190454
184,"COK","Cook Islands",NA,NA,NA,NA,NA,NA,NA,NA,NA,NA,NA,NA,NA,NA,NA,NA,NA,NA,NA,NA
188,"CRI","Costa Rica",18813.5859283129,17135.7868018196,17126.214327528,21803.5715788479,25580.1206675473,24391.8049741852,25448.9911455192,25042.9762103557,20871.5621398959,17638.1024850564,14714.9523000075,15596.1480466883,26011.0516115747,28423.1693149128,29101.0765893552,31513.1003510478,29816.9657685005,19785.3594476617,18191.7196084338,16870.5679288485
384,"CIV","Cote d'Ivoire",27861.1191732702,30752.0054707186,21611.3742368377,21182.2260854774,22503.9217259923,22392.9439823072,29590.6306008816,36790.8814621123,37471.4301471587,53812.4541540151,55349.9282900454,52210.8130708411,52158.1096204477,66147.1943970531,55135.7424053699,60157.1030720858,54525.482334844,50594.4177038976,36148.6051735408,34261.5403761528
191,"HRV","Croatia",8099.20035461804,7625.24013157738,8143.57605190723,9220.93658463965,6523.98799164533,6939.19364009058,7332.12994969481,8005.45920990028,7418.059515386,8293.6806109985,8295.50864866678,9284.80009045488,9562.57920161169,12019.072085041,11987.5635767826,12761.0577979664,12373.9175246142,12987.8054295453,13318.6568112612,14339.0021480828
192,"CUB","Cuba",16137.8260988573,16925.8875907165,12585.9099304221,14857.6690340948,14386.9285801916,13238.2847277013,13496.1282600806,12988.8483451813,10475.0965204004,8350.27338473802,7874.8911217072,42382.5670733176,79136.6092340661,82861.2457812701,83125.1216757101,84123.1995370659,48109.8324128645,10136.6450299546,9399.97860309031,10251.0366238606
531,"CUW","Curacao",0.601781877860785,0.601823519288737,0.300837078107096,0.300837078107096,1.42902887859646,2.55686854348415,2.55682620260958,2.63210511264159,4.58753073754339,3.38413402759493,2.25629436270725,2.40666434242458,2.78262916783908,1.05284868376031,1.05284868376031,1.05284868376031,0.827278617916666,0.526403591615125,1.8046980946034,2.78265454348957
196,"CYP","Cyprus",158.970684740876,127.189716246775,412.97340273265,433.383855019617,416.002119340569,430.891668368071,466.451363460313,202.216757030245,181.976119443079,192.325351752428,180.026628535679,276.38517084635,368.182714709587,378.682144397185,365.257168762452,375.472152098832,249.001183095513,634.821825952885,653.263675259504,683.111466154372
203,"CZE","Czechia",10095.2562233481,10767.8228241776,15011.1371604312,17113.3343532625,15912.0130682183,14050.4295634839,16693.3188610633,13648.0659639239,11972.7538885625,11870.070201568,10308.2197475696,10905.0650122463,13403.8884475436,19174.5144337809,24848.4273333668,35400.6310964216,39417.4420596198,39124.934352953,36840.6478212577,33010.6830754619
180,"COD","Dem. Rep. Congo",NA,NA,NA,NA,NA,NA,NA,NA,NA,NA,NA,NA,NA,NA,NA,NA,NA,NA,NA,NA
208,"DNK","Denmark",1976.39336226529,1861.3232324729,2062.01790177998,2338.63825477966,2702.80339688774,2345.54187379847,2337.69117340993,2471.52434355591,2171.07976960306,2172.08101668104,1979.23269014706,2024.98577235222,2016.80132663505,2143.54181288076,2248.54057509661,2207.77433711061,2059.74309706031,1871.60672535662,1866.27927523072,1382.19970899071
262,"DJI","Djibouti",NA,NA,NA,NA,NA,NA,NA,NA,NA,NA,NA,NA,NA,NA,NA,NA,NA,NA,NA,NA
212,"DMA","Dominica",7.87143332716199,7.72276374632595,8.53937457438367,16.9303917243983,23.9111438144276,40.6193812875076,46.635330820708,52.9465398727094,46.0400765623307,36.8311820377316,18.2665888603635,10.765353833348,3027.56519596612,3088.49898619906,3087.16246291244,3092.50833848104,3094.73570783309,74.8178223904546,13.736254088163,15.6666675752306
214,"DOM","Dominican Republic",14973.7459192236,14604.1799031254,15647.8557581657,17035.0274156489,16266.2605453797,7319.89489645875,7113.34749676342,7651.94256108818,8125.09456114556,9581.37517612829,13080.9366713252,19094.8865447079,20536.5519904688,19041.0571818425,18664.714073728,19351.2696929567,14965.2241846693,14501.2008915153,20131.1630678731,20290.006893479
218,"ECU","Ecuador",36538.8568755502,34799.2961783692,41402.5966730005,49404.570447301,55587.4343673654,52695.3705427712,53103.2225635213,56990.3540325494,57653.4407197052,51620.2098654049,52645.5902457046,56620.2630137702,55281.8954563076,54660.8022572288,55884.803695458,61648.85983089,57946.9703427705,57938.1740862789,58212.6946367727,67488.086499383
818,"EGY","Egypt",58.7746618577462,43.8739533122818,60.6440702076658,84.7596126979501,90.179787009097,94.0278368763442,117.7387415065,212.930860321574,181.092913257925,177.920396753864,164.902313845307,133.070867704797,14.9728064758094,12.3393669716221,5.93591825270398,7.91338562145615,8.96805389859482,8.77048131335611,7.91449107582247,12.1961136407042
222,"SLV","El Salvador",3234.1031858051,2874.60497581316,2637.60088906172,2656.51169789694,2639.03864491675,2467.04985494005,2419.38886397559,2208.30889713957,2248.79218965922,2150.79033336016,2198.81583420973,2491.42273341759,2823.35323807672,2885.66394783041,2826.88601161183,2597.14934819553,1951.37710211009,1472.3551885321,1142.19385608471,998.596276211521
226,"GNQ","Equatorial Guinea",493.362616011212,435.798939682271,435.189195409605,421.808468485876,630.178863696783,954.89903538741,1007.76371956895,998.455622372141,1040.08853934345,1302.17405252307,939.664937401891,998.45923075452,1166.14196972785,1035.09541186402,679.814653378186,685.163098576205,790.013622289627,730.533168215274,769.462804781764,835.823010178182
232,"ERI","Eritrea",NA,NA,NA,NA,NA,NA,NA,NA,NA,NA,NA,NA,NA,NA,NA,NA,NA,NA,NA,NA
233,"EST","Estonia",2254.52963059137,2220.2571139011,1937.41896241752,2218.76737756283,2406.60799846284,2447.92210520033,2373.50826507578,2362.03386024809,2311.92110477852,2224.21620204912,2527.81202898342,3389.56576671081,4542.46612613142,5842.97954169875,7398.10241837489,8101.31565870591,8037.56743222226,8036.79483512077,7632.57804658109,6693.54150658909
748,"SWZ","Eswatini",285.555501027548,321.158827576742,345.823982688597,356.077552822374,343.871140482667,429.139235226782,311.592125896204,287.547891723447,297.49028826146,360.895841311529,355.866745383957,427.014489246966,586.779746773138,563.107002345697,561.734095009647,474.802511843446,749.838024103381,753.81032342014,856.587549060298,897.012952037893
231,"ETH","Ethiopia",20572.8278675317,21958.1372752098,29338.2066877626,32539.1345332418,35766.574012352,36785.3670038412,37837.4250456531,36728.07180944,38208.5599077846,39110.3623222538,35507.7239459229,35390.9688257097,37434.3481836428,34870.9965995263,37766.920024963,41439.620966995,42763.6125712038,36723.7087417538,46181.279065607,42865.3169426149
234,"FRO","Faeroe Islands",NA,NA,NA,NA,NA,NA,NA,NA,NA,NA,NA,NA,NA,NA,NA,NA,NA,NA,NA,NA
238,"FLK","Falkland Islands",0,0,0,0,0,0,0,0,0,0,0,0,0,0,0,0,0,0,0,0
242,"FJI","Fiji",312.56685131385,345.48443456082,415.412587515645,464.83129037417,327.269504165879,385.481682185938,374.850517930561,358.873475714055,470.137116620645,690.011542289491,693.018968732672,2155.11718801483,2511.55535031496,2542.08806060092,2344.581919,2365.51584431695,1367.6008724327,984.982890334995,786.503287517888,747.523232471296
246,"FIN","Finland",2381.6430015621,2665.24821686504,2696.06854641592,3165.93519333229,3167.35482036881,3006.15067883423,2950.95381812887,3009.80367201228,2864.13279820361,2866.36105676605,2864.74710577944,2910.4895198713,3503.47653274097,3865.57467965035,4030.66485479238,4083.12605210008,4318.60915127846,3921.55626707981,3742.59691633388,3583.97818054586
250,"FRA","France",14443.9905749148,16346.8288090642,18013.6575773279,22742.1743762,20205.3658551058,24005.5498531274,25308.1270454814,25642.8864115994,20689.8747047222,20801.4684739499,17014.8315520798,15365.4628991215,16356.8887008775,19082.4039716584,21291.5564936738,25053.9520018742,32648.47267122,32600.5029632974,34513.9893059004,34471.2758949986
258,"PYF","French Polynesia",NA,NA,NA,NA,NA,NA,NA,NA,NA,NA,NA,NA,NA,NA,NA,NA,NA,NA,NA,NA
266,"GAB","Gabon",11869.1304282522,14191.3796929101,12997.2137459894,12321.660236253,13436.527877611,13012.2589198703,11886.0282330963,12708.4760506896,17621.4507757453,22050.8057104647,22783.7123478057,21292.3256200731,23372.0073300411,20433.1586418318,17454.5339941317,17983.3059648127,18102.5214527266,16319.5618384003,14499.2740459264,13579.750838188
270,"GMB","Gambia",0.523932757568901,0.523932757568901,0.523932757568901,0.299347856074761,0.524239444091254,0.524290408430446,0.67400864037706,0.67400864037706,0.599119696440429,0.224611955805121,0.149718231946614,0,0,0,0,0,0,0,0,0
268,"GEO","Georgia",1054.74532653827,1129.10139291515,1320.76364092602,1357.67977455625,817.450333680946,963.396309918383,1018.02689823496,808.606134856435,768.50327420101,692.363598059728,439.629379847868,419.087299494173,348.581683712923,347.163352074006,381.287384197109,438.601234083745,364.487221510108,442.767652074348,525.128333468445,665.071063056987
276,"DEU","Germany",20292.548385586,23039.4547760923,35562.4706547026,44348.1459138189,40559.5344922528,46943.7066265817,46258.1190933435,35937.291819704,28707.1004837555,27701.3111249918,17554.3781182277,17206.5088209284,18628.5368265242,23221.4594536208,39280.3523939058,69604.3511278051,95095.7060291657,101495.179099344,110418.255850545,102700.026445661
288,"GHA","Ghana",6051.21190260228,6297.06687920718,5055.20000350491,5432.7572425277,6023.39674330142,5461.72776155124,5113.41624752961,5421.84692772622,6348.11253539578,8978.99599544613,14540.0208541355,19502.2390792011,21942.7456013367,24482.4504867303,23179.1672640794,21820.4846688315,19524.8218737118,20208.0259169734,19265.6713609958,20402.5766000329
300,"GRC","Greece",5764.06069638831,4975.38005893175,10909.6014423317,16092.082234642,16510.4950876241,17404.3588729533,17777.9530868372,14734.2149481117,9740.36730754655,8760.13470026155,7742.53452200877,6998.51358865953,4570.30997213907,5045.94606402106,5283.68520094305,5738.88579176892,10222.1722226013,10337.2268551318,42214.1456657555,46992.9970159644
304,"GRL","Greenland",NA,NA,NA,NA,NA,NA,NA,NA,NA,NA,NA,NA,NA,NA,NA,NA,NA,NA,NA,NA
308,"GRD","Grenada",124.712126741269,125.464669350642,124.411211540552,122.303306669622,16.5571694252099,30.105690086997,32.9651436091818,30.7072486705848,31.0834978305588,25.138398236155,10.6114554718918,24.7585712001079,23.0276008768185,23.1031871175916,22.1248000358203,21.1464091143451,2.55918734503092,3.01094949958116,1.20447713392035,2.10756754161838
320,"GTM","Guatemala",187143.867630228,192279.917844252,240515.789566056,235316.121349766,256524.941980541,226071.395513703,222006.399050044,189466.628058954,179507.139403082,163004.804525017,163941.464264414,247986.873441092,255917.698648768,265916.86202701,288464.163229847,330156.532868675,254559.381296151,232415.195494495,236523.033139272,277786.809023813
831,"GGY","Guernsey",NA,NA,NA,NA,NA,NA,NA,NA,NA,NA,NA,NA,NA,NA,NA,NA,NA,NA,NA,NA
324,"GIN","Guinea",1262.5478942859,1220.51393445765,1137.96654490859,1248.6018045702,1206.14328699062,1274.89796670422,1665.45638032116,1686.17462833557,3601.28189614362,5103.91462886408,7452.2004834013,9646.39437013709,12276.1809501888,12457.7247982208,13443.2827835213,13814.2423629307,13601.095461538,12659.4369415109,12808.1949986747,12968.7265686331
624,"GNB","Guinea-Bissau",4578.9973448493,4635.15771315175,4345.39076065297,4905.26226113657,6176.6118099033,6484.1625740192,7000.80751879921,6702.8388516601,11522.5179156806,13069.2262983571,15041.9108576621,18924.554649315,23197.3645962246,22004.6069629113,23402.6974003319,25877.3355323533,25772.6550664497,24213.7556636703,23856.8423167164,22155.1667143604
328,"GUY","Guyana",12.1069853903673,11.0342479081787,9.8849092347892,12.4901032175626,11.9536904222436,14.3293200213593,27.2031405817062,39.4632947248749,37.1646598378884,39.7690259553306,37.5464791003211,38.7702417885731,40.071713451614,43.8256031261219,41.1443484626787,40.2250667161347,34.8633943749815,41.914893603509,55.5560961959208,70.7306707941802
332,"HTI","Haiti",1806.28821269892,1641.71049148585,1653.80554495697,1880.55833808198,1803.13870246751,1784.15239456661,2042.81874351766,2509.07705534551,2976.09212939056,3707.03969393157,4299.46991066559,10916.9928805583,12104.2173667439,12635.4256792543,12962.7081030912,12972.6822889857,6620.73958891052,4982.59523049734,4159.25752508641,3230.85913748824
336,"VAT","Holy See",NA,NA,NA,NA,NA,NA,NA,NA,NA,NA,NA,NA,NA,NA,NA,NA,NA,NA,NA,NA
340,"HND","Honduras",39911.0495505499,46324.1296175943,51468.0742939137,57317.6321257335,70847.1050660847,75926.7506927615,83400.7526594491,78449.1072141474,79424.0513208674,79344.9066288331,71893.8662787233,89423.9209020962,115643.065481513,131882.127250572,142595.361123695,167796.232065834,161883.699833056,154490.108560966,162963.98244845,170078.478417392
344,"HKG","Hong Kong",NA,NA,NA,NA,NA,NA,NA,NA,NA,NA,NA,NA,NA,NA,NA,NA,NA,NA,NA,NA
348,"HUN","Hungary",8268.80807201498,8176.35730086008,8610.50618019493,9084.78688537926,8691.89779765101,8829.26801712869,8350.70659910302,8132.41724135377,7635.55977660016,8053.12191845793,7407.47680811299,8343.40498736496,8740.45120488275,9743.19491138698,9737.36498930857,9930.24370816192,9808.15477478883,10013.5504028934,10746.4620920785,10259.5765364088
352,"ISL","Iceland",NA,NA,NA,NA,NA,NA,NA,NA,NA,NA,NA,NA,NA,NA,NA,NA,NA,NA,NA,NA
356,"IND","India",38683.7902856682,38037.6215756995,41346.589077966,46397.7681421572,47360.0278077643,45640.5252444233,46846.1851595058,49058.7719313223,44842.8556331235,46951.1056653685,50018.0796217415,55718.6936576533,57347.0337666929,60198.9850045261,58752.1288602409,61374.4521101008,61206.415140114,60828.9691948562,64355.8172308403,67139.5974266975
360,"IDN","Indonesia",317392.640787129,371793.379555282,410791.876087607,461722.3366302,517225.60582109,537660.745924879,600912.707960091,711294.069029393,745125.791711831,782317.708542114,830105.943359234,913538.107938442,801804.903860557,768877.346580735,686326.897747546,606933.612972587,413457.16004045,372063.197811216,360532.600714582,333053.683300636
364,"IRN","Iran",244.997039840577,213.660462191695,151.079369795671,219.809013914248,202.24981723301,224.416917407234,234.44102440835,265.122069579444,164.622299761825,148.617832874323,107.575588087269,76.553211513534,43.8439346414279,39.6169479729578,32.8104402070486,42.6877909396353,47.7126384693098,44.2680589024912,113.946387020544,124.480700400805
368,"IRQ","Iraq",22.0883640381445,16.9009878691189,14.7923833194954,6.19647522180554,9.91002359556964,13.8164677888726,12.5822379612087,12.0685383366482,12.6532100111165,9.25516368337998,4.76216381766818,4.69812649483398,2.10736644973199,0.566267124013671,0,0,0,0,0.0642028506054687,0.0642028506054687
372,"IRL","Ireland",4333.91827839053,4396.25143591349,4935.2327521127,6143.30132658992,6645.55510255179,4520.56669686722,3733.98154659948,3465.14262572206,2905.80719694779,2890.44653678576,3749.89643078151,5997.17504985428,6236.14898217931,6979.09260588915,7632.83400450972,7480.7154577031,6279.06944913586,6318.92534517224,5971.97659836447,5547.44924583233
833,"IMN","Isle of Man",NA,NA,NA,NA,NA,NA,NA,NA,NA,NA,NA,NA,NA,NA,NA,NA,NA,NA,NA,NA
376,"ISR","Israel",81.3657965994953,51.8420272248675,49.6100358808658,52.4697062269693,61.3876608687163,105.659662125348,133.612241251383,132.594355769663,129.8016546624,108.125547656049,58.1733274333843,33.3968217212944,58.2250514110091,56.6531303781304,56.9648743787424,61.7670310395117,58.3704435448784,25.8094458931716,28.5428913102766,29.4812538101735
380,"ITA","Italy",7517.6809598917,6940.62246267674,7691.91418175363,10067.1080878587,10104.2353028471,9790.33240053643,10139.4119619777,10805.108233628,10825.1660062635,11396.4131537054,11922.1465017755,14057.5328493472,16203.9629087956,19374.1760572576,26705.2398923206,29112.7783306101,28883.7710766558,27742.7153948351,28705.7369849252,24797.7888068233
388,"JAM","Jamaica",6491.03168757816,7006.88336407005,6824.16350654195,6968.99761020384,6512.66213284952,3285.72945088696,3102.02311069902,3455.80471599875,3345.49617263228,3080.42222047458,3774.97615175566,3654.16109153991,3599.37933976878,3800.16605083524,3561.08729138198,2813.83407347149,2679.29423056688,2483.76011345845,2515.73554503624,2500.21521796696
392,"JPN","Japan",9877.08981037095,10629.9431504745,12029.6657917456,14012.3127137795,13748.1026661969,13467.337176631,13199.0720884099,13227.8693723545,11512.529548509,10814.4485356549,9897.73852334749,11400.5591104622,11391.5378385028,12574.6350185429,13643.7202630217,14853.3572928913,13483.1961618023,13052.2716969686,13301.4168620591,13652.3858184251
832,"JEY","Jersey",NA,NA,NA,NA,NA,NA,NA,NA,NA,NA,NA,NA,NA,NA,NA,NA,NA,NA,NA,NA
400,"JOR","Jordan",2.61162227706814,3.32996975405599,3.52596001430121,3.52596001430121,1.24090893846354,1.24081123039605,0.45723208883138,0.130605550840929,0.130605550840929,0.97842618962999,1.3047035491135,1.3047035491135,1.76161197535264,1.76161197535264,1.50115580476128,1.30536688963976,1.30536688963976,0.783159304643011,1.17505409352105,1.82864969064236
398,"KAZ","Kazakhstan",8495.63476605287,8369.78986215711,9526.07149582096,8181.00730790593,6046.03863396752,5586.64238094397,5193.53619404172,3412.07120929007,2950.08925649073,2015.74474130606,1555.47992805868,871.782495704362,575.441276239416,649.538860135181,716.947012902959,1143.9198133351,937.440624569001,2593.64052650574,13841.3328933399,14972.9576851731
404,"KEN","Kenya",26341.3624361684,26159.3963734981,26169.0639145555,27009.6272377591,24774.4530022817,29124.4590627836,27224.402899306,25214.01160792,24255.8664121835,24629.5517829903,21371.7498947792,21894.1187862143,23369.5861123378,24075.0951063291,24570.1588418684,23926.458557045,20372.4879580784,14912.6957974008,13502.1586075674,12617.1285134697
296,"KIR","Kiribati",NA,NA,NA,NA,NA,NA,NA,NA,NA,NA,NA,NA,NA,NA,NA,NA,NA,NA,NA,NA
689,"XKX","Kosovo",NA,NA,NA,NA,NA,NA,NA,NA,NA,NA,NA,NA,NA,NA,NA,NA,NA,NA,NA,NA
414,"KWT","Kuwait",NA,NA,NA,NA,NA,NA,NA,NA,NA,NA,NA,NA,NA,NA,NA,NA,NA,NA,NA,NA
417,"KGZ","Kyrgyzstan",9.94484007710936,9.28278980525172,5.477436707296,6.10250482089409,5.19039997549261,5.30592727474825,4.49417994820094,6.37660427495008,5.6943115106532,4.72820621954209,3.98762860249782,2.96484611524522,0.0568552356315104,0.0568552356315104,0.0568552356315104,0.0568552356315104,0.0568552356315104,0,0,1.81207032959418
418,"LAO","Laos",40829.2713830756,48163.4113655809,57932.0953333368,59606.7442251056,66562.3464372362,75321.5010073263,78995.7838088492,78142.319775003,86387.714237697,88257.1315939408,97874.3351620649,116781.722853917,131988.477166723,141540.790315779,159383.115052766,173968.865844324,178395.768131249,195051.808495774,232718.262998044,248589.319798262
428,"LVA","Latvia",5922.28301118878,6370.61084470005,6538.10065428179,6341.47960511061,6302.7778254741,6078.36800413251,5561.66310627723,5040.09268825502,4967.93571159946,4521.38911757192,3810.29864610914,3725.48192219876,4282.26496376032,5297.15370204007,6881.13055974285,7857.0715391574,8092.04649909004,8446.96021853866,8391.89249031373,7712.59392901433
422,"LBN","Lebanon",361.807521641498,250.052786978329,386.085553714434,452.800978751459,489.434128303884,395.862440358576,388.96241836254,288.679177346951,243.587831615478,237.938012838714,282.818596302097,339.64727113651,419.978002358687,434.060346962548,536.3562028819,573.914903870933,942.565278509954,1131.24751894458,1264.9017251052,1235.25705060686
426,"LSO","Lesotho",0.807079514557289,0.94143343691189,0.874143242876517,0.941479750795354,2.27925505332356,1.877785675574,2.01188149102647,2.21357227968858,2.1461524027181,0.875195215845267,0.875195215845267,0.809265090885415,0.539836718717447,0.404850789585503,0.202519612847222,0.202519612847222,0.135438817078993,0.135438817078993,0.135438817078993,0.135438817078993
430,"LBR","Liberia",8942.8910562419,8830.16210233783,6811.9314378383,7287.20535541114,11810.9962441119,12525.4368440592,13371.7889802407,15657.3850063618,21293.3386066795,25408.5192955821,32436.7114906828,38471.7063297077,42610.5020456646,46158.5137926453,46522.058016639,49814.3022855332,51817.0616373323,58056.1199080405,61428.1038097405,69420.01529617
434,"LBY","Libya",103.907157512543,97.082417172017,64.7656837882345,47.2984464550249,43.012968353368,26.7070699008843,24.502280449503,24.6915197498079,100.139951680995,97.7972542278535,94.2902466985599,88.1143088805901,90.2567942327928,12.9851464486371,11.8191844887163,12.4052996949978,12.4054190254796,5.9775500594542,70.7562401684319,110.054776130316
438,"LIE","Liechtenstein",0.36885649376302,0.421583745008679,0.421583745008679,0.421583745008679,0.421583745008679,0.158112232812499,0,0.421550694743923,0.421550694743923,0.421550694743923,0.421550694743923,0.421550694743923,0,0,0.368881709136284,0.368881709136284,0.368881709136284,0.368881709136284,0.579658772005207,0.210777062868923
440,"LTU","Lithuania",9450.05746128059,10932.7153581227,11802.2667061526,12591.3505243049,13086.3440934157,13244.3371097949,12818.5261575471,12882.1420009044,12555.210481369,12961.0234351263,11934.9063545628,13664.3777384055,15000.5070170004,15959.2670020685,16983.4459365197,17899.04649327,17023.8730687677,16014.2192774468,17549.2390765628,16161.5064015891
442,"LUX","Luxembourg",93.2988085083419,148.008044573481,272.354942921909,460.106819495817,456.274725743241,616.307759205003,639.479248246876,566.713443101802,411.618439528532,443.511762146203,327.829163144251,315.789872188667,340.040973790279,350.51878714468,352.834622937419,372.439286489027,426.60433977909,389.301588264661,559.542881517601,595.731855903093
446,"MAC","Macao",NA,NA,NA,NA,NA,NA,NA,NA,NA,NA,NA,NA,NA,NA,NA,NA,NA,NA,NA,NA
450,"MDG","Madagascar",132278.330072725,132409.14822584,162710.670785604,174522.642177568,188378.081121264,193097.736775492,222547.359911311,207276.255957228,243481.104126284,320295.505169095,360579.393941836,393647.537465672,490797.160830713,530919.095373601,490640.552933992,482035.811376415,455209.943852343,380090.967395333,361910.931182744,351923.638001972
454,"MWI","Malawi",9020.49893532966,10880.9984290566,11726.9194745928,12741.4616727034,11459.7228029186,9708.04454224762,10907.3685223978,14652.7871350612,15426.6470257584,24295.9739766301,27839.3016247225,29407.4962229808,29097.9422562035,31113.638236739,26502.302026932,27676.4665590624,29884.2298333113,30402.626607606,33482.1845469869,34171.9006313971
458,"MYS","Malaysia",76498.374587552,84811.2414729865,91016.334603427,103034.111922726,118857.016775813,125047.729645022,136865.62271306,166286.520635818,160690.667245606,174300.764155758,176884.849706426,187030.711190148,162814.497474446,170538.504499095,146044.389443316,127063.413161871,100616.028866275,87638.4681934877,79180.4308388119,69020.1494901919
462,"MDV","Maldives",NA,NA,NA,NA,NA,NA,NA,NA,NA,NA,NA,NA,NA,NA,NA,NA,NA,NA,NA,NA
466,"MLI","Mali",59.4443442539919,40.961871725849,6.1251969559836,6.2745393259505,4.78033784440103,4.33142756564507,4.1837356313878,1.49275482110731,1.3434124511404,1.04538458228244,0.298641159472112,0,0,0,0,0,0,0,0,0
470,"MLT","Malta",NA,NA,NA,NA,NA,NA,NA,NA,NA,NA,NA,NA,NA,NA,NA,NA,NA,NA,NA,NA
584,"MHL","Marshall Islands",NA,NA,NA,NA,NA,NA,NA,NA,NA,NA,NA,NA,NA,NA,NA,NA,NA,NA,NA,NA
478,"MRT","Mauritania",NA,NA,NA,NA,NA,NA,NA,NA,NA,NA,NA,NA,NA,NA,NA,NA,NA,NA,NA,NA
480,"MUS","Mauritius",NA,NA,NA,NA,NA,NA,NA,NA,NA,NA,NA,NA,NA,NA,NA,NA,NA,NA,NA,NA
484,"MEX","Mexico",231063.873728599,240374.448161024,262010.152549734,270303.009948273,299661.379852204,288391.707276141,290395.784874015,281501.149244352,292598.333694449,263922.471182141,281555.81244417,303837.142281444,348380.548409686,363681.586513474,424091.137914818,453616.711541014,443234.933351388,406376.393004962,399911.610943762,406696.418013088
583,"FSM","Micronesia",NA,NA,NA,NA,NA,NA,NA,NA,NA,NA,NA,NA,NA,NA,NA,NA,NA,NA,NA,NA
498,"MDA","Moldova",73.7596112400021,82.1669434217404,78.7037838195811,92.5025247560372,99.1355256779513,112.4413257188,110.973462277237,200.696880720963,199.323448066434,217.767334065649,240.415240379136,292.82959237271,313.863871123472,380.779429306688,408.745310049786,532.15605899442,535.643288023409,471.722691659244,490.761077052321,544.868416747751
492,"MCO","Monaco",NA,NA,NA,NA,NA,NA,NA,NA,NA,NA,NA,NA,NA,NA,NA,NA,NA,NA,NA,NA
496,"MNG","Mongolia",27527.2619409215,21621.4444142324,22068.5875290145,30020.1645650055,54735.8739643133,55973.3195575278,55103.7518967889,52761.7252205619,40652.0458010628,3791.25823361422,1221.86101928641,1660.56964727815,16700.6872183019,19929.3802348234,20081.8328893395,20103.8458808843,19536.5452229825,3548.56404587038,308.022841857163,197.03030574276
499,"MNE","Montenegro",211.285454539108,143.447560952767,360.02325890845,551.475951296126,539.47541074398,548.962079682155,548.504299007324,460.696390214294,458.61081120174,494.123521965288,484.181543397315,494.653285158543,417.86227191549,389.972028041581,369.420794632509,444.608888498903,439.669950661368,416.147761055778,349.989691908643,319.181945895548
504,"MAR","Morocco",2268.45771383003,2153.34768405437,1513.76634516252,2075.57757528688,1949.46517648105,1875.5096405897,1909.74672352641,1916.00225375022,1327.5393358572,1325.20305248193,1251.27980654678,1175.67685383783,1287.37197205067,1550.6182638795,1573.01341858937,2496.72922892533,2364.78623808057,2464.19582528006,2623.65308989439,2553.74642810744
508,"MOZ","Mozambique",64346.8991632973,69262.3264011813,70567.1173998737,80600.2572877418,99322.6224949472,98738.6651001345,94975.1104671994,95518.8767178102,102412.795878764,98296.9973054926,106957.336960667,131473.493299187,166442.184489455,161745.405322836,163203.28259702,162088.896125747,165088.120821274,144494.419909886,151489.295567837,157424.379431322
104,"MMR","Myanmar",66197.1019106766,77792.859827825,89742.7920316046,101550.445788335,114558.669895972,130272.12182016,130438.307887794,132629.379640244,134643.577970285,139193.88474795,136231.424019452,161504.671462386,174475.466446982,182776.810307536,179040.833568252,184992.586110856,180462.360036505,173780.238384271,178662.09577985,181078.136322939
516,"NAM","Namibia",33.8007491790505,28.1908875834451,31.188054912079,27.7416558264594,20.425808806072,16.3990379828103,15.007293127347,10.1777394340647,7.911315862041,4.32131493458333,2.78236035197157,1.61184730643229,1.39236713762912,0.366365042649739,0.146293484274088,0.219502975119357,0.731968288713107,0.658884091227213,0.658884091227213,0.658884091227213
520,"NRU","Nauru",NA,NA,NA,NA,NA,NA,NA,NA,NA,NA,NA,NA,NA,NA,NA,NA,NA,NA,NA,NA
524,"NPL","Nepal",1867.04555947286,2296.14714776092,2717.9025839366,2782.52532131104,3149.0141858136,2979.81340057728,3307.36927189654,3133.36674049967,2811.51635431238,2124.41146665877,2057.52921410015,1307.99611965418,1766.49389284792,1902.50081490881,2032.39685636658,2090.44493333176,2148.63324566042,1449.39067654802,1592.70191302567,1669.03283372981
528,"NLD","Netherlands",2300.17417134518,2774.43694313543,3130.16053823277,3488.72684893532,3173.38465477591,3836.27972860094,3522.73753892416,3171.68977620766,2877.95354855806,2563.08380515491,1550.95906135179,1728.38782575504,1834.20152516307,2119.65025239113,2672.45666977194,2844.72362423059,3025.60032484404,2861.3441536963,2816.82802938264,2515.95205616241
540,"NCL","New Caledonia",600.87779921676,1073.93574770693,1191.99858893991,1183.82303708582,1129.06943353305,996.472777835824,621.928840207673,650.593594579221,772.892563470414,967.088604278448,949.366349497602,913.162494472865,825.173135232883,748.91242323032,470.452528090301,601.303129176396,550.39880845994,491.719132228544,429.057734630451,435.067929448682
554,"NZL","New Zealand",9457.01037814268,8968.85301387987,8136.09281715557,7929.8199006192,7583.85850231469,7053.02315804385,6715.47578935695,6849.75053766753,7670.6941615866,8075.09432442693,7742.87565132907,8153.45501803139,7855.24758917705,7339.89963625241,7389.1061526528,7711.47036232158,7700.70694061204,7290.97224754102,7047.33338123366,6162.79354436623
558,"NIC","Nicaragua",44225.2924393569,44472.7388397036,40229.2694949108,47212.7837489397,66590.4058146053,87223.9655389514,90953.6124081905,92446.6240425585,90287.9918002436,88328.2839173002,57770.1515458862,91120.7948349764,227536.235136425,236163.771640318,238475.478642929,252136.121055368,227559.678372952,99636.7958715749,115610.456159038,175252.442755004
562,"NER","Niger",NA,NA,NA,NA,NA,NA,NA,NA,NA,NA,NA,NA,NA,NA,NA,NA,NA,NA,NA,NA
566,"NGA","Nigeria",6905.76686386715,6364.54315400998,3655.29691746416,4657.32113366074,5006.21934673745,5806.84420530926,6279.89377417171,7679.89065122184,9177.58943913569,11735.5463772766,11692.269474075,12442.6114766639,15845.9225369577,18468.7930625222,18783.2447942932,21343.8861293176,24117.9827416839,23376.8558640354,22494.5217606776,23524.763173623
570,"NIU","Niue",NA,NA,NA,NA,NA,NA,NA,NA,NA,NA,NA,NA,NA,NA,NA,NA,NA,NA,NA,NA
408,"PRK","North Korea",344.11954546258,299.669260728765,336.430518446876,514.866455092844,473.795590246486,650.829785326822,579.261765864539,603.493418596243,416.746109957191,442.929871634062,239.56243183796,380.728508384492,362.404968345073,402.689008768265,854.533664805933,1034.55533489116,951.422626893146,959.40460197203,958.392764607579,499.011321858106
807,"MKD","North Macedonia",1053.36658199614,905.106522012404,1190.69531292828,2126.32921915596,2400.5738808246,2663.78853118131,2748.26915723312,2970.32088034711,2172.70408811221,1936.73665453943,1608.41062371681,1452.10267118673,977.398578173646,939.721965185795,894.769545746071,1065.47842899631,1215.67309462268,1367.14067700777,1640.47994182421,1622.01898850757
578,"NOR","Norway",1195.90837731623,1361.37985164572,1408.08819549282,1541.41435393492,1358.40323723411,1350.60292522487,1267.72586370343,1222.10151767038,1138.95094602759,1169.09623044732,1235.98872262732,1365.18807396508,1550.48072273118,1780.37919685908,2001.00488594732,2361.61197108346,2325.82336328453,2274.92860160556,2202.58783385918,2033.14292395392
512,"OMN","Oman",NA,NA,NA,NA,NA,NA,NA,NA,NA,NA,NA,NA,NA,NA,NA,NA,NA,NA,NA,NA
586,"PAK","Pakistan",56.6188728877755,123.528926657438,144.904753237017,162.877299151325,204.777333776116,216.806287485948,179.441341383594,159.248175545004,121.01803078423,71.8729588514918,46.4965831008615,14.0744708047547,134.540434418038,141.693082727496,144.849255951265,147.135150993407,148.405133636938,21.5051924007595,23.1044281964062,24.3342979560861
585,"PLW","Palau",NA,NA,NA,NA,NA,NA,NA,NA,NA,NA,NA,NA,NA,NA,NA,NA,NA,NA,NA,NA
591,"PAN","Panama",9083.87978467421,10095.5526989066,10614.1252045304,13661.2443682988,14882.7591014386,15325.5746124089,15518.5063288706,16081.0677607555,14294.4502301315,13196.9014282866,12676.4907955617,12943.0582601026,15733.2271067148,18274.0024047546,21442.6054646338,25431.927320692,26823.005835495,24109.739726643,22524.1227809523,20902.3054520702
598,"PNG","Papua New Guinea",23900.0575846245,25319.7207375607,25119.9524196159,29503.663206935,28569.7494949426,30686.6665110927,29819.4828680473,31327.9460879959,29150.1316708694,35750.7048892483,42835.1774420645,60259.914765759,64453.5352236353,73932.231056691,73773.262207581,68834.8991742361,55147.2766912891,60708.6424104923,55262.4824571802,53602.7902550033
600,"PRY","Paraguay",47750.0068239155,51133.0316219787,70000.3847687612,80190.2036904066,87294.0540981571,93566.4118309904,100534.241148266,99447.2984485731,88728.113608341,85796.5070417606,71047.5784159181,67540.1461853337,60946.856589281,60951.3740348902,61321.0369149908,88615.2708363572,85808.2026181253,81354.6369880756,82024.7761708457,80045.3181122574
604,"PER","Peru",134389.588352483,137438.220912653,147367.535381423,158395.161014988,178308.580127274,180696.722761562,192346.230643503,232911.2772928,259245.986712588,268978.112362378,271955.773352932,296961.496907588,315308.596351762,317570.584722604,319893.698354024,346495.08316335,339486.748378315,307159.467408648,305146.631657476,305515.020119901
608,"PHL","Philippines",68214.6031223539,78049.588354628,93824.4807104163,95526.3063253949,95184.2861333076,105849.531776625,98763.0749771848,89214.076692396,92037.0608434997,101240.645619751,94349.7484296535,125035.741404548,148258.675071865,158450.798092635,154146.549115794,155388.839454891,132185.628685951,139865.794530697,127361.790247552,125744.854386376
616,"POL","Poland",62767.9637966206,69114.9920278272,79249.1149739336,83966.3819291081,85749.7946272205,83702.5679481318,88345.0192137753,85291.1947194168,79564.7255709306,82152.4467058596,74970.4347036581,88368.6557928555,105333.120830272,134922.846372843,140570.919979257,148562.645405921,141857.703215537,129818.368303509,113868.67843012,111775.199736694
620,"PRT","Portugal",20384.4285956853,22362.9706739225,20902.7814154649,21142.4098887342,18585.0010817392,21191.959030871,18848.9006993204,23979.0535955893,26452.75393322,29678.1291095343,30142.271280782,37265.201703813,42166.8926916365,53216.6501378651,50458.6576850546,50009.4020790579,45162.7407943971,42955.5930374062,31933.2614206225,30849.4885897359
634,"QAT","Qatar",NA,NA,NA,NA,NA,NA,NA,NA,NA,NA,NA,NA,NA,NA,NA,NA,NA,NA,NA,NA
178,"COG","Republic of Congo",227192.380129349,222269.40377165,217302.197578675,226339.556924756,247890.79377992,262180.3276559,259290.455756306,267141.558587138,341848.624568875,412171.12739228,430725.472696746,577604.906462265,648981.066757961,685106.422670619,683327.777249318,726770.678837274,675083.90722907,682622.265889078,667178.618984168,699007.888097118
642,"ROU","Romania",15229.7439991472,14048.5299553139,20438.7358088324,21510.3581920222,21521.2872347554,21539.7947823449,22282.0526451715,21739.2845788846,20814.8888214279,21247.6461193762,20366.9941693663,22431.4323830464,19259.7821315341,21678.9052867401,20845.922652212,24643.9403197106,23262.2829931086,23131.5791318775,25148.4470665999,26533.7697013153
643,"RUS","Russia",185449.497421527,196708.129655454,202365.433274042,183490.829824358,166092.576466691,174188.427081853,303979.252663043,313977.145214198,322295.832658693,323872.890332323,310269.22525928,219391.60959337,240070.011141465,228597.158859337,225646.264698152,226157.670854888,185040.631664234,167037.86378149,176308.87725962,178555.560679351
646,"RWA","Rwanda",1204.48392034203,984.93045317328,1028.22322759409,930.183307069755,850.828007750011,897.637790430595,875.053855982622,874.288497089944,1133.67164970494,1478.01328594491,1614.13470706591,1918.89567214339,2367.9029987893,2446.58967914144,2114.15820911709,2567.08552187377,2623.78380749295,2229.74677651962,2180.89104916075,2567.11180162193
652,"BLM","Saint Barthelemy",NA,NA,NA,NA,NA,NA,NA,NA,NA,NA,NA,NA,NA,NA,NA,NA,NA,NA,NA,NA
659,"KNA","Saint Kitts and Nevis",22.5705510441276,19.702843985689,20.4382946081336,18.3061747955794,13.8216205943739,15.4393543081152,16.3950322713216,16.9095170791243,19.1887717520996,16.1745179316243,10.5868110500987,7.2784832113216,4.48472659780598,1.32319533032009,1.32328223523112,4.70526876458983,7.71991292754772,10.3667878167014,12.2051737604286,11.8376123895855
662,"LCA","Saint Lucia",32.6612775861289,101.048167797681,114.500969985804,120.3301865975,118.161616593585,123.841383680321,75.6348542666503,77.2775473979556,79.965128157635,87.4313773170224,70.9145556020062,91.2410433205061,93.4095310469834,94.6832530547996,83.7023909313269,94.0906015717696,66.1400422282876,55.4529412797655,56.2000666795132,55.1543624241269
882,"WSM","Samoa",NA,NA,NA,NA,NA,NA,NA,NA,NA,NA,NA,NA,NA,NA,NA,NA,NA,NA,NA,NA
674,"SMR","San Marino",NA,NA,NA,NA,NA,NA,NA,NA,NA,NA,NA,NA,NA,NA,NA,NA,NA,NA,NA,NA
678,"STP","Sao Tome and Principe",0.999738561187269,0,0,0,0,0,0,0,0,0,0,0,0,0,0,0,0,0,0,0
682,"SAU","Saudi Arabia",NA,NA,NA,NA,NA,NA,NA,NA,NA,NA,NA,NA,NA,NA,NA,NA,NA,NA,NA,NA
686,"SEN","Senegal",33.3649177788324,32.0256716483273,27.0470726298865,34.1757231532795,34.9372892669574,29.7730074875889,32.9992486649446,22.7249035413932,15.522750474101,13.8026829684196,11.9283628672797,8.70294433777885,10.518382009292,11.7957749689475,15.5532323157731,19.3827958898931,18.6314448005029,18.7075827522325,19.1564051879269,13.7468844738189
688,"SRB","Serbia",3542.13639492931,2855.08679457656,3428.38784092452,4543.005452035,4590.18327466857,4921.6176651721,5100.82511857432,5770.63392861666,5821.48197304664,6497.29381495388,6552.57171608696,7557.04592187167,7177.91722115255,7280.65486429941,6847.28099843963,7587.81334717187,7106.25518466486,7344.55026283071,8307.00817845187,8325.79317148127
690,"SYC","Seychelles",0.759194191591795,0.531437640158418,0.30366230596137,0.30366230596137,0.455482298201495,0.303638208843857,0.151819992240125,0.759217474830185,1.97396635114095,3.87197933537109,3.87197933537109,3.87197933537109,3.26458185278103,2.04983297647027,0.835144715056423,0.835144715056423,0.986980504065212,0.986980504065212,0.986980504065212,0.759121844248589
694,"SLE","Sierra Leone",1291.78964224267,1678.77562194373,2108.04065419846,2503.77548035114,2938.30282841418,2963.38369418677,2958.91352809302,2565.19017745404,6425.94723444848,10050.9873112035,16353.34191251,22266.9632415977,29564.7610559126,31013.4047632487,32011.6953359667,30739.8072297154,27645.2063953348,24990.5832555643,23046.463344626,22521.156138661
702,"SGP","Singapore",108.518846481739,86.5997375471555,36.9165060110582,35.1475887162169,50.6832002473847,44.0690041016737,45.2226061536655,48.0682173270737,49.2987738646923,55.6055508725923,75.6791637614095,110.903784714575,162.35626190498,191.504871111141,228.574794366541,240.495358704878,255.56946362249,246.494099462248,235.572952106175,182.352008979412
534,"SXM","Sint Maarten",NA,NA,NA,NA,NA,NA,NA,NA,NA,NA,NA,NA,NA,NA,NA,NA,NA,NA,NA,NA
703,"SVK","Slovakia",16031.117985664,17382.055341768,19746.6301990527,23186.2242279202,26748.7440473946,24640.1396337644,27251.3764140316,26936.6387049146,23951.1234394441,26340.3854050472,20724.248754235,23229.7743683588,26145.1227993,31677.2551618596,27567.1791633395,29897.6083931345,24176.8915429737,19380.5328870723,15254.5261051229,13868.3698165062
705,"SVN","Slovenia",1677.29038749046,1973.95493502143,2682.15412477514,3167.75224363176,3285.26142365026,2998.28002770682,2918.5756694119,2382.47201594296,1948.41619254644,2521.77462686341,2421.1029210023,3203.86536352224,4059.55535749631,7162.58951689153,7714.55512104196,9179.97395847563,8965.46593932731,9411.61258110693,8067.23328833542,7922.40918732929
90,"SLB","Solomon Islands",6513.96683455866,7177.57671953426,7372.08919583556,9395.40766813814,10188.0939016103,10680.2544771325,11487.2328768869,12786.2016042841,13687.0981990939,18952.6880063095,21481.3671955608,25953.8055593031,31245.1984483045,34452.0464394339,34252.6532722094,35087.0634133577,33460.2285503448,31128.0753331811,28144.8600297623,25423.4816493388
706,"SOM","Somalia",279.907861100565,200.834342344567,169.606971946489,185.371418697492,217.986307352907,209.291706926075,252.36806199539,255.368468356787,335.452988690555,295.068769287097,269.766517637384,203.537932548068,203.769549019756,96.0739976394189,73.8402751419673,79.6860460535257,80.1474842108778,47.531329217491,43.4547732265834,43.6896128875582
710,"ZAF","South Africa",80418.0571654429,92707.23922349,94116.3742089189,94558.290850927,95770.2308934582,93918.0242938951,80739.3422008597,84056.609440199,85036.5805308041,91026.2991085682,101493.060680334,111468.891557746,139741.48551934,147548.640753078,161002.436953268,158022.441507042,154413.478940819,128265.223033085,115448.507213235,100606.399244987
410,"KOR","South Korea",3.45068741879556,2.58451145522786,2.76831239047525,3.62914114970485,4.98476901773654,4.61644078666232,4.67578667174261,4.9861231856684,4.49225523473741,1.849078183023,2.46089271607205,2.52076313051432,3.61706610679687,3.42747137137152,3.42747137137152,2.93386927375434,3.66043767353731,1.76241443190971,1.7015315323611,2.1450124933637
728,"SSD","South Sudan",5289.99823435824,5172.96964884432,4768.16684183187,4932.7058295213,5107.21265342357,4728.27402393422,5192.49009732245,5174.14971896933,5130.90053032725,4884.84437363154,4724.61277279006,3978.79353084198,4041.66934188678,3445.35876223788,4024.54929697652,4036.97429737401,3831.44853365126,2996.72889239398,2982.15822243978,2107.22985552351
724,"ESP","Spain",68036.463225832,82731.3365198147,84544.4439404865,85506.9657162593,82594.5467329607,80867.151225653,65633.7265228654,71119.9405127579,79489.7088585059,80757.0352345736,81084.5048713707,103029.076540168,104212.000976218,116118.870551223,109278.064405754,119448.632578054,110054.132118139,123385.477545702,118937.500287772,127758.557733028
144,"LKA","Sri Lanka",1296.57242726211,1739.80631450794,2099.26363753246,2430.91896596264,2840.80252824924,2975.22639541275,3110.96990303527,3215.29534325945,3302.7733741078,3348.35301390095,3331.56446032955,3409.44647467098,3389.042866278,3840.68469719845,3680.62134309064,3940.69447905638,3691.71159072012,3407.06957230669,2992.94094532296,3217.98820361739
670,"VCT","St. Vincent and the Grenadines",11.0142424379525,10.7894941669374,14.2358782320084,18.207023515447,26.5971696070583,31.9167978355284,43.6800723389279,48.1762081018055,48.2507780784315,42.8569517553482,31.7681479719482,29.2217536969526,31.9200245216032,29.1480127535568,24.1279731061594,23.3789201656396,20.8294499883799,67.5744989949483,66.1509724177293,65.3269307774906
275,"PSE","State of Palestine",NA,NA,NA,NA,NA,NA,NA,NA,NA,NA,NA,NA,NA,NA,NA,NA,NA,NA,NA,NA
729,"SDN","Sudan",0.375298285958658,0.300097430449218,3.08446813688747,2.86009746207736,4.36073240370821,4.36073240370821,4.88589644499945,2.10152573856119,2.02579898292208,0.525164041291232,0.525164041291232,0,0,0,0,0,0,0,0,0
740,"SUR","Suriname",1873.71026009605,1869.28867554249,1983.08889595116,2052.30256734386,1694.57436816944,1828.30607868479,2161.42285974507,4077.14107383686,4544.17649311858,5588.62346879909,6400.24194043004,7699.68382740865,7525.39330188703,7856.37270830133,8443.50577688646,9195.62654356812,8420.66012079927,7704.73850947027,10178.4571198986,17613.1350352975
752,"SWE","Sweden",3734.77208273796,4363.25866530145,4562.04506631992,5421.6826479356,5418.95720483788,5683.50371048963,5480.34664024368,5592.38657883325,5073.84418458559,5430.43975038405,5323.55193762541,5394.60670789184,5819.86072973491,6108.35273639671,6378.6230761044,6987.79826945742,7506.65259271936,7646.98565049634,8262.91431560943,8122.89621390332
756,"CHE","Switzerland",1196.39573892686,1301.49451975685,1433.61526479848,1652.78902684894,1287.95820808084,1258.48068254084,1246.04654167787,1193.66829882747,1046.48159022511,920.619702971333,821.543942699784,845.330497461886,1091.97150876434,1346.0094774351,1644.0915136831,2026.5030657268,2336.1811911575,2235.81572323802,2341.55346383085,2513.79311010541
760,"SYR","Syria",929.27475914097,1026.01447805588,1429.7298845538,1543.89205811171,1550.31778421905,1055.09391964965,933.884214438306,3387.36017301872,3780.82224064599,4120.44100766995,5492.51623945342,6385.52848768285,4612.99526206891,4404.06526015703,4651.29828588018,4791.2614553402,5111.40652330541,4213.67966700937,4490.23434286551,4177.86005698159
158,"TWN","Taiwan",771.193255231586,925.340498943894,999.477976702669,1123.81777063736,3576.65428873284,3823.30233272244,3796.09042866366,3857.04461591715,3726.19058834635,1150.98645274348,609.934560746813,528.885404059352,476.687944699753,540.573608263882,521.008540430386,572.253119514798,477.274522879072,449.085357644445,548.428448262875,1558.55623179951
762,"TJK","Tajikistan",14.8329072284527,12.7159146690473,11.3121816685634,13.5501284301953,18.8968132037587,15.3348466528884,16.1784089682574,21.1457676672352,16.6624846075108,10.0279159542122,8.43389564252819,6.5000099330143,0.182254912575955,0.122557391699219,0.0611375319748263,0.0611375319748263,0.0611375319748263,0.122407742157118,0.795650323977863,0.795650323977863
834,"TZA","Tanzania",42545.844267603,40479.6229002826,43765.6790539657,47937.986435886,52181.1461082002,58546.8895547612,62249.2009291582,66609.1764381589,73861.7489442745,84713.7922179811,80118.4760429536,80562.9650481198,79264.0910760793,72348.5704302185,63389.1089728905,70261.5327641805,71776.8208611046,69216.5281676126,80577.3856144628,89992.8677729367
764,"THA","Thailand",26518.4266675982,31763.5808576276,35755.7005480436,38581.534570792,43449.7009717107,45922.0723361091,44991.8321646642,45467.7196101939,45113.4696321133,41958.1847374234,38817.7640304613,44513.1183109523,45481.7296467465,45858.2506558161,44850.9469833559,45434.3084980244,40341.6129718195,37512.6684325767,39495.6987350142,39680.8259865441
626,"TLS","Timor-Leste",2964.78462423317,3853.35267950469,3651.4197588096,3405.86530072781,3994.82909549843,3444.88620767924,2623.00230128211,2601.90429299101,2664.54354462576,1935.35238051216,1908.5736540149,2003.29536199839,1987.20710424988,2237.10500230285,2168.36323504123,2386.80279182626,2298.16920652739,2138.86939115152,2117.82770016327,1895.78799883713
768,"TGO","Togo",335.1448240533,317.565637031179,342.304275440224,368.330700715586,297.984785967133,192.180304542509,164.017852013341,137.301717532544,121.513216343283,91.5640415620368,88.5265255757928,89.3071105742259,97.2424307034669,103.168477928798,115.299475784751,127.124498903688,144.421771114338,132.021600103248,125.464603855195,148.467635450093
776,"TON","Tonga",NA,NA,NA,NA,NA,NA,NA,NA,NA,NA,NA,NA,NA,NA,NA,NA,NA,NA,NA,NA
780,"TTO","Trinidad and Tobago",328.128707648764,255.74285864811,279.109548936217,286.367060322387,289.33472927972,385.617348781357,343.334144233285,323.216586132823,317.845069953315,345.498377919553,203.466729224203,220.589532257118,260.246578379356,282.669649809814,264.834296150127,254.591857926354,222.781716985288,173.209678581321,159.790736719398,169.219903940481
788,"TUN","Tunisia",387.814992521699,440.143067611994,518.746849748821,480.34528953406,526.090917434969,481.54188376072,702.189431174226,719.182180213977,694.443122420136,1196.80730083494,1522.18369663089,1440.47452628485,2859.72814120071,3075.62588862159,2544.87500502352,2277.1816272008,2204.38919327708,864.958977159268,967.013280242828,914.043044247065
792,"TUR","Turkiye",37024.7251222668,37221.4492325621,36960.418212935,39798.8227883835,42078.6373394418,41031.4075669389,40668.9206718843,41564.4500461057,39337.8413250135,34624.6592852439,38310.492788136,39562.230827096,41908.9491234514,46749.0849399041,53921.0719542681,61472.0267537154,75765.8982986773,80313.3789822024,84705.5481458113,82542.9239877926
795,"TKM","Turkmenistan",206.401321161204,204.001373288103,141.851569496258,141.566710867066,131.197901970462,115.817558078008,112.600835829863,96.4339703552689,30.9955658872656,22.5374885264974,15.5089584625043,7.06045082595919,0.774369950839843,0.774369950839843,0.120491167298177,0.120491167298177,0.0610472550412326,0,0,0
796,"TCA","Turks and Caicos Islands",0,0,1.14459933127061,2.43176303016493,2.7894480564095,2.7894480564095,3.21846732482855,2.07386799355794,0.786704294663627,1.57339055836805,1.57339055836805,1.144371289949,3.07525650746744,5.9354586305729,5.50616797295572,5.57765586280706,6.65026479700194,4.7193795794835,1.85917745637804,1.14409682404622
798,"TUV","Tuvalu",NA,NA,NA,NA,NA,NA,NA,NA,NA,NA,NA,NA,NA,NA,NA,NA,NA,NA,NA,NA
800,"UGA","Uganda",9059.15090015268,7896.56630343242,10496.8107694397,11267.5115210494,11844.5543962106,12640.297896006,14223.1806316734,13526.5915630774,16200.0628926029,19560.9393653273,21073.94718104,22863.8882373274,27405.4074280581,29793.9188689882,30943.2458185013,33925.7534813113,35919.0551567786,36191.0173971798,34356.2781672875,34007.9191659755
804,"UKR","Ukraine",30181.6884621499,30745.0472049122,33752.4021327665,31695.8508525041,31604.2849723242,33466.2215280228,37646.6534960045,37506.7091705017,37514.4233182849,37257.7233784866,37676.8145615923,47948.4372000367,55544.0608508442,62805.2338273334,63267.1127246144,78015.6332141801,69103.4481689474,61308.7018757005,60857.456031128,65191.4001457479
784,"ARE","United Arab Emirates",NA,NA,NA,NA,NA,NA,NA,NA,NA,NA,NA,NA,NA,NA,NA,NA,NA,NA,NA,NA
826,"GBR","United Kingdom",16725.1915250804,18849.2146614972,19405.5830706906,22502.6671328483,22439.1696191579,25615.1907777656,20455.2559333655,19257.1520336151,19290.2182528424,17403.751044988,13707.9074351694,13847.2792129638,12686.6875189495,11095.5643712179,9998.96775196214,10037.9399169425,9442.01077165484,9408.34281601249,9078.3084627158,8635.16051118712
840,"USA","United States of America",460418.581714092,470180.617033869,500199.708488625,533069.295837642,430555.738401166,311709.825272745,328880.486313758,316373.361318454,310078.660699197,296331.406758602,313472.172348348,294145.541419807,327610.51224214,326879.778653983,344912.101020519,332786.063753448,325095.893070318,273084.548367614,251956.412545468,237757.148438121
858,"URY","Uruguay",16051.5015666689,20628.7118773842,24914.9085867639,28505.3416503878,29990.6311202138,32325.9047702134,33784.0591691846,35555.5480880998,35069.6460691548,36000.341139292,34439.7814619913,35205.2269535691,35003.7479490292,36140.9100081907,34313.5837994763,34110.5186869985,32918.3239044742,31078.0770406497,31376.2106783531,30335.4489904358
860,"UZB","Uzbekistan",232.301801235759,166.243467649728,60.1358334596223,67.9672212046657,83.4537374149131,95.6150005514126,77.0558771269617,89.1364322085263,88.3605322840363,145.609750696357,127.168118465983,121.98582524099,100.699422166602,83.5448404112394,0.991650616866317,0.991650616866317,1.1086109166059,6.24166844306423,6.58000773183593,6.69142851822699
548,"VUT","Vanuatu",404.731174847894,434.786347983274,435.431533065252,301.405263447624,379.094503374865,341.244363931183,367.418829781492,416.895659146805,639.315475191135,637.572647188843,1507.31947567695,1936.00861733267,2082.27905353999,1961.92880070484,1877.38370469352,1211.50590977462,714.2709859614,527.421858489627,631.733985483578,659.858494057938
862,"VEN","Venezuela",51866.2116006054,44065.740487509,53150.8267872404,50626.8937564343,53342.6237689377,59486.9265783388,59736.2068665773,56699.0655627917,54501.0247839995,54787.0426520967,48092.9983437632,104389.60600171,117424.684567476,131646.888073245,145829.313667873,165922.501444972,114201.253806517,99853.7752040834,93867.6165651933,101534.011548879
704,"VNM","Viet Nam",23677.3973086667,23212.2229348094,22252.9099321581,27087.2486891067,31198.1117401038,36094.1832032042,39678.1059843328,48218.1737116107,47082.2104126475,49022.5993252612,48368.6923354866,59296.6340533632,60388.8751010725,63035.680419869,62207.976339334,62535.2238384391,54656.1782639391,46200.3379578711,41971.7768089774,36103.5364579091
876,"WLF","Wallis and Futuna Islands",NA,NA,NA,NA,NA,NA,NA,NA,NA,NA,NA,NA,NA,NA,NA,NA,NA,NA,NA,NA
732,"ESH","Western Sahara",NA,NA,NA,NA,NA,NA,NA,NA,NA,NA,NA,NA,NA,NA,NA,NA,NA,NA,NA,NA
887,"YEM","Yemen",NA,NA,NA,NA,NA,NA,NA,NA,NA,NA,NA,NA,NA,NA,NA,NA,NA,NA,NA,NA
894,"ZMB","Zambia",6686.92080044631,6767.51021413948,7444.85538538974,8405.45285442678,10351.2987934121,11919.3265838098,12158.3887622368,12115.4121602892,13564.3257042762,13695.2772719396,13806.3646137807,15381.0554413494,16651.4356621235,14757.3662262345,13488.2340494275,12618.4761915962,12491.5110992658,11635.2211544926,12245.0934480725,13679.4179156244
716,"ZWE","Zimbabwe",3404.7707968127,3512.00104611885,3329.81454537744,3300.12364499971,4249.69797740825,3826.23671940318,3345.41881397967,4253.99480365827,5281.00249823749,5003.84250436273,5438.76748231819,6362.30605340583,7992.46563968296,7288.76033594413,8206.01188472202,8026.78698491542,7500.04591673178,5856.80697081892,6023.32006227418,4662.78225869038
