"code","iso","country","KGC.raw.2016","KGC.raw.2017","KGC.raw.2018","KGC.raw.2019","KGC.raw.2020","KGC.raw.2021","KGC.raw.2022","KGC.raw.2023","KGC.raw.2024"
4,"AFG","Afghanistan",1988.68966171145,3425.78419817612,2996.62706080452,7329.60691207647,3264.63972122595,1212.65004931763,2169.54454521835,198.911958705634,5560.693435397
8,"ALB","Albania",323.739401191473,546.022263269871,575.831088483334,1736.00585958734,1215.23767011985,1055.71989233419,1212.37534426525,692.226945679635,565.414322279394
12,"DZA","Algeria",552.931389018893,1292.82390054315,2399.38419209793,1470.78526094183,1438.93263936788,1583.97273685783,482.285712316632,590.672797493637,2070.31963075325
20,"AND","Andorra",8.38316294178367,1.53974688798189,1.71015476062894,6.89945926517248,40.8856093361974,53.0749580338597,11.4012258797884,11.686345551163,51.0854131393135
24,"AGO","Angola",12556.3802985847,15732.276354529,14276.5567118004,10896.0823652744,10285.5780215859,13438.7724603936,15066.8684020266,14577.3223590627,20794.1186169982
660,"AIA","Anguilla",NA,NA,NA,NA,NA,NA,NA,NA,NA
28,"ATG","Antigua and Barbuda",6.9045897424221,4.70386825501919,0.881485529243946,1.98147043585777,2.49769508093596,6.31992832571268,5.94637776166201,1.10244172811508,2.28150612860918
32,"ARG","Argentina",35928.1518060192,43256.3508828022,46668.9947541989,37459.8608244024,68402.1631585844,83238.9117938876,114079.895007141,99976.4946059398,115324.643185198
51,"ARM","Armenia",3967.40657964721,3249.19201762974,2655.53289437667,2537.41968259215,8056.54232662916,7187.6306889765,2973.02953014523,2201.45304032043,4371.17393727601
533,"ABW","Aruba",8.71773715317249,6.31318159401417,4.65971876680851,2.6305500343442,14.956870213151,10.5221899300814,12.3256267756224,13.6781909912825,13.9036037251353
36,"AUS","Australia",35232.800127089,14652.5307742693,14250.7162152641,27317.9137601368,52114.6043453887,34512.188259691,27516.8549372703,18496.1922880635,21396.2704946883
40,"AUT","Austria",236.07760097459,288.88082299754,255.299841385335,595.568148318678,982.410131111741,976.517375059426,260.0207336694,232.666979517788,760.175831906497
31,"AZE","Azerbaijan",793.796646662056,1012.21870175377,943.189410023391,1376.06637269631,1151.79006233811,1987.42403125763,1269.38489006087,1339.94693630934,2273.93103507534
44,"BHS","Bahamas",312.561639994383,449.254101134837,971.557185605168,1003.31525751203,996.397443205118,858.423605456948,754.493205182254,710.538072220981,857.923526994884
48,"BHR","Bahrain",0,0,0,0,0.693766340613365,0.138723842799663,0,0,0.0693586766719818
50,"BGD","Bangladesh",46.0236028730869,37.6259843483567,61.6187955588102,29.2227794751525,106.652997672558,104.582373894751,133.691992096603,651.075938776135,404.508627653122
52,"BRB","Barbados",0.749717988073826,10.1227824389935,5.32382832467556,4.12386909127235,6.22285395860672,12.2219362705946,8.54845256358385,8.99830363690853,2.02441883087158
112,"BLR","Belarus",NA,NA,NA,NA,NA,NA,NA,NA,NA
56,"BEL","Belgium",NA,NA,NA,NA,NA,NA,NA,NA,NA
84,"BLZ","Belize",67.8805982619524,175.346075721085,870.918407067657,644.213656999171,382.565202556551,296.449303619564,939.900721460581,815.594900242984,456.347237065434
204,"BEN","Benin",6546.68670554459,7488.04721046239,9950.76854105294,7204.22995452583,3577.29029404372,5018.77238792926,7010.31243538111,9538.32619488984,10019.5958804712
60,"BMU","Bermuda",NA,NA,NA,NA,NA,NA,NA,NA,NA
64,"BTN","Bhutan",145.644998408854,140.806793838739,97.3351241722703,110.73020901531,223.469061888754,230.743303090334,154.325607016683,162.444373778999,385.461057715118
68,"BOL","Bolivia",66115.1717268974,104183.036695763,147817.784281738,72168.2586525828,53468.374508895,43575.7460196689,34757.2499024123,43379.0322993323,97711.0562803075
70,"BIH","Bosnia and Herzegovina",44.7657080926001,36.5575559809804,90.6563528291881,75.6812560670078,72.1950961723924,60.5833680555224,57.1945351287723,37.8387394696474,41.4988109916449
72,"BWA","Botswana",3611.39651807398,5624.2720297277,4372.75803819299,5084.15953863412,10260.028092213,6667.31697819382,3619.4770899564,2660.75095493346,9552.26108811796
76,"BRA","Brazil",151678.443793103,168174.550073594,148912.741911739,133154.747222103,175499.115456127,193385.728531726,130397.873888478,129424.62182501,168806.631205827
92,"VGB","British Virgin Islands",NA,NA,NA,NA,NA,NA,NA,NA,NA
96,"BRN","Brunei Darussalam",NA,NA,NA,NA,NA,NA,NA,NA,NA
100,"BGR","Bulgaria",1300.54113438725,2069.75614951923,2391.52738107368,2866.69368679449,2800.04218248278,3137.64546496049,2359.51462260261,2305.784586858,2693.3366887942
854,"BFA","Burkina Faso",10293.0908968896,13602.6163083836,16153.57761316,11441.8825639561,8303.78100158274,12748.5550626814,10879.1335681304,13464.0589428246,17473.4584805816
108,"BDI","Burundi",0,0.306869097054005,0.0767172947525978,0,0,0,0,0.153659790754318,0
132,"CPV","Cabo Verde",20.0564946234226,40.9824047014117,42.2742592766881,49.9504173323512,31.324363976717,14.5988199859858,14.0826220884919,16.4949402064085,38.4017839431763
116,"KHM","Cambodia",410.507581479847,425.836640268564,347.795179285109,1059.92756115645,940.76740218699,996.789995461702,900.137339420617,624.568619154394,980.454598732293
120,"CMR","Cameroon",4258.18702703714,7139.37393641472,10319.6402113363,4758.61237951368,2553.70121841133,3295.82522365451,3520.13452407718,3549.09176344424,4920.94178383797
124,"CAN","Canada",10740.5864336845,12951.3109744154,13722.1123797577,21320.8460550774,16089.2436254621,14829.7293533962,13129.4321925286,20588.6854657307,20245.5813632961
136,"CYM","Cayman Islands",NA,NA,NA,NA,NA,NA,NA,NA,NA
140,"CAF","Central African Republic",58.9437905848026,114.972619473934,123.869495019317,178.204871371388,203.827261835337,164.377305373549,168.070729695261,88.0501432642341,121.276542723179
148,"TCD","Chad",9090.02175439149,15216.6379912347,21461.2258553132,15848.7174175456,8765.68260046095,9856.61380132288,8502.67321328074,10248.9520807713,13754.392228663
152,"CHL","Chile",2908.11306509003,2922.36268892884,3224.31709876284,3617.30034385249,1929.20848821849,3318.94903029874,2350.79796160385,3881.91863110289,6071.20900465921
156,"CHN","China",37790.4443393424,25859.2038773447,31741.345807109,23052.8315093815,51314.5403679498,80112.2286185324,27552.9403835349,39162.9339167848,121868.356700234
170,"COL","Colombia",9356.84256373346,7646.65100254864,6645.52785298973,7559.54931017011,7949.88668313622,8199.64737867564,7672.36847204715,7200.16343533248,7736.20622254908
174,"COM","Comoros",14.9958198517561,8.66262248903513,13.4113674387336,11.8250157684088,7.00567835569382,10.8427485153079,9.78611871600151,12.2782166004181,7.53372476249933
184,"COK","Cook Islands",NA,NA,NA,NA,NA,NA,NA,NA,NA
188,"CRI","Costa Rica",72.9013115689158,126.406335562468,58.9312632903457,30.0805432721972,57.5641172602773,135.506874613464,96.0497938841581,65.6629166826606,40.9194634333253
384,"CIV","Cote d'Ivoire",103.958744734526,85.1524631753564,84.6091764867306,65.3441081494093,113.033232346177,90.2511712238193,190.302375510335,127.006173372269,290.682457558811
191,"HRV","Croatia",292.904943339527,784.697981309146,584.028461750597,1323.21925328299,821.446775007993,572.157992117107,1320.32733516768,1243.82426599413,711.733423601836
192,"CUB","Cuba",358.843211106956,375.033745206892,361.712652415037,422.604907304049,750.467484585941,507.422874130309,227.945030838251,367.774815291166,591.342833071947
531,"CUW","Curacao",17.0009630471468,11.9599744230509,19.7105001732707,24.3040382638574,37.1716622188687,52.2810592576861,54.759696803987,61.0845971629024,84.1784107908607
196,"CYP","Cyprus",22.8047776669264,51.3366845473647,79.0657244846225,47.208932608366,24.7923069298267,15.3592406064272,2.79099044203758,1.45820957422256,7.6068772226572
203,"CZE","Czechia",10.9673256091774,13.849902421236,27.0556451976299,90.6548605374992,168.890816938132,71.6892073787749,12.8370106108487,4.04366960376501,14.070579122752
180,"COD","Dem. Rep. Congo",8626.01720523089,7695.02905972302,9981.4021359086,10678.2349583656,10750.8092226535,8629.21628842503,9196.57215657085,7587.76240920275,16843.1780903116
208,"DNK","Denmark",15.931351762265,11.4066388495266,8.42450733482837,15.8776924349368,30.3986247032881,19.8576581515372,20.8560438863933,19.8364575766027,37.148923907429
262,"DJI","Djibouti",11.300731882453,2.18719336390495,11.7740620672703,198.954504191875,257.72592741251,18.1791129410267,92.0415848568082,49.8615284189582,26.2999988570809
212,"DMA","Dominica",NA,NA,NA,NA,NA,NA,NA,NA,NA
214,"DOM","Dominican Republic",103.781444862485,99.915225148201,57.4981540068984,67.1632996797562,148.811001837254,80.9114684835076,60.3608342111111,76.6560109779239,83.600212790072
218,"ECU","Ecuador",4482.11194299906,5947.63954947889,5562.71946206689,4308.7079949826,4973.12675867975,4920.09618064761,3374.85660195351,3376.60212447494,6140.92005861551
818,"EGY","Egypt",63.5393417179585,25.5960875451565,54.0975148156285,47.9000343456864,28.7726054117084,7.80560314655304,1.67500055581331,4.66896470636129,15.7976629883051
222,"SLV","El Salvador",174.606631584466,188.74202132225,205.827046260238,68.0266005694866,141.99572058022,206.061895266175,117.41270493716,45.2357433587313,65.4859673008323
226,"GNQ","Equatorial Guinea",0.307651564478874,0.384592816233635,0,0.0769158527255058,0.307655230164528,1.15376123785973,0.46150903403759,0.307669319212437,0.153816185891628
232,"ERI","Eritrea",1222.48249514401,1093.79193660617,1372.81308099627,3739.31682989001,1154.54068543762,894.563369102776,476.784113690257,907.195792004466,2485.94860354066
233,"EST","Estonia",26.5297012589872,32.3165517300367,25.8339943476021,20.5291941389441,29.4957395419478,7.63093718886375,20.9661324955523,26.495611846447,46.6838224194944
748,"SWZ","Eswatini",387.891934521496,301.405044302344,263.301580235362,95.0650944635272,72.957678116858,88.999699100852,88.9168360307813,382.493678599596,525.927846267819
231,"ETH","Ethiopia",7249.42644137889,11960.958735697,14439.9304412231,17679.0884485766,21965.7738414481,17947.4395416081,10607.1895940825,10110.4437102526,25200.9253066778
234,"FRO","Faeroe Islands",NA,NA,NA,NA,NA,NA,NA,NA,NA
238,"FLK","Falkland Islands",NA,NA,NA,NA,NA,NA,NA,NA,NA
242,"FJI","Fiji",1.61153301596642,0.807176172733307,2.63871539384127,0.877795219421387,1.02666039019823,1.245096988976,3.15354958176613,2.41926995664835,1.61291117966175
246,"FIN","Finland",57.9570093601942,49.5048917699605,58.6484182998538,20.902853442356,38.2820340171456,47.0283070672303,13.6103992704302,23.4990828949958,43.4333025664091
250,"FRA","France",1104.78200936317,910.835691858083,673.645899772644,1331.54579673335,2877.83620003238,3565.24289970472,1252.38185059652,562.807826381177,1159.15761741996
258,"PYF","French Polynesia",NA,NA,NA,NA,NA,NA,NA,NA,NA
266,"GAB","Gabon",868.927365876734,681.075806058943,1021.49165078253,1086.64913634956,1267.9412798509,1502.6992418766,1209.39529895037,740.866943195462,1175.66828546673
270,"GMB","Gambia",270.684031203389,418.586701259017,531.699335485697,649.910783991218,842.885665349662,793.012014329433,169.250949092209,282.376886308193,440.100333869457
268,"GEO","Georgia",3273.2548629716,4288.5777914077,3408.40437287092,3521.00806020945,4093.36383971199,4642.24910157174,2282.03694734722,2284.81690516695,4699.10716618598
276,"DEU","Germany",73.4688984826207,155.311787556857,126.233611151576,277.108144976199,502.640288803726,436.464840143919,127.959492497146,24.7562884427607,142.011429164559
288,"GHA","Ghana",783.807199403644,912.209944680333,936.774599291384,552.421728856862,759.608006335795,713.018519155681,1087.45467430353,646.30550801754,1484.13091183454
300,"GRC","Greece",936.868704080582,981.147077217698,895.018868654966,1947.5094293803,1377.56795492396,1627.69355781376,965.701435495168,835.131576430053,1124.57255442068
304,"GRL","Greenland",NA,NA,NA,NA,NA,NA,NA,NA,NA
308,"GRD","Grenada",NA,NA,NA,NA,NA,NA,NA,NA,NA
320,"GTM","Guatemala",1250.83106212318,1746.90896262228,2626.81111957133,4327.07456836104,6115.35172497481,4874.80224855989,2797.62076426297,3763.65627529472,3862.26407577843
831,"GGY","Guernsey",NA,NA,NA,NA,NA,NA,NA,NA,NA
324,"GIN","Guinea",6.56698535382748,30.6244717389345,90.6736238449812,97.8758812844753,55.57431396842,59.8812499642372,78.3336726129055,80.2483999356627,53.1117780134082
624,"GNB","Guinea-Bissau",132.330049626529,75.091869302094,97.8371438384056,174.280031211674,99.4770212769508,60.5044352710247,162.447492338717,191.908073656261,172.977787077427
328,"GUY","Guyana",0.153235346078873,0.383105553686619,0.766195803880692,0.612949021160603,0.229854144155979,0.459716238081455,0.383095398545265,0.30649321526289,0.383086249232292
332,"HTI","Haiti",199.001992203295,102.236114069819,81.4588699415326,123.645578928292,214.713641025126,128.545441992581,142.508122228086,130.769601561129,165.477427959442
336,"VAT","Holy See",NA,NA,NA,NA,NA,NA,NA,NA,NA
340,"HND","Honduras",291.556263394654,268.602468125522,582.359902605414,645.224400155246,544.883916214108,637.346503101289,786.601767167449,690.45758292824,562.341987542808
344,"HKG","Hong Kong",NA,NA,NA,NA,NA,NA,NA,NA,NA
348,"HUN","Hungary",NA,NA,NA,NA,NA,NA,NA,NA,NA
352,"ISL","Iceland",1045.30126298405,1432.23007076606,667.727617137134,696.724053842947,615.035247664899,871.434693407267,431.138164384291,684.085091158748,2456.03716534376
356,"IND","India",13654.4548493475,13094.3043991923,24164.7908559218,29909.7396888509,17723.8303738087,9996.2819442749,8883.2407322526,8168.81878139824,11715.3886504471
360,"IDN","Indonesia",1585.13755848259,1562.82172118872,1418.54270098358,1770.5480767712,3047.09238281101,1915.47066212445,1498.20576512069,1494.91999402642,1835.02455168217
364,"IRN","Iran",2892.83406047896,3805.36165784299,8372.22093420848,4128.39249929786,4854.60059774667,5194.74374443293,2842.65618173033,3514.50409603119,7643.95557776839
368,"IRQ","Iraq",357.346546370536,1087.89989594743,1016.20520244911,2287.78946403787,1105.06411970779,665.304384253919,562.522107157856,644.341232270002,1615.73949470371
372,"IRL","Ireland",940.005379144102,1026.62653592601,1199.58121874556,1465.77828682959,1604.25623062253,1634.33517028391,1376.05365538597,2556.40345236659,2419.24215181917
833,"IMN","Isle of Man",NA,NA,NA,NA,NA,NA,NA,NA,NA
376,"ISR","Israel",5.46537719666958,4.75284453481436,3.07780055701733,22.1363873705268,3.31115429103374,0.463889352977276,0.0669321194291114,0.064912348985672,0
380,"ITA","Italy",2760.98769198358,3002.77148742229,2553.82067579404,4178.70406131074,7191.61489639804,9101.63675878942,4367.37455993146,1707.56828274205,2537.56394224614
388,"JAM","Jamaica",18.9116896465421,15.9031965956092,19.1285906136036,21.9780964180827,18.9094690009952,36.2038746625185,19.2740812301636,33.6360919103026,20.7457377538085
392,"JPN","Japan",221.731004595757,308.114409141243,422.203962512314,170.616249997169,151.779828291386,182.347515549511,219.238204997033,284.384447369725,197.252275574952
832,"JEY","Jersey",NA,NA,NA,NA,NA,NA,NA,NA,NA
400,"JOR","Jordan",11.615362867713,29.828295968473,63.6768294721842,50.6785632893443,26.7794270664453,16.7517647594213,6.59009692072868,46.7258519455791,55.4970454573631
398,"KAZ","Kazakhstan",13398.6580387056,15571.1362679563,15473.5634563938,11875.2585134283,15936.3119890206,23008.4777900912,17769.3485632017,17226.9916867279,35999.0711426288
404,"KEN","Kenya",15479.0437792465,10978.2404452115,22379.7606230378,39558.8762866855,33125.8634435609,22013.8885232061,22116.5993628055,20402.062674731,27483.241660133
296,"KIR","Kiribati",NA,NA,NA,NA,NA,NA,NA,NA,NA
689,"XKX","Kosovo",NA,NA,NA,NA,NA,NA,NA,NA,NA
414,"KWT","Kuwait",0,0,0.201793357729912,1.68159297853708,1.61449854075909,0.672715492546558,1.00907351076603,0,0
417,"KGZ","Kyrgyzstan",265.151151616126,526.621857780963,592.232283141464,536.110449157655,1044.9043863751,1022.30627512932,720.244484864175,329.372422415763,948.353112772107
418,"LAO","Laos",59.2568944841623,57.7830525040627,56.9812992140651,106.394885741174,86.4963347166777,69.989116512239,59.0183089971542,46.9418870657682,51.7818088009953
428,"LVA","Latvia",NA,NA,NA,NA,NA,NA,NA,NA,NA
422,"LBN","Lebanon",185.485018886626,166.449574969709,236.913632169366,321.165108717978,361.487739041448,235.900972090662,105.919681333005,141.497982300818,575.869064338505
426,"LSO","Lesotho",940.222680769861,1001.01802762598,482.185439370573,125.108600854874,395.693309322,667.503512628376,344.863580562174,366.863777928054,1422.83484136313
430,"LBR","Liberia",0.0766584575176239,0.0766584873199462,0.2295997813344,0.687507286667824,1.22316172719002,1.52781589329243,0.228844277560711,0.458558209240436,1.22070828825235
434,"LBY","Libya",3775.85867317021,7558.42332321405,12425.0773169324,11711.4440104961,6107.93673870713,4803.38476248831,1591.86999487132,954.940558776259,5086.96582123637
438,"LIE","Liechtenstein",0.105370536446571,0.421473562717438,0.1053964830935,1.0012321062386,2.42391380667686,5.00586017221212,0.0526935905218124,0.474170841276646,2.16009987518191
440,"LTU","Lithuania",0.793863959610462,0.0441244021058082,0.0440931767225265,0.132362432777882,0,0.0882501825690269,0.794187530875206,0.440880034118891,0.484690271317959
442,"LUX","Luxembourg",NA,NA,NA,NA,NA,NA,NA,NA,NA
446,"MAC","Macao",NA,NA,NA,NA,NA,NA,NA,NA,NA
450,"MDG","Madagascar",24126.0223792568,32068.4216960594,35248.7423306406,30045.9747926667,33178.9697103202,27851.6701437309,25039.4868900925,30454.3169166222,38241.0161862299
454,"MWI","Malawi",639.009128384292,742.27341721952,1071.06522596627,492.167595490813,481.986759081483,729.948137968779,463.07551664114,355.01821154356,1595.75199815631
458,"MYS","Malaysia",42.8054898306727,43.5053731128573,31.5480492785573,23.3495187237859,38.74786503613,53.8137789592147,21.3508967608213,19.2957388684154,20.448668345809
462,"MDV","Maldives",NA,NA,NA,NA,NA,NA,NA,NA,NA
466,"MLI","Mali",12290.5390198007,15301.1538474932,17149.7529923767,11799.104901582,9447.99163315445,9701.03674630821,9668.60527484119,15173.2259692401,13711.1187813953
470,"MLT","Malta",NA,NA,NA,NA,NA,NA,NA,NA,NA
584,"MHL","Marshall Islands",NA,NA,NA,NA,NA,NA,NA,NA,NA
478,"MRT","Mauritania",508.28987160325,1630.57741545886,1745.4513759464,2610.78978247195,1845.90741569549,1277.91987778991,1041.93538945913,572.152702920139,3309.97730604559
480,"MUS","Mauritius",NA,NA,NA,NA,NA,NA,NA,NA,NA
484,"MEX","Mexico",11270.8697985113,12280.1681882516,19077.6540074274,16763.55541908,16160.04159116,27478.0320296958,9770.77981971204,13851.4386181608,25870.9092052877
583,"FSM","Micronesia",NA,NA,NA,NA,NA,NA,NA,NA,NA
498,"MDA","Moldova",NA,NA,NA,NA,NA,NA,NA,NA,NA
492,"MCO","Monaco",NA,NA,NA,NA,NA,NA,NA,NA,NA
496,"MNG","Mongolia",1016.33696699515,2661.9220379442,1446.4808370918,1248.52225794643,1785.93725548685,3036.70034601539,1073.68294109404,1366.41507652402,5424.33272750303
499,"MNE","Montenegro",58.7361142002046,57.6968505680561,99.8661042638123,496.466224916279,343.896001577377,332.42716839537,184.17877888307,140.467435885221,352.572471123189
504,"MAR","Morocco",2074.14217075706,3922.5788455978,3554.59873087704,5240.12250576913,4701.05529172719,4013.60341490805,1704.94504407048,3431.38114789128,6981.20595143735
508,"MOZ","Mozambique",2707.56809216738,4122.812936306,5133.55469446629,6051.27919253707,7762.60543321818,8951.40697543323,3545.71764670312,1593.47442416102,9360.98320941627
104,"MMR","Myanmar",110.57554397732,315.329426206648,314.681152805686,312.324840568006,346.449454933405,376.734816715121,247.803919710219,127.175773188472,555.458869569004
516,"NAM","Namibia",1076.18225751072,636.736889258027,385.968386813998,301.875787325203,1589.81795366853,1059.19088780135,193.403219953179,1172.91000767797,2815.02304787189
520,"NRU","Nauru",NA,NA,NA,NA,NA,NA,NA,NA,NA
524,"NPL","Nepal",333.153537228703,310.888804584742,1012.45424942672,689.131815709174,814.31555454433,450.709412813187,289.582411065698,299.613725937903,892.110226780176
528,"NLD","Netherlands",53.6124658957124,38.8979725763202,33.4760547541082,69.9603022113442,66.3568347096443,40.411319706589,35.8878895789385,54.525295458734,104.718240302056
540,"NCL","New Caledonia",329.633398547769,322.415026701987,670.898091875017,417.586708709598,731.192439258099,1306.42352482677,1949.43061860651,1105.85405382514,556.306103371084
554,"NZL","New Zealand",1799.86071837693,2896.75799648836,3255.87680543587,2322.59976679087,2021.89273401722,2049.95957647637,2928.69079725072,3682.21699809283,3246.21691130102
558,"NIC","Nicaragua",407.093390785158,924.52588480711,1063.35518097132,697.497749552131,583.859461314976,987.07832724601,464.462949477136,426.488435320556,386.506885886192
562,"NER","Niger",61627.9037003145,72155.5477390811,55786.4430920929,36627.1376815066,21004.9373948276,26180.6755841672,8647.50841271877,11776.6351877749,30193.0344702974
566,"NGA","Nigeria",19227.2237850726,26515.441552341,27352.1901432797,19099.3529410288,10133.4455063716,24123.5416837707,14186.1451376677,9833.05100394785,16618.6516432613
570,"NIU","Niue",NA,NA,NA,NA,NA,NA,NA,NA,NA
408,"PRK","North Korea",45.1738296337426,18.673607096076,15.983181308955,6.40670586004853,18.9109531417489,76.4645209647715,19.8538472279906,53.6741597503424,157.694001436234
807,"MKD","North Macedonia",586.041015487164,977.13649982214,1439.01543956995,2305.98604188114,1492.68662280217,1880.62140469253,2365.94798839837,1952.28635293618,1525.10334062576
578,"NOR","Norway",202.974443290383,109.872546061873,71.3443439174443,49.0473938379437,257.603727923706,156.411657396704,55.0511516686529,149.00640517287,351.857073901221
512,"OMN","Oman",2071.42289314419,3037.58078482002,816.851084314287,467.03485865891,968.840666726232,3047.7908615917,6055.09455700964,5311.83060453832,2970.55707103014
586,"PAK","Pakistan",8298.95403948426,4240.15547234565,3402.39673345163,6430.90217361599,6159.84848874435,3065.09000413492,2779.40369263664,2128.7237572223,5888.07385847718
585,"PLW","Palau",NA,NA,NA,NA,NA,NA,NA,NA,NA
591,"PAN","Panama",77.7567747533321,77.8395762369037,52.4973307996988,73.0477591529489,74.6354712545872,77.2334398627281,47.2097467109561,95.3540022224188,78.4686002284288
598,"PNG","Papua New Guinea",3642.10292237252,3654.47362498194,2138.9003251642,2459.20243435353,1221.01096722484,1169.60858348012,1423.82081472129,2558.05092844367,3042.73359154165
600,"PRY","Paraguay",13015.6205190122,4685.62946491688,4985.02703346312,2347.11055138707,15321.3428884074,13795.9125972465,7395.84778242558,3291.27005207539,7055.84838102758
604,"PER","Peru",32673.0403024629,24896.5999057069,30347.2319062576,17576.6962196976,32248.4969846606,30361.4638270661,26886.2213328779,23259.4049288929,51616.3360542804
608,"PHL","Philippines",239.378442674875,241.147941529751,156.912281289697,323.571654006839,502.504859678447,428.213482558727,226.58076736331,209.502830721438,212.635034784675
616,"POL","Poland",5.32481389865279,7.90017826482654,4.41580716893077,18.2775385528803,19.0551105849445,7.27838458120823,2.04583870247006,4.93175264820457,33.5369428358972
620,"PRT","Portugal",688.191671248525,652.177568890154,605.699732612818,1189.08944418281,980.42383421585,685.200787723064,443.875231511891,273.476479690522,223.006100669503
634,"QAT","Qatar",0,0,0,0,0.416711367666721,0,0,0,0
178,"COG","Republic of Congo",1884.43017844111,1253.41572026908,1130.32459814847,1063.30921117961,2048.73237790167,1708.97801704705,1719.53030953556,1408.11074887961,1339.20349162072
642,"ROU","Romania",219.053967095912,455.026681449264,966.734119012952,1220.29245791212,1471.0288723819,1993.18354411423,535.303822081536,370.484126843512,633.007203549147
643,"RUS","Russia",108266.586833598,129727.000724716,137446.824620357,130256.7196045,117013.991590893,126420.78114016,138533.491086682,150122.18610093,172899.015570268
646,"RWA","Rwanda",40.3749688714743,32.9923664629459,65.8299914896488,26.3005137890577,6.69032574445009,5.3826540261507,17.2264214754105,18.995003759861,11.3043632283807
652,"BLM","Saint Barthelemy",NA,NA,NA,NA,NA,NA,NA,NA,NA
659,"KNA","Saint Kitts and Nevis",NA,NA,NA,NA,NA,NA,NA,NA,NA
662,"LCA","Saint Lucia",NA,NA,NA,NA,NA,NA,NA,NA,NA
882,"WSM","Samoa",NA,NA,NA,NA,NA,NA,NA,NA,NA
674,"SMR","San Marino",NA,NA,NA,NA,NA,NA,NA,NA,NA
678,"STP","Sao Tome and Principe",NA,NA,NA,NA,NA,NA,NA,NA,NA
682,"SAU","Saudi Arabia",864.636723913252,4113.28442103416,3221.10519713163,2136.88704510033,1613.30923167616,789.342094615102,319.548380501568,629.920989274979,1752.77227209508
686,"SEN","Senegal",5431.03744151443,11947.2422276065,14336.0207912698,11335.5010436475,8776.46069394797,14887.6005314663,5533.14609017223,3377.6716452837,3646.37070290744
688,"SRB","Serbia",1010.80598871037,899.622737053782,685.109968516976,4245.15057696402,4394.62340689078,3746.06277771294,1775.63666955382,855.670885454863,1016.81863434985
690,"SYC","Seychelles",6.52786333113909,1.89754998683929,4.02279125154018,7.89522175490856,28.9971652552485,19.7361339628696,8.42717518657446,3.18856725096703,6.45243693143129
694,"SLE","Sierra Leone",0.456205569207668,0.685161009430885,0.5328059643507,0.0758448839187622,0.304066501557827,0.456205748021603,0.380099199712276,0.0761330872774124,0.152262084186077
702,"SGP","Singapore",0.99981877207756,4.15307941287756,5.99889509379864,2.61491435021162,1.7689186707139,3.07638532668352,0.922916516661644,1.46128170192242,4.53767764568329
534,"SXM","Sint Maarten",NA,NA,NA,NA,NA,NA,NA,NA,NA
703,"SVK","Slovakia",120.339081436396,220.286182463169,278.344419497997,423.85648124665,460.927991390228,341.997585773468,70.2462908513844,60.5138535685837,218.066878244281
705,"SVN","Slovenia",43.8030905537307,84.480634201318,79.0704054832458,141.889402791858,247.343609936535,355.762675862759,45.8547507673502,36.6779236644506,109.037949386984
90,"SLB","Solomon Islands",NA,NA,NA,NA,NA,NA,NA,NA,NA
706,"SOM","Somalia",1854.3847233206,1697.69801256806,2069.21864061058,3434.6820192039,3196.12462176383,2220.79967899621,1547.50762537122,1974.76234166324,2254.7172973305
710,"ZAF","South Africa",147014.280580834,154744.424682654,121186.500965789,69216.5956321657,51483.8892527372,74288.2646025643,62070.5200953558,104178.656098776,185454.002991334
410,"KOR","South Korea",33.758433226496,261.984000127763,534.306327853352,301.606309093535,145.293666567653,206.826364561915,165.197847820818,89.1646801494062,398.471657600254
728,"SSD","South Sudan",11650.721610263,10702.4915814027,9894.46870775521,7699.8779258132,7691.21104898304,7138.73909382522,7891.83484077454,10679.5346407592,11673.9886846691
724,"ESP","Spain",10815.6864550896,11961.2588285245,13498.1019345857,34649.4139240049,19581.8054533489,17537.3230928779,8668.88691131771,9126.73085831478,12202.6401310675
144,"LKA","Sri Lanka",24.4192363098264,10.514213360846,10.1470567882061,6.85105493664742,55.5399155840278,35.5215957313776,10.5231259167194,16.9021439403296,65.0669251158834
670,"VCT","St. Vincent and the Grenadines",NA,NA,NA,NA,NA,NA,NA,NA,NA
275,"PSE","State of Palestine",0.720406405627727,0.130894050002098,0.328316479921341,1.9743357822299,2.95201303809881,0.131206780672073,0.197763919830322,0.52721444517374,0.527177840471268
729,"SDN","Sudan",22622.6062630564,55052.1322812513,53368.8334164768,57850.6835070178,47833.4673432857,51753.4650251642,52404.8305947483,19059.5643093735,69645.5298731029
740,"SUR","Suriname",788.726771622896,714.70392087847,788.539655610919,806.266278609633,404.724342234433,250.589704528451,78.4946092665195,199.912188120186,549.733013942838
752,"SWE","Sweden",137.041819473729,82.4295574147254,71.2758029270917,77.9200949836522,240.604787008837,129.130470834672,61.327409312129,74.3145826812834,198.461872780696
756,"CHE","Switzerland",486.193364094943,438.492379151285,339.261057581753,1159.42290706187,2580.60879729316,4301.96386487782,776.937182363123,463.348957974464,847.26374271512
760,"SYR","Syria",320.342090800405,423.030382726342,735.51369164139,8022.50357168168,817.165043406188,843.234122470021,204.724306557328,201.098720386624,706.843312114477
158,"TWN","Taiwan",23.4351528733969,40.4647561386228,50.4406550005078,45.9673205763102,49.9823551699519,87.7593785002828,21.5714111253619,40.9156315103173,89.2171062678099
762,"TJK","Tajikistan",1316.92131355032,286.440289448947,701.680754549801,1229.19501564279,1166.34988221154,761.954672668129,599.607576373965,717.937082491815,679.270249903202
834,"TZA","Tanzania",12430.8591078073,26399.3768745661,28359.493528001,23687.2873391286,23490.5518143475,22035.2781928107,15594.4629213959,11802.3828386068,38997.132923454
764,"THA","Thailand",72.0562417432666,60.4191537573934,41.1534581780434,39.609734967351,51.1811938509345,35.4466074854136,32.5465079322457,35.4132355749607,63.0068338140845
626,"TLS","Timor-Leste",928.504604652524,862.394857339561,1023.36660291255,913.549155429006,1597.84371826053,1268.07227948308,955.45892495662,706.909398414195,789.012130662799
768,"TGO","Togo",1681.99366897345,3071.22196125239,2302.819924362,2011.25833430141,1289.92703147233,1396.19278695434,1470.90708082169,742.518400020897,2260.80007849634
776,"TON","Tonga",NA,NA,NA,NA,NA,NA,NA,NA,NA
780,"TTO","Trinidad and Tobago",NA,NA,NA,NA,NA,NA,NA,NA,NA
788,"TUN","Tunisia",198.041498102248,204.806268289685,126.795415267348,128.96640067175,58.0937088131905,19.9959870837629,4.98476269468665,11.9144465513527,14.8453749418259
792,"TUR","Turkiye",13778.7704341412,15522.3893634602,18393.6482145041,20506.8174828328,30313.0998468511,31367.6638692953,13012.3188426867,12074.90286576,27571.3414047845
795,"TKM","Turkmenistan",763.740728765726,1617.96854800731,1976.65311255679,3405.10037137941,2887.03301437572,2321.98749183491,758.106095056981,382.657439123839,3084.72132658213
796,"TCA","Turks and Caicos Islands",69.6202237308025,66.3397759348154,50.7250358685851,83.6820381581783,235.051496773958,87.0474201589823,32.5544075146317,33.5810270085931,123.792228467762
798,"TUV","Tuvalu",NA,NA,NA,NA,NA,NA,NA,NA,NA
800,"UGA","Uganda",3640.75297253579,3794.1393410787,2806.43036597222,3527.54000655562,3049.1261671558,3162.78815387934,3649.66763547808,2773.21061858535,2840.08635323495
804,"UKR","Ukraine",188.880326204002,487.261285591871,573.942275255919,621.507782336324,675.268694505095,576.160768643022,303.108561065048,202.885561529547,507.134788654745
784,"ARE","United Arab Emirates",39.0533767566085,28.363003924489,20.6274286136031,11.0483110025525,22.8804772049189,11.5282972380519,1.05405709147453,2.67288602143526,11.802830837667
826,"GBR","United Kingdom",7691.89785151184,12019.4124738239,9737.05576114357,6240.57418873906,6291.28088132292,7214.99609228969,6705.21335111931,8937.41005357727,12978.1604550704
840,"USA","United States of America",16930.5871769283,18722.7367242761,25550.4215715304,19797.6396831125,19314.6639730092,20441.3761262726,14360.3003373872,12105.7698184811,37628.2637337912
858,"URY","Uruguay",59622.7262484357,63551.8089692146,59947.5136854276,39511.1063103303,30508.5074224696,29653.185401313,35460.341342032,31076.4796850011,51292.4316149876
860,"UZB","Uzbekistan",705.070881348103,1223.74982365593,1369.74320149794,1786.88410734758,2658.70388727263,1471.76778112724,541.505096524954,388.08674665913,5886.62230136245
548,"VUT","Vanuatu",2.67617457360029,1.85964831709862,0.441944964230061,1.19006896018982,0.893579304218292,0.967577829957008,1.41804281622171,0.596055865287781,0.445377714931965
862,"VEN","Venezuela",50502.1499957666,48033.9734503925,43656.2544836477,48211.0269689411,33336.4223150834,26619.0910589322,31811.8083950132,52037.8382698372,72850.8077342808
704,"VNM","Viet Nam",3.37335709482431,9.86572181433439,7.89863259345293,11.3927416205406,21.348395742476,18.5363521724939,6.91666648536921,2.4533916413784,7.2141819819808
876,"WLF","Wallis and Futuna Islands",NA,NA,NA,NA,NA,NA,NA,NA,NA
732,"ESH","Western Sahara",NA,NA,NA,NA,NA,NA,NA,NA,NA
887,"YEM","Yemen",975.500249922276,1025.22404104471,1153.80413968116,1546.47773472965,1054.16635170579,859.598384015262,582.951944418252,570.797345407307,944.892154298723
894,"ZMB","Zambia",1416.70440739393,2412.62769193202,3781.60638617724,3893.78323148191,4903.09963022172,5565.99967048317,2558.272555314,1102.58343813568,16483.5883023366
716,"ZWE","Zimbabwe",1986.22402505577,2288.55738329887,1712.78169383109,1932.81649678946,1992.73003169149,2976.52524989843,1119.76508942991,1584.37011815608,4785.11977340281
