"code","iso","country","LUE.raw.1990","LUE.raw.1991","LUE.raw.1992","LUE.raw.1993","LUE.raw.1994","LUE.raw.1995","LUE.raw.1996","LUE.raw.1997","LUE.raw.1998","LUE.raw.1999","LUE.raw.2000","LUE.raw.2001","LUE.raw.2002","LUE.raw.2003","LUE.raw.2004","LUE.raw.2005","LUE.raw.2006","LUE.raw.2007","LUE.raw.2008","LUE.raw.2009","LUE.raw.2010","LUE.raw.2011","LUE.raw.2012","LUE.raw.2013","LUE.raw.2014","LUE.raw.2015","LUE.raw.2016","LUE.raw.2017","LUE.raw.2018","LUE.raw.2019","LUE.raw.2020","LUE.raw.2021","LUE.raw.2022","LUE.raw.2023","LUE.raw.2024"
4,"AFG","Afghanistan",2085.78085333333,2024.64090666667,264.992693333333,-959.332906666667,-537.740853333333,107.220853333333,1755.92314666667,3962.99461333333,1762.10309333333,2471.90538666667,2015.7496,2585.00085333333,5021.10896,5088.08688,3632.95370666667,2847.73408,2726.72437333333,2626.15978666667,2472.93130666667,2307.81925333333,1931.25776,1702.78293333333,1554.452,1544.04624,1610.56005333333,1686.356,1752.52784,4602.92442666667,3356.50490666667,6337.65744,4832.16869333333,3597.77930666667,5985.54704,7346.34442666667,8096.04768
8,"ALB","Albania",1021.91402666667,959.650453333333,729.61232,218.33776,-130.096426666667,-162.437333333333,-246.269653333333,-270.903946666667,-140.428906666667,-353.06304,-628.571413333333,-655.08656,-777.879413333333,-221.15904,-1098.24736,2040.46938666667,-71.7899733333333,3052.49061333333,1898.79472,803.942666666667,456.436693333333,571.974826666667,528.05568,463.42272,543.395626666667,1108.16458666667,514.792,472.4728,242.056053333333,26.1976,-218.643093333333,-208.73808,-375.59664,-508.78304,-620.583893333333
12,"DZA","Algeria",6371.42730666667,14504.6523733333,7041.25536,4730.35834666667,2499.50752,5043.55706666667,3343.68090666667,2674.56122666667,1673.22666666667,760.157866666667,1724.11962666667,2218.61306666667,2738.88885333333,3258.65168,1653.91738666667,909.026186666667,451.73456,280.198293333333,429.616213333333,303.23264,98.7448000000002,-81.9636799999999,-221.403306666667,296.063413333333,-117.345706666667,-189.147893333333,37.81248,224.334506666667,1541.50586666667,302.695253333333,-206.17328,723.78656,661.596266666667,660.851253333333,603.924906666667
20,"AND","Andorra",NA,NA,NA,NA,NA,NA,NA,NA,NA,NA,NA,NA,NA,NA,NA,NA,NA,NA,NA,NA,NA,NA,NA,NA,NA,NA,NA,NA,NA,NA,NA,NA,NA,NA,NA
24,"AGO","Angola",13350.7854933333,16006.14736,14257.24688,14245.11904,16843.9087466667,17193.0879466667,19109.0179733333,22634.0913066667,25706.5018666667,28464.4557333333,29281.3201066667,39883.9712533333,49745.5906133333,49181.2002666667,47514.82528,49985.6681066667,56061.032,76481.7253333333,109046.563466667,123214.543093333,130626.778453333,112326.979306667,106064.397226667,107606.709173333,104940.03776,110540.999146667,100098.000693333,99030.2256,90116.48304,82636.1461333333,77595.0439466667,75679.2482666667,77263.4885866667,76346.51152,76307.78304
660,"AIA","Anguilla",NA,NA,NA,NA,NA,NA,NA,NA,NA,NA,NA,NA,NA,NA,NA,NA,NA,NA,NA,NA,NA,NA,NA,NA,NA,NA,NA,NA,NA,NA,NA,NA,NA,NA,NA
28,"ATG","Antigua and Barbuda",-50.23344,-48.4136533333333,-45.6778666666667,-44.1023466666667,-42.57568,-40.4261333333333,-38.5941333333333,-36.8232,-35.1133333333333,-33.8309333333333,-31.7790933333333,-30.48448,-28.0173866666667,-26.82048,-26.564,-25.61136,-23.3274666666667,-19.1016533333333,-15.27888,-19.27264,-19.4436266666667,-19.3337066666667,-17.6482666666667,-9.42869333333333,-14.25296,-15.9384,-14.7903466666667,-6.53413333333333,-11.7492266666667,-13.33696,-13.4346666666667,-13.26368,-11.3828266666667,-10.33248,-9.58746666666667
32,"ARG","Argentina",27317.6603733333,52974.18528,38409.7242133333,32190.29184,30062.8757333333,30150.6896,30944.1898666667,33144.9226133333,35712.53168,34095.9138133333,35527.8538666667,34340.6445866667,115421.007466667,156263.432266667,183663.080746667,192522.05872,187332.73552,95652.3717866667,53604.8696,210212.278186667,148666.091626667,145395.83728,91627.3578666667,63548.85568,109297.4864,70368.65888,69141.43872,47451.58464,63745.2949333333,89541.1373333333,69768.2269866667,86232.7896,82708.2048,82751.8674666667,79504.7207466667
51,"ARM","Armenia",-389.800746666667,-311.207946666667,119.287626666667,461.065546666667,1036.59445333333,1727.90576,1089.35605333333,854.066186666667,544.775733333333,539.536213333333,585.592693333333,1341.18277333333,1719.46634666667,1974.65173333333,3134.552,5046.59818666667,2936.97690666667,2207.27909333333,1885.28677333333,1840.32949333333,1512.81674666667,1448.79445333333,1367.0384,1111.63317333333,885.710933333333,890.46192,797.17648,710.168693333333,606.453066666667,559.676,558.418026666667,627.704266666667,602.447093333333,607.369066666667,520.43456
533,"ABW","Aruba",NA,NA,NA,NA,NA,NA,NA,NA,NA,NA,NA,NA,NA,NA,NA,NA,NA,NA,NA,NA,NA,NA,NA,NA,NA,NA,NA,NA,NA,NA,NA,NA,NA,NA,NA
36,"AUS","Australia",22808.0213866667,5325.79498666667,49273.1056,59104.97328,27376.60192,136108.44,144290.11536,107473.901386667,141364.423573333,105195.8216,142567.424693333,77205.1577066667,49734.5619733333,155464.533706667,129014.53296,42105.6865066667,24152.8070933333,57911.4863466667,185117.04144,86193.4260266667,308137.78336,168810.433866667,93849.5738666667,78520.4604266667,38563.2580266667,4081.53722666667,65737.72928,56998.2832,20251.88064,12337.0421866667,49381.0714666667,32565.6197866667,19694.7572266667,19437.4955733333,19773.72864
40,"AUT","Austria",-1418.44432,-1794.96917333333,-2845.16928,-2783.27210666667,-2850.20117333333,-2773.81898666667,-2268.15034666667,-1860.49370666667,-813.70112,-1450.18677333333,-2607.40010666667,-2563.74965333333,-2654.10389333333,-1284.68389333333,-1324.43829333333,-1404.05701333333,-883.24384,-11.8591466666668,612.425386666667,-1.6488,-64.7428800000001,-203.889386666667,-151.384266666667,149.60112,-405.958986666667,-633.224693333333,-889.21616,-706.626826666667,-565.660533333333,-455.21536,-650.384426666667,-202.631413333333,-299.483146666667,-579.31504,-990.513546666667
31,"AZE","Azerbaijan",511.298986666667,809.96384,1114.79642666667,1375.12362666667,1857.18389333333,2132.74112,2833.61546666667,3051.58682666667,2159.73258666667,2343.68981333333,2010.09482666667,1836.14032,1792.94176,1490.1488,1784.07488,1739.12981333333,1764.93658666667,1726.37909333333,1836.25024,1828.66576,1783.78176,2002.64469333333,2667.63626666667,2089.5792,2226.68608,3799.23824,6178.44442666667,4125.17546666667,3422.98208,2754.2288,2483.22714666667,2165.14309333333,2078.19637333333,1958.0416,1855.68165333333
44,"BHS","Bahamas",-17.9291733333333,-9.28213333333333,-13.0194133333333,-14.91248,-8.15850666666666,15.9506133333333,17.2330133333333,19.8344533333333,-6.25322666666667,42.5634666666667,-3.71285333333333,-17.14752,-23.4496,-28.43264,-33.1103466666667,-26.6250666666667,-28.35936,-9.90501333333333,-15.1811733333333,57.6591466666667,79.7897066666667,28.3715733333333,12.6408,7.43792,-0.745013333333333,-4.82426666666667,-1.85642666666667,-1.77093333333333,-4.44565333333333,-2.16176,1.0992,-6.00896,-1.24576,0.928213333333333,-2.67472
48,"BHR","Bahrain",NA,NA,NA,NA,NA,NA,NA,NA,NA,NA,NA,NA,NA,NA,NA,NA,NA,NA,NA,NA,NA,NA,NA,NA,NA,NA,NA,NA,NA,NA,NA,NA,NA,NA,NA
50,"BGD","Bangladesh",5399.2704,-2766.22229333333,-2709.79669333333,330.285173333333,-277.43808,749.373493333333,6252.86026666667,8274.89973333333,7437.30933333333,4627.25338666667,3881.95914666667,2823.67381333333,2190.69338666667,2072.45610666667,2188.65376,658.01776,544.14064,2642.52565333333,3153.788,1305.45877333333,1120.71989333333,1056.09914666667,1488.97632,14.936906666667,-760.35328,1908.84629333333,-338.541386666667,1443.73813333333,4115.25824,4981.73317333333,4204.96517333333,2714.96293333333,2984.10816,4706.29808,5171.27189333333
52,"BRB","Barbados",5.76469333333333,7.57226666666667,8.0608,9.13557333333333,8.40277333333333,8.43941333333333,8.34170666666667,9.61189333333333,-3.17546666666667,-2.27168,7.85317333333333,-6.37536,-0.0122133333333333,-11.5293866666667,0.134346666666666,-2.36938666666667,-7.91424,-15.1078933333333,34.36832,0.818293333333333,-10.51568,-19.93216,-30.1425066666667,-38.0567466666667,-46.8137066666667,-64.22992,-46.1419733333333,-39.2292266666667,-41.3787733333333,-55.1676266666667,-40.6704,-38.76512,-34.4660266666667,-31.9989333333333,-29.97152
112,"BLR","Belarus",13370.5833066667,8649.76357333333,9105.91936,11903.42,15298.6778133333,12089.9053866667,11149.9184,11131.2930666667,12412.9114133333,12823.3893333333,2492.46042666667,2656.04581333333,2929.19701333333,3428.13610666667,4896.64288,5439.72096,4757.704,6067.99925333333,6625.35472,6582.81568,6682.62304,5904.56042666667,6873.15104,8820.55482666667,7642.05365333333,8203.64714666667,9423.82021333333,8856.22997333333,8164.55226666667,6939.82362666667,6247.36426666667,6150.84229333333,5124.49482666667,5259.64757333333,4830.14128
56,"BEL","Belgium",-10.0515733333333,3321.11066666667,2254.53248,4515.85557333333,2042.88762666667,1439.20698666667,1891.02704,1444.62970666667,1269.49050666667,2406.63733333333,1137.19568,488.142506666667,692.911253333333,1419.33589333333,2726.1992,1297.88650666667,970.532533333333,830.0792,569.654293333333,819.807786666667,553.59376,418.782986666667,1132.67674666667,1120.73210666667,1415.06122666667,1958.09045333333,1442.1504,1912.04618666667,1765.42512,1916.43077333333,1735.88106666667,1688.74981333333,1815.57306666667,1979.70805333333,2193.17269333333
84,"BLZ","Belize",7461.88256,9411.5336,10397.8824,8538.57338666667,6433.56874666667,5884.16416,5182.83792,5540.96949333333,5968.98576,5642.76762666667,5468.60549333333,6281.62266666667,6397.93024,5103.59781333333,4240.10293333333,3856.16458666667,4475.27066666667,4408.41488,4510.22522666667,5745.01765333333,5803.98362666667,5653.93061333333,5130.02746666667,5147.59024,7459.67194666667,9133.00853333333,6958.14362666667,6585.61253333333,5849.60042666667,7662.92624,6924.00736,6158.03594666667,5414.62256,7049.536,6516.77818666667
204,"BEN","Benin",6169.24778666667,7376.69456,8749.88848,11782.5324266667,17846.90432,25962.5544,29335.8037866667,29340.5792,23605.46656,22840.8019733333,20312.7885333333,21677.4209066667,21909.4498133333,15980.38944,15526.8106666667,9638.55504,10561.3090133333,21797.6856,24013.5873066667,11427.1,15106.4033066667,18506.0090666667,24967.0456,16428.9241066667,15680.19792,7186.08106666667,17437.6477333333,30892.0389333333,28636.3339733333,14550.76992,19290.1294933333,24850.2861333333,23784.4285333333,23674.1543466667,24083.8994666667
60,"BMU","Bermuda",NA,NA,NA,NA,NA,NA,NA,NA,NA,NA,NA,NA,NA,NA,NA,NA,NA,NA,NA,NA,NA,NA,NA,NA,NA,NA,NA,NA,NA,NA,NA,NA,NA,NA,NA
64,"BTN","Bhutan",18523.1932266667,13503.672,11422.8375466667,10694.7518933333,17353.1925333333,11365.0440533333,10289.7333333333,9084.43610666667,10994.8457066667,11456.0211733333,9780.40069333333,7385.83013333333,9997.83466666667,9899.79824,10656.2188266667,8378.63978666667,9098.55472,10955.03024,12086.91312,11264.2962666667,13519.5981866667,11158.63872,12007.40432,7942.07418666667,4746.51658666667,4148.95482666667,3137.09237333333,2716.15984,3508.63418666667,2928.02453333333,2644.23552,7924.15722666667,6557.86384,5010.91082666667,4436.16357333333
68,"BOL","Bolivia",40186.8130666667,36684.3099733333,69876.9622933333,54747.1460266667,139275.393973333,101679.358666667,105710.076213333,109089.188,137903.641226667,110273.441653333,82371.1412266667,81586.9230933333,89947.8901866667,202478.20928,131122.72528,101436.838506667,87004.1470933333,81416.4005333333,89190.3948266667,86694.4047466667,83671.8368,80515.9725333333,78542.9085333333,80094.89344,64785.2480533333,55591.74688,46404.5722133333,76267.91872,89618.5210133333,69431.2855466667,71069.17904,78639.1251733333,84106.8513066667,90143.9386133333,93263.23616
70,"BIH","Bosnia and Herzegovina",-3900.86538666667,-6334.45754666667,-6875.97232,-6710.20074666667,-5825.82106666667,-5016.89536,-5274.8776,-1921.60922666667,-3773.72458666667,-2531.51866666667,-3567.73450666667,-4035.62730666667,-1895.97344,-2294.43344,-2989.59194666667,-2958.55786666667,-3204.42448,-2010.97418666667,-2519.63509333333,-1877.67786666667,-2230.35008,-2168.59946666667,-1449.41733333333,-1752.84538666667,-951.516373333333,-51.2471466666667,377.24544,-1046.15749333333,-484.002186666667,424.413333333333,199.35824,-362.968053333333,-148.79504,-48.3892266666667,-22.9977066666667
72,"BWA","Botswana",69.5182933333333,-488.508906666667,3569.78634666667,3774.53066666667,1817.96688,1188.54053333333,-476.6864,-872.373973333333,922.876106666667,4572.11018666667,1062.71877333333,1624.38554666667,-221.52544,791.875893333333,-23.3885333333333,-278.854826666667,211.534933333333,3832.06768,3792.45984,2309.22378666667,3510.93029333333,1417.49168,2129.37024,5499.67621333333,1462.3024,434.892373333333,155.06048,339.298613333333,99.5264533333334,139.659466666667,241.152266666667,353.856906666667,493.626293333333,500.844373333333,588.2552
76,"BRA","Brazil",1420775.19802667,1482140.05322667,1548092.90816,1545522.69765333,1915549.38592,1865906.50944,1801244.15194667,1881992.11674667,2085072.95632,2104266.22186667,1942935.23333333,1880328.25770667,2050404.39594667,2893172.21114667,2311408.69093333,2049044.05045333,1814011.61642667,1707939.64693333,1566945.72704,1411507.19552,1311767.91264,1251950.08373333,1337313.44277333,1369607.64565333,1391229.50810667,1402927.56090667,1331641.03338667,1238099.82176,1256796.79850667,1287857.12496,1403685.01962667,1542591.53429333,1633737.82117333,1571441.83365333,1537458.38021333
92,"VGB","British Virgin Islands",NA,NA,NA,NA,NA,NA,NA,NA,NA,NA,NA,NA,NA,NA,NA,NA,NA,NA,NA,NA,NA,NA,NA,NA,NA,NA,NA,NA,NA,NA,NA,NA,NA,NA,NA
96,"BRN","Brunei Darussalam",1269.38058666667,1114.71093333333,1276.7208,1284.09765333333,1276.84293333333,1143.29013333333,1310.25861333333,1358.14709333333,2030.772,1063.36608,1024.35669333333,1049.29632,1020.21637333333,1138.51472,863.323893333333,870.52976,886.077333333333,1141.21386666667,1172.6632,1742.57397333333,1480.35370666667,1671.77328,1515.4304,1479.87738666667,1596.23381333333,1366.61093333333,1243.24405333333,1108.11573333333,813.859893333333,822.3848,736.61056,657.1384,690.81056,721.160693333333,762.91808
100,"BGR","Bulgaria",799.106186666667,6244.04224,2697.48565333333,586.27664,1721.32277333333,6963.56634666667,9391.25946666667,-4475.58821333333,-2329.91317333333,-4272.73696,-5633.83968,-7175.99285333333,-6622.89984,-5872.78133333333,-9249.31610666667,-8079.91386666667,-8440.35376,-7864.26304,-6624.8784,-4987.2536,-3435.84272,-883.146133333333,569.507733333333,-2718.11397333333,-1773.26608,-2797.23194666667,-2780.93936,-2629.87264,-2544.62357333333,-2490.94597333333,-2684.01434666667,-3638.55962666667,-3739.77152,-3969.52874666667,-4318.5736
854,"BFA","Burkina Faso",NA,NA,NA,NA,NA,NA,NA,NA,NA,NA,NA,NA,NA,NA,NA,NA,NA,NA,NA,NA,NA,NA,NA,NA,NA,NA,NA,NA,NA,NA,NA,NA,NA,NA,NA
108,"BDI","Burundi",1781.77877333333,1986.19333333333,1782.59706666667,1702.50202666667,2388.59824,2560.67189333333,2452.32741333333,2513.88261333333,2838.5008,2565.49616,2999.03285333333,3198.672,2525.93717333333,2591.65712,1439.97642666667,1651.62128,2047.94394666667,2116.60730666667,2081.53061333333,2122.56741333333,2434.97226666667,3058.96368,2505.47984,2502.70741333333,2706.78,2580.32314666667,2618.52645333333,2527.57376,2395.59648,2443.3384,2474.21370666667,2343.29898666667,2371.31637333333,2320.19136,2401.97184
132,"CPV","Cabo Verde",NA,NA,NA,NA,NA,NA,NA,NA,NA,NA,NA,NA,NA,NA,NA,NA,NA,NA,NA,NA,NA,NA,NA,NA,NA,NA,NA,NA,NA,NA,NA,NA,NA,NA,NA
116,"KHM","Cambodia",57594.1106666667,43323.42912,36147.63168,33420.5653333333,32654.74048,29291.3594666667,25493.4646933333,27758.6594133333,26310.1825066667,35792.2114666667,42130.83376,41336.1243733333,40110.6751466667,43642.23376,45087.5352,31208.3520533333,23067.70128,20927.04592,19477.9949866667,26848.36304,31272.67968,39657.45056,44907.9014933333,48205.416,57038.5383466667,53847.7073066667,55442.40224,52626.98464,54145.1508266667,54746.1445333333,50082.0923733333,36487.6997333333,41141.29728,41700.5458133333,41551.26224
120,"CMR","Cameroon",27611.64752,28609.0493866667,25935.2698133333,29390.6050133333,32117.5858666667,29609.5168,37713.0146133333,33946.7523733333,42446.5117866667,40143.4679466667,33922.8020266667,30076.0417066667,34567.5805333333,36058.96288,33866.3031466667,31216.7548266667,32687.46,37875.6595733333,58152.9928,78364.0320533333,51414.4449066667,41805.8858133333,31379.00896,36001.1816,27958.04208,33293.3512533333,32566.2793066667,39555.8356266667,31221.9943466667,28993.26864,30284.8897066667,28076.8411733333,29562.0435733333,27386.45808,27267.6956266667
124,"CAN","Canada",201572.17536,189642.802026667,203483.965066667,198869.401333333,203726.13104,210212.91328,231200.622826667,198490.739146667,193448.769813333,198639.057866667,232216.747733333,229024.670933333,210235.507946667,204584.997066667,206679.595946667,200706.213386667,177126.345973333,148399.328,145695.063946667,101666.485813333,84282.77216,127284.294453333,130538.744746667,129715.846986667,144507.50048,147696.988053333,129105.961973333,145574.335146667,128442.631413333,114857.887306667,116670.236053333,126206.052533333,107534.174186667,115999.259946667,109319.494826667
136,"CYM","Cayman Islands",NA,NA,NA,NA,NA,NA,NA,NA,NA,NA,NA,NA,NA,NA,NA,NA,NA,NA,NA,NA,NA,NA,NA,NA,NA,NA,NA,NA,NA,NA,NA,NA,NA,NA,NA
140,"CAF","Central African Republic",6764.62336,6581.33786666667,6853.67077333333,6550.45034666667,7064.11872,7308.04341333333,7164.10928,7741.78773333333,9329.03253333333,9319.60384,9683.53674666667,9362.92453333333,8078.32613333333,8034.79781333333,7541.76997333333,7384.38896,7269.42485333333,7504.18954666667,13371.5359466667,9187.63877333333,7319.34074666667,7177.66608,6769.67968,8079.68181333333,6538.35914666667,6281.15856,6556.99669333333,29214.61088,48649.6515733333,39338.9512533333,27392.57696,21235.2860266667,30096.8043733333,39243.3697066667,45131.0513066667
148,"TCD","Chad",6723.12245333333,6153.8712,6697.74314666667,6664.02213333333,7408.91333333333,7123.23125333333,14448.21456,11082.6595733333,8566.78618666667,9991.78906666667,13535.9762666667,11668.7408,14128.71376,21584.95376,19800.40256,14334.484,11730.4181333333,10306.72208,15884.1972266667,24672.1180266667,23353.5177066667,33108.2581866667,40113.72848,38840.1465066667,29186.91104,27554.34256,22949.7693333333,21826.2403733333,20273.5837333333,18988.05712,18532.54864,18401.8049066667,18358.0811733333,18564.7674133333,18611.6666133333
152,"CHL","Chile",1627.13354666667,-28.6036266666668,80.1072533333333,6978.22234666667,4035.49296,4456.03466666667,4662.45221333333,11149.6497066667,6391.77472,7695.52362666667,15340.0443733333,17697.22992,13983.8392,20231.7408533333,17043.2547733333,18337.69712,15286.1835733333,18727.2658133333,22999.73408,21139.3258666667,22934.5393066667,19608.8608533333,21232.9654933333,18879.63936,19900.2832,18061.0406933333,17600.2926933333,16085.25312,13614.2026666667,11452.3693866667,15755.45648,7844.09882666667,5203.05098666667,1892.46821333333,-271.270346666667
156,"CHN","China",555363.72848,520379.7832,529996.781706667,492722.763146667,587830.79888,485150.398773333,504820.631626667,517495.238133333,537460.313066667,473594.325973333,315954.48768,229544.897866667,151748.88352,131693.674186667,141872.876853333,114153.23904,119457.343146667,92242.7633066667,106654.985173333,123732.608266667,10273.4896,55238.6227733333,-20988.0759466667,-42754.2389333333,-91804.6221866667,-23343.0997333333,-131100.59472,-159875.19584,-173086.48064,-218824.058293333,-226817.953653333,-242216.402186667,-242744.90976,-250772.47728,-248237.966346667
170,"COL","Colombia",16173.37232,34758.38944,35748.8541333333,44385.91584,38887.60752,85516.3188266667,84401.22928,132933.132106667,144289.065013333,109315.647626667,40319.4010133333,16569.3408,62991.2925866667,176991.693973333,61473.93248,20062.4274133333,41908.72208,47000.6683733333,19337.74928,14775.3975466667,4123.39232,112972.930293333,299953.298933333,146228.859893333,90547.66256,66316.23824,41877.61472,124853.963253333,110175.393013333,67776.7941333333,43347.8802133333,35105.9686933333,35607.2405333333,35893.49664,40878.0266666667
174,"COM","Comoros",53.4455466666667,34.4904533333333,101.260746666667,106.390346666667,112.435946666667,115.257226666667,117.57776,69.02976,70.5808533333333,68.6389333333333,92.99232,77.78672,75.0631466666667,72.9624533333333,46.1786133333333,33.3424,26.16096,21.1168533333333,19.6878933333333,16.08496,20.62832,20.8970133333333,32.1577066666667,18.4054933333333,14.32624,10.2714133333333,8.36613333333333,18.72304,17.9780266666667,12.8117866666667,9.90501333333333,8.31728,9.85616,11.50496,12.6285866666667
184,"COK","Cook Islands",NA,NA,NA,NA,NA,NA,NA,NA,NA,NA,NA,NA,NA,NA,NA,NA,NA,NA,NA,NA,NA,NA,NA,NA,NA,NA,NA,NA,NA,NA,NA,NA,NA,NA,NA
188,"CRI","Costa Rica",5657.37477333333,3370.48917333333,2755.65776,3840.84906666667,8361.44341333333,5142.87589333333,4779.04069333333,2316.62506666667,2261.4208,2222.48469333333,4451.95541333333,4520.38672,6286.31258666667,5087.29301333333,641.89616,1226.76826666667,1929.42576,2924.21397333333,5853.67968,6446.60037333333,4926.0648,2971.38186666667,3493.46522666667,3903.73552,2795.46101333333,4729.40570666667,3321.2328,3338.13605333333,1372.31456,1270.38208,860.282773333333,-706.27264,-1304.0176,-874.81664,-1061.47301333333
384,"CIV","Cote d'Ivoire",60339.7290666667,48126.2491733333,109997.6768,71431.36544,104120.32768,80173.1320533333,57843.0794666667,52850.56192,53476.8372266667,53538.7588266667,35936.6707733333,37858.02352,40057.44944,78901.7362666667,68494.88928,76899.4946133333,73130.03248,50200.1220266667,37411.3941333333,33930.472,39075.60736,88830.1503466667,111564.390986667,120686.053333333,220840.149866667,88823.6650666667,140407.26464,212166.289386667,120931.516906667,121331.8944,142540.567573333,76722.0837333333,100412.090986667,105858.358293333,108878.129386667
191,"HRV","Croatia",-1841.3432,18924.0104,5091.55546666667,4540.59978666667,5973.88330666667,-1211.6848,-1290.02112,5153.31829333333,4082.39216,-7065.52325333333,-8168.7048,-8948.34293333333,-8855.3384,-9193.7088,-8047.35312,-7919.57722666667,-8152.04581333333,-3942.81818666667,-6635.94368,-5477.70442666667,-6063.06506666667,-4672.25952,4713.79706666667,-1356.64485333333,-739.06544,-583.56528,-2167.54912,-2461.37749333333,-1932.3936,-334.77968,-1136.29189333333,-1818.84624,-1580.55189333333,-1383.56304,-1293.14773333333
192,"CUB","Cuba",NA,NA,NA,NA,NA,NA,NA,NA,NA,NA,NA,NA,NA,NA,NA,NA,NA,NA,NA,NA,NA,NA,NA,NA,NA,NA,NA,NA,NA,NA,NA,NA,NA,NA,NA
531,"CUW","Curacao",NA,NA,NA,NA,NA,NA,NA,NA,NA,NA,NA,NA,NA,NA,NA,NA,NA,NA,NA,NA,NA,NA,NA,NA,NA,NA,NA,NA,NA,NA,NA,NA,NA,NA,NA
196,"CYP","Cyprus",-1279.50544,-1200.41189333333,-1172.40672,-1046.73152,-1178.61109333333,-1049.88256,-1050.66421333333,-797.628373333333,-942.173173333333,-733.923626666667,-749.410133333333,-858.43856,33.26912,-113.229813333333,241.176693333333,-348.8128,-356.06752,-612.91392,-349.240266666667,-801.915253333333,-875.415093333333,-904.56832,-1006.08554666667,-983.722933333333,95.3861333333333,-633.872,-77.01728,195.03472,-386.674133333333,-463.630346666667,-404.3224,-476.368853333333,-503.006133333333,-523.719946666667,-536.617226666667
203,"CZE","Czechia",-4037.42266666667,-4058.6128,-4140.38106666667,-4085.88517333333,-3724.12624,-4121.24277333333,-3324.83573333333,-2875.64154666667,-2356.53824,-2426.08096,-2208.21952,-8775.0968,-8378.12682666667,-8052.77584,-7261.73045333333,-7323.74976,-5492.69018666667,-4807.168,-4105.38986666667,-3686.97328,-2178.65104,-778.648853333333,3.89605333333293,1423.21973333333,3450.41322666667,6362.42608,3085.29562666667,-547.938986666666,-2973.38485333333,-4283.7656,-5713.49504,-6745.85146666667,-8224.06784,-9298.52362666667,-10488.9938666667
180,"COD","Dem. Rep. Congo",118732.164266667,120277.35856,112728.956746667,142524.91008,152691.08112,157634.488853333,158608.783093333,198116.852373333,204864.963306667,214547.31536,214680.147573333,185711.989546667,177142.186666667,195176.101546667,177165.672906667,174946.082773333,183342.578453333,186937.963946667,421489.00944,643621.68416,757692.8496,866711.39568,819766.884213333,839855.70464,719930.187786667,597596.665706667,639210.142666667,663558.521866667,564939.384853333,504351.847253333,534307.514346667,677961.925706667,698095.092746667,624364.457386667,604749.819626667
208,"DNK","Denmark",11.3584,-185.32512,463.227306666667,-2317.35786666667,-997.694986666667,-962.27632,-439.20368,-627.154666666667,-1923.19696,-1591.6416,-11.4561066666667,-685.766453333333,-979.887946666667,-740.030293333333,2333.47946666667,1942.76272,767.68128,2617.78144,2366.07685333333,2021.18453333333,5539.82144,2196.84890666667,2596.68901333333,3776.00848,2013.02602666667,2807.61328,2739.70714666667,3406.7872,2823.19749333333,2437.476,2322.49968,2880.66122666667,2593.58682666667,2688.49664,2662.72650666667
262,"DJI","Djibouti",NA,NA,NA,NA,NA,NA,NA,NA,NA,NA,NA,NA,NA,NA,NA,NA,NA,NA,NA,NA,NA,NA,NA,NA,NA,NA,NA,NA,NA,NA,NA,NA,NA,NA,NA
212,"DMA","Dominica",-9.83173333333333,-8.96458666666667,-6.27765333333333,4.05482666666667,-15.3643733333333,-12.12784,-8.74474666666667,-12.2988266666667,89.1329066666667,63.53376,13.8254933333333,-3.19989333333334,-15.4498666666667,-20.1031466666667,-16.1704533333333,-19.71232,32.49968,-28.5303466666667,-18.2711466666667,-67.3321066666667,-44.2366933333333,-36.9819733333333,-32.2309866666667,-50.9296,-54.37376,-64.0345066666667,-44.6519466666667,-40.0597333333333,-47.6808533333333,-51.51584,-43.1497066666667,-44.6153066666667,-41.4032,-38.9238933333333,-36.38352
214,"DOM","Dominican Republic",441.73184,521.839093333333,733.654933333333,1407.35461333333,7059.03797333333,5515.27264,215.321066666667,2549.26464,21.4221866666666,8052.12853333333,4311.66085333333,3719.83936,-1625.15498666667,-320.770986666667,-306.518026666667,-249.347413333333,129.253706666667,-757.49536,746.185813333333,43.2229866666666,195.352266666667,-2180.48304,-1231.14064,-740.873013333333,12076.9226133333,3899.74176,2056.20016,758.875466666667,-85.99408,-265.371306666667,-303.34256,-427.466666666667,-352.391306666667,-328.18448,-575.9808
218,"ECU","Ecuador",62999.43888,44746.2458133333,39613.04288,61594.2093866667,41312.3205866667,33858.6331733333,28993.92816,46679.7874666667,44496.4342933333,41155.18384,25451.35312,17531.324,12084.38496,74745.56336,24666.4266133333,14437.8210133333,13272.8888533333,31096.1359466667,24588.1025066667,15589.44064,15614.8199466667,38800.3798933333,13190.32672,20704.6655466667,72524.7518933333,26257.8605866667,20809.0040533333,16328.0908266667,33798.2016,29135.83488,16527.3269333333,13471.17232,11658.2129066667,-9084.83914666667,-8930.23056
818,"EGY","Egypt",1076.37328,4529.46122666667,3170.63018666667,2213.73994666667,4285.40218666667,2393.43472,2397.78266666667,1673.95946666667,3691.72426666667,1561.38917333333,1533.29850666667,1864.20656,1244.59973333333,1477.70341333333,1507.95584,1276.56202666667,1045.00944,680.11168,2077.80554666667,1543.93632,743.559946666667,1019.56906666667,1182.72698666667,679.097973333333,1120.19472,513.717226666667,1237.6992,1007.16032,1299.19333333333,1396.22826666667,1605.82128,1391.25744,1412.04453333333,1415.9528,1450.58981333333
222,"SLV","El Salvador",5002.11722666667,6066.24053333333,5272.28837333333,4723.43338666667,5538.88101333333,4000.7216,4085.5432,6616.04816,8039.41445333333,8734.93936,5308.45205333333,1329.23813333333,-1102.52202666667,-1463.38938666667,-3569.40773333333,-4149.41893333333,-2290.34197333333,-2216.45130666667,-2512.67349333333,-1749.63328,-1963.61088,-2032.09104,-1818.73632,-1576.91232,-670.927253333333,-2001.05696,-2320.52112,-2304.94912,-2257.90336,-2572.83637333333,-3579.71578666667,-3431.80010666667,-3129.33690666667,-3277.15488,-3225.99322666667
226,"GNQ","Equatorial Guinea",-152.617813333333,353.453866666667,-185.166346666667,812.699626666667,739.847093333333,521.13072,2821.87845333333,1402.10288,2528.57525333333,2375.72538666667,1942.62837333333,1341.83008,2318.0296,1483.3704,1842.89429333333,1443.73813333333,1285.00144,2039.28469333333,1987.20704,3353.64698666667,591.125333333333,1219.07386666667,258.312,1835.92048,744.708,1806.68176,1388.76592,2584.63445333333,1764.25264,2072.50496,2814.41610666667,2397.92922666667,2784.8232,1915.22165333333,1925.84725333333
232,"ERI","Eritrea",NA,NA,NA,NA,NA,NA,NA,NA,NA,NA,NA,NA,NA,NA,NA,NA,NA,NA,NA,NA,NA,NA,NA,NA,NA,NA,NA,NA,NA,NA,NA,NA,NA,NA,NA
233,"EST","Estonia",-738.4792,-620.180853333333,-1122.1,-2870.09669333333,-3728.32762666667,-2873.06453333333,-2612.99381333333,-1667.4864,-2240.91461333333,-1316.32864,-4254.52688,-4860.44256,-2314.52437333333,-3908.03461333333,792.950666666667,-1542.9104,-1113.90485333333,-1863.05850666667,-1276.20784,-19.49248,-710.290826666667,-873.668586666667,-281.627253333333,-110.261973333333,587.058293333333,891.15808,128.581973333333,337.210133333333,522.425333333333,274.262613333333,451.783413333333,484.063253333333,625.689066666667,782.325066666667,776.645866666667
748,"SWZ","Eswatini",913.239786666667,653.388906666667,454.677973333333,426.611733333333,328.685226666667,355.493493333333,388.664906666667,349.58224,308.1424,325.50976,752.964213333333,339.4696,54.00736,21.4832533333334,41.4886933333333,-185.5816,-44.7252266666667,-54.81344,0.0977066666666377,35.724,-30.3257066666667,23.59616,35.5163733333333,-16.1093866666666,-23.92592,-62.69104,57.1828266666667,186.864,127.971306666667,132.4536,-12.5919466666667,53.01808,-17.8925333333333,63.3017066666667,-55.2775466666667
231,"ETH","Ethiopia",13889.0637333333,16118.7909333333,-15212.8425066667,203.132159999999,4578.11914666667,8984.70202666667,8173.15045333333,7708.75066666667,12270.6749333333,10145.616,49214.7991466667,41114.6355733333,114058.52464,161762.22912,152914.975946667,152141.44448,157056.382933333,126929.399413333,132855.516373333,145948.124213333,157876.691466667,143737.229973333,150899.617173333,143007.849706667,100208.397013333,69907.14144,56267.6693866667,50276.08896,41064.0479466667,50765.23296,56606.8825066667,48534.73632,49977.6439466667,53585.8290133333,58653.5074133333
234,"FRO","Faeroe Islands",NA,NA,NA,NA,NA,NA,NA,NA,NA,NA,NA,NA,NA,NA,NA,NA,NA,NA,NA,NA,NA,NA,NA,NA,NA,NA,NA,NA,NA,NA,NA,NA,NA,NA,NA
238,"FLK","Falkland Islands",NA,NA,NA,NA,NA,NA,NA,NA,NA,NA,NA,NA,NA,NA,NA,NA,NA,NA,NA,NA,NA,NA,NA,NA,NA,NA,NA,NA,NA,NA,NA,NA,NA,NA,NA
242,"FJI","Fiji",4043.39498666667,2574.96149333333,2115.39818666667,1747.14176,1360.18672,1201.73093333333,962.740426666667,693.88832,631.661386666667,100.564586666667,275.215253333333,139.512906666667,-21.8496533333333,-91.67328,-197.19648,-211.547146666667,-36.60336,864.581866666667,-397.849333333333,-416.034986666667,-356.812533333333,-332.483573333333,-320.807626666667,118.872373333333,-250.886293333333,176.006346666667,158.443573333333,-331.421013333333,128.64304,-306.725653333333,-143.11584,114.695413333333,-286.573653333333,-1101.56938666667,-1081.68608
246,"FIN","Finland",8263.66346666667,5356.20618666667,4415.42533333333,8069.11728,6582.85232,7067.26976,7440.96112,11366.02112,13338.4133866667,14828.8430933333,14892.5966933333,16614.81104,18200.7245866667,19410.66288,20510.5712533333,21516.2781866667,20185.7942933333,22053.39616,22029.14048,19731.29952,20831.45216,20322.1073066667,21044.66032,21875.3746133333,23128.3282666667,24547.7985066667,26278.8919466667,29356.7252266667,31602.6473066667,33409.8420266667,33515.92704,37597.9772266667,40383.0569066667,43606.69296,46107.84928
250,"FRA","France",44090.744,68605.5542933333,46700.0493866667,21990.2288,3110.94362666667,-11899.35296,-22310.6333866667,-33603.2890133333,-40278.2542933333,-48796.7733866667,-56479.93712,-64310.7722666667,-64545.68352,-63195.6582933333,-61937.42848,-61772.7072533333,-61437.7077333333,-60234.3402133333,-58127.38144,-56117.4698133333,-52512.6556266667,-52051.3580266667,-46884.0798933333,-42682.6443733333,-40282.8709333333,-38154.0991466667,-35454.8181333333,-23772.2029866667,-35720.6046933333,-12027.70288,-22799.45984,-23566.6403733333,-25286.0822933333,-23561.9993066667,-21668.6150933333
258,"PYF","French Polynesia",NA,NA,NA,NA,NA,NA,NA,NA,NA,NA,NA,NA,NA,NA,NA,NA,NA,NA,NA,NA,NA,NA,NA,NA,NA,NA,NA,NA,NA,NA,NA,NA,NA,NA,NA
266,"GAB","Gabon",5121.95445333333,5317.13573333333,4416.2192,8113.39061333333,8791.15733333333,7289.57685333333,10923.1656533333,13597.6780266667,15822.54432,15538.2301333333,11634.8488,9926.43552,11209.6171733333,11187.0835733333,10504.61472,9794.11626666667,9723.48656,11394.63696,10788.1472533333,11100.6986666667,8440.89114666667,9070.73274666667,8534.1888,9450.76282666667,5855.10864,9965.66474666667,7550.79562666667,12097.5509333333,6672.66917333333,5858.45509333333,6799.6512,6243.33386666667,7484.88026666667,6755.07253333333,6968.10970666667
270,"GMB","Gambia",174.125493333333,-245.512426666667,-232.73728,473.35216,369.831946666667,439.20368,376.280586666667,432.669546666667,1464.74506666667,1091.70101333333,800.2176,658.16432,691.10368,889.313866666667,914.436693333333,750.509333333333,1113.42853333333,3368.32741333333,3279.52426666667,2339.62277333333,1319.84608,874.108266666667,835.46528,683.433706666667,993.01728,787.28368,568.457386666667,563.840746666667,569.16576,582.295093333333,652.106506666667,589.97728,628.131733333333,612.0712,632.748373333333
268,"GEO","Georgia",-4537.47317333333,-4092.15061333333,-4477.82325333333,-4465.92746666667,-4955.95082666667,-4933.83248,-4476.65077333333,-4015.46309333333,-4389.1056,-4239.62661333333,-4078.3984,-4024.25669333333,3083.39034666667,-6878.69589333333,-6218.22325333333,-6462.94181333333,-6855.7104,-6783.35861333333,-6616.41456,-6754.81605333333,-6605.8256,-5658.26634666667,-3801.55877333333,-5760.10112,-5530.13626666667,-6099.60736,-5994.62154666667,-6368.89914666667,-6584.00037333333,-6026.9136,-5139.73706666667,-4954.43637333333,-4640.24837333333,-4366.13232,-4508.56421333333
276,"DEU","Germany",-12811.4935466667,-13683.4889066667,-7202.25152,-4629.41514666667,-6058.50949333333,-6578.5288,-5112.83109333333,-4051.37029333333,-6035.09653333333,-7326.26570666667,-7055.86250666667,-6460.69456,-4598.67418666667,-2513.6872,-1197.87152,-1496.36538666667,-243.58272,2043.7792,1425.12501333333,-1963.67194666667,639.245866666667,-1808.85573333333,1119.18101333333,2001.00810666667,1157.04234666667,335.133866666667,1542.67834666667,894.45568,-2090.18986666667,-1028.38709333333,-548.659573333333,1080.11056,-1300.13376,-710.77936,-959.100853333333
288,"GHA","Ghana",16138.16128,10417.8023466667,14613.42432,17990.4720533333,26683.7150933333,30684.8519466667,41546.4624,28991.7786133333,25370.9527466667,22998.23184,21101.1592,21010.9026666667,20756.6577066667,21757.1861866667,18931.44832,19723.7394666667,18797.3337066667,20805.98736,19331.04416,20230.8737066667,20961.8294933333,20596.2477866667,19741.2411733333,20202.4654933333,19742.32816,18564.7429866667,18912.43216,17806.82016,16174.1906133333,14585.9321066667,8966.28432,5214.80021333333,4671.33130666667,4530.09632,4683.56906666667
300,"GRC","Greece",772.29792,1236.2336,46.3251733333333,79.4599466666667,242.825493333333,216.994293333333,-658.811626666667,-1486.10618666667,-1989.42986666667,-2541.92442666667,-2714.81637333333,-3019.91765333333,-3087.39632,-4191.64042666667,-3807.54330666667,-4653.54869333333,-4989.39093333333,-4702.59744,-4503.77658666667,-3528.49306666667,-4246.19738666667,-4159.80026666667,-4380.14101333333,-8566.63962666667,-7712.41466666667,-9437.95104,-10998.1433066667,-11631.69776,-334.181226666667,-11781.9339733333,-9043.26496,-9428.25365333333,-9991.41045333333,-10328.6083733333,-10444.0488
304,"GRL","Greenland",NA,NA,NA,NA,NA,NA,NA,NA,NA,NA,NA,NA,NA,NA,NA,NA,NA,NA,NA,NA,NA,NA,NA,NA,NA,NA,NA,NA,NA,NA,NA,NA,NA,NA,NA
308,"GRD","Grenada",-63.6925333333333,-60.96896,-57.59808,-54.5813866666667,-63.2528533333333,-60.2972266666667,-57.01184,-55.6928,29.09216,-14.21632,55.36304,4.62885333333333,-24.1946133333333,-29.1532266666667,-63.0330133333333,-61.6773333333333,-56.6576533333333,-59.32016,17.62384,-21.7885866666667,-33.2202666666667,-58.1598933333333,-57.6469333333333,-55.17984,-54.92336,-54.88672,-50.1113066666667,-47.8396266666667,-46.78928,-40.45056,-39.8154666666667,-38.7162666666667,-35.9316266666667,-34.4293866666667,-32.5241066666667
320,"GTM","Guatemala",34688.1261333333,33123.8912533333,59810.6352533333,51162.1418666667,54850.1654933333,44555.0582933333,52899.10992,80405.1365333333,70286.2677333333,66465.39968,63749.78944,65040.7632,69130.7520533333,49265.52112,33264.32016,32332.2352,47748.3075733333,42245.1383466667,34455.8773866667,30790.2285866667,26202.3387733333,23678.8076266667,21084.34144,27953.8529066667,48545.65504,40771.81952,32758.9202133333,29886.1732266667,29254.0843733333,28761.7893333333,22450.02416,20189.81248,21433.92368,23444.03072,22366.6193066667
831,"GGY","Guernsey",NA,NA,NA,NA,NA,NA,NA,NA,NA,NA,NA,NA,NA,NA,NA,NA,NA,NA,NA,NA,NA,NA,NA,NA,NA,NA,NA,NA,NA,NA,NA,NA,NA,NA,NA
324,"GIN","Guinea",12685.1344,14258.23616,12257.98528,12450.34528,13066.08048,16169.4762666667,16858.94336,18028.78528,15889.9008533333,19878.116,22195.4738666667,21525.6458133333,21009.1683733333,23271.5296,18551.748,22362.4789866667,28665.7558933333,33626.4210666667,22499.6835733333,71514.61152,51675.0530133333,76800.1269333333,56333.0962133333,72318.45648,70078.6044266667,54583.3530133333,59034.8321066667,57920.18224,40844.5621333333,56863.448,51754.14656,44067.7218666667,44864.5808,45799.19392,45215.7141333333
624,"GNB","Guinea-Bissau",2695.07962666667,2207.34016,3341.16496,3256.50213333333,3088.84970666667,3072.88688,4731.67738666667,3631.64688,6054.08826666667,6552.01365333333,4644.53525333333,2880.84442666667,2355.62224,2912.06170666667,2732.15930666667,2809.26208,2791.46725333333,2889.23498666667,2519.69616,3582.90346666667,2765.84368,2605.94672,2391.77370666667,2451.88773333333,2543.24346666667,3347.21056,2588.55493333333,3443.19514666667,4505.64522666667,3987.348,4530.23066666667,3632.20869333333,4350.67024,4691.2024,4917.01472
328,"GUY","Guyana",2974.99701333333,2960.6952,11308.3741866667,5991.72698666667,9711.15109333333,8490.78261333333,7280.57562666667,5659.08464,10151.6616,9991.59365333333,8792.20768,6116.27856,6042.19248,16251.9406933333,11241.8603733333,7035.68608,7387.96746666667,6185.06405333333,5142.71712,5051.74,3444.58746666667,3516.65834666667,4901.82133333333,3699.16218666667,5798.47541333333,6834.80117333333,1669.88021333333,3044.30768,1818.71189333333,4177.59509333333,5347.14389333333,4030.5832,4365.76592,4445.67776,4428.82336
332,"HTI","Haiti",290.127733333333,-429.34752,55.7782933333333,1894.08037333333,1064.91717333333,3422.68896,10804.07344,5118.32709333333,4060.55472,2760.06677333333,1747.78906666667,1424.42885333333,1033.41898666667,1178.91642666667,10501.024,10879.4297066667,6178.06581333333,5470.82832,8806.87589333333,18772.7849066667,12553.7311466667,10200.9179733333,9690.37621333333,5343.44325333333,4243.03413333333,3150.64917333333,2549.37456,1534.60533333333,-1722.86165333333,-1513.92816,-860.954506666667,-727.804746666667,-1272.92245333333,-1254.40704,-1659.80421333333
336,"VAT","Holy See",NA,NA,NA,NA,NA,NA,NA,NA,NA,NA,NA,NA,NA,NA,NA,NA,NA,NA,NA,NA,NA,NA,NA,NA,NA,NA,NA,NA,NA,NA,NA,NA,NA,NA,NA
340,"HND","Honduras",22995.0808,21968.7089066667,51440.5203733333,40530.4962666667,41216.73904,30004.82576,21762.1325866667,21436.6594666667,33288.6369066667,10839.0035733333,7212.36416,12940.22208,20429.8899733333,12317.15888,5572.36997333333,3564.98650666667,4973.44032,6176.17274666667,7004.09018666667,15025.4289066667,14114.68064,15462.6051733333,10688.76736,9867.86037333333,7472.52037333333,12911.5573866667,17699.3184,14899.2651733333,8962.10736,10404.0623466667,11721.6611733333,7560.83498666667,9175.47429333333,9568.20624,10020.5026133333
344,"HKG","Hong Kong",NA,NA,NA,NA,NA,NA,NA,NA,NA,NA,NA,NA,NA,NA,NA,NA,NA,NA,NA,NA,NA,NA,NA,NA,NA,NA,NA,NA,NA,NA,NA,NA,NA,NA,NA
348,"HUN","Hungary",55.7782933333333,-4373.60688,-3799.12832,-3488.56768,-1479.84074666667,-2074.42245333333,-1891.71098666667,-2076.09568,-1219.57461333333,-4782.53370666667,-3880.76224,-4329.57781333333,-3271.71994666667,-2642.03712,-2958.17925333333,-3150.14842666667,-2810.6544,-2310.76266666667,-2346.77978666667,-4860.88224,-5023.20965333333,-4429.20197333333,-5019.08154666667,-4200.31189333333,-3689.96554666667,-2864.03888,-2902.13226666667,-3445.86986666667,-3663.34048,-7998.65856,-3030.98293333333,-3972.21568,-5834.44368,-6870.80608,-7431.33701333333
352,"ISL","Iceland",NA,NA,NA,NA,NA,NA,NA,NA,NA,NA,NA,NA,NA,NA,NA,NA,NA,NA,NA,NA,NA,NA,NA,NA,NA,NA,NA,NA,NA,NA,NA,NA,NA,NA,NA
356,"IND","India",164851.01776,149623.80016,171508.786666667,152264.750293333,141514.867413333,119970.27872,150182.572373333,117588.9352,116842.90816,107286.475573333,149716.93904,122525.027146667,97598.8229333333,109289.27904,96115.8677866667,86425.1496,86282.1314666667,119869.51872,159545.386986667,128458.728586667,158132.060053333,151799.568853333,198825.298986667,115590.748373333,43168.4297066667,21821.06192,-31409.5911466667,-63569.7160533333,-54370.1082133333,-80990.3384,-83535.57264,-89604.6100266667,-95141.8666666667,-94913.8803733333,-100366.04672
360,"IDN","Indonesia",656149.877226667,610453.263093333,776006.608586667,662944.166773333,876136.315093333,795656.72608,718997.150186667,2499961.83157333,769987.47488,752174.27936,725150.496213333,604906.418986667,925912.573386667,573494.776,689160.00128,610595.23088,1238765.6072,691692.52144,834500.341173333,1156768.98784,899965.407786667,983317.3896,1046356.49738667,1126263.26885333,1275365.27877333,1708714.17989333,840327.469066667,766387.619306667,781735.13824,1011840.99450667,678406.01472,707971.734506667,598159.24848,694046.189546667,607323.120106667
364,"IRN","Iran",38177.30448,40569.96976,27996.1721066667,19107.9432,9466.56688,-4815.76618666667,7622.43904,-5177.01216,-27037.1811733333,5484.51946666667,4376.15946666667,4961.43461333333,4966.61306666667,7108.83173333333,9478.35274666667,11833.7185066667,-19026.6268266667,-10170.75104,-13127.78224,-14321.87984,-15662.79392,-17136.19824,-17432.4448533333,-14211.5079466667,-17338.34112,-15477.1024,-16596.56432,-16968.9244266667,22437.7741866667,11611.6678933333,6151.75829333333,2550.144,8662.16010666667,12680.0292266667,16534.1908266667
368,"IRQ","Iraq",7752.44997333333,3619.93429333333,8246.66250666667,-622.269333333333,-2883.70234666667,-2801.03029333333,-6389.1,-5267.89157333333,-6371.17082666667,-4816.60890666667,-4358.34021333333,530.351786666667,-912.690186666667,-1409.79728,1630.58992,3681.36736,4465.15802666667,-6112.27258666667,-8573.71114666667,642.763306666667,5007.10026666667,1809.24656,6107.54602666667,11190.1002666667,6935.20698666667,4325.82832,3597.62053333333,2662.66544,2015.61525333333,1560.92506666667,1361.05386666667,1127.29066666667,1377.76170666667,1404.47226666667,1224.56986666667
372,"IRL","Ireland",-339.21312,-424.853013333333,-47.6930666666667,-204.23136,-37.6781333333333,-192.115733333333,908.977333333333,1110.66832,2158.19370666667,3899.15552,3883.73008,5238.89712,4868.47893333333,3634.37045333333,4035.24869333333,3901.23178666667,3147.65690666667,16980.9912,8778.028,7080.85098666667,5592.58304,5295.60362666667,3898.85018666667,2814.37946666667,1848.04832,3404.62544,3714.69754666667,3443.43941333333,3240.91792,2671.19034666667,1109.36149333333,1665.06816,851.391466666667,658.481866666667,592.896266666667
833,"IMN","Isle of Man",NA,NA,NA,NA,NA,NA,NA,NA,NA,NA,NA,NA,NA,NA,NA,NA,NA,NA,NA,NA,NA,NA,NA,NA,NA,NA,NA,NA,NA,NA,NA,NA,NA,NA,NA
376,"ISR","Israel",146.547786666667,242.33696,89.9389866666667,149.063733333333,151.188853333333,-38.1910933333333,-30.4112,-16.3658666666667,-70.1900266666667,92.7114133333333,37.7392,339.628373333333,182.589333333333,-283.422613333333,-321.967893333333,-373.447093333333,-115.15952,-230.35568,6.93717333333333,-243.228533333333,-61.5552,165.002133333333,-47.2656,434.22064,61.1888,-66.7825066666667,2362.32736,1255.33525333333,638.23216,293.938293333333,151.201066666667,65.8909333333333,9.96608000000001,-11.2729066666667,-6.91274666666667
380,"ITA","Italy",-26382.2411733333,-29256.6125333333,-32413.64928,-32866.4464,-34399.0853866667,-29131.14496,-29450.27936,-20155.5052266667,-8686.72112,-15012.5316266667,-18205.7076266667,-22230.11088,-27291.7314666667,-22904.5555733333,-24892.3122133333,-27113.67328,-29344.5485333333,-12779.62896,-21529.6884266667,-14060.1358933333,-20803.16608,-13769.6173333333,-25953.90736,-22501.7109866667,-23728.3815466667,-20070.3538666667,-17795.7304533333,-20492.2634666667,-2643.73477333333,-7099.32976,-11333.0329066667,2598.96069333333,-173.588106666666,-1667.88944,-1930.76922666667
388,"JAM","Jamaica",1647.55424,2321.73024,6895.22053333333,3001.75642666667,2915.94554666667,1380.70512,2534.32773333333,1260.44042666667,1647.45653333333,12783.3906666667,5193.54901333333,3148.98816,3876.92725333333,2543.58544,2930.60154666667,1681.89813333333,7396.67557333333,8844.48074666667,7734.92384,2074.78885333333,1567.41034666667,2158.60896,1279.84741333333,932.81776,227.705386666667,-30.228,-80.6568533333333,371.74944,-538.82784,-638.452,-528.299946666667,-661.339786666667,-630.452266666667,-518.333866666667,-425.524746666667
392,"JPN","Japan",-11970.1902933333,-16206.12848,-16342.83232,-15555.6463466667,-16363.5217066667,-18610.7628266667,-14804.3431466667,-21188.5211733333,-17673.8413866667,-21785.7531733333,-10652.8479466667,-18981.02224,-22552.2253333333,-23091.3829333333,-24769.6170666667,-20902.6925333333,-23228.9661333333,-20230.84928,-18240.01488,-23488.87808,-22733.17808,-13459.59408,-11938.92416,-15497.5963733333,-13181.7041066667,-12205.1504,-11892.5989866667,-7240.87008,-5351.76053333333,-9093.07093333333,-5148.59173333333,-1797.65610666667,-13.9232000000008,-2043.2296,-1491.90752
832,"JEY","Jersey",NA,NA,NA,NA,NA,NA,NA,NA,NA,NA,NA,NA,NA,NA,NA,NA,NA,NA,NA,NA,NA,NA,NA,NA,NA,NA,NA,NA,NA,NA,NA,NA,NA,NA,NA
400,"JOR","Jordan",-1341.54917333333,2223.96250666667,655.81936,296.332106666667,682.395573333333,-147.940106666667,-72.0953066666667,-185.557173333333,-122.365386666667,-101.541653333333,-11.4927466666667,80.13168,23.4373866666667,630.891946666667,186.778506666667,224.297866666667,-362.540586666667,55.6928,833.12032,256.968533333333,394.50288,982.587093333333,857.1928,726.97424,480.301546666667,521.545973333333,-21.5565333333333,293.950506666667,470.762933333333,150.065226666667,-2.22282666666667,538.20496,440.19296,428.712426666667,406.22768
398,"KAZ","Kazakhstan",46524.26288,47879.8451733333,44501.80816,33064.5833066667,36641.9663466667,-11246.1838933333,-5286.77338666666,-6429.01317333334,135.848906666669,-42058.4575466667,-40693.2755733333,-55227.0078933333,-38066.79824,-27807.5005333333,-20951.7290666667,-16494.11888,-13528.7459733333,-13100.4365866667,-1924.46714666667,14104.1771733333,41036.5923733333,31225.45072,28493.5112533333,25624.8679466667,33956.52304,28764.232,29132.2685866667,29772.1373333333,22847.12848,25193.5785066667,25398.95792,21851.9616533333,21197.5468266667,20121.1246933333,18284.6546133333
404,"KEN","Kenya",31114.21168,29025.292,23643.7797866667,27839.40176,18311.8170666667,10778.3888,10685.2621333333,10778.7552,19385.1858666667,13370.5833066667,12856.4508266667,11769.2931733333,13555.00464,14619.32336,13213.08016,15150.9819733333,19430.2408533333,19305.2984533333,22207.1498133333,22314.5782933333,34233.3626666667,33591.8206933333,26899.4147733333,19164.3077333333,15590.64976,18310.25376,9520.81850666667,22018.7102933333,17090.728,10961.0147733333,8282.20330666667,5069.37605333333,4669.64586666667,4957.48970666667,3928.51637333333
296,"KIR","Kiribati",NA,NA,NA,NA,NA,NA,NA,NA,NA,NA,NA,NA,NA,NA,NA,NA,NA,NA,NA,NA,NA,NA,NA,NA,NA,NA,NA,NA,NA,NA,NA,NA,NA,NA,NA
689,"XKX","Kosovo",NA,NA,NA,NA,NA,NA,NA,NA,NA,NA,NA,NA,NA,NA,NA,NA,NA,NA,NA,NA,NA,NA,NA,NA,NA,NA,NA,NA,NA,NA,NA,NA,NA,NA,NA
414,"KWT","Kuwait",NA,NA,NA,NA,NA,NA,NA,NA,NA,NA,NA,NA,NA,NA,NA,NA,NA,NA,NA,NA,NA,NA,NA,NA,NA,NA,NA,NA,NA,NA,NA,NA,NA,NA,NA
417,"KGZ","Kyrgyzstan",3324.09072,3354.59962666667,4431.31488,4839.21578666667,6347.20826666667,6183.29312,5408.19834666667,5228.06389333333,5474.79765333333,4650.42208,4484.32074666667,4228.73232,4323.52,3931.56970666667,3041.18106666667,2920.35456,2742.98032,2645.74997333333,2343.68981333333,2137.10128,2184.23253333333,2155.75104,2018.44874666667,2164.82554666667,2024.23786666667,2175.30458666667,2036.58554666667,1728.28437333333,1495.22954666667,1440.39168,1326.84432,1233.79093333333,1148.56629333333,1040.90576,932.610133333333
418,"LAO","Laos",21154.5314666667,20172.9702933333,19809.56256,21993.7218133333,22604.9869333333,22762.5145066667,29071.8492266667,25859.2784533333,26615.3448533333,31740.90224,42044.0336,41724.5450133333,44283.7879466667,46180.1522133333,51744.5957333333,55252.8513066667,50090.83712,57855.7569066667,61937.1964266667,66701.7765333333,55638.1209066667,57455.80688,62939.3981333333,68468.4229866667,69686.8495466667,55214.20832,43743.5189333333,38137.3180266667,35007.9566933333,27053.0462933333,25136.6399466667,32273.2203733333,28228.0056,24185.8685866667,22055.3869333333
428,"LVA","Latvia",1187.67338666667,1374.41525333333,1281.98474666667,5794.42058666667,-5515.51690666667,-3065.24133333333,-4211.59701333333,-4639.88197333333,-5512.96432,-4483.67344,-5370.80112,-4273.21328,-4496.70506666667,-1340.98736,3254.81669333333,5584.71765333333,1389.01018666667,357.850666666667,218.5576,103.630133333333,345.58848,1150.26394666667,2239.08261333333,1237.19845333333,1695.06410666667,3740.93178666667,2201.35562666667,2085.82970666667,2852.50949333333,2431.63802666667,2465.89642666667,1949.29685333333,2538.85888,2828.69349333333,2928.43978666667
422,"LBN","Lebanon",-5.33722666666666,-71.9365333333333,-75.40512,40.1208,9.01344,271.5024,253.304533333333,166.357813333333,-803.66176,-380.567466666667,-518.981173333333,-227.619893333333,-42.17264,-146.48672,-21.1168533333333,-209.72736,-108.845226666667,-227.033653333333,-162.64496,-488.26464,4.16474666666668,-19.4436266666667,-99.18448,33.41568,110.24976,144.10512,167.18832,254.17168,-56.9263466666667,29.93488,18.06352,92.8579733333333,100.61344,29.4097066666667,124.624853333333
426,"LSO","Lesotho",319.073333333333,773.80016,300.948746666667,198.99184,12.9217066666666,140.062506666667,314.15136,209.153333333333,274.751146666667,339.420746666667,345.857173333333,-280.760106666667,763.87072,1664.35978666667,1496.25546666667,459.001493333333,2282.58650666667,2226.96698666667,1201.82864,507.085386666667,51.6624,-501.809226666667,-1084.06768,543.3712,-690.92048,3917.89077333333,4819.77216,4178.81642666667,2368.83706666667,2303.3736,2318.97002666667,2272.24181333333,2091.9608,1929.35248,1794.08981333333
430,"LBR","Liberia",6055.87141333333,7340.84842666667,9249.90234666667,8810.40554666667,10136.0651733333,9943.88837333333,10806.30848,12051.5310933333,14138.6920533333,18549.0854933333,18033.8660266667,18114.8037866667,18662.0466133333,21525.59696,21528.41824,20829.2049066667,20444.3627733333,20617.5112,20195.12528,24165.6310933333,24417.95856,26583.7978133333,26543.59152,26991.0147733333,27876.8356266667,24545.5268266667,25083.5363733333,25751.98432,23185.0469866667,20748.3037866667,20186.0752,19047.8291733333,20060.7053333333,20606.9710933333,20574.0805866667
434,"LBY","Libya",NA,NA,NA,NA,NA,NA,NA,NA,NA,NA,NA,NA,NA,NA,NA,NA,NA,NA,NA,NA,NA,NA,NA,NA,NA,NA,NA,NA,NA,NA,NA,NA,NA,NA,NA
438,"LIE","Liechtenstein",NA,NA,NA,NA,NA,NA,NA,NA,NA,NA,NA,NA,NA,NA,NA,NA,NA,NA,NA,NA,NA,NA,NA,NA,NA,NA,NA,NA,NA,NA,NA,NA,NA,NA,NA
440,"LTU","Lithuania",221.134613333333,592.17568,75.1974933333333,-2460.54698666667,8382.65797333333,3428.46586666667,2643.68592,2610.49008,4581.69765333333,4094.28794666667,-17644.5538133333,-10799.67664,-12260.3546666667,-8304.83461333333,846.335146666667,-3689.79456,-5301.91792,-4581.38010666667,-674.420266666667,344.48928,684.056586666667,1545.90266666667,2177.11216,3323.82202666667,41.4886933333333,786.22112,60.12624,876.35552,2749.45338666667,1499.24773333333,1373.4504,1056.09914666667,1605.87013333333,1579.66032,1624.00693333333
442,"LUX","Luxembourg",-115.135093333333,293.510826666667,174.870506666667,539.1576,172.659893333333,97.16928,148.599626666667,112.790133333333,138.377066666667,335.646826666667,174.907146666667,138.90224,118.322773333333,112.362666666667,85.3712,84.1376533333333,175.02928,163.145706666667,89.0596266666667,95.0685866666667,110.310826666667,113.974826666667,116.07552,140.941866666667,126.615626666667,98.96464,124.771413333333,120.997493333333,101.71264,131.256693333333,145.68064,120.533386666667,110.005493333333,116.539626666667,121.815786666667
446,"MAC","Macao",NA,NA,NA,NA,NA,NA,NA,NA,NA,NA,NA,NA,NA,NA,NA,NA,NA,NA,NA,NA,NA,NA,NA,NA,NA,NA,NA,NA,NA,NA,NA,NA,NA,NA,NA
450,"MDG","Madagascar",32863.3197866667,33551.4189866667,47011.6603733333,47760.02016,63068.1877333333,58291.7240533333,88193.2982933333,110657.062453333,153232.534826667,145398.25552,123228.41744,88061.3698666667,73296.1826666667,64178.7217066667,58288.5852266667,48775.7176,47637.3616533333,48649.0286933333,44666.3339733333,40072.9359466667,38488.0605333333,35419.08192,32278.8995733333,34263.3708266667,28715.7084266667,31698.6441066667,30365.0824533333,29983.2325866667,26626.8498133333,24911.09632,23513.8787733333,23085.1541333333,24314.1452266667,24576.49984,25138.4230933333
454,"MWI","Malawi",11700.65424,8816.3168,5513.23301333333,1620.59941333333,10615.8781866667,12964.66096,12767.6598933333,17453.0121066667,18765.57904,17754.4493866667,16879.24192,14202.58,16971.75792,15250.77712,20656.05648,20386.1051733333,17369.7416,18706.5031466667,17931.39616,12999.4078933333,10534.4641066667,10005.1504533333,9969.69514666667,12447.78048,12856.6340266667,11756.5790933333,11544.2502933333,12155.8940266667,11965.30496,12435.8602666667,11460.7110933333,8723.76416,10241.2586133333,10080.79984,9177.35514666667
458,"MYS","Malaysia",169653.080586667,142880.086026667,158974.132746667,171314.484746667,175402.4584,141592.3488,127867.090293333,109689.876373333,125504.482026667,90295.0664,82983.33456,105317.35648,114975.269653333,89389.0935466667,90737.1768533333,89842.6234666667,99141.5501333333,112655.43248,128531.092586667,162620.423413333,149630.517493333,202193.858453333,198527.57456,234181.274613333,223990.750186667,166091.330613333,123559.508693333,106443.841066667,89463.77808,77466.9016533333,70430.65376,76033.60592,65164.56976,62682.86928,61281.8656
462,"MDV","Maldives",0,0,0,0,0,0,0,0,0,0,0,0,0.1832,-0.03664,0.7328,0,0,0.7328,0,0,0.29312,0.03664,0,0,0,0.10992,0.03664,0.10992,0,0,0,0,0.03664,0.03664,0.03664
466,"MLI","Mali",4522.91488,8843.99221333333,44733.4096,34011.5074666667,31612.11264,66684.9221333333,40097.0084266667,25512.9327466667,14150.1603733333,11059.85728,12426.52928,27498.7352533333,54291.28336,19180.7224533333,31791.09904,16803.2627733333,14105.9847466667,18126.3331733333,17670.77584,15066.1725866667,14221.8404266667,15280.9806933333,16974.7868266667,16474.47984,16371.1306133333,20899.3216533333,18721.8553066667,19238.7235733333,19489.5488,18707.0771733333,20401.5428266667,13225.9652266667,14698.53904,15349.44864,15856.6928
470,"MLT","Malta",NA,NA,NA,NA,NA,NA,NA,NA,NA,NA,NA,NA,NA,NA,NA,NA,NA,NA,NA,NA,NA,NA,NA,NA,NA,NA,NA,NA,NA,NA,NA,NA,NA,NA,NA
584,"MHL","Marshall Islands",NA,NA,NA,NA,NA,NA,NA,NA,NA,NA,NA,NA,NA,NA,NA,NA,NA,NA,NA,NA,NA,NA,NA,NA,NA,NA,NA,NA,NA,NA,NA,NA,NA,NA,NA
478,"MRT","Mauritania",NA,NA,NA,NA,NA,NA,NA,NA,NA,NA,NA,NA,NA,NA,NA,NA,NA,NA,NA,NA,NA,NA,NA,NA,NA,NA,NA,NA,NA,NA,NA,NA,NA,NA,NA
480,"MUS","Mauritius",-0.76944,-3.77392,6.49749333333333,-1.79536,-6.24101333333333,-2.05184,14.5582933333333,-4.09146666666667,-15.9994666666667,10.1248533333333,204.133653333333,68.3580266666667,21.69088,19.7245333333333,339.603946666667,83.9178133333333,41.5253333333333,19.12608,5.60592,57.4759466666667,1.59994666666667,-13.4590933333333,-5.33722666666667,652.5584,259.63104,185.557173333333,110.17648,83.3071466666667,57.9522666666667,-5.30058666666667,35.8949866666667,34.84464,19.7001066666667,12.1889066666667,7.65776
484,"MEX","Mexico",196432.951253333,136086.41936,108213.1256,99985.8212266667,105215.692693333,100711.439786667,91159.3795733333,100219.1936,101818.3464,92215.9061866667,96244.2177066667,82693.0602666667,78074.5760533333,73236.54496,65912.39216,60945.7180266667,64719.2960533333,51568.7970133333,44329.05056,38632.1168,38787.54368,33699.01712,32264.5855466667,31791.9173333333,31620.9184533333,24891.2496533333,-9974.66597333333,-5493.34970666667,-13344.4834133333,43669.6526933333,18422.0546133333,-3947.32490666667,-11324.61792,-15591.9810133333,-16618.4139733333
583,"FSM","Micronesia",NA,NA,NA,NA,NA,NA,NA,NA,NA,NA,NA,NA,NA,NA,NA,NA,NA,NA,NA,NA,NA,NA,NA,NA,NA,NA,NA,NA,NA,NA,NA,NA,NA,NA,NA
498,"MDA","Moldova",-636.644426666667,-823.15424,-788.01648,-851.73344,-716.82496,-764.23712,-784.254773333333,-775.52224,-1079.75637333333,-1168.27861333333,-1192.94954666667,-1011.01973333333,-1081.68608,-1116.43301333333,-1223.75157333333,-1132.7256,-1146.38010666667,-1132.59125333333,-1213.29696,-952.554506666667,-1021.53541333333,-955.0216,-2570.12501333333,-2190.156,-2031.688,-1983.97050666667,-1852.12757333333,-2438.96602666667,-1978.88976,-1921.75578666667,-1518.48373333333,-1395.75194666667,-1596.91776,-1676.13344,-1716.32752
492,"MCO","Monaco",NA,NA,NA,NA,NA,NA,NA,NA,NA,NA,NA,NA,NA,NA,NA,NA,NA,NA,NA,NA,NA,NA,NA,NA,NA,NA,NA,NA,NA,NA,NA,NA,NA,NA,NA
496,"MNG","Mongolia",21686.7274666667,20057.6764266667,12811.61568,9217.58586666667,8172.39322666667,8197.78474666667,55821.99264,61951.42496,35924.6650666667,30727.5864,29567.8449066667,23808.41552,7784.10693333333,-740.616533333334,-1749.93861333333,1309.48917333333,1289.92341333333,-272.320693333333,2031.8712,1681.776,2648.30256,585.1408,-944.054026666666,-883.659093333333,-1083.04176,-1185.34064,-1098.90688,-1311.83413333333,-4659.54544,-2993.40250666667,-3523.08256,-3021.67637333333,-3423.66602666667,-3565.27962666667,-3713.30522666667
499,"MNE","Montenegro",-912.616906666667,-1218.53648,-1088.37898666667,-1291.82869333333,-758.2648,-1105.30666666667,-971.21648,-967.14944,-1452.45845333333,-1374.5496,-1211.35504,-1513.31749333333,-1399.14725333333,-846.151946666667,-733.801493333333,-2310.28634666667,-2094.98970666667,-1674.70448,-1786.02901333333,-2068.91424,-2166.79189333333,-2052.23082666667,-2484.50954666667,-2315.84341333333,-2445.67114666667,-2311.89850666667,-2399.60245333333,-2472.79696,-1447.08458666667,-1534.36106666667,-1476.71413333333,-1665.03152,-1824.92848,-1883.97994666667,-1903.43578666667
504,"MAR","Morocco",12305.9104,16121.19696,12899.7226666667,14035.72144,7261.55946666667,11252.6447466667,6466.78901333333,7789.15104,1817.58826666667,1446.48613333333,-2879.98949333333,-1494.86314666667,15457.8786133333,461.88384,-2717.69872,-4732.92314666667,-3796.67344,-3015.59413333333,-2426.47178666667,-2367.65237333333,402.649173333333,6996.37136,6855.22186666667,-1408.40496,-2733.99130666667,16689.4222933333,13346.2787733333,1920.47338666667,-9393.95861333333,7559.65029333333,1822.49802666667,-970.96,-4493.12656,-5514.34442666667,-6217.08741333333
508,"MOZ","Mozambique",25874.83824,26061.51904,22568.3469333333,25786.82896,30709.6572266667,33538.64384,39657.8047466667,41785.4406933333,40898.6183466667,40083.9768,45124.4072533333,60996.0491733333,53768.1496533333,53375.7352533333,65219.9572266667,52263.2471466667,59493.35728,61304.6801066667,59278.6957333333,56980.0120533333,49049.2107733333,43340.57664,40599.5016,41029.1666666667,41812.1268266667,32349.3582933333,26161.91264,24038.11168,16587.9417066667,12821.1542933333,10333.2738666667,10361.4378133333,13902.0465066667,12851.55328,12019.05584
104,"MMR","Myanmar",71903.7405333333,75821.7290133333,83632.0946133333,79533.2999466667,91350.9701333333,89625.7146666667,92091.5378133333,89755.06608,106836.511946667,122391.535413333,124416.041973333,114888.994666667,116030.318453333,121433.655893333,132758.676853333,155527.481226667,182082.455573333,187649.26848,176638.826346667,155668.252106667,143623.8536,136802.010773333,128056.94656,125749.017386667,119585.48544,120330.095733333,122704.416586667,117767.689546667,99877.1103466667,90323.8898666667,90219.4658666667,89069.1408533333,88674.296,88346.22144,85152.276
516,"NAM","Namibia",948.401973333333,1417.29626666667,3345.52512,5202.74565333333,5906.61226666667,3162.48389333333,2810.44677333333,2671.22698666667,2553.77136,2571.52954666667,2656.38778666667,2731.93946666667,2855.63610666667,2817.9824,2809.81168,2748.52517333333,2807.28352,2932.07936,3530.17850666667,3764.07605333333,3894.2824,4100.85872,3898.54485333333,3853.89290666667,4093.604,4104.46165333333,4118.95888,4182.07738666667,4243.91349333333,4540.51429333333,4835.30752,5036.7176,5416.308,5201.81744,4775.60874666667
520,"NRU","Nauru",NA,NA,NA,NA,NA,NA,NA,NA,NA,NA,NA,NA,NA,NA,NA,NA,NA,NA,NA,NA,NA,NA,NA,NA,NA,NA,NA,NA,NA,NA,NA,NA,NA,NA,NA
524,"NPL","Nepal",18322.7357866667,18557.3783466667,18396.4432533333,18035.9545066667,18889.6665066667,17244.2373866667,16535.3999466667,16081.9310933333,20899.52928,17887.4648,18903.4675733333,17510.3781333333,17182.2425066667,18241.33392,17148.17952,17654.2023466667,16253.02768,16188.5657066667,15670.0608533333,14645.0934933333,15195.04768,12994.99888,10781.75968,9249.87792,8705.05333333333,9882.80949333333,9912.46346666667,9059.7896,7258.46949333333,7294.97514666667,7276.82613333333,6978.42997333333,6483.13045333333,5984.86309333333,5179.62581333333
528,"NLD","Netherlands",4037.56922666667,4278.72149333333,4343.95290666667,4464.93818666667,4810.66101333333,4970.99765333333,6375.75082666667,5006.47738666667,7146.58314666667,6382.90784,5431.81893333333,5597.46837333333,6514.42101333333,7711.85285333333,8858.94133333333,10653.4464,9363.352,8503.99744,8230.05237333333,8437.23936,7259.44656,6455.66266666667,7301.14288,6926.07141333333,7102.22432,7575.94288,7261.18085333333,6493.81712,5893.12874666667,5494.97408,5220.35728,5062.43888,4727.43936,4557.6496,4390.87653333333
540,"NCL","New Caledonia",NA,NA,NA,NA,NA,NA,NA,NA,NA,NA,NA,NA,NA,NA,NA,NA,NA,NA,NA,NA,NA,NA,NA,NA,NA,NA,NA,NA,NA,NA,NA,NA,NA,NA,NA
554,"NZL","New Zealand",7635.34853333333,7843.1584,7527.688,5854.36362666667,7172.4632,4050.03904,3086.01621333333,4729.91866666667,8082.01456,10503.9674133333,12283.3279466667,29115.8416533333,17572.06768,11868.83184,3565.35290666667,-1653.00138666667,7343.55978666667,2250.88069333333,10894.7330133333,3653.7408,543.383413333333,3452.01317333333,2258.75829333333,5394.22629333333,3447.03013333333,2527.28064,3369.15792,4517.84634666667,4846.93461333333,4257.66570666667,7653.71738666667,5247.81285333333,3366.40992,2338.34037333333,1596.74677333333
558,"NIC","Nicaragua",28762.5709866667,30122.03712,35012.78096,39567.4871466667,74523.1097066667,80218.5045866667,85428.0530666667,79601.1938666667,82797.67968,87098.2874666667,83346.73008,75310.1735466667,68754.3493333333,69006.75008,56325.3285333333,45375.1836266667,43557.74192,37268.6202666667,29700.89696,29718.6795733333,28825.1154666667,25103.6273066667,23350.0369066667,20239.3741866667,17082.63056,21474.6795733333,21356.0148266667,22033.57392,17925.1917866667,17116.5469866667,15228.20688,15169.876,16944.6198933333,17441.0918933333,18044.6504
562,"NER","Niger",NA,NA,NA,NA,NA,NA,NA,NA,NA,NA,NA,NA,NA,NA,NA,NA,NA,NA,NA,NA,NA,NA,NA,NA,NA,NA,NA,NA,NA,NA,NA,NA,NA,NA,NA
566,"NGA","Nigeria",122575.846826667,151743.485226667,142645.27248,175418.17696,235761.057066667,183002.84016,144311.097866667,159495.05584,184076.892906667,141930.9024,152608.409066667,121297.70928,101562.52592,98383.6150933333,95500.43792,77297.2584533333,77204.4859733333,68259.9658133333,98080.2725333333,17785.8742933333,5243.69696,-13968.23056,-21609.50256,-21012.0262933333,-18888.17648,-13890.9568,-11842.26784,-425.329333333332,8604.3544,3635.93376,15156.24592,5501.01968,8732.83866666666,10408.1660266667,13234.1359466667
570,"NIU","Niue",NA,NA,NA,NA,NA,NA,NA,NA,NA,NA,NA,NA,NA,NA,NA,NA,NA,NA,NA,NA,NA,NA,NA,NA,NA,NA,NA,NA,NA,NA,NA,NA,NA,NA,NA
408,"PRK","North Korea",NA,NA,NA,NA,NA,NA,NA,NA,NA,NA,NA,NA,NA,NA,NA,NA,NA,NA,NA,NA,NA,NA,NA,NA,NA,NA,NA,NA,NA,NA,NA,NA,NA,NA,NA
807,"MKD","North Macedonia",-349.716586666667,26712.2088,10962.17504,6072.78688,4608.83568,4074.85653333333,3220.85141333333,2795.37552,2691.28128,1608.44714666667,2786.99717333333,3443.08522666667,1954.24325333333,999.844533333333,963.85184,279.465493333333,-243.39952,-70.56864,-474.96432,1927.60597333333,489.412693333333,4763.04122666667,2400.23754666667,1420.08090666667,1228.1728,1039.74549333333,622.428106666667,427.29568,323.360213333333,72.1319466666667,25.1472533333333,-71.0693866666667,-277.242666666667,-416.85328,-529.350293333333
578,"NOR","Norway",989.817386666667,473.7552,784.57232,1706.91104,5782.43930666667,4193.00832,1633.55776,1493.04336,1039.69664,1214.66485333333,1131.95616,1299.4376,1164.99322666667,1437.96122666667,1463.96341333333,1985.50938666667,2106.01834666667,2410.00821333333,2676.62528,2861.26645333333,3192.35770666667,2907.88474666667,3137.53205333333,3623.07312,3954.70176,4334.04789333333,4591.94464,5118.13168,5098.26058666667,5543.54650666667,5403.17866666667,6071.45562666667,6464.81045333333,6610.71093333333,6431.13829333333
512,"OMN","Oman",NA,NA,NA,NA,NA,NA,NA,NA,NA,NA,NA,NA,NA,NA,NA,NA,NA,NA,NA,NA,NA,NA,NA,NA,NA,NA,NA,NA,NA,NA,NA,NA,NA,NA,NA
586,"PAK","Pakistan",-3804.02586666667,-2263.48485333333,3976.09952,2773.01290666667,5390.18368,5379.31381333333,12706.5077333333,13110.1584,10680.0226133333,8062.35109333333,12296.1763733333,9468.97290666667,8777.73488,744.952266666667,-2195.18789333333,462.9464,-1171.40522666667,-6609.59952,-5472.72138666667,-4533.30842666667,8139.83248,7245.71877333333,7832.78928,4813.79984,2517.3512,13129.87072,12850.2464533333,8346.42101333333,-251.777866666667,6680.97424,-131.220053333333,-2605.18949333333,-3700.92090666667,-5176.07173333333,-6069.91674666667
585,"PLW","Palau",0,0,0,0,0,0,0,0,0,0,0,0,0,0,0,0,0,0,0,0,0,0,0,0,0,0,0,0,0,0,0,0,0,0,0
591,"PAN","Panama",13315.81872,13976.4501333333,9110.73141333333,7875.90234666667,11256.57744,10870.2574933333,10544.9797866667,14437.5767466667,25529.7016533333,35319.4699733333,17630.8504533333,14047.3485333333,12162.06176,11210.9850666667,9815.08656,7769.23109333333,11469.3214933333,9165.59370666667,12191.0684266667,20054.9650666667,10921.5168533333,4563.70741333333,6800.46949333333,6684.03978666667,5385.84794666667,5382.61141333333,5648.70330666667,5637.32048,4134.16448,3546.42224,5311.24890666667,3905.56752,3429.80933333333,3048.98538666667,2965.18970666667
598,"PNG","Papua New Guinea",26620.38896,19479.7048533333,21710.73888,22752.92704,25985.3933333333,46572.0658666667,23711.7469866667,39893.0213333333,42901.44624,38315.8525333333,29780.7110933333,29944.3819733333,27623.7875733333,27512.09664,30517.8468266667,32601.31936,55933.78128,48351.7683733333,49262.8952533333,39479.63664,32803.0347733333,33343.24272,34708.7544533333,37783.9252266667,37951.0036266667,35157.7532266667,62812.9901333333,43078.7472,35291.7334933333,32982.2898666667,31628.6494933333,31434.0666666667,27718.19664,29949.2917333333,29613.1319466667
600,"PRY","Paraguay",36272.17104,52034.7112533333,38428.17856,42908.51776,80164.8880533333,58872.2604266667,45181.9686933333,68795.0197333333,66359.3879466667,51388.6869866667,55240.6746133333,54816.9208,52128.7050666667,53374.0253866667,50682.7318933333,48956.2917333333,47978.8586666667,54562.7246933333,46089.1750933333,50438.69728,48044.9083733333,47981.69216,46464.0022933333,48117.7975466667,46971.0021866667,48990.2692266667,44886.16176,41461.6163733333,35997.8351466667,30997.3178666667,27366.0251733333,26594.30128,25877.4274666667,25979.0179733333,24830.8302933333
604,"PER","Peru",63073.5005333333,69753.6076266667,79955.5393066667,85879.6777066667,69778.7060266667,64554.84352,59482.6339733333,61082.9714666667,83143.2925866667,75092.5808,80607.6946666667,74320.4905066667,61332.4043733333,126455.351093333,90875.444,79778.03072,67613.77056,65902.75584,57566.6184533333,54562.5048533333,51778.1701866667,52904.0441066667,48826.9525333333,53364.2302933333,77627.3115733333,52500.5644266667,55487.94576,46236.60224,43719.7884266667,44945.44528,40165.09776,39909.204,38936.66848,40438.79856,39624.36464
608,"PHL","Philippines",97517.8118933333,74566.10064,46604.10144,47121.0063466667,49647.8473066667,65159.07376,93874.86768,56345.3461866667,44357.4587733333,41170.8413333333,37048.68256,33677.9735466667,51060.9544,77249.9562133333,40233.94432,72665.3884266667,96742.2652266667,107804.101066667,89173.2350933333,64248.38656,83188.62848,98210.07584,72020.0358933333,68407.6005866667,57191.2172266667,48129.7055466667,46267.2454933333,45589.9917333333,40053.7488,37208.3718933333,35829.4377066667,31829.3267733333,35185.8072533333,33028.9692266667,33503.8114133333
616,"POL","Poland",-3364.98096,-3327.68144,-3172.108,-2283.4048,-1364.04613333333,-5960.9616,-4014.63258666667,-2228.60357333333,-477.93216,-2262.25130666667,-8107.08853333333,-15587.2544533333,-21409.3870933333,-15136.6679466667,-22163.2306666667,-14936.8944533333,-25268.88592,-14659.2365333333,-16645.11232,-32556.17888,-14899.0941866667,-23812.2138666667,-26045.2020266667,-22086.9706133333,-23768.6000533333,-24644.4792533333,-21634.1002133333,-20834.8352533333,-11943.79728,-5666.85232,-12727.3558933333,-12265.1911466667,-13201.6240533333,-12161.5976533333,-11942.5393066667
620,"PRT","Portugal",1751.44085333333,1540.37002666667,2744.34821333333,1095.26730666667,-373.3616,-4204.26901333333,-5559.91237333333,-656.417813333333,-3.61514666666668,5055.61162666667,135.470293333333,1099.55418666667,-2487.1232,-1269.93018666667,-6427.90176,-4936.86138666667,-5827.37216,164.892213333334,-2193.05056,-4042.43013333333,-3371.80821333333,-2304.98576,135.738986666667,-1223.50730666667,-1863.95008,-2066.00746666667,1.73429333333333,1033.96858666667,8331.64288,3994.18746666667,2364.63568,1975.01813333333,3866.436,4672.62592,5029.32853333333
634,"QAT","Qatar",NA,NA,NA,NA,NA,NA,NA,NA,NA,NA,NA,NA,NA,NA,NA,NA,NA,NA,NA,NA,NA,NA,NA,NA,NA,NA,NA,NA,NA,NA,NA,NA,NA,NA,NA
178,"COG","Republic of Congo",7199.27146666667,6194.12634666667,8141.60341333333,6772.40325333333,10888.6507733333,11877.0514133333,13581.6297066667,26522.5357333333,31505.4780266667,32112.50512,25803.6589333333,18388.73664,14833.77728,16661.3682666667,13632.4371733333,13365.97888,13163.4085333333,18086.6032,18996.99728,19276.0719466667,22893.0139733333,26116.88208,24709.6496,22701.8020266667,13899.5672,20981.896,17093.8301866667,20301.8453866667,14406.9823466667,11955.1312533333,17945.356,16345.1650666667,16521.4401066667,15982.5756266667,16011.2891733333
642,"ROU","Romania",-2029.11098666667,-3902.25770666667,-4690.68944,-5613.37013333333,-4329.69994666667,-5009.76277333333,-3688.56101333333,-4933.05082666667,-3090.19317333333,-856.032533333333,-3992.74629333333,-3116.37856,-1146.84421333333,-8140.07674666667,-2748.35418666667,-6836.20570666667,-11297.8951466667,-9006.112,-7563.61962666667,11775.3143466667,691.17696,-5158.912,-2445.93984,-3399.66682666667,-3437.25946666667,-7037.04176,-7576.04058666667,-2264.20544,12344.63888,-3389.82288,-907.475093333333,-7101.47930666667,-8496.57173333333,-9253.39536,-10116.8413866667
643,"RUS","Russia",331552.917333333,318560.739733333,254113.64224,203424.80368,149963.355253333,96041.2321066667,471618.39184,81301.5952,116220.663253333,148629.891306667,81961.99456,67084.7256,31104.9539733333,69910.4634666667,33706.2840533333,75660.20768,90261.8583466667,148541.039306667,85234.86256,280194.98352,395161.361866667,146023.162933333,377927.6768,276644.93392,166216.9936,431803.853386667,436178.82816,405849.530773333,309008.997066667,285687.783626667,226252.07328,266726.424853333,378219.318986667,388493.785653333,389396.558613333
646,"RWA","Rwanda",549.148106666667,578.10592,-389.08016,-228.01072,168.03104,1403.8616,1909.05392,2304.32624,2844.03344,5666.98666666667,5517.34890666667,4454.71562666667,3002.01290666667,2442.22698666667,1962.49946666667,1808.99008,2013.81989333333,1799.42704,1852.42069333333,2372.37893333333,2356.72144,2613.06709333333,2280.59573333333,2208.12181333333,1844.86064,1644.64746666667,1551.58186666667,611.289546666667,430.19024,1331.65637333333,2335.62901333333,1672.26181333333,1539.62501333333,1318.33162666667,1323.04597333333
652,"BLM","Saint Barthelemy",NA,NA,NA,NA,NA,NA,NA,NA,NA,NA,NA,NA,NA,NA,NA,NA,NA,NA,NA,NA,NA,NA,NA,NA,NA,NA,NA,NA,NA,NA,NA,NA,NA,NA,NA
659,"KNA","Saint Kitts and Nevis",-31.18064,-29.7761066666667,-26.9181866666667,-46.9602666666667,-43.5161066666667,-58.4652266666667,-48.32816,-44.4931733333333,10.4912533333333,-22.5091733333333,-31.4981866666667,-38.8994666666667,-37.15296,-35.2721066666667,-64.3032,-59.0148266666667,-52.9448,-54.37376,-37.3239466666667,-28.6036266666667,-12.5186666666667,-25.8800533333333,-24.1946133333333,-29.312,-29.6661866666667,-32.4874666666667,-26.9181866666667,-28.5792,-29.1776533333333,-28.4937066666667,-27.6509866666667,-26.9181866666667,-25.90448,-24.7930666666667,-23.59616
662,"LCA","Saint Lucia",-9.05008,-8.12186666666667,-5.97232,-4.33573333333333,-29.6173333333333,-30.9363733333333,-31.29056,-57.6469333333333,-32.8416533333333,-63.1795733333333,-63.6681066666667,-75.22192,-85.95744,-85.4322666666667,-61.2498666666667,-69.6770666666667,-40.8780266666667,-84.4063466666667,-73.42656,-89.0962666666667,-55.03328,-43.0764266666667,-50.4044266666667,-57.45152,-64.8528,-61.0056,-49.1220266666667,-50.2090133333333,-59.5522133333333,-68.3458133333333,-55.3141866666667,-57.7934933333333,-52.1142933333333,-48.40144,-47.5342933333333
882,"WSM","Samoa",NA,NA,NA,NA,NA,NA,NA,NA,NA,NA,NA,NA,NA,NA,NA,NA,NA,NA,NA,NA,NA,NA,NA,NA,NA,NA,NA,NA,NA,NA,NA,NA,NA,NA,NA
674,"SMR","San Marino",NA,NA,NA,NA,NA,NA,NA,NA,NA,NA,NA,NA,NA,NA,NA,NA,NA,NA,NA,NA,NA,NA,NA,NA,NA,NA,NA,NA,NA,NA,NA,NA,NA,NA,NA
678,"STP","Sao Tome and Principe",-14.25296,-34.29504,-34.0263466666667,2.82128,-42.28256,-45.1526933333333,-48.9021866666667,118.05408,194.48512,87.4841066666667,66.9290666666667,24.6342933333333,10.36912,37.84912,-2.82128,-11.2973333333333,-17.62384,-26.2586666666667,-20.26192,-24.7075733333333,79.3011733333333,57.2561066666667,9.69738666666667,84.30864,24.7564266666667,171.450773333333,109.907786666667,107.46512,46.4473066666667,42.5634666666667,76.79744,43.2229866666667,62.72768,65.54896,67.0389866666667
682,"SAU","Saudi Arabia",NA,NA,NA,NA,NA,NA,NA,NA,NA,NA,NA,NA,NA,NA,NA,NA,NA,NA,NA,NA,NA,NA,NA,NA,NA,NA,NA,NA,NA,NA,NA,NA,NA,NA,NA
686,"SEN","Senegal",-1246.02869333333,938.191626666667,1735.2704,4474.56229333333,1273.04458666667,5650.85285333333,-3949.71872,-5974.68938666667,16888.21872,8101.36048,1224.66757333333,-2381.30688,-3483.38922666667,-816.656746666667,3777.84048,-2145.61397333333,-895.982346666667,24434.04352,15002.2724266667,10185.8345066667,1418.74965333333,-137.680906666666,-399.730186666667,-538.46144,11588.71904,6439.94410666667,4544.50805333333,3314.10021333333,3475.56048,3348.81050666667,5060.38704,3202.11616,3195.22784,3523.53445333333,3831.06618666667
688,"SRB","Serbia",-4070.99712,-5224.52202666667,-4375.52437333333,-4170.09610666667,-4136.00869333333,-4598.85738666667,-4229.75824,-2709.78448,-8691.76522666667,-8039.02362666667,-8007.29338666667,-7959.38048,-7706.75989333333,-6601.84405333333,-4026.01541333333,-17566.4861866667,-17085.1098666667,-15477.3100266667,-16164.76192,-14232.9789866667,-14149.3542933333,-14936.88224,-16467.04192,-15099.6859733333,-14844.7204266667,-13617.5369066667,-13389.0865066667,-12381.24224,-12095.9021333333,-11106.75648,-10554.0909333333,-10663.3880533333,-10538.9341866667,-10255.8901866667,-9991.81349333333
690,"SYC","Seychelles",0,0,0,0,0,0,0,0,0,0,0,0,0,0,0,0,0,0,0,0,0,0,0,0,0,0,0,0,0,0,0,0,0,0,0
694,"SLE","Sierra Leone",5177.19536,4681.48058666667,4801.31781333333,4436.89637333333,4763.22442666667,4624.87178666667,4624.98170666667,4691.10469333333,5473.42976,7515.54794666667,31052.7419733333,51947.3370666667,75440.91728,72822.0488533333,59147.9397866667,73223.5866133333,40124.94032,32365.4921066667,31073.0527466667,34662.46592,32786.13152,22730.7232,23302.1117866667,16711.8581866667,13419.1557333333,11091.4287466667,11110.2494933333,10298.6490666667,9008.32261333333,8375.78186666667,8265.67866666667,8442.88192,8095.94997333333,8622.24693333333,7976.38144
702,"SGP","Singapore",132.465813333333,126.73776,175.261333333333,163.805226666667,350.266186666667,239.650026666667,198.18576,200.20096,200.029973333333,155.3536,153.252906666667,174.504106666667,182.418346666667,93.9205333333333,122.353173333333,142.663946666667,58.22096,127.665973333333,129.11936,166.333386666667,180.439786666667,233.714346666667,211.205173333333,234.78912,265.64,118.811306666667,119.84944,129.644533333333,106.6224,108.295626666667,135.78784,130.047573333333,123.134826666667,123.232533333333,123.354666666667
534,"SXM","Sint Maarten",NA,NA,NA,NA,NA,NA,NA,NA,NA,NA,NA,NA,NA,NA,NA,NA,NA,NA,NA,NA,NA,NA,NA,NA,NA,NA,NA,NA,NA,NA,NA,NA,NA,NA,NA
703,"SVK","Slovakia",2789.92837333333,2342.16314666667,2137.47989333333,1957.15002666667,2340.39221333333,2340.00138666667,2728.59301333333,2777.44634666667,3252.32517333333,3704.64597333333,2518.73130666667,2691.37898666667,3420.77146666667,2434.86234666667,3982.26725333333,5765.21850666667,7410.96517333333,9447.63621333333,10872.3215466667,12575.4098133333,14948.0208,16584.0945066667,18034.2324266667,20633.9869866667,24411.8641066667,30129.8048,21020.4657066667,12277.6853866667,4996.91434666667,-773.17728,-5399.82,-9361.80090666667,-12824.1343466667,-15623.1005866667,-18434.64656
705,"SVN","Slovenia",-353.050826666667,437.982346666667,-766.484373333333,-1054.47477333333,-1278.71157333333,-1470.43648,-1736.87034666667,-1195.00138666667,-552.20144,-28.79904,226.58176,660.643626666667,468.564533333333,961.409173333333,564.8056,579.75472,586.948373333333,6651.79658666667,2669.85909333333,3380.23541333333,4028.39701333333,4291.88746666667,5052.44837333333,4717.64426666667,4371.79930666667,4624.884,4798.45989333333,4837.87232,3842.93754666667,4101.40832,3262.12026666667,3133.42837333333,2766.95509333333,2529.46682666667,2262.92304
90,"SLB","Solomon Islands",935.236,1134.30112,1081.96698666667,1101.87472,1114.33232,978.21472,979.179573333333,1107.98138666667,1248.48357333333,977.359786666667,1157.21333333333,1357.56085333333,1631.17616,1738.40922666667,2730.4128,2960.41429333333,2223.58389333333,2460.82789333333,2925.34981333333,3534.36768,3257.76010666667,3184.89536,2651.53909333333,4755.77429333333,3618.60304,4175.73866666667,3990.62117333333,3978.39562666667,3524.768,3251.31146666667,3034.708,2895.45157333333,2878.8048,2833.66432,2774.23424
706,"SOM","Somalia",NA,NA,NA,NA,NA,NA,NA,NA,NA,NA,NA,NA,NA,NA,NA,NA,NA,NA,NA,NA,NA,NA,NA,NA,NA,NA,NA,NA,NA,NA,NA,NA,NA,NA,NA
710,"ZAF","South Africa",36395.8432533333,43235.96944,45353.8835733333,39682.7565866667,37072.3275733333,40604.8998933333,39104.00336,35722.09472,35362.07008,34683.49728,30536.10576,27960.3381866667,21556.7776,16775.1354666667,15236.5363733333,10056.0922666667,13903.8296533333,19525.7369066667,13402.5578133333,8476.43194666667,2070.72181333333,1429.88821333333,1866.86906666667,1084.15317333333,276.96176,315.87344,350.803573333333,-253.231253333333,354.369866666666,1452.20197333333,2694.51781333333,3395.92954666667,3409.96266666667,3588.65594666667,3313.84373333333
410,"KOR","South Korea",-4436.43226666667,-7699.60288,-4480.76666666667,-6122.544,-6007.99514666667,-8228.58677333333,-7035.91813333333,-6914.04128,-7045.44453333333,-4297.67658666667,-6181.41226666667,-6732.7832,-7001.32997333333,-6753.96112,-6351.29973333333,-6370.5968,-7001.74522666667,-6979.68794666667,-6336.75365333333,-5700.32906666667,-6300.40677333333,-2203.3464,-7123.25568,-7958.0248,-5043.59370666667,-4679.83178666667,-7254.37802666667,-7362.18512,-5820.59376,-7708.83616,-8217.92453333333,-9540.79952,-6421.19664,-6514.54314666667,-6470.95376
728,"SSD","South Sudan",NA,NA,NA,NA,NA,NA,NA,NA,NA,NA,NA,NA,NA,NA,NA,NA,NA,NA,NA,NA,NA,NA,NA,NA,NA,NA,NA,NA,NA,NA,NA,NA,NA,NA,NA
724,"ESP","Spain",-8902.81162666667,-10819.1446933333,-15973.2324266667,-16258.9022933333,-32105.36032,-2897.07594666667,-9002.66784,-22650.55488,-11393.79424,-11739.9445333333,-17857.52992,-14428.0014933333,-8695.67349333333,-6215.31648,-11053.6773333333,-14729.8784533333,-17558.2299733333,-16252.6368533333,-16315.6698666667,-16743.67392,-20320.83712,3628.59354666667,-15710.93888,-13074.6664533333,-14621.1309333333,-17726.9205333333,-15916.2205866667,-19779.66432,-15644.1197333333,-17801.0432533333,-16204.6018133333,-2651.36810666667,-7925.13429333333,-8805.86218666667,-8692.03392
144,"LKA","Sri Lanka",11349.27664,13074.0802133333,13024.38416,14172.86496,17036.20768,16171.98,16323.1688533333,13229.5559466667,13541.9485866667,11832.8391466667,11313.7969066667,10417.3260266667,11514.37648,12553.74336,36076.33024,18040.4612266667,16639.1522133333,37167.8236266667,25846.69872,20652.6001066667,27475.7009066667,20600.2781866667,15098.35472,12378.4698133333,10663.1804266667,12995.5729066667,11821.2242666667,15883.0247466667,11336.1717333333,9115.93429333333,7857.47242666667,7502.33312,8555.03696,8883.61226666667,8737.32096
670,"VCT","St. Vincent and the Grenadines",-14.5338666666667,-21.03136,-23.9992,-29.7272533333333,-34.8934933333333,-36.4690133333333,8.4272,-29.5562666666667,-31.2050666666667,0.170986666666667,-19.56576,-43.0764266666667,-43.6626666666667,-41.3543466666667,-29.6539733333333,-31.9745066666667,-36.85984,28.72576,34.6858666666667,34.84464,16.1826666666667,4.01818666666667,-9.19664,93.72512,12.23776,-29.64176,-18.21008,-20.6405333333333,-30.9485866666667,-41.0368,-33.7088,-35.6995733333333,-31.5104,-32.09664,-32.1088533333333
275,"PSE","State of Palestine",NA,NA,NA,NA,NA,NA,NA,NA,NA,NA,NA,NA,NA,NA,NA,NA,NA,NA,NA,NA,NA,NA,NA,NA,NA,NA,NA,NA,NA,NA,NA,NA,NA,NA,NA
729,"SDN","Sudan",7735.37573333333,7645.98634666667,63971.9866133333,49829.484,69715.2089066667,54508.6440533333,32268.1274133333,18730.7588266667,12118.53344,9564.42010666667,15614.75888,19337.5172266667,67127.55776,46095.2329066667,52751.6827733333,34178.5492266667,41490.7940266667,33468.8690666667,41136.9981866667,24267.3437333333,56722.1519466667,116438.707893333,61977.5248533333,36867.8397333333,41343.0249066667,36728.3268266667,34870.2757866667,35177.5266133333,25135.0644266667,17711.0920533333,19386.2850666667,17131.4472533333,18014.0071466667,17982.8509333333,18078.3714133333
740,"SUR","Suriname",1746.59216,1844.81178666667,3372.72421333333,2423.10090666667,2793.76336,2892.728,2055.8704,1828.28714666667,2764.89104,2028.85450666667,2596.66458666667,1781.04597333333,3587.056,3527.23509333333,2055.25973333333,1806.99930666667,1302.74741333333,1684.53621333333,4190.21146666667,2165.74154666667,2424.95733333333,1635.59738666667,4229.96586666667,3976.78346666667,2862.36565333333,2402.54586666667,2567.45029333333,2631.47258666667,2541.05728,2595.68752,2166.48656,1972.13578666667,1800.52624,1637.12405333333,1504.37733333333
752,"SWE","Sweden",-12876.32192,-11957.9647466667,-10607.6708266667,-8888.02128,-8082.30768,-4579.80458666667,-5000.45621333333,-5509.63008,-3973.09504,-6639.43669333333,-2451.05722666667,-856.411146666667,-1277.38032,692.8624,4571.42624,7085.50426666667,5389.95162666667,5747.36261333333,6078.38058666667,6421.99050666667,7287.696,4984.12698666667,6005.76010666667,4739.04202666667,4455.94917333333,5251.03717333333,5911.59530666667,6863.68570666667,6089.25045333333,6653.29882666667,5315.97546666667,6962.41829333333,6730.42602666667,6776.90997333333,4865.74314666667
756,"CHE","Switzerland",885.11248,765.4096,666.37168,850.646453333333,760.475413333333,703.573493333333,510.273066666667,580.3776,774.252053333333,413.543466666667,1108.77525333333,1157.31104,776.0352,779.47936,380.921653333333,288.57664,327.30512,357.301066666667,154.9872,52.5906133333333,15.9261866666667,-172.928586666667,-120.606666666667,52.5906133333333,-179.145173333333,-147.891253333333,-202.008533333333,35.3331733333333,-59.4056533333333,-209.556373333333,-343.841973333333,-74.04944,-240.908,-192.567626666667,-177.459733333333
760,"SYR","Syria",NA,NA,NA,NA,NA,NA,NA,NA,NA,NA,NA,NA,NA,NA,NA,NA,NA,NA,NA,NA,NA,NA,NA,NA,NA,NA,NA,NA,NA,NA,NA,NA,NA,NA,NA
158,"TWN","Taiwan",NA,NA,NA,NA,NA,NA,NA,NA,NA,NA,NA,NA,NA,NA,NA,NA,NA,NA,NA,NA,NA,NA,NA,NA,NA,NA,NA,NA,NA,NA,NA,NA,NA,NA,NA
762,"TJK","Tajikistan",1510.64277333333,1577.92602666667,2276.61418666667,1480.08501333333,2087.71056,1579.44048,1550.43381333333,985.481653333333,1122.69845333333,1045.19264,918.30832,892.745813333333,1102.00906666667,1474.93098666667,1524.13850666667,2067.28986666667,1625.13056,1642.16816,2076.43765333333,-21.7153066666667,-766.667573333333,-1030.35344,122.218826666667,737.734186666667,1204.34458666667,1696.37093333333,1974.22426666667,1030.60992,387.76112,132.136053333333,-34.7102933333333,-116.502986666667,-80.5102933333333,-63.0452266666667,0.94042666666662
834,"TZA","Tanzania",45034.2362133333,38581.33376,45964.1594133333,46470.0234666667,49024.0513066667,51886.12384,49365.1941333333,50214.9612266667,56316.81584,48889.6557866667,46734.6375466667,46045.9521066667,56559.5680533333,74756.1401066667,90931.1978666667,100579.80448,127588.565226667,123822.79152,105164.030293333,107800.095093333,125413.688106667,105433.334293333,97529.8420266667,93369.1379733333,103122.65712,95016.2158933333,92633.2235733333,90781.68224,89411.5538666667,88889.1407466667,76258.86864,64095.59776,68157.65472,72040.5665066667,77586.73888
764,"THA","Thailand",98550.5102933333,71990.78496,59017.8677866667,68695.2612266667,77941.0965333333,79933.4576,79331.86544,68701.13584,68187.18656,65275.4424,67100.2853866667,69508.3272533333,69014.9085866667,69672.3767466667,71250.07072,73097.2274666667,73558.2685866667,90857.1850666667,83868.52032,81523.4626133333,85920.0427733333,76411.5230933333,62262.7672533333,57517.7895466667,61819.99728,50988.55376,43742.4319466667,41877.9322666667,61092.4123733333,87438.7463466667,94119.76944,62005.02928,70878.9685866667,70809.8655466667,73078.7486933333
626,"TLS","Timor-Leste",7889.56906666667,5810.77424,5713.07978666667,5934.88613333333,4559.05413333333,4067.36976,3477.79552,2723.82981333333,2461.15765333333,2761.74,2704.38618666667,2644.34544,2790.5024,2772.29232,2557.77733333333,2261.62842666667,2201.34341333333,2945.64837333333,2549.75317333333,2307.67269333333,2787.94981333333,2884.72826666667,2638.01893333333,2660.50368,2552.25690666667,2488.4056,2452.15642666667,3669.22730666667,2783.83392,2901.98570666667,3313.09872,3673.20885333333,2967.71786666667,2877.14378666667,2925.22768
768,"TGO","Togo",3302.21664,3374.49514666667,3769.69418666667,3673.29434666667,4390.37578666667,4593.49573333333,6040.16506666667,5490.96810666667,4887.37296,4825.80554666667,4381.58218666667,3667.41973333333,3130.72922666667,2058.93594666667,2936.63493333333,4648.28474666667,3333.38506666667,3795.36661333333,3310.38736,1987.76885333333,2260.00405333333,6475.66810666667,3316.6528,1717.71984,951.931626666667,568.823786666667,575.003733333333,1445.77776,1011.01973333333,523.2192,513.851573333333,606.269866666667,717.289066666667,947.07072,1242.84101333333
776,"TON","Tonga",NA,NA,NA,NA,NA,NA,NA,NA,NA,NA,NA,NA,NA,NA,NA,NA,NA,NA,NA,NA,NA,NA,NA,NA,NA,NA,NA,NA,NA,NA,NA,NA,NA,NA,NA
780,"TTO","Trinidad and Tobago",485.211306666667,-85.3956266666667,-248.321493333333,-237.94016,-367.706826666667,-282.799733333333,-413.018293333333,-504.654933333333,-340.703146666667,-320.770986666667,-527.554933333333,-591.638293333333,-451.563573333333,-598.3312,-576.151786666667,-533.380693333333,-506.645706666667,-499.610826666667,-467.404266666667,-463.764693333333,-396.48144,-369.783093333333,-360.049066666667,-309.510293333333,-250.238986666667,-174.650666666667,-139.30528,-127.58048,-125.296586666667,-130.169706666667,-109.26048,-82.9041066666667,-67.12448,-87.9848533333333,-83.0750933333333
788,"TUN","Tunisia",300.240373333333,94.9586666666667,923.76768,-411.882453333333,1594.60944,1382.41498666667,720.146986666667,1556.33285333333,1700.40133333333,30.8630933333333,-536.348533333333,-152.336906666667,557.428746666667,337.649813333333,-66.4405333333333,781.38464,1206.53077333333,1946.10917333333,1803.99482666667,6491.96069333333,3607.58661333333,1364.69344,1819.43248,-409.8184,-498.474986666667,166.12576,1981.1248,604.792053333333,326.999786666667,101.553866666667,-19.38256,-102.2256,-154.266613333333,-341.55808,-862.749866666667
792,"TUR","Turkiye",15431.59552,8758.76757333333,7886.22261333333,16902.10528,8684.7792,3522.42304,1943.47109333333,13632.3272533333,11451.53888,1268.37909333333,4394.76037333333,11263.6611733333,-2184.25696,23325.8056533333,10685.3842666667,-5040.1984,-8543.12896,-14545.6158933333,-14318.7043733333,-7470.27312,-15470.4949866667,-6896.68613333333,-8378.81077333333,-2242.99088,-5188.29728,1075.35957333333,-416.88992,1294.66218666667,-20391.00272,-9329.33786666667,8477.16474666667,27156.3344533333,21422.8706133333,20719.3093333333,15010.9561066667
795,"TKM","Turkmenistan",8348.82704,8079.21770666667,9509.11813333333,10012.6616533333,10450.8394133333,11025.41568,11032.4994133333,11442.23232,11224.5296533333,11160.2264533333,9322.71824,10270.08208,11823.5203733333,10233.62528,14240.9909333333,11299.11648,7416.05813333333,6852.4128,5300.39125333333,4873.52304,4281.79925333333,4528.8872,5669.07514666667,3252.47173333333,3894.95413333333,5584.68101333333,4321.40709333333,3560.1256,11443.0872533333,13880.2334933333,7379.72346666667,6235.66389333333,6379.13392,6834.81338666667,6655.43616
796,"TCA","Turks and Caicos Islands",NA,NA,NA,NA,NA,NA,NA,NA,NA,NA,NA,NA,NA,NA,NA,NA,NA,NA,NA,NA,NA,NA,NA,NA,NA,NA,NA,NA,NA,NA,NA,NA,NA,NA,NA
798,"TUV","Tuvalu",NA,NA,NA,NA,NA,NA,NA,NA,NA,NA,NA,NA,NA,NA,NA,NA,NA,NA,NA,NA,NA,NA,NA,NA,NA,NA,NA,NA,NA,NA,NA,NA,NA,NA,NA
800,"UGA","Uganda",20862.0709866667,19296.5537066667,17203.9211733333,15651.54544,15845.4687466667,15226.3993066667,14238.7681066667,14592.2219733333,12828.6410666667,17777.7402133333,16802.5299733333,18101.7843733333,18305.7592533333,16835.5792533333,12392.2953066667,12022.2923733333,14966.9881066667,17337.1442133333,16882.9669866667,18676.58048,18504.3846933333,16607.9715733333,14331.4917333333,13067.3140266667,10685.9705066667,10604.2510933333,10239.4632533333,10322.91696,9601.40208,10902.12208,9998.79952,9362.99781333333,9291.09792,8326.57434666667,8095.57136
804,"UKR","Ukraine",7324.75125333333,11250.97152,8303.66213333333,6176.4048,8412.92261333333,4003.98256,1762.11530666667,-1109.19050666667,-4592.60416,7627.82512,7112.81328,3338.24597333333,1883.14944,2709.1616,1188.052,2749.12362666667,1581.016,4269.50042666667,3423.33626666667,10081.9601066667,6948.82485333333,6116.52282666667,16662.84608,11414.78896,9721.84997333333,13579.48016,10125.6472,11429.2373333333,10115.1193066667,8600.07973333333,8019.81205333333,7519.87146666667,7774.53168,7972.864,7737.95274666667
784,"ARE","United Arab Emirates",NA,NA,NA,NA,NA,NA,NA,NA,NA,NA,NA,NA,NA,NA,NA,NA,NA,NA,NA,NA,NA,NA,NA,NA,NA,NA,NA,NA,NA,NA,NA,NA,NA,NA,NA
826,"GBR","United Kingdom",7866.93776,6782.78458666667,-2136.52725333333,-584.285866666667,2556.28730666667,11485.06448,15403.1750933333,8929.88858666667,2272.4128,831.007413333334,5464.47738666667,5872.76912,7012.40746666667,9006.80816,11920.9217066667,35709.7958933333,25510.9541866667,20493.6557866667,15974.2217066667,13618.7093866667,13653.9204266667,15015.5361066667,17650.91696,16563.8448,14762.32928,19488.8648533333,18558.8683733333,13386.27744,18995.3973333333,13268.8218133333,12050.5051733333,8750.60906666667,7417.47488,6434.1672,5495.49925333333
840,"USA","United States of America",241107.749066667,211457.879413333,169383.617813333,154975.43856,191370.365813333,99939.8013866667,88555.8877333333,100614.661333333,96366.1189866667,136382.189653333,125968.21008,35109.1563733333,96027.5776,210791.190186667,174509.114133333,267475.248746667,-31243.88064,-377.477493333328,89716.8872,69205.0946133333,141696.345333333,-35694.9933333333,57685.1244266667,12917.94496,63699.51936,35235.80864,78701.29104,127482.272586667,78702.4390933333,81334.5589866667,65998.8503466667,76666.0245333333,102751.34736,101213.700906667,92241.78624
858,"URY","Uruguay",-3223.26965333333,-3207.19690666667,-2619.18597333333,-2021.55093333333,-2075.90026666667,-1705.18896,-1349.74432,-825.24272,-183.138933333333,-394.747146666667,32.31648,-242.972053333333,678.988053333333,-152.617813333333,-1358.68448,-282.836373333333,2456.28453333333,14599.90416,20978.7571733333,12518.2392,20608.5344,11350.8765866667,14198.7450133333,14585.9198933333,13606.30064,6182.27941333333,4377.03882666667,4462.5688,3505.28773333333,3140.48768,185.080853333333,782.093013333333,113.413013333333,266.018613333333,2565.00762666667
860,"UZB","Uzbekistan",6063.26048,6291.75973333333,5899.38197333333,5487.04762666667,5492.69018666667,5411.94784,4966.60085333333,4831.11834666667,4533.23514666667,4411.06517333333,4165.55274666667,4047.96277333333,3325.69066666667,2579.65141333333,2388.35397333333,1588.22186666667,983.12448,651.337066666666,354.357653333333,-55.9614933333332,-198.906346666667,-399.840106666667,-736.634986666666,220.60944,1144.43818666667,757.38544,636.47344,605.463786666667,531.487626666667,765.26304,725.374293333333,528.78848,523.536746666667,569.141333333333,624.907413333333
548,"VUT","Vanuatu",1248.3248,1261.96709333333,1117.60549333333,1013.99978666667,1901.22517333333,1309.75786666667,1050.04133333333,1582.65258666667,1157.23776,1240.01973333333,1721.48154666667,1321.65365333333,1250.86517333333,4364.33696,3107.57274666667,2220.13973333333,1664.89717333333,884.611733333333,671.35472,561.862186666667,275.886986666667,15.16896,-20.5306133333334,-114.64656,-277.560213333333,-353.783626666667,-433.536693333333,370.76016,-46.3496,-298.664853333333,-374.705066666667,-403.137706666667,-251.38704,-175.774293333333,-137.351146666667
862,"VEN","Venezuela",NA,NA,NA,NA,NA,NA,NA,NA,NA,NA,NA,NA,NA,NA,NA,NA,NA,NA,NA,NA,NA,NA,NA,NA,NA,NA,NA,NA,NA,NA,NA,NA,NA,NA,NA
704,"VNM","Viet Nam",41461.2133333333,79175.2782933333,64920.1931733333,57946.1722133333,53113.6859733333,125877.843626667,109507.39696,108630.027733333,135797.525173333,156625.362186667,213793.276373333,137533.47952,114470.626933333,126045.251786667,132788.904853333,100095.362613333,81513.4232533333,99052.3683733333,95664.2309333333,147465.166773333,105761.298933333,94910.82704,92975.8930666667,99842.0336533333,281864.021013333,188115.854453333,144174.174186667,120157.899946667,140355.321333333,107881.851146667,96766.45984,91184.8688,93133.5916266667,91797.96592,87273.1824
876,"WLF","Wallis and Futuna Islands",NA,NA,NA,NA,NA,NA,NA,NA,NA,NA,NA,NA,NA,NA,NA,NA,NA,NA,NA,NA,NA,NA,NA,NA,NA,NA,NA,NA,NA,NA,NA,NA,NA,NA,NA
732,"ESH","Western Sahara",NA,NA,NA,NA,NA,NA,NA,NA,NA,NA,NA,NA,NA,NA,NA,NA,NA,NA,NA,NA,NA,NA,NA,NA,NA,NA,NA,NA,NA,NA,NA,NA,NA,NA,NA
887,"YEM","Yemen",NA,NA,NA,NA,NA,NA,NA,NA,NA,NA,NA,NA,NA,NA,NA,NA,NA,NA,NA,NA,NA,NA,NA,NA,NA,NA,NA,NA,NA,NA,NA,NA,NA,NA,NA
894,"ZMB","Zambia",27003.9486933333,32729.9013333333,33902.0149333333,38062.4991466667,39442.85008,37980.5965333333,34796.1408533333,37989.5000533333,36389.16256,34368.75968,33405.1398933333,40625.4182933333,56452.7013866667,51608.0750933333,49447.6707733333,61871.62304,56690.1163733333,66329.7461866667,91541.5103466667,80618.9431466667,85129.0218133333,88612.9850666667,75571.4778133333,67079.63264,63235.4981866667,61158.0468266667,65150.0114666667,66294.1321066667,61158.2300266667,57338.8764266667,55094.90848,53715.41248,53271.11584,52276.2543466667,51613.7176533333
716,"ZWE","Zimbabwe",24644.68688,11738.4789333333,16311.9936533333,27542.03152,23632.6412266667,28173.5463466667,19434.0269866667,18916.1328,28237.6174933333,36448.5804266667,26245.5373333333,24967.9005333333,20808.5033066667,27551.3502933333,27996.03776,30069.9838933333,22513.7289066667,29319.8776,17476.7792533333,13568.59808,20558.7650666667,13881.0151466667,5284.15973333333,-1800.19648,-2986.46533333333,1732.99872,-705.64976,4337.12565333333,-996.16832,3669.96010666667,-250.446613333333,985.835840000001,-159.774826666667,-659.11696,-1221.47989333333
