"code","iso","country","MHP.raw.2011","MHP.raw.2012","MHP.raw.2013","MHP.raw.2014","MHP.raw.2015","MHP.raw.2016","MHP.raw.2017","MHP.raw.2018","MHP.raw.2019","MHP.raw.2020","MHP.raw.2021","MHP.raw.2022","MHP.raw.2023","MHP.raw.2024","MHP.raw.2025"
4,"AFG","Afghanistan",NA,NA,NA,NA,NA,NA,NA,NA,NA,NA,NA,NA,NA,NA,NA
8,"ALB","Albania",NA,NA,NA,NA,NA,NA,NA,NA,NA,NA,NA,NA,NA,NA,NA
12,"DZA","Algeria",0,0,0,0,0,0,0,0,0,0,0,0,0,0,0
20,"AND","Andorra",NA,NA,NA,NA,NA,NA,NA,NA,NA,NA,NA,NA,NA,NA,NA
24,"AGO","Angola",0,0,0,0,0,0,0,0,0,0,0,0,0,0,0
660,"AIA","Anguilla",13.8148667601683,13.8148667601683,13.8148667601683,13.8148667601683,13.8148667601683,13.8148667601683,13.8148667601683,13.8148667601683,13.8148667601683,13.8148667601683,13.8148667601683,13.8148667601683,13.8148667601683,13.8148667601683,13.8148667601683
28,"ATG","Antigua and Barbuda",24.3757405496312,24.3757405496312,24.3757405496312,32.9733784351947,32.9733784351947,32.9733784351947,32.9733784351947,32.9733784351947,32.9733784351947,32.9733784351947,32.9733784351947,32.9733784351947,33.2044614234545,33.2044614234545,33.2044614234545
32,"ARG","Argentina",21.9473264166002,21.9473264166002,21.9473264166002,21.9473264166002,21.9473264166002,21.9473264166002,21.9473264166002,45.5016274796837,45.5016274796837,45.5016274796837,45.5016274796837,45.5016274796837,45.5016274796837,45.5016274796837,45.5016274796837
51,"ARM","Armenia",NA,NA,NA,NA,NA,NA,NA,NA,NA,NA,NA,NA,NA,NA,NA
533,"ABW","Aruba",0,0,0,0,0,0,0,0,0,0,0,0,43.7863564251719,43.7863564251719,43.7863564251719
36,"AUS","Australia",24.2336140017753,26.4222484245492,27.4968938332985,27.5379766909355,27.5500802978104,27.7362452355887,27.8688263762744,39.480102615782,39.6901114160051,39.6901114160051,39.6901114160051,45.9261830744342,49.2847127589104,50.5025021497532,50.5882866245085
40,"AUT","Austria",NA,NA,NA,NA,NA,NA,NA,NA,NA,NA,NA,NA,NA,NA,NA
31,"AZE","Azerbaijan",NA,NA,NA,NA,NA,NA,NA,NA,NA,NA,NA,NA,NA,NA,NA
44,"BHS","Bahamas",1.26674141584482,4.08489190397855,4.08489190397855,4.08489190397855,11.5831484424366,11.5831484424366,11.5831484424366,11.5831484424366,11.5831484424366,11.5831484424366,11.5831484424366,11.5831484424366,11.5831484424366,11.5831484424366,11.5831484424366
48,"BHR","Bahrain",0,0,0,0,0,0,15.0990099009901,15.0990099009901,15.0990099009901,15.0990099009901,15.0990099009901,15.0990099009901,15.0990099009901,15.0990099009901,15.0990099009901
50,"BGD","Bangladesh",18.032278088144,18.032278088144,18.032278088144,18.032278088144,18.032278088144,18.032278088144,19.8634388578523,19.8634388578523,20.0962135319677,20.0962135319677,70.0962135319677,70.0962135319677,70.0962135319677,70.0962135319677,70.0962135319677
52,"BRB","Barbados",0,0,0,0,0,0,0,0,0,0,0,0,0,0,0
112,"BLR","Belarus",NA,NA,NA,NA,NA,NA,NA,NA,NA,NA,NA,NA,NA,NA,NA
56,"BEL","Belgium",NA,NA,NA,NA,NA,NA,NA,NA,NA,NA,NA,NA,NA,NA,NA
84,"BLZ","Belize",11.1001941056299,11.1001941056299,11.1001941056299,11.1001941056299,12.5464843892377,12.5464843892377,12.5464843892377,12.5464843892377,12.5464843892377,13.9883505004216,13.9883505004216,40.8856979834299,40.8856979834299,40.8856979834299,40.8856979834299
204,"BEN","Benin",NA,NA,NA,NA,NA,NA,NA,NA,NA,NA,NA,NA,NA,NA,NA
60,"BMU","Bermuda",0,0,0,0,0,0,0,0,0,0,0,0,0,0,0
64,"BTN","Bhutan",NA,NA,NA,NA,NA,NA,NA,NA,NA,NA,NA,NA,NA,NA,NA
68,"BOL","Bolivia",NA,NA,NA,NA,NA,NA,NA,NA,NA,NA,NA,NA,NA,NA,NA
70,"BIH","Bosnia and Herzegovina",NA,NA,NA,NA,NA,NA,NA,NA,NA,NA,NA,NA,NA,NA,NA
72,"BWA","Botswana",NA,NA,NA,NA,NA,NA,NA,NA,NA,NA,NA,NA,NA,NA,NA
76,"BRA","Brazil",30.0780554484223,30.0780554484223,30.2435635583197,30.778753127363,30.778753127363,30.778753127363,30.778753127363,44.5350126899071,44.5350126899071,44.5350126899071,44.5350126899071,44.5350126899071,44.5350126899071,44.5773736049028,44.5773736049028
92,"VGB","British Virgin Islands",0.43956043956044,0.43956043956044,0.43956043956044,0.43956043956044,0.43956043956044,0.43956043956044,0.43956043956044,0.43956043956044,0.43956043956044,0.43956043956044,0.43956043956044,0.43956043956044,0.43956043956044,0.43956043956044,0.43956043956044
96,"BRN","Brunei Darussalam",0,0,0,0,0,0,0,0,0,0,0,0,0,0,0
100,"BGR","Bulgaria",NA,NA,NA,NA,NA,NA,NA,NA,NA,NA,NA,NA,NA,NA,NA
854,"BFA","Burkina Faso",NA,NA,NA,NA,NA,NA,NA,NA,NA,NA,NA,NA,NA,NA,NA
108,"BDI","Burundi",NA,NA,NA,NA,NA,NA,NA,NA,NA,NA,NA,NA,NA,NA,NA
132,"CPV","Cabo Verde",1.55194049055942,1.55194049055942,1.55194049055942,3.02252872585353,3.02252872585353,3.02252872585353,3.02252872585353,3.02252872585353,3.02252872585353,3.02252872585353,3.02252872585353,3.02252872585353,3.02252872585353,3.02252872585353,3.02252872585353
116,"KHM","Cambodia",NA,NA,NA,NA,NA,NA,NA,NA,NA,NA,NA,NA,NA,NA,NA
120,"CMR","Cameroon",NA,NA,NA,NA,NA,NA,NA,NA,NA,NA,NA,NA,NA,NA,NA
124,"CAN","Canada",9.63652557186559,9.63652557186559,9.91430334964339,9.91430334964339,9.91430334964339,9.91430334964339,11.2668206189898,11.6125443657573,12.7532386069577,12.7532386069577,12.7532386069577,14.1967446111241,14.1967446111241,23.921362649012,23.921362649012
136,"CYM","Cayman Islands",14.2043255549264,14.2043255549264,14.2043255549264,14.2043255549264,14.2043255549264,14.2043255549264,14.2043255549264,14.2043255549264,14.2043255549264,14.2043255549264,14.2043255549264,14.2043255549264,14.2043255549264,14.2043255549264,14.2043255549264
140,"CAF","Central African Republic",NA,NA,NA,NA,NA,NA,NA,NA,NA,NA,NA,NA,NA,NA,NA
148,"TCD","Chad",NA,NA,NA,NA,NA,NA,NA,NA,NA,NA,NA,NA,NA,NA,NA
152,"CHL","Chile",20.3880706469857,20.3880706469857,20.3880706469857,20.3880706469857,20.3880706469857,22.7167627035513,25.2979659170169,32.7995952045223,44.3053303604562,44.3053303604562,44.3053303604562,44.3053303604562,44.3053303604562,44.3053303604562,44.3053303604562
156,"CHN","China",6.64757228587017,6.64757228587017,6.93126022913257,6.93126022913257,6.93126022913257,6.93126022913257,6.93126022913257,6.93126022913257,6.93126022913257,6.93126022913257,6.93126022913257,7.96949710142039,7.96949710142039,7.96949710142039,7.96949710142039
170,"COL","Colombia",32.8506602945343,32.8506602945343,35.1175421096045,35.178891802856,35.178891802856,35.178891802856,44.6699871097562,48.8640876794319,48.8640876794319,48.8640876794319,48.8640876794319,50.6445189859368,50.6445189859368,50.6445189859368,50.6445189859368
174,"COM","Comoros",23.3458694450669,23.3458694450669,23.3458694450669,23.3458694450669,23.3458694450669,23.3458694450669,23.3458694450669,23.3458694450669,23.3458694450669,23.3458694450669,23.3458694450669,23.3458694450669,23.3458694450669,23.3458694450669,23.3458694450669
184,"COK","Cook Islands",0,0,0,0,0,0,48.4579151543414,48.4579151543414,48.4579151543414,48.4579151543414,48.4579151543414,48.4579151543414,48.4579151543414,48.4579151543414,48.4579151543414
188,"CRI","Costa Rica",38.3572295667131,38.3572295667131,38.3572295667131,38.3572295667131,38.3572295667131,38.3572295667131,38.3572295667131,38.3572295667131,38.3572295667131,38.3572295667131,38.3572295667131,44.9705538668865,44.9705538668865,44.9705538668865,44.9705538668865
384,"CIV","Cote d'Ivoire",0,0,0,0,0,0,0,0,0,0,0,0,0,0,0
191,"HRV","Croatia",0.536193029490617,0.536193029490617,28.0160857908847,34.82399960282,34.82399960282,34.82399960282,34.82399960282,34.82399960282,34.82399960282,34.82399960282,34.82399960282,34.82399960282,37.0581372256975,37.0581372256975,37.0581372256975
192,"CUB","Cuba",33.5162582949553,36.6095004291132,36.6095004291132,36.6095004291132,36.6095004291132,36.6095004291132,36.6095004291132,36.6095004291132,36.6095004291132,36.6095004291132,36.6095004291132,36.6095004291132,36.6095004291132,36.6095004291132,36.6095004291132
531,"CUW","Curacao",NA,NA,NA,NA,NA,NA,NA,NA,NA,NA,NA,NA,NA,NA,NA
196,"CYP","Cyprus",20,20,20,20,20,20,20,20,20,20,24.1273109156321,24.1273109156321,24.1273109156321,24.1273109156321,24.1273109156321
203,"CZE","Czechia",NA,NA,NA,NA,NA,NA,NA,NA,NA,NA,NA,NA,NA,NA,NA
180,"COD","Dem. Rep. Congo",NA,NA,NA,NA,NA,NA,NA,NA,NA,NA,NA,NA,NA,NA,NA
208,"DNK","Denmark",48.3949913795622,48.3949913795622,48.3949913795622,48.3949913795622,48.3949913795622,48.4446684784197,48.4446684784197,48.4446684784197,48.4446684784197,48.4446684784197,48.6433768738494,48.6433768738494,48.6433768738494,48.6433768738494,49.9349814441425
262,"DJI","Djibouti",0,0,0,0,0,0,0,0,0,0,0,0,0,0,0
212,"DMA","Dominica",2.47243839169909,2.47243839169909,2.47243839169909,2.47243839169909,2.47243839169909,2.47243839169909,2.47243839169909,2.47243839169909,2.47243839169909,2.47243839169909,2.47243839169909,2.47243839169909,2.47243839169909,2.47243839169909,2.47243839169909
214,"DOM","Dominican Republic",49.974469816454,49.974469816454,49.974469816454,52.7934856629928,52.7934856629928,52.7934856629928,52.7934856629928,52.7934856629928,52.7934856629928,52.7934856629928,52.7934856629928,59.6506285201357,59.6506285201357,59.6506285201357,59.6506285201357
218,"ECU","Ecuador",44.3512883362534,46.8817761411315,46.8817761411315,46.8817761411315,46.8817761411315,46.8817761411315,48.0098249216193,48.0098249216193,48.0098249216193,48.0098249216193,48.0098249216193,49.434704006503,49.434704006503,49.434704006503,49.434704006503
818,"EGY","Egypt",17.1669876536283,17.1669876536283,17.1669876536283,17.1669876536283,17.1669876536283,17.1669876536283,17.1669876536283,17.1669876536283,17.1669876536283,17.1669876536283,17.1669876536283,17.1669876536283,17.1669876536283,17.1669876536283,17.1669876536283
222,"SLV","El Salvador",0,0,0,0,0,0,0,0,0,0,0,0,0,0,0
226,"GNQ","Equatorial Guinea",37.7803335250144,37.7803335250144,37.7803335250144,37.7803335250144,37.7803335250144,37.7803335250144,37.7803335250144,37.7803335250144,37.7803335250144,37.7803335250144,37.7803335250144,37.7803335250144,37.7803335250144,37.7803335250144,37.7803335250144
232,"ERI","Eritrea",0,0,0,0,0,0,0,0,0,0,0,0,0,0,0
233,"EST","Estonia",82.4882629107981,82.4882629107981,82.4882629107981,82.4882629107981,82.4882629107981,82.4882629107981,82.4882629107981,82.4882629107981,82.4882629107981,82.4882629107981,82.4882629107981,82.4882629107981,82.4882629107981,82.4882629107981,82.4882629107981
748,"SWZ","Eswatini",NA,NA,NA,NA,NA,NA,NA,NA,NA,NA,NA,NA,NA,NA,NA
231,"ETH","Ethiopia",NA,NA,NA,NA,NA,NA,NA,NA,NA,NA,NA,NA,NA,NA,NA
234,"FRO","Faeroe Islands",0,0,0,0,0,0,0,0,0,0,0,0,0,0,0
238,"FLK","Falkland Islands",0,0,0,0,0,0,0,0,0,0,0,0,0,0,0
242,"FJI","Fiji",21.0261374624994,21.0261374624994,21.0261374624994,21.0261374624994,21.0261374624994,21.0261374624994,21.0261374624994,21.1783444640214,21.1783444640214,21.1783444640214,21.1783444640214,21.1783444640214,21.1783444640214,21.1783444640214,21.1783444640214
246,"FIN","Finland",NA,NA,NA,NA,NA,NA,NA,NA,NA,NA,NA,NA,NA,NA,NA
250,"FRA","France",65.5843361394835,66.2751153367738,66.4645092761678,69.4009282493963,71.482822887585,72.3398741380166,72.5311536520394,72.7806797670654,72.9791169330826,72.9791169330826,72.9791169330826,72.9791169330826,72.9791169330826,72.9791169330826,72.9791169330826
258,"PYF","French Polynesia",1.7392701315639,1.7392701315639,1.7392701315639,1.83469584481173,1.83469584481173,4.8889522489766,4.8889522489766,4.8889522489766,4.8889522489766,4.8889522489766,4.8889522489766,4.8889522489766,4.8889522489766,4.8889522489766,37.3228842079182
266,"GAB","Gabon",NA,NA,NA,NA,NA,NA,NA,NA,NA,NA,NA,NA,NA,NA,NA
270,"GMB","Gambia",NA,NA,NA,NA,NA,NA,NA,NA,NA,NA,NA,NA,NA,NA,NA
268,"GEO","Georgia",NA,NA,NA,NA,NA,NA,NA,NA,NA,NA,NA,NA,NA,NA,NA
276,"DEU","Germany",NA,NA,NA,NA,NA,NA,NA,NA,NA,NA,NA,NA,NA,NA,NA
288,"GHA","Ghana",0,0,0,0,0,0,0,0,0,0,0,0,0,0,0
300,"GRC","Greece",34.1399350713076,34.1438025751751,34.1438025751751,34.1438025751751,34.1438025751751,34.1438025751751,34.1438025751751,34.1438025751751,34.1438025751751,34.1438025751751,34.1438025751751,34.1438025751751,34.1438025751751,34.1438025751751,34.1438025751751
304,"GRL","Greenland",6.33991538370474,6.33991538370474,6.33991538370474,6.33991538370474,6.33991538370474,6.33991538370474,6.33991538370474,6.33991538370474,6.33991538370474,6.33991538370474,6.33991538370474,6.33991538370474,6.33991538370474,6.33991538370474,6.33991538370474
308,"GRD","Grenada",1.78571428571428,1.78571428571428,1.78571428571428,1.78571428571428,1.78571428571428,1.78571428571428,1.78571428571428,3.41614906832298,3.41614906832298,3.41614906832298,3.41614906832298,3.41614906832298,3.41614906832298,3.41614906832298,3.41614906832298
320,"GTM","Guatemala",20.0980392156863,20.0980392156863,20.0980392156863,20.0980392156863,20.0980392156863,20.0980392156863,20.0980392156863,20.0980392156863,20.0980392156863,20.0980392156863,20.0980392156863,20.0980392156863,20.0980392156863,20.0980392156863,20.0980392156863
831,"GGY","Guernsey",NA,NA,NA,NA,NA,NA,NA,NA,NA,NA,NA,NA,NA,NA,NA
324,"GIN","Guinea",27.2054565680704,27.2054565680704,27.2054565680704,27.2054565680704,27.2054565680704,27.2054565680704,27.2054565680704,27.2054565680704,27.2054565680704,27.2054565680704,27.2054565680704,27.2054565680704,27.2054565680704,27.2054565680704,27.2054565680704
624,"GNB","Guinea-Bissau",13.8597198657605,13.8597198657605,13.8597198657605,31.752539481814,31.752539481814,31.752539481814,31.752539481814,31.752539481814,31.752539481814,31.752539481814,31.752539481814,31.752539481814,31.752539481814,31.752539481814,31.752539481814
328,"GUY","Guyana",NA,NA,NA,NA,NA,NA,NA,NA,NA,NA,NA,NA,NA,NA,NA
332,"HTI","Haiti",0,0,13.0693069306931,13.0693069306931,13.0693069306931,13.0693069306931,18.3708370837084,18.3708370837084,18.3708370837084,18.3708370837084,18.4185697806057,18.4185697806057,18.4185697806057,18.4185697806057,18.4185697806057
336,"VAT","Holy See",NA,NA,NA,NA,NA,NA,NA,NA,NA,NA,NA,NA,NA,NA,NA
340,"HND","Honduras",18.9148208018393,18.9148208018393,21.2612095909158,21.2612095909158,21.2612095909158,27.1790353862676,28.9701488434189,28.9701488434189,28.9701488434189,28.9701488434189,29.2100027882397,29.2100027882397,29.2100027882397,29.2100027882397,29.2100027882397
344,"HKG","Hong Kong",NA,NA,NA,NA,NA,NA,NA,NA,NA,NA,NA,NA,NA,NA,NA
348,"HUN","Hungary",NA,NA,NA,NA,NA,NA,NA,NA,NA,NA,NA,NA,NA,NA,NA
352,"ISL","Iceland",15.2797074207257,15.2797074207257,15.2797074207257,30.1763239620791,30.1763239620791,30.1763239620791,30.1763239620791,30.1763239620791,30.1763239620791,30.1763239620791,30.1763239620791,30.1763239620791,30.1763239620791,30.1763239620791,30.1763239620791
356,"IND","India",3.48632738408005,3.48632738408005,3.48632738408005,3.48632738408005,3.48632738408005,3.48632738408005,3.48632738408005,3.48632738408005,9.27679632006882,9.27679632006882,9.27679632006882,9.54031978065791,9.54031978065791,9.54031978065791,9.54031978065791
360,"IDN","Indonesia",6.69601240241796,7.07892985167162,7.0995573622568,8.44411151928471,8.44411151928471,9.13949721047829,9.35821933331666,10.6551118475747,12.3364600982284,13.7704257970439,14.4283964943888,17.8531951197141,20.1861898757593,20.527732770249,20.9785366766199
364,"IRN","Iran",24.281357956442,24.281357956442,24.281357956442,24.281357956442,24.281357956442,24.281357956442,24.281357956442,24.281357956442,24.281357956442,24.281357956442,24.281357956442,24.281357956442,24.281357956442,24.281357956442,24.281357956442
368,"IRQ","Iraq",NA,NA,NA,NA,NA,NA,NA,NA,NA,NA,NA,NA,NA,NA,NA
372,"IRL","Ireland",35.5880422158259,35.5880422158259,35.5880422158259,35.5880422158259,35.5880422158259,36.1574003938797,36.1574003938797,37.3769125890017,43.4744735646115,43.4744735646115,45.9134979548554,45.9134979548554,46.5232540524163,46.5232540524163,46.5232540524163
833,"IMN","Isle of Man",NA,NA,NA,NA,NA,NA,NA,NA,NA,NA,NA,NA,NA,NA,NA
376,"ISR","Israel",NA,NA,NA,NA,NA,NA,NA,NA,NA,NA,NA,NA,NA,NA,NA
380,"ITA","Italy",34.3510921007865,34.3510921007865,34.3510921007865,34.3510921007865,34.3510921007865,34.8056375553319,36.7365328519307,39.2866319490459,39.5167574720584,39.8933265097153,39.9351675138994,39.9874687691296,39.9874687691296,39.9874687691296,39.9874687691296
388,"JAM","Jamaica",10.0630465566654,10.0630465566654,10.0630465566654,10.0630465566654,10.0630465566654,10.0630465566654,10.0630465566654,10.0630465566654,10.0630465566654,10.0630465566654,10.0630465566654,10.0630465566654,10.0630465566654,10.0630465566654,10.0630465566654
392,"JPN","Japan",18.862814845381,27.1983549406694,44.7077501450568,45.4877272227758,45.4877272227758,45.4877272227758,45.5531594502941,46.0760352672875,46.0760352672875,59.6143779565058,63.7810446231725,63.7830452590109,63.7830452590109,63.7830452590109,63.7830452590109
832,"JEY","Jersey",NA,NA,NA,NA,NA,NA,NA,NA,NA,NA,NA,NA,NA,NA,NA
400,"JOR","Jordan",NA,NA,NA,NA,NA,NA,NA,NA,NA,NA,NA,NA,NA,NA,NA
398,"KAZ","Kazakhstan",NA,NA,NA,NA,NA,NA,NA,NA,NA,NA,NA,NA,NA,NA,NA
404,"KEN","Kenya",12.8243633152469,13.205051921742,13.205051921742,13.205051921742,13.205051921742,13.205051921742,13.205051921742,13.205051921742,13.205051921742,13.205051921742,13.205051921742,13.205051921742,13.205051921742,13.205051921742,13.205051921742
296,"KIR","Kiribati",7.90572874451638,7.90572874451638,7.95608121178728,7.95608121178728,7.95608121178728,7.95608121178728,7.95608121178728,7.95608121178728,7.95608121178728,7.95608121178728,7.95608121178728,7.95608121178728,7.95608121178728,7.95608121178728,7.95608121178728
689,"XKX","Kosovo",NA,NA,NA,NA,NA,NA,NA,NA,NA,NA,NA,NA,NA,NA,NA
414,"KWT","Kuwait",7.82076838071678,7.82076838071678,7.82076838071678,9.40806996801836,9.40806996801836,9.40806996801836,9.40806996801836,9.40806996801836,9.40806996801836,9.40806996801836,9.40806996801836,10.1657046139978,10.1657046139978,10.1657046139978,10.1657046139978
417,"KGZ","Kyrgyzstan",NA,NA,NA,NA,NA,NA,NA,NA,NA,NA,NA,NA,NA,NA,NA
418,"LAO","Laos",NA,NA,NA,NA,NA,NA,NA,NA,NA,NA,NA,NA,NA,NA,NA
428,"LVA","Latvia",NA,NA,NA,NA,NA,NA,NA,NA,NA,NA,NA,NA,NA,NA,NA
422,"LBN","Lebanon",0,0,0,0,0,0,0,0,0,0,0,0,0,0,0
426,"LSO","Lesotho",NA,NA,NA,NA,NA,NA,NA,NA,NA,NA,NA,NA,NA,NA,NA
430,"LBR","Liberia",0,0,0,0,0,0,0,0,0,0,0,0,0,0,0
434,"LBY","Libya",0,0,0,0,0,0,0,0,0,0,0,0,0,0,0
438,"LIE","Liechtenstein",NA,NA,NA,NA,NA,NA,NA,NA,NA,NA,NA,NA,NA,NA,NA
440,"LTU","Lithuania",NA,NA,NA,NA,NA,NA,NA,NA,NA,NA,NA,NA,NA,NA,NA
442,"LUX","Luxembourg",NA,NA,NA,NA,NA,NA,NA,NA,NA,NA,NA,NA,NA,NA,NA
446,"MAC","Macao",NA,NA,NA,NA,NA,NA,NA,NA,NA,NA,NA,NA,NA,NA,NA
450,"MDG","Madagascar",1.58604872640715,1.58604872640715,1.58604872640715,1.58604872640715,12.8168522632479,12.8168522632479,15.0456170041591,15.0456170041591,15.0456170041591,15.2448201914102,15.3166266917881,15.3166266917881,15.3166266917881,15.3166266917881,15.3166266917881
454,"MWI","Malawi",NA,NA,NA,NA,NA,NA,NA,NA,NA,NA,NA,NA,NA,NA,NA
458,"MYS","Malaysia",7.77635047398734,7.77635047398734,7.80938102724911,7.80938102724911,7.81943633142205,14.4931353797386,14.4931353797386,14.4931353797386,14.4931353797386,14.4931353797386,14.4931353797386,14.4931353797386,14.4931353797386,14.4931353797386,14.4931353797386
462,"MDV","Maldives",0.721910112359551,0.721910112359551,0.721910112359551,0.721910112359551,0.721910112359551,0.721910112359551,0.721910112359551,0.777465667915106,1.029747425416,1.0760437217123,1.15937705504563,1.15937705504563,1.35382149949008,1.3954361478463,1.3954361478463
466,"MLI","Mali",NA,NA,NA,NA,NA,NA,NA,NA,NA,NA,NA,NA,NA,NA,NA
470,"MLT","Malta",56.6013483076254,56.6013483076254,56.6013483076254,56.6013483076254,56.6013483076254,57.8844152414682,57.8844152414682,57.8844152414682,57.8844152414682,57.8844152414682,57.8844152414682,57.8844152414682,57.8844152414682,57.8844152414682,57.8844152414682
584,"MHL","Marshall Islands",4.80704887130846,4.94305282778719,5.0624434433289,5.0624434433289,5.0624434433289,5.0624434433289,5.0624434433289,5.0624434433289,5.0624434433289,5.0624434433289,5.0624434433289,5.0624434433289,5.0624434433289,5.0624434433289,5.0624434433289
478,"MRT","Mauritania",28.277289187791,28.277289187791,28.277289187791,28.277289187791,28.277289187791,28.277289187791,28.277289187791,28.277289187791,28.277289187791,28.277289187791,28.277289187791,28.277289187791,28.277289187791,28.277289187791,28.277289187791
480,"MUS","Mauritius",17.3046379713046,17.3046379713046,17.3046379713046,17.3046379713046,17.3046379713046,17.3046379713046,17.3046379713046,17.3046379713046,17.3046379713046,17.3046379713046,17.3046379713046,17.3046379713046,17.3046379713046,17.3046379713046,17.3046379713046
484,"MEX","Mexico",35.031570952464,35.4263306944115,35.4263306944115,35.4263306944115,35.4263306944115,48.7745984335999,49.8868141178659,49.8868141178659,49.8868141178659,49.8868141178659,49.8868141178659,49.8868141178659,49.8868141178659,50.0943684269827,50.0943684269827
583,"FSM","Micronesia",0,0,0,0,0,0,0,0,0,0,0,0,0,0,0
498,"MDA","Moldova",NA,NA,NA,NA,NA,NA,NA,NA,NA,NA,NA,NA,NA,NA,NA
492,"MCO","Monaco",0,0,0,0,0,0,0,0,0,0,0,0,0,0,0
496,"MNG","Mongolia",NA,NA,NA,NA,NA,NA,NA,NA,NA,NA,NA,NA,NA,NA,NA
499,"MNE","Montenegro",NA,NA,NA,NA,NA,NA,NA,NA,NA,NA,NA,NA,NA,NA,NA
504,"MAR","Morocco",0,0,0,0,0,0,0,0,0,0,0,0,0,0,0
508,"MOZ","Mozambique",10.5376309251448,15.1159532810229,15.1159532810229,15.1159532810229,15.1159532810229,15.1159532810229,15.1159532810229,15.1159532810229,23.6632646981721,23.6632646981721,23.6632646981721,23.6632646981721,23.6632646981721,23.6632646981721,23.6632646981721
104,"MMR","Myanmar",2.12377698400373,2.12377698400373,2.12377698400373,2.12377698400373,2.12377698400373,2.12377698400373,2.30108194854273,2.30108194854273,2.30108194854273,2.32444643452404,2.32444643452404,2.32444643452404,2.32444643452404,2.32444643452404,2.32444643452404
516,"NAM","Namibia",0,0,0,0,0,0,0,0,0,0,0,0,0,0,0
520,"NRU","Nauru",0,0,0,0,0,0,0,0,0,0,0,0,0,0,0
524,"NPL","Nepal",NA,NA,NA,NA,NA,NA,NA,NA,NA,NA,NA,NA,NA,NA,NA
528,"NLD","Netherlands",72.2502137726798,72.2502137726798,72.2502137726798,72.2502137726798,96.1784125009086,96.1784125009086,96.1784125009086,96.1784125009086,96.1784125009086,96.1784125009086,96.1784125009086,96.1784125009086,96.1784125009086,96.1784125009086,96.1784125009086
540,"NCL","New Caledonia",24.7425815680989,24.7425815680989,25.4364749405381,68.7424649509352,68.7424649509352,68.7424649509352,68.7424649509352,68.7424649509352,68.7424649509352,68.7424649509352,68.7424649509352,68.7424649509352,68.7424649509352,68.7424649509352,68.7424649509352
554,"NZL","New Zealand",19.3339888484193,19.3339888484193,19.3339888484193,19.3369507887735,19.3369507887735,19.3369507887735,19.3369507887735,19.3369507887735,19.3369507887735,19.3369507887735,19.3369507887735,19.3369507887735,19.3369507887735,19.3369507887735,19.3369507887735
558,"NIC","Nicaragua",44.3056999299458,44.3056999299458,44.3056999299458,44.3056999299458,44.3056999299458,44.3056999299458,44.3056999299458,44.3056999299458,44.3056999299458,44.3056999299458,44.3056999299458,44.3056999299458,44.3056999299458,44.3056999299458,44.3056999299458
562,"NER","Niger",NA,NA,NA,NA,NA,NA,NA,NA,NA,NA,NA,NA,NA,NA,NA
566,"NGA","Nigeria",0,0,0,0,0,0,0,0,0,0,0,0,0,0,0
570,"NIU","Niue",0,0,0,0,0,0,0,0,0,22.7616623358258,22.7616623358258,22.7616623358258,22.7616623358258,22.7616623358258,22.7616623358258
408,"PRK","North Korea",0,0,0,0,0,0,0,0,0,0,0,0,0,0,0
807,"MKD","North Macedonia",NA,NA,NA,NA,NA,NA,NA,NA,NA,NA,NA,NA,NA,NA,NA
578,"NOR","Norway",30.7609705449899,31.0649762674506,31.0649762674506,31.0649762674506,31.0649762674506,32.7996701450016,32.7996701450016,32.7996701450016,32.7996701450016,32.7996701450016,32.7996701450016,33.023203764458,33.023203764458,33.0321451092362,33.0321451092362
512,"OMN","Oman",2.6431718061674,2.6431718061674,2.6431718061674,5.06607929515418,5.06607929515418,5.06607929515418,5.06607929515418,5.06607929515418,5.06607929515418,5.06607929515418,5.06607929515418,5.06607929515418,60.0600168465545,60.0600168465545,60.0600168465545
586,"PAK","Pakistan",0,0,0,0,0,0,0,0,0,0,0,0,0,0,0
585,"PLW","Palau",71.1516390275057,71.1516390275057,71.1516390275057,71.1516390275057,93.9527501649971,93.9527501649971,93.9527501649971,93.9527501649971,93.9527501649971,93.9527501649971,93.9527501649971,93.9527501649971,93.9527501649971,93.9527501649971,93.9527501649971
591,"PAN","Panama",12.7829394403034,12.7829394403034,12.7829394403034,12.7829394403034,20.9773819279876,21.0013972978243,21.0013972978243,21.0013972978243,21.0299361106097,21.0299361106097,21.0299361106097,21.0299361106097,21.0299361106097,21.0299361106097,21.0299361106097
598,"PNG","Papua New Guinea",4.33302150007987,4.33302150007987,4.33302150007987,4.33302150007987,4.33302150007987,4.33302150007987,4.33302150007987,4.33302150007987,4.33302150007987,4.33302150007987,4.33302150007987,4.33302150007987,4.33302150007987,4.33302150007987,4.33302150007987
600,"PRY","Paraguay",NA,NA,NA,NA,NA,NA,NA,NA,NA,NA,NA,NA,NA,NA,NA
604,"PER","Peru",29.0625,29.0625,29.0625,29.0625,29.0625,29.0625,29.0625,29.0625,29.0625,29.0625,32.1495626983736,32.1495626983736,32.1495626983736,32.1495626983736,32.1495626983736
608,"PHL","Philippines",1.3934296062348,1.3934296062348,1.3934296062348,1.3934296062348,1.3934296062348,1.3934296062348,1.3934296062348,5.22151045025975,5.22151045025975,5.22151045025975,5.22151045025975,5.22151045025975,5.22151045025975,5.22151045025975,5.22151045025975
616,"POL","Poland",NA,NA,NA,NA,NA,NA,NA,NA,NA,NA,NA,NA,NA,NA,NA
620,"PRT","Portugal",41.5378499697559,41.5378499697559,41.5378499697559,41.5378499697559,41.7204983715824,44.3036204227745,44.3036204227745,44.3041374639341,44.3041374639341,44.3041374639341,44.3041374639341,44.3041374639341,44.3041374639341,44.3041374639341,44.3041374639341
634,"QAT","Qatar",26.7569546120059,26.7569546120059,26.7569546120059,26.7569546120059,26.7569546120059,26.7569546120059,26.7569546120059,26.7569546120059,26.7569546120059,26.7569546120059,26.7569546120059,26.7569546120059,26.7569546120059,26.7569546120059,26.7569546120059
178,"COG","Republic of Congo",NA,NA,NA,NA,NA,NA,NA,NA,NA,NA,NA,NA,NA,NA,NA
642,"ROU","Romania",NA,NA,NA,NA,NA,NA,NA,NA,NA,NA,NA,NA,NA,NA,NA
643,"RUS","Russia",2.00972794537412,2.00972794537412,2.01926993010694,2.01926993010694,2.01926993010694,2.01926993010694,2.01926993010694,2.01926993010694,2.01926993010694,3.12614015911458,3.12614015911458,3.12614015911458,3.12614015911458,3.12614015911458,3.12614015911458
646,"RWA","Rwanda",NA,NA,NA,NA,NA,NA,NA,NA,NA,NA,NA,NA,NA,NA,NA
652,"BLM","Saint Barthelemy",11.7324561403509,11.7324561403509,11.7324561403509,11.7324561403509,11.7324561403509,11.7324561403509,11.7324561403509,11.7324561403509,11.7324561403509,11.7324561403509,11.7324561403509,11.7324561403509,11.7324561403509,11.7324561403509,11.7324561403509
659,"KNA","Saint Kitts and Nevis",0,0,0,0,0,46.3200684638425,46.3200684638425,46.3200684638425,46.3200684638425,46.3200684638425,46.3200684638425,46.3200684638425,46.3200684638425,46.3200684638425,46.3200684638425
662,"LCA","Saint Lucia",11.6899766899767,11.6899766899767,11.6899766899767,11.6899766899767,11.6899766899767,11.6899766899767,11.6899766899767,11.6899766899767,11.6899766899767,11.6899766899767,11.6899766899767,11.6899766899767,11.6899766899767,11.6899766899767,11.6899766899767
882,"WSM","Samoa",2.25573784365538,2.25573784365538,2.25573784365538,2.25573784365538,2.25573784365538,2.25573784365538,2.25573784365538,2.25573784365538,2.25573784365538,2.25573784365538,2.25573784365538,2.25573784365538,2.25573784365538,2.25573784365538,2.25573784365538
674,"SMR","San Marino",NA,NA,NA,NA,NA,NA,NA,NA,NA,NA,NA,NA,NA,NA,NA
678,"STP","Sao Tome and Principe",0,0,0,0,0,0,0,0,0,0,0,0,0,0,0
682,"SAU","Saudi Arabia",2.60722515733213,2.60722515733213,2.60722515733213,2.60722515733213,2.60722515733213,2.60722515733213,2.60722515733213,4.6322164705874,4.6322164705874,4.6322164705874,4.6322164705874,4.6322164705874,4.6322164705874,4.6322164705874,14.2613312718907
686,"SEN","Senegal",2.15336134453782,2.15336134453782,2.15336134453782,2.15336134453782,2.15336134453782,2.15336134453782,5.09453781512606,5.09453781512606,5.09453781512606,5.09453781512606,5.09453781512606,17.5945378151261,26.4180672268908,26.4180672268908,26.4180672268908
688,"SRB","Serbia",NA,NA,NA,NA,NA,NA,NA,NA,NA,NA,NA,NA,NA,NA,NA
690,"SYC","Seychelles",4.72131405622911,4.72131405622911,4.72131405622911,4.72131405622911,4.72131405622911,4.72131405622911,4.72131405622911,4.72131405622911,4.72131405622911,50.2437052773805,50.2437052773805,50.2437052773805,50.2437052773805,50.2437052773805,50.2437052773805
694,"SLE","Sierra Leone",2.05028434600419,10.7003891050584,10.7003891050584,10.7003891050584,10.7003891050584,10.7003891050584,10.7003891050584,10.7003891050584,10.7003891050584,10.7003891050584,10.7003891050584,10.7003891050584,10.7003891050584,10.7003891050584,10.7003891050584
702,"SGP","Singapore",0,0,0,0,0,0,0,0,0,0,0,0,0,0,0
534,"SXM","Sint Maarten",0,0,0,0,0,0,0,0,0,0,0,0,0,0,0
703,"SVK","Slovakia",NA,NA,NA,NA,NA,NA,NA,NA,NA,NA,NA,NA,NA,NA,NA
705,"SVN","Slovenia",NA,NA,NA,NA,NA,NA,NA,NA,NA,NA,NA,NA,NA,NA,NA
90,"SLB","Solomon Islands",2.68394054791406,2.68394054791406,2.68394054791406,2.68394054791406,2.68394054791406,2.68394054791406,2.68394054791406,2.68394054791406,2.68394054791406,2.68394054791406,2.68394054791406,2.68394054791406,2.68394054791406,2.68394054791406,2.68394054791406
706,"SOM","Somalia",0,0,0,0,0,0,0,0,0,0,0,0,0,0,0
710,"ZAF","South Africa",33.0532903788718,33.0532903788718,39.1723605813006,39.1723605813006,39.1723605813006,39.1723605813006,39.1723605813006,39.1723605813006,48.4670038974587,48.4670038974587,48.4670038974587,48.4670038974587,48.4670038974587,48.4670038974587,48.4670038974587
410,"KOR","South Korea",17.2727272727272,17.2727272727272,17.2727272727272,17.2727272727272,17.2727272727272,17.2727272727272,17.2727272727272,17.2727272727272,17.2727272727272,17.2727272727272,17.2727272727272,17.2727272727272,17.2727272727272,17.2727272727272,17.2727272727272
728,"SSD","South Sudan",NA,NA,NA,NA,NA,NA,NA,NA,NA,NA,NA,NA,NA,NA,NA
724,"ESP","Spain",49.8538553277168,49.8538553277168,49.8538553277168,57.4034391767506,57.4210634277199,57.4386876786892,57.4386876786892,58.1878298593952,58.3905087455425,58.3905087455425,58.3905087455425,58.4162700235696,58.644035089317,58.644035089317,58.644035089317
144,"LKA","Sri Lanka",7.51942501942501,7.51942501942501,7.51942501942501,7.51942501942501,12.941194925731,12.9483174328535,12.9483174328535,12.9483174328535,12.9483174328535,12.9483174328535,12.9483174328535,12.9483174328535,12.9483174328535,12.9483174328535,12.9483174328535
670,"VCT","St. Vincent and the Grenadines",10.7317073170732,10.7317073170732,10.7317073170732,10.7317073170732,10.7317073170732,10.7317073170732,10.7317073170732,10.7317073170732,10.7317073170732,10.7317073170732,10.7317073170732,10.7317073170732,10.7317073170732,10.7317073170732,10.7317073170732
275,"PSE","State of Palestine",NA,NA,NA,NA,NA,NA,NA,NA,NA,NA,NA,NA,NA,NA,NA
729,"SDN","Sudan",15.6905983679617,15.6905983679617,15.6905983679617,15.6905983679617,15.6905983679617,15.6905983679617,15.6905983679617,15.6905983679617,15.6905983679617,15.6905983679617,15.6905983679617,15.6905983679617,15.6905983679617,15.6905983679617,15.6905983679617
740,"SUR","Suriname",37.8240740740741,37.8240740740741,37.8240740740741,37.8240740740741,37.8240740740741,37.8240740740741,37.8240740740741,37.8240740740741,37.8240740740741,37.8240740740741,37.8240740740741,37.8240740740741,37.8240740740741,37.8240740740741,37.8240740740741
752,"SWE","Sweden",NA,NA,NA,NA,NA,NA,NA,NA,NA,NA,NA,NA,NA,NA,NA
756,"CHE","Switzerland",NA,NA,NA,NA,NA,NA,NA,NA,NA,NA,NA,NA,NA,NA,NA
760,"SYR","Syria",0,0,0,0,0,0,0,0,0,0,0,0,0,0,0
158,"TWN","Taiwan",11.101470968807,11.1473846510844,11.1473846510844,11.1473846510844,11.1473846510844,11.1473846510844,11.1473846510844,11.1473846510844,11.1473846510844,11.1473846510844,11.1473846510844,11.1473846510844,11.1473846510844,11.1473846510844,11.1473846510844
762,"TJK","Tajikistan",NA,NA,NA,NA,NA,NA,NA,NA,NA,NA,NA,NA,NA,NA,NA
834,"TZA","Tanzania",37.565761566286,37.565761566286,37.565761566286,37.565761566286,37.565761566286,37.565761566286,37.565761566286,37.565761566286,37.565761566286,37.565761566286,37.565761566286,37.565761566286,37.565761566286,37.565761566286,37.565761566286
764,"THA","Thailand",13.317666347133,13.317666347133,13.4388784683451,13.4388784683451,18.4970867759882,25.3608115656202,32.6254526519214,33.1103011367699,33.1103011367699,33.1103011367699,33.1103011367699,33.3200199287691,33.3200199287691,33.3200199287691,33.5159505994549
626,"TLS","Timor-Leste",NA,NA,NA,NA,NA,NA,NA,NA,NA,NA,NA,NA,NA,NA,NA
768,"TGO","Togo",NA,NA,NA,NA,NA,NA,NA,NA,NA,NA,NA,NA,NA,NA,NA
776,"TON","Tonga",3.75358928198642,3.75358928198642,3.75358928198642,3.75358928198642,3.75358928198642,3.75358928198642,3.75358928198642,3.75358928198642,3.75358928198642,3.75358928198642,3.75358928198642,3.75358928198642,3.75358928198642,3.75358928198642,3.75358928198642
780,"TTO","Trinidad and Tobago",7.56896551724138,7.56896551724138,7.56896551724138,7.56896551724138,7.56896551724138,7.56896551724138,7.56896551724138,7.56896551724138,7.56896551724138,7.56896551724138,7.56896551724138,7.56896551724138,7.56896551724138,7.56896551724138,7.56896551724138
788,"TUN","Tunisia",25.7667573583972,25.7667573583972,25.7729408854811,25.7729408854811,25.7729408854811,25.7729408854811,25.7729408854811,25.7729408854811,25.7729408854811,25.7729408854811,25.7729408854811,25.7729408854811,25.7729408854811,25.7729408854811,25.7729408854811
792,"TUR","Turkiye",15.8730158730159,15.8730158730159,15.8730158730159,15.8730158730159,15.8730158730159,15.8730158730159,15.8730158730159,15.8730158730159,15.8730158730159,15.8730158730159,15.8730158730159,15.8730158730159,15.8730158730159,15.8730158730159,15.8730158730159
795,"TKM","Turkmenistan",NA,NA,NA,NA,NA,NA,NA,NA,NA,NA,NA,NA,NA,NA,NA
796,"TCA","Turks and Caicos Islands",16.6366113420993,16.6366113420993,16.6366113420993,16.6366113420993,16.6366113420993,16.6366113420993,16.6366113420993,16.6366113420993,16.6366113420993,16.6366113420993,16.6366113420993,16.6366113420993,16.6366113420993,16.6366113420993,16.6366113420993
798,"TUV","Tuvalu",0.383836653159886,0.383836653159886,0.383836653159886,0.383836653159886,0.383836653159886,0.383836653159886,0.383836653159886,0.383836653159886,0.383836653159886,0.383836653159886,0.383836653159886,0.383836653159886,0.383836653159886,0.383836653159886,0.383836653159886
800,"UGA","Uganda",NA,NA,NA,NA,NA,NA,NA,NA,NA,NA,NA,NA,NA,NA,NA
804,"UKR","Ukraine",68.4262510974539,68.4262510974539,68.4262510974539,68.4262510974539,68.4262510974539,68.4262510974539,68.4262510974539,68.4262510974539,68.4262510974539,68.4262510974539,68.4262510974539,68.4262510974539,68.4262510974539,68.4262510974539,68.4262510974539
784,"ARE","United Arab Emirates",36.6606105033053,36.6606105033053,36.6606105033053,36.977869386554,36.977869386554,36.977869386554,40.79601107713,40.79601107713,40.79601107713,40.79601107713,40.79601107713,40.79601107713,40.79601107713,40.79601107713,40.79601107713
826,"GBR","United Kingdom",38.3829896707837,50.9044008926569,51.0176526424741,52.1579163996805,52.1579163996805,74.4606149849023,74.4606149849023,74.5904851147725,78.0527958827816,82.27165121262,82.27165121262,82.27165121262,82.27165121262,82.27165121262,82.27165121262
840,"USA","United States of America",45.0796413946406,45.0810876479898,45.0810876479898,45.0810876479898,45.0810876479898,45.0810951137095,45.0810951137095,45.0810951137095,45.0810951137095,45.0810951137095,45.0810951137095,45.0810951137095,45.0810951137095,45.0810951137095,45.0810951137095
858,"URY","Uruguay",12.9432624113475,12.9432624113475,12.9432624113475,12.9432624113475,22.3404255319149,22.3404255319149,22.3404255319149,22.3404255319149,22.3404255319149,22.3404255319149,22.3404255319149,22.3404255319149,22.3404255319149,22.3404255319149,22.3404255319149
860,"UZB","Uzbekistan",NA,NA,NA,NA,NA,NA,NA,NA,NA,NA,NA,NA,NA,NA,NA
548,"VUT","Vanuatu",2.60684598893933,2.60684598893933,2.60684598893933,2.60684598893933,2.60684598893933,2.60684598893933,2.60684598893933,2.60684598893933,2.60684598893933,2.60684598893933,2.60684598893933,2.60684598893933,2.60684598893933,2.60684598893933,2.60684598893933
862,"VEN","Venezuela",14.7420539367949,14.7420539367949,14.7420539367949,14.7420539367949,14.7420539367949,14.7420539367949,14.7420539367949,14.7420539367949,14.7420539367949,14.7420539367949,14.7420539367949,14.7420539367949,14.7420539367949,14.7420539367949,14.7420539367949
704,"VNM","Viet Nam",5.32326649483222,5.32326649483222,5.32326649483222,5.53462423450682,5.53462423450682,5.53462423450682,5.53462423450682,5.53462423450682,5.53462423450682,5.53462423450682,5.53462423450682,5.53462423450682,5.53462423450682,5.53462423450682,5.53462423450682
876,"WLF","Wallis and Futuna Islands",0,0,0,0,0,0,0,0,0,0,0,0,0,0,0
732,"ESH","Western Sahara",NA,NA,NA,NA,NA,NA,NA,NA,NA,NA,NA,NA,NA,NA,NA
887,"YEM","Yemen",4.96843489012901,4.96843489012901,4.96843489012901,4.96843489012901,4.96843489012901,4.96843489012901,4.96843489012901,4.96843489012901,4.96843489012901,4.96843489012901,4.96843489012901,5.00888796456266,5.00888796456266,5.00888796456266,5.00888796456266
894,"ZMB","Zambia",NA,NA,NA,NA,NA,NA,NA,NA,NA,NA,NA,NA,NA,NA,NA
716,"ZWE","Zimbabwe",NA,NA,NA,NA,NA,NA,NA,NA,NA,NA,NA,NA,NA,NA,NA
