"code","iso","country","PPC.raw.1996","PPC.raw.1997","PPC.raw.1998","PPC.raw.1999","PPC.raw.2000","PPC.raw.2001","PPC.raw.2002","PPC.raw.2003","PPC.raw.2004","PPC.raw.2005","PPC.raw.2006","PPC.raw.2007","PPC.raw.2008","PPC.raw.2009","PPC.raw.2010","PPC.raw.2011","PPC.raw.2012","PPC.raw.2013","PPC.raw.2014","PPC.raw.2015","PPC.raw.2016","PPC.raw.2017","PPC.raw.2018","PPC.raw.2019","PPC.raw.2020","PPC.raw.2021","PPC.raw.2022","PPC.raw.2023"
"4","AFG","Afghanistan",NA,NA,0.05,NA,NA,NA,0,0.29,0.46,0.38,0.17,0,0,0.02,0.03,0.23,0.04,0.1,0.16,0.32,0.26,0.47,0.4,0.68,0.64,0.18,0.33,0.39
"8","ALB","Albania",0.31,0.31,2.15,1.47,1.55,2.06,5.8,6.42,7.2,7.52,6.44,6.38,6.01,7.04,7.39,8.02,7.62,7.88,7.89,9.91,11.92,7.34,4.62,5.23,7.97,5.39,1.69,4.19
"12","DZA","Algeria",0.38,1.18,1.02,0.82,0.81,1.12,0.74,0.2,1.77,0.98,0.95,1.53,0.6,1.38,0.91,0.99,1.53,1.86,1.99,1.58,1.44,1.41,1.38,1.36,1.34,1.31,1.29,1.27
"20","AND","Andorra",NA,NA,NA,NA,NA,NA,NA,NA,NA,NA,NA,NA,NA,NA,NA,NA,NA,NA,NA,NA,NA,NA,NA,NA,NA,NA,NA,NA
"24","AGO","Angola",0.14,NA,NA,NA,NA,NA,0.06,0.08,0.2,0.08,0.07,0.12,0.18,0.23,0.37,0.7,0.32,0.36,0.29,0.19,0.22,0.4,0.2,0.31,0.24,0.17,0.5,0.16
"660","AIA","Anguilla",NA,NA,NA,NA,NA,NA,NA,NA,NA,NA,NA,NA,NA,NA,NA,NA,NA,NA,NA,NA,NA,NA,NA,NA,NA,NA,NA,NA
"28","ATG","Antigua and Barbuda",NA,NA,NA,NA,NA,NA,0.25,0.44,0.18,0.08,0.06,NA,0.06,0.18,0.05,0.08,0.1,0.12,0.1,0.12,0.07,0.07,0.03,0.14,0.2,0.13,0.08,0
"32","ARG","Argentina",8.64,8.42,8.82,9.25,8.97,8.89,7.54,10.95,14.57,13.09,15.61,19.15,10.79,7.27,16.56,17.37,14.13,14.12,13.04,9.77,14.79,14.46,15.43,16.87,19.22,19.54,19.37,16.04
"51","ARM","Armenia",NA,NA,NA,NA,NA,NA,0,0,0.4,0.01,0,0,0.01,0,0.01,0.14,0.02,0.19,0.95,0.57,0.11,0.01,0.17,0.37,0.37,0.28,0.27,0.25
"533","ABW","Aruba",NA,NA,NA,NA,NA,NA,0.11,0.07,0.04,0.07,0.11,0.11,0.15,0.09,0.18,0.14,0.42,0.18,0.16,0.16,0.14,0.12,0.21,0.11,0.09,0.09,0.06,0.06
"36","AUS","Australia",54.28,59.41,56.03,56.26,58.35,61.81,55.02,51.47,55.72,51.33,48.19,47.26,38.61,29.7,37.2,39.16,38.67,36.25,38.49,38.75,38.97,39.63,38.01,37.57,39.26,49.65,44.66,29.19
"40","AUT","Austria",6.57,7.52,7.18,6.69,6.06,5.87,5.83,5.56,4.82,4.41,4.23,4.57,5.37,2.1,2.64,3.49,3.11,3.5,3.83,3.66,3.55,3.59,3.22,2.98,3.6,2.96,1.71,2.16
"31","AZE","Azerbaijan",NA,0.34,0.35,NA,NA,NA,0.19,0.03,0.04,0.37,0.24,0.15,0.67,0.3,0.23,0.34,0.65,1.05,1.82,0.46,0.05,0.13,0,6.85,5.22,0.53,2.49,2.06
"44","BHS","Bahamas",0.33,0.32,0.32,0.31,0.31,0.61,NA,NA,NA,NA,NA,NA,NA,NA,NA,NA,0.78,0.83,0.72,1.02,1.08,1.17,0.9,0.95,0.45,0.45,NA,NA
"48","BHR","Bahrain",0.33,0.32,0.48,0.22,0.18,0.14,0.09,0.09,0.08,0.08,0.07,0.11,0.05,0.04,0.05,0.06,0.07,0.08,0.07,0.06,0.11,0.06,0.06,0.09,0.05,0.05,0.04,NA
"50","BGD","Bangladesh",0.94,0.92,1.25,1.57,1.86,1.82,2.32,1.42,1.91,2.26,2.04,1.73,0.73,1.13,1.95,2.6,3.22,3.2,3.58,3.81,3.97,3.96,4.34,4.61,4.49,6.64,6.28,6.04
"52","BRB","Barbados",0.76,0.76,0.76,0.76,0.76,0.76,0.19,1.57,0.04,0.49,2.2,2.11,0.65,1.48,4.2,0.89,2.41,0.03,0.1,0.39,1.2,0.59,0.59,0.38,0.47,0.43,0.43,0.18
"112","BLR","Belarus",9.35,9.88,9.92,2.99,7.51,5.03,7.4,8.87,10.25,13.39,21.31,19.97,18.99,24.37,24.62,30.84,23.38,21.96,16.18,14.23,8.03,8.17,11.04,9.35,10.81,10.47,10.77,12.05
"56","BEL","Belgium",NA,NA,NA,NA,NA,NA,4.18,4.16,4.79,4.76,4.48,4.26,1.49,2.13,2.54,2.25,2.23,2.18,1.49,1.59,1.14,1.1,1.14,1.16,1.12,1.12,1.02,0.81
"84","BLZ","Belize",6.18,11.5,11.99,12.01,7.89,9.26,38.42,17.59,9.2,5.52,11.67,5.27,5.34,8.71,4.07,34.99,10.37,24.56,20.29,31.7,34.93,27.3,32.09,38.04,30.86,31.46,10.57,26.83
"204","BEN","Benin",1.62,1.91,2.15,1.49,1.58,1.01,1.35,0.05,0,0.05,0,0,0.04,0.56,1.1,0.3,0.86,0.4,0.33,0,0.59,0,2.23,3.45,2.15,2.1,2.31,3.04
"60","BMU","Bermuda",NA,NA,NA,NA,NA,NA,NA,NA,NA,NA,NA,NA,NA,NA,NA,NA,NA,0.38,0.4,0.35,0.25,0.03,0.25,0,0,0,NA,0.26
"64","BTN","Bhutan",NA,NA,NA,NA,NA,NA,0.28,0.29,0.33,0.33,0.38,0.37,0.35,0.68,0.27,0.39,0.24,0.37,0.42,0.44,0.44,0.33,0.37,0.43,0.49,0.2,0.28,0.23
"68","BOL","Bolivia",0.53,0.87,0.35,0.08,0.42,0.59,0.73,0.57,0.61,0.83,0.43,0.88,0.46,0.82,1.06,0.9,1.08,1.43,1.2,1.21,0.96,1.39,1.12,0.99,1.74,1.51,1.71,1.92
"70","BIH","Bosnia and Herzegovina",0.77,0.75,2.93,1.69,1.68,1.67,1.67,0.85,3.18,2.86,2.49,3.1,2.2,1.18,2.69,2.59,2.68,2.44,2.25,2.52,3.33,3.19,2.34,2.78,3.17,2.08,1.57,2.19
"72","BWA","Botswana",0.07,0.13,0.19,0.18,0.18,0.18,NA,NA,NA,NA,NA,NA,NA,0.45,0.41,0.36,0.12,0.18,0.52,0.93,0.34,0.73,0.62,0.72,0.92,0.52,0.67,1.37
"76","BRA","Brazil",10.38,12.03,11.96,11.38,13.44,14.08,15.2,17.37,21.5,15.59,16.38,21.62,18.72,13.76,17.08,21.96,20.76,24.8,25.48,21.44,19.61,22.34,24.78,23.43,34.67,31.61,27.27,21.02
"92","VGB","British Virgin Islands",NA,NA,NA,NA,NA,NA,NA,NA,NA,NA,NA,NA,NA,NA,NA,NA,NA,NA,NA,NA,NA,NA,NA,NA,NA,NA,NA,NA
"96","BRN","Brunei Darussalam",NA,NA,NA,NA,NA,NA,0.03,0.16,0.28,0.38,0.14,0.91,0.25,0.31,1.41,0.19,0.2,0.18,0.56,0.55,0.54,0.54,0.53,0.52,0.52,0.51,0.51,0.51
"100","BGR","Bulgaria",1.57,1.34,1.11,0.75,0.5,3.31,11.53,21.9,3.01,5.11,10,14.42,16.24,6.26,3.78,6.61,6.7,7.17,7.51,9.19,11.59,9.58,10.86,11.01,11.38,10.61,10.75,11.74
"854","BFA","Burkina Faso",0.59,0.91,1.59,1.6,1.27,0.04,0,1.03,1.07,1.59,1.25,0.9,0.88,0.81,0.48,0.92,0.97,1.3,1.17,1.2,1.57,1.27,1.12,0.65,1.29,0.74,1.21,1.62
"108","BDI","Burundi",0.3,NA,0.2,0.22,0.15,0.15,0.12,0,0.09,0.3,0.08,0.08,0.04,0.07,0.14,0.28,0.25,0.65,0.42,0.35,0.44,0.57,0.82,1.11,1.08,1.05,3.07,2.99
"132","CPV","Cabo Verde",NA,NA,NA,NA,NA,NA,0.01,0.02,0.04,0.04,0.08,0.08,0.05,0.07,0.05,0.08,0.06,0.04,0.03,0.05,0.03,0.04,0.02,0.03,0.06,0.05,0.04,0.03
"116","KHM","Cambodia",0.25,0.26,0.36,NA,NA,NA,1.29,1.09,1.29,1.94,1.96,1.85,1.64,2.15,2.41,2.58,2.94,2.69,2.41,2.05,1.55,2.57,2.34,3.22,3.58,4,2.39,3.39
"120","CMR","Cameroon",0.37,0.51,0.54,0.69,0.51,0.65,0.63,0.72,0.79,0.36,0.65,0.38,0.37,0.24,0.55,0.43,0.61,0.47,0.54,0.56,0.55,0.41,0.7,0.59,0.69,0.49,0.54,0.48
"124","CAN","Canada",23.63,23.85,21.98,21.83,18.47,19.66,20.81,21.54,18.99,21.37,18.8,22.48,20.07,16.61,19.03,23.79,22,24.28,26.44,27.92,26.71,27.79,30.3,29.93,31.28,28.45,26.3,28.63
"136","CYM","Cayman Islands",NA,NA,NA,NA,NA,NA,NA,NA,NA,NA,NA,NA,NA,NA,NA,NA,NA,NA,NA,NA,NA,NA,NA,NA,NA,NA,NA,NA
"140","CAF","Central African Republic",0.03,0.03,0.06,0.05,0.05,0.05,0,0,0.01,0,0.02,0.04,0.02,0.02,0.05,0.05,0.01,0.01,0,0.01,0.02,0.01,0.01,0.01,0.01,0.01,0,0
"148","TCD","Chad",0.32,0.31,0.22,0.24,0.23,0.23,0.21,0.26,0.32,0.18,0.23,0.17,0.2,0.17,0.28,0.31,0.27,0.28,0.25,0.24,0.28,0.32,0.27,0.32,0.28,0.26,0.36,0.34
"152","CHL","Chile",9.84,10.71,11.44,10.75,11.09,11.41,8.06,9.5,10.59,9.55,8.55,9.94,7.46,5.58,7.19,6.82,6.47,7.03,8.33,8.77,6.97,7.18,7.4,5.94,7.09,7.31,4.14,5.08
"156","CHN","China",6.59,7.47,7.56,7.07,6.78,6.95,7.95,7.46,8.24,8.77,9.04,7.77,8.04,9.53,10.55,10.05,10.08,9.98,9.61,9.06,8.86,8.47,7.8,7.4,7.18,7.08,6.72,6.58
"170","COL","Colombia",3.1,3.32,3.36,3.03,3.37,3.34,3.52,3.37,4.58,4.08,4.73,4.44,3.56,3.27,4.42,4.39,5.03,4.28,4.87,4.93,4.78,5.08,4.54,4.49,4.84,4.6,3.71,3.3
"174","COM","Comoros",0.2,0.2,0.19,0.19,0.19,0.18,0.03,0.01,0.02,0.01,0,0,0.01,0.01,0.01,0,0.01,0,0,0.01,0.01,0,0.03,0.05,0.16,0.08,0.1,0.09
"184","COK","Cook Islands",NA,NA,NA,NA,NA,NA,0.73,0.8,0.53,1.26,1.18,0.13,1.06,1.03,0.35,0.34,0.34,0.36,0.23,1.15,0.42,0.25,0.39,0.27,0,0,0,0
"188","CRI","Costa Rica",7.79,8.37,8.72,8.29,7.36,4.54,5.75,7.65,5.56,5.08,5.61,5.62,4.77,3.7,3.76,5.55,4.58,3.67,3.72,4.67,2.2,4.16,3.37,3.08,4.19,3.49,2.7,3.29
"384","CIV","Cote d'Ivoire",0.97,1.56,1.5,0.84,0.63,1.25,1.46,1.72,0.43,0.54,1.09,0.75,0.22,0.31,1,0.4,0.79,1.52,1.44,1.69,2.07,1.63,0.97,2.26,1.73,1.62,0.6,2.01
"191","HRV","Croatia",10.56,12.43,8.55,9.99,11.33,8.9,9.26,14.82,11.33,17.71,19.01,18,21,10.29,23.77,23,7.71,6.76,9.16,7.06,3.2,8.36,8.86,8.64,8.91,8.77,8.3,6.98
"192","CUB","Cuba",2.92,3.18,1.34,2.11,2.19,2.92,2.32,1.03,0.41,1.22,2.24,1.87,2.44,0.5,2.21,1.85,2.54,2.43,1.79,2.46,1.72,1.25,0.68,0.69,0.69,0.69,0.05,0.19
"531","CUW","Curacao",NA,NA,NA,NA,NA,NA,NA,NA,NA,NA,NA,NA,NA,NA,NA,NA,NA,NA,NA,NA,NA,NA,NA,NA,NA,NA,NA,NA
"196","CYP","Cyprus",10.75,8.63,8.2,7.9,5.17,5.35,5.8,6.55,5.1,4.73,4.48,4.21,1.97,4.64,4.64,2.41,4.21,3.76,3.29,3.99,4.35,3.97,4.09,4.1,3.87,3.26,2.72,3.38
"203","CZE","Czechia",4.9,4.56,4.99,3.45,4.23,5.13,4.04,4.48,4.22,4.22,4.57,4.74,3.39,3.37,3.82,4.1,3.91,3.95,3.99,4.62,4.5,5.25,4.88,5.5,4.5,3.43,3.51,2.71
"180","COD","Dem. Rep. Congo",0.04,NA,0.01,0.01,0.01,0,NA,0.01,0.01,0,0,0.01,0.01,0.01,0.01,0.01,0.02,0.02,0.02,0.02,0.02,0.02,0.02,0.02,0.02,0.02,0.03,0.05
"208","DNK","Denmark",10.07,9.46,8.86,7.7,6.74,6.34,6.14,5.94,8.4,7.69,7.32,7.45,7.29,4.05,5.94,6.15,4.11,6.22,5.68,5.82,5.52,8.27,5.86,5.81,6.4,5.91,4.28,3.99
"262","DJI","Djibouti",NA,NA,NA,NA,NA,NA,0.01,0.01,0.01,0.01,0.01,0.01,0.01,0.01,0.01,0.02,0.02,0.02,0.02,0.02,0.02,0.02,0.02,0.01,0.03,0.02,0.02,0.02
"212","DMA","Dominica",13.04,14.43,14.47,14.52,14.6,14.64,2.05,3.6,4.71,6.68,3.55,10.86,0.15,1.66,1.52,4.89,2.83,3.18,3.17,4.57,3.62,1.53,2.52,5.23,2.22,2.86,1.6,0
"214","DOM","Dominican Republic",2.23,2.69,2.44,2.17,1.79,0.28,0.34,0,0,0.37,0.57,1.54,2.12,1.83,2.65,2.23,2.12,2.34,2.21,2.02,2.11,1.89,5.35,0.64,1.14,1.39,0,0
"218","ECU","Ecuador",1.95,2.67,2.41,2.97,2.79,5.97,2.8,2.53,3.19,2.79,2.54,2.59,1.79,2.14,2.54,2.17,2.2,2.52,2.97,2.85,2.49,3.47,3.29,3.16,3.12,3.09,1.99,1.48
"818","EGY","Egypt",1.82,1.97,1.84,2.1,2.1,2.09,1.83,1.85,2.42,2.23,2.9,2.01,2.1,1.71,1.69,1.65,1.75,2.93,2.6,3.34,2.23,2.54,2.1,2.6,2.03,2.04,2.13,2.09
"222","SLV","El Salvador",3.79,2.24,2.72,1.98,2.24,1.49,2.44,1.75,2.1,3.68,2.15,2.68,1.28,1.58,4.2,4.6,3.35,3.05,2.13,2.32,1.74,2.4,2.35,1.37,1.3,1.67,0.75,1.99
"226","GNQ","Equatorial Guinea",NA,NA,NA,NA,NA,NA,0.13,0.08,0.09,0.05,0.06,0.05,0.05,0.04,0.07,0.07,0.06,0.06,0.05,0.05,0.05,0.06,0.05,0.06,0.05,0.05,0.07,0.07
"232","ERI","Eritrea",0.56,0.46,0.69,2.49,2.45,0.77,0.28,0.06,NA,NA,0,0.61,NA,0.48,NA,NA,0.02,0,0.02,0,0,0,0.01,0,0,0,0,0
"233","EST","Estonia",1.79,3.05,3.1,2.85,4.62,2.87,2.91,4.51,5.45,4.64,6.01,6.01,7.17,4.24,4.59,4.62,5.12,5.44,6.58,6.14,6,7.06,7.04,7,8.31,8.53,6.56,4.9
"748","SWZ","Eswatini",1.72,1.79,1.86,1.84,1.82,2.38,2.69,2.13,2.45,1.72,2.27,2.13,1.98,1.96,1.89,2.1,2.15,3.01,2.94,2.97,2.61,2.95,3.46,3.52,3.07,3.66,3.35,3.32
"231","ETH","Ethiopia",1.62,1.26,1.4,1.35,1.2,1.03,0.98,0.38,0.6,0.76,0.8,1.43,1.43,1.45,1.79,1.73,2.3,1.12,1.55,1.89,1.76,1.58,0.11,0.64,1.59,1.7,1.55,1.51
"234","FRO","Faeroe Islands",NA,NA,NA,NA,NA,NA,5.72,3.54,4.25,4.58,4.99,4.42,3.31,3.06,0.2,4.81,1.64,3.84,0.13,0.2,0.17,0.07,0.07,0.08,0.65,0.15,0.06,0.33
"238","FLK","Falkland Islands",NA,NA,NA,NA,NA,NA,NA,NA,NA,NA,NA,NA,NA,NA,NA,NA,NA,NA,NA,NA,NA,NA,NA,NA,NA,NA,NA,NA
"242","FJI","Fiji",4.98,4.93,3.89,2.4,2.38,2.35,3.16,0.07,0.02,0.05,0.03,0.02,0.19,0.64,0.27,0.04,0.42,0.89,2.35,0.69,2.33,3.13,1.73,0.75,1.5,1.86,4.37,0.89
"246","FIN","Finland",11.12,10.9,10.28,10.07,10.05,10.02,10,8.63,8.61,8.39,7.98,7.56,4.71,5.43,5.03,4.45,4.43,4.71,4.97,4.59,4.1,5.1,4.59,4.73,4.75,5.29,3.45,4.21
"250","FRA","France",18.02,17.74,17.2,16.34,13.37,12.67,11.82,12.28,11.16,9.69,8.95,10.12,4.71,2.61,4.38,3.79,6.78,7.51,6.87,6.78,6.29,7.03,6.72,6.08,6.9,6.35,3.63,3.62
"258","PYF","French Polynesia",1.77,1.75,1.72,1.3,1.25,1.14,1.17,0.99,1.13,0.87,0.89,0.96,0.81,0.78,0.77,0.67,0.6,0.64,0.49,0.65,0.45,0.67,0.77,0.51,0.57,0.67,0.47,0.23
"266","GAB","Gabon",0.09,0.08,0.19,0.08,0.08,0.08,0.12,0.1,0.18,0.18,0.2,0.2,0.19,0.18,0.01,0.14,0.48,0.39,0.57,0.86,1.64,2.65,1.7,1.43,0.84,1.18,2.58,1.76
"270","GMB","Gambia",0.31,0.37,0.07,0.07,0.07,0.07,NA,0.42,0.49,0.45,0.44,0.34,0.21,0.36,0.39,0.5,0.16,0.04,0.04,0.02,0.05,0.02,0.29,0.17,0.04,0.17,0.17,0.25
"268","GEO","Georgia",1.04,1.06,0.87,NA,NA,NA,0.63,0.1,0,0.18,0.11,0.1,0.18,0.2,0.21,0.43,0.8,1.58,1.46,1.11,1.41,1.15,0.96,1.31,1.87,1.42,1.08,1.65
"276","DEU","Germany",5.05,4.97,4.96,5.14,4.29,3.85,3.99,3.46,3.69,3.34,3.24,3.9,2.15,2.91,3.54,3.06,3.51,3.5,3.7,3.51,2.79,2.51,2.41,2.97,2.3,1.37,1.38,1.69
"288","GHA","Ghana",0.2,0.33,0.2,0.22,0.14,0.43,0.01,0.13,0.16,0.28,0.66,0.56,0.41,1.35,0.97,0.68,2.63,1.43,0.56,1.28,0.91,1.51,1,1.87,2.65,1.52,1.82,0.73
"300","GRC","Greece",13.72,12.43,11.24,11.09,10.48,10.42,9.89,10.08,9.21,7.93,7.49,6.85,5.79,4.95,6.2,5.17,5.07,5.33,4.74,4.67,4.82,4.75,5.53,5.55,6.06,6.52,5.5,4.79
"304","GRL","Greenland",NA,NA,NA,NA,NA,NA,1.56,1.59,1.75,1.84,0.35,0.37,1.61,1.69,1.6,0.29,1.87,0.37,0.21,0.25,0.96,0.27,0.31,0.31,0.31,0.31,0.32,0.32
"308","GRD","Grenada",NA,NA,NA,NA,NA,NA,0.64,0.33,0.17,0.24,0.38,0.4,0.53,0.38,0.74,0.57,1.33,0.56,0.51,0.5,0.44,0.38,0.69,0.35,0.27,0.29,0.21,0.21
"320","GTM","Guatemala",3.5,4.5,3.98,3.17,3.94,4.45,3.77,3.73,4.12,4.61,3.8,4.04,1.8,2.02,4.52,3.5,4.37,3.84,4.59,3.39,2.42,3.19,3.23,2.84,3.95,3.55,2.43,3.11
"831","GGY","Guernsey",NA,NA,NA,NA,NA,NA,NA,NA,NA,NA,NA,NA,NA,NA,NA,NA,NA,NA,NA,NA,NA,NA,NA,NA,NA,NA,NA,NA
"324","GIN","Guinea",0.12,0.08,0.18,0.17,0.17,0.16,0.04,0.02,0.05,0.01,0,0.01,0.05,0.04,0.01,0.25,0.15,0.28,0,0.02,0.01,0.56,0.63,0.61,0.6,0.58,0.38,0.01
"624","GNB","Guinea-Bissau",0.09,0.09,0.17,0.17,0.57,0.55,0.4,0.46,0.32,0.36,0.65,0.39,0.32,0.42,0.63,0.34,0.61,0.49,0.47,0.61,0.75,0.92,0.83,0.8,0.92,0.78,0.61,0.6
"328","GUY","Guyana",1.84,0.92,1.18,3.67,1.63,1.57,1.67,0.95,0.72,2.1,2,9.7,7.41,2.31,2.71,6.77,8.22,6.66,7.59,7.46,8.56,4.54,5.78,3.29,3.32,4.16,3.22,4.18
"332","HTI","Haiti",0.26,0.26,0.27,0.21,0.32,0.3,0.22,0.54,0.21,0.2,0.24,0.23,0.22,0.52,0.76,0.28,8.57,0.4,0.67,0.22,0.11,0.36,1.66,1.63,0.43,0.31,0.22,0.18
"336","VAT","Holy See",NA,NA,NA,NA,NA,NA,NA,NA,NA,NA,NA,NA,NA,NA,NA,NA,NA,NA,NA,NA,NA,NA,NA,NA,NA,NA,NA,NA
"340","HND","Honduras",3.25,3.99,3.69,4.73,3.28,2.66,0.58,1.13,0.87,1.98,2.71,2.73,2.07,1.43,1.83,2.72,2.1,2.45,2.79,3.59,3.68,3.61,4.02,3.15,4.42,3.23,3.18,3.34
"344","HKG","Hong Kong",NA,NA,NA,NA,NA,NA,0.07,0.06,0.07,0.07,0.06,0.05,0.06,0.06,0.06,0.06,0.06,0.06,0.05,0.05,0.05,0.05,0.04,0.04,0.03,0.03,0.03,0.03
"348","HUN","Hungary",7.25,7.15,3.67,4.76,4.42,6.2,6.12,6.63,7.44,6.06,7.46,8.67,6.1,4.04,4.12,5.06,5.94,7.7,8.36,8.16,9.65,12.08,11.99,11.71,11.5,11.92,6.6,5.62
"352","ISL","Iceland",13.01,15.12,15.32,15.14,14.22,19.2,16.47,11.72,17.13,14.92,17.83,19.19,17.19,13.49,17.65,19.15,21.92,21.06,27.13,11.22,20.39,5.96,5.8,4.11,4.55,4.84,4.1,2.89
"356","IND","India",3.04,3.92,4.04,4.62,3.98,4.05,3.67,3.7,4.08,4.51,4.73,4.63,5.01,5.92,6.59,6.67,5.2,4.35,4.65,5.26,4.99,5.04,5.07,5.37,6.4,5.54,5.56,5.78
"360","IDN","Indonesia",1.63,1.36,1.72,1.52,1.22,1.3,1.15,2.34,1.4,1.42,1.51,1.51,1.49,2.09,2.03,2.32,5.36,3.94,4.91,5.49,5.01,6.12,5.66,2.78,2.42,2.3,2.09,2.07
"364","IRN","Iran",5.95,5.34,5.11,5.52,6.21,4.65,5.03,5.57,6.03,6.46,7.8,5.26,5.09,4.44,5.22,1.85,1.13,2.54,3.05,1.19,1.17,1.39,1.28,1.26,1.25,1.24,1.23,1.21
"368","IRQ","Iraq",4.83,5.03,5.77,5.61,4.8,5.39,4.87,2.57,0.25,2.2,1.92,2.1,2.2,1.54,0.79,0.76,1.54,1.9,0.37,0.31,0.98,1.66,2.38,1.79,1.83,1.79,1.75,1.71
"372","IRL","Ireland",35.18,30.77,31.26,30.64,25.25,25.11,25.56,24.54,21.78,20.52,17.4,13.75,10.34,14.83,14.47,13.72,18.43,17.63,7.64,7.77,7.8,8.71,9.52,8.65,8.88,9.16,6.7,5.92
"833","IMN","Isle of Man",NA,NA,NA,NA,NA,NA,NA,NA,NA,NA,NA,NA,NA,NA,NA,NA,NA,NA,NA,NA,NA,NA,NA,NA,NA,NA,NA,NA
"376","ISR","Israel",3.45,4.07,3.97,2.52,2.45,1.71,1.82,1.83,1.92,1.75,1.78,1.62,1.43,0.86,0.85,0.7,1.14,0.99,0.75,0.71,0.71,0.69,0.72,0.75,0.64,0.6,0.64,0.51
"380","ITA","Italy",10.06,8.76,8.88,8.98,8.8,6.45,5.51,5.47,5.46,4.87,4.61,4.74,3.34,2.86,3,3.3,2.76,2.82,2.78,2.79,2.68,2.73,2.72,2.93,3.76,1.68,1.64,1.68
"388","JAM","Jamaica",2.1,2.34,2.04,1.95,1.99,1.87,1.58,1.85,2.32,1.73,0.68,0.01,0.04,0.82,0.84,1.27,1.34,1.08,1.04,0.34,0.89,0.58,1.58,1.04,0.94,0.94,0.75,0.73
"392","JPN","Japan",4.84,4.69,4.44,4.5,4.59,4.02,3.78,3.8,3.68,3.62,3.66,3.93,2.64,2.42,3.11,2.95,2.76,2.74,2.81,2.71,2.64,2.79,2.66,2.58,2.55,2.38,2.18,2.2
"832","JEY","Jersey",NA,NA,NA,NA,NA,NA,NA,NA,NA,NA,NA,NA,NA,NA,NA,NA,NA,NA,NA,NA,NA,NA,NA,NA,NA,NA,NA,NA
"400","JOR","Jordan",2.27,1.8,0.89,0.95,0.83,0.87,1.87,1.92,0.6,0.58,0.54,0.59,0.72,0.84,0.82,0.8,0.79,0.27,0.08,0.18,0.09,0.07,0.15,0.07,0.04,0.1,0.3,0.3
"398","KAZ","Kazakhstan",3.53,2.18,0.01,0.14,0.32,0.35,0.68,0.9,0.88,1.06,0.83,1.26,0.88,1.57,0.88,2.08,1.2,1.46,1.82,1.83,1.72,2.7,2.02,1.53,4.52,2.42,1.98,2.05
"404","KEN","Kenya",2.77,2.47,1.98,2.86,2.33,1.97,2.31,2.69,2.02,2.6,2.31,2.61,2.49,2.33,1.93,2.47,2.98,3.47,2.76,2.08,2.69,3.26,2.61,2.93,3.2,2.87,1.68,1.82
"296","KIR","Kiribati",NA,NA,NA,NA,NA,NA,0,0,0,0,0,0.01,0,0.13,0,0,0,0.41,0,0.01,0,0,0,0,0,0.02,0,0
"689","XKX","Kosovo",NA,NA,NA,NA,NA,NA,NA,NA,NA,NA,NA,NA,NA,NA,NA,NA,NA,NA,NA,NA,NA,NA,NA,NA,NA,NA,NA,NA
"414","KWT","Kuwait",NA,NA,NA,NA,NA,NA,0,0,0,0,0.42,0.79,0.48,0,0.29,0.19,0.2,0.21,0.21,0.3,0.44,0.53,0.52,0.44,0.59,0.6,0.32,0.72
"417","KGZ","Kyrgyzstan",0.21,0.21,0.22,0.24,0.28,NA,0.04,0.35,0.32,0.39,0.31,0.49,0.33,0.23,0.58,0.35,0.72,1.02,0.84,0.07,0.33,0.07,0.35,0.62,0.42,1.3,1.36,1.34
"418","LAO","Laos",0.26,0.5,0.28,0.63,0.45,0.93,0.63,0.15,0.29,0.47,0.51,0.51,0.33,0.69,0.77,2.28,2.09,2.52,3.45,3.36,2.51,2.47,2.78,3.96,3.89,3.28,1.88,2.06
"428","LVA","Latvia",2.44,3.33,4.44,4.42,4.31,5.6,3.55,4.07,7.34,6.56,6.53,7.26,6.41,5.19,7.7,8.2,9.73,12.14,11.72,12.31,12.98,13.32,13.64,14.01,16.43,17.38,13.86,12.18
"422","LBN","Lebanon",7.44,7.79,7.65,7.52,4.25,4.43,1.43,2.21,3.04,4.05,3.28,3.22,3.67,3.16,3.19,3.14,3.06,1.6,1.56,1.02,1.39,1.16,1.78,1.19,1.03,1.03,1.03,1.02
"426","LSO","Lesotho",1.01,1.01,1.05,0.94,1.21,1.7,0.39,0.26,0.28,0.5,0.32,0.43,0.12,0.13,0.06,0.02,0.04,0.07,0.05,0.03,0.15,0.47,0.86,0.12,0.21,0.16,0.11,0.22
"430","LBR","Liberia",NA,NA,NA,NA,NA,NA,0.19,0.23,0.16,0.18,0.3,0.18,0.15,0.2,0.29,0.17,0.3,0.24,0.23,0.3,0.36,0.44,0.39,0.36,0.41,0.34,0.26,0.25
"434","LBY","Libya",8.1,8.08,5.25,6.65,3.39,8.7,5.69,2,3.58,3.37,3.76,3.05,2.63,3.86,5.03,7.72,7.98,4.8,3.24,1.84,1.61,2.79,1.84,2.23,2.4,1.44,1.79,3
"438","LIE","Liechtenstein",NA,NA,NA,NA,NA,NA,NA,NA,NA,NA,NA,NA,NA,NA,NA,NA,NA,NA,NA,NA,NA,NA,NA,NA,NA,NA,NA,NA
"440","LTU","Lithuania",2.78,5.09,5.19,5.68,5.71,5.76,8.71,9.08,9.48,9.63,11.93,12.07,6.88,10.43,11.3,11.89,13.05,14.06,15.16,15.91,17.74,19,18.33,18.81,19.5,19.76,13.53,13.19
"442","LUX","Luxembourg",NA,NA,NA,NA,NA,NA,4.02,3.97,4.5,4.67,3.61,3.53,2.21,1.99,2.33,2.28,2.23,2.17,2.12,2.08,1.93,1.96,1.38,1.26,1.29,1.35,0.85,0.84
"446","MAC","Macao",NA,NA,NA,NA,NA,NA,NA,NA,NA,NA,NA,NA,NA,NA,NA,NA,NA,NA,NA,NA,NA,NA,NA,NA,NA,NA,NA,NA
"450","MDG","Madagascar",0.32,0.2,0.18,0.14,0.18,0.17,0.1,0.05,0.1,0.24,0.1,0.13,0.11,0.08,0.09,0.07,0.1,0.09,0.16,0.1,0.17,0.15,0.17,0.21,0.24,0.18,0.1,0.13
"454","MWI","Malawi",1.38,1.19,1.1,1.5,1.01,0.47,1.52,1.7,1.9,1.53,1.82,1.87,0.89,1.43,1.19,0.92,1.3,1.58,0.7,1.57,0.82,1.33,1.03,1.06,1.64,1.75,0.95,2.15
"458","MYS","Malaysia",11.03,11.13,10.64,10.29,8.69,6.75,7.34,7.7,7.59,7.76,8.76,9.48,6.42,8.18,7.3,5.39,5.58,6.39,6.06,5.06,5.31,5.9,5.26,3.68,4.56,5.24,4.55,4.19
"462","MDV","Maldives",NA,NA,NA,NA,NA,NA,0.02,0.02,0.02,0.08,0.38,0.02,0.01,0.36,0.33,0.11,0.29,0.62,0.07,0.01,0.03,0.13,0.05,0.05,0.12,0.18,0.09,0.14
"466","MLI","Mali",0.84,1.13,1.45,1.43,1.17,1.18,1.54,1.33,1.29,1.22,1.37,1.07,0.47,1.16,1.81,0.37,0,0.71,1.57,2.37,3.12,1.77,1.72,2.24,1.39,0.61,0.29,0.3
"470","MLT","Malta",NA,NA,0.43,0.33,0.38,0.5,0.38,0.41,0.64,0.31,0.28,0.33,0.29,0.01,0.17,0.31,0.15,0.17,0.15,0.2,0.28,0.27,0.19,0.22,0.79,0.78,0.17,0.15
"584","MHL","Marshall Islands",NA,NA,NA,NA,NA,NA,NA,NA,NA,NA,NA,NA,NA,NA,NA,NA,NA,NA,NA,NA,NA,NA,NA,NA,NA,NA,NA,NA
"478","MRT","Mauritania",NA,0.08,NA,NA,NA,NA,0.16,0.19,0.13,0.15,0.26,0.16,0.13,0.17,0.24,0.13,0.23,0.19,0.18,0.23,0.27,0.34,0.29,0.26,0.3,0.24,0.19,0.18
"480","MUS","Mauritius",6.82,5.91,5.02,4.73,5.01,3.34,3.25,3.3,3.22,4.64,2.68,1.79,4.68,2.15,1.81,1.79,2.72,2.55,3.19,2.42,3.33,3.45,1.89,1.98,1.73,2.51,0.9,NA
"484","MEX","Mexico",3.34,2.73,3.09,3.15,3.19,3.21,3.16,3.14,3.6,3.6,3.37,2.6,1.63,2.47,2.67,2.44,2.57,2.81,3.39,3.82,4.11,3.43,4.06,4.6,2.96,4.96,2.9,3.08
"583","FSM","Micronesia",NA,NA,NA,NA,NA,NA,0,0,0.02,0.01,0.01,0.01,0.01,0,0,0,0.01,0.01,0.01,0.01,0.01,0.01,0,0.01,0,0,0.02,0.04
"498","MDA","Moldova",9.12,0.11,0.02,0.02,0.02,0.2,0.05,0.1,0.2,0.33,0.48,0.52,0.45,0.44,0.66,0.83,1.61,2.43,1.36,4.05,5.3,8.95,7.58,9.11,6.36,6.42,4.39,5.66
"492","MCO","Monaco",NA,NA,NA,NA,NA,NA,NA,NA,NA,NA,NA,NA,NA,NA,NA,NA,NA,NA,NA,NA,NA,NA,NA,NA,NA,NA,NA,NA
"496","MNG","Mongolia",NA,0.42,NA,NA,NA,NA,NA,NA,NA,NA,0,NA,0.01,0.01,0.01,0.01,0,0,0.04,0.6,0.52,0.2,0.27,0,0,0.09,0,0
"499","MNE","Montenegro",NA,NA,NA,NA,NA,NA,NA,NA,NA,NA,1.24,1.08,1.04,0.74,0.93,0.79,0.75,0.93,0.87,0.81,0.99,0.89,0.81,0.95,1.12,1.18,0.55,0.75
"504","MAR","Morocco",4.07,3.6,3.55,3.71,3.83,3.82,7.99,7.42,3.64,3.77,3.31,3.62,3.07,3.42,6.18,6.33,7.47,6.92,6.64,6.47,4.12,4.47,3.69,3.33,2.74,2.72,2.69,2.66
"508","MOZ","Mozambique",0.02,0.15,0.09,NA,0.19,0.11,0.11,0.07,0.18,0.02,0.14,0.05,0.47,0.21,0.11,0.32,0.15,0.1,0.22,0.19,0.09,0.15,0.14,0.32,0.26,0.35,0.04,0.49
"104","MMR","Myanmar",0.76,0.8,0.78,0.65,0.77,0.34,0.18,0.51,1.2,0.17,0.38,1.43,0.28,0.1,0.21,0.66,0.42,0.26,0.28,0.29,0.6,1.81,2.82,3.44,2.67,0.92,1.64,1.65
"516","NAM","Namibia",NA,NA,NA,0.11,0.11,0.11,0.08,0.11,0.18,0.15,0.11,0.14,0.01,0,0.18,0.12,0.44,0.29,0.26,0.25,0.37,0.29,0.4,0.49,0.02,0.02,0.03,0.19
"520","NRU","Nauru",NA,NA,NA,NA,NA,NA,NA,NA,NA,NA,NA,NA,NA,NA,NA,NA,0,0,0,0,0,0,0.01,0,0,0.04,0,0
"524","NPL","Nepal",1.1,1.23,1.36,1.26,0.74,0.98,0.61,0.2,0.34,0.19,0.15,0.05,0.01,0.43,0.37,0.78,0.34,1.25,1.52,1.68,1.68,1.44,1.73,1.96,2.55,2.2,1.2,1.2
"528","NLD","Netherlands",4.16,3.82,3.92,3.64,3.36,3.34,2.95,3.2,3.1,2.95,2.93,2.18,1.61,0.59,1.83,0.89,1.36,0.54,0.54,0.53,0.85,0.74,0.74,0.67,0.77,0.72,0.63,0.52
"540","NCL","New Caledonia",4.88,4.77,1.4,1.37,1.34,1.32,2.29,6.78,1.54,2.24,1.74,2.02,1.5,0.58,0.87,1.18,1.29,1.33,1.46,1.4,1.4,1.4,1.4,1.4,1.39,1.39,1.38,1.37
"554","NZL","New Zealand",103.23,100.37,98.65,105.07,118.37,123.39,86.81,91.48,94.03,107.62,91.58,88.79,77.2,52.74,60.26,66.4,65.51,60.85,66.55,63.07,57.05,63.17,63.25,61.33,59.37,52.27,66.06,37.31
"558","NIC","Nicaragua",2.24,1.85,1.84,1.9,2.13,0.44,2.79,3.86,3,2.04,1.2,2.49,1.87,1.11,0.59,2.49,1.66,2.02,2.17,2.83,2.51,3.5,2.15,2.09,2.96,2.34,1.82,2.28
"562","NER","Niger",0.2,NA,NA,0.13,0.1,0.08,0.15,0.1,0.05,0.12,0.15,0.15,0.02,0.06,0.12,0.11,0,0.13,0.09,0,0.01,0.01,0.03,0.03,0.03,0.03,0.04,0.13
"566","NGA","Nigeria",0.29,0.18,0.33,0.28,0.35,0.31,0.1,0.16,0.13,0.14,0.54,0.26,0.29,0.22,0.43,0.24,0.33,0.1,0.21,0.27,0.31,0.72,0.66,0.65,0.49,0.59,0.35,0.2
"570","NIU","Niue",NA,NA,NA,NA,NA,NA,0,0.15,0,1.97,0,0,0.01,0.01,0.01,0.15,0.72,0.71,0.52,0.13,0.68,0.06,0.33,0.34,0.46,0.02,0.09,0
"408","PRK","North Korea",0.87,0.91,1.12,2.6,2.2,2.27,0.85,0.87,1.27,0.87,0.01,0,0.01,0,0,0.01,0.01,0.11,0.1,0.06,0.18,0.29,0.14,0.46,0.06,0.45,0,0
"807","MKD","North Macedonia",3.48,4.54,4.66,5.13,5.69,2.27,1.67,1.67,1.66,2.59,2.13,2.59,2.07,1.64,2.2,2.19,1.81,2.72,2.74,2.38,3.03,2.23,2.15,2.38,3.59,1.92,1.36,1.96
"578","NOR","Norway",7.3,6.81,7,6.5,6.68,6.42,6.22,6.32,6.3,6.19,6.08,5.89,4.98,3.89,3.69,4.06,3.81,3.81,3.74,4.1,3.99,3.79,3.84,3.82,3.83,3.84,3.73,3.6
"512","OMN","Oman",0.42,0.44,0.33,0.37,0.44,0.71,0.55,0.6,0.54,0.57,0.59,0.48,0.69,0.62,0.71,0.47,0.43,0.41,0.57,0.56,0.8,0.76,0.69,0.68,0.77,0.65,0.44,0.45
"586","PAK","Pakistan",3.03,3.87,3.17,3.96,4.36,4.03,3.97,4.01,4.44,4.97,5.05,4.42,2.99,4.01,3.8,3.21,3.27,4.15,4.37,4.57,5.49,5.63,5.54,4.76,5.12,4.64,3.05,4.02
"585","PLW","Palau",NA,NA,NA,NA,NA,NA,0.49,2,1.43,0.74,0.99,0.22,0.27,0.02,0.2,0.03,0.03,0.37,0.23,1.04,0.4,0.22,0.01,0.01,0.01,0.02,0.02,0.02
"591","PAN","Panama",4.5,3.33,3.18,3.05,1.83,2.31,1.32,1.87,0.73,0.49,0.42,0.53,0.5,1.05,1.64,1.19,2.97,3.53,2.33,3.01,1.95,2.9,1.83,1.65,2.36,2.9,0.72,2.33
"598","PNG","Papua New Guinea",0.62,0.6,0.48,0.71,0.72,0.7,0.18,0.18,0.17,0.25,0.31,0.49,0.37,0.14,0.37,0.3,0.17,0.04,0.06,0.23,0.21,0.24,0.3,0.2,0.3,0.18,0.45,0.23
"600","PRY","Paraguay",1.07,4.59,5.99,5.18,5.08,4.57,13.01,17.76,21.11,19.07,21.05,25.19,20.66,20.47,24.54,30.65,25.91,29.96,32.27,31.97,35.69,33.78,34.47,33.03,34.67,37.79,25.16,33.73
"604","PER","Peru",1.35,1.81,1.84,1.67,1.69,2.75,1.84,2.27,2.6,2.33,3.03,2.3,1.56,3.45,2.96,3.19,2.55,2.45,2.65,2.58,2.84,3.2,2.36,2.71,3.53,1.77,1.31,1.79
"608","PHL","Philippines",2.02,2.01,1.56,1.83,1.56,1.83,1.56,1.53,1.5,1.56,1.66,2.25,0.85,0.69,0.96,1.54,0.8,1.97,1.31,1.25,1.48,1.93,1.21,1.59,1.84,2.28,3.52,1.78
"616","POL","Poland",8.08,7.55,8.05,7.75,8.31,8.36,7.92,8.43,8.5,11.59,10.82,12.16,9.88,9.25,10.72,9.7,9.78,8.92,7.93,8.52,8.97,8.85,8.98,9.39,8.44,8.46,7.4,5.45
"620","PRT","Portugal",7.55,6.63,6.99,6.75,6.13,5.99,5.57,5.17,4.87,4.67,4.86,6.45,3.89,2.5,3.92,2.8,3.15,3.79,4.06,4.45,4.21,3.98,3.77,3.69,3.7,4.13,2.58,3.51
"634","QAT","Qatar",NA,NA,NA,NA,NA,NA,0.11,0,0,0,NA,NA,NA,NA,NA,NA,0,0.44,0.27,0.12,0.15,0.22,0.26,0.37,0.46,0.38,0.37,0.36
"178","COG","Republic of Congo",0.35,0.35,0.34,0.33,0.32,0.19,NA,NA,0.01,0.01,0,0.02,0.02,0.17,0.02,0.03,0.03,0.08,0.02,0.04,0.05,0.07,0.05,0.06,0.16,0.18,0.1,0.16
"642","ROU","Romania",6.26,3.79,3.59,2.08,2.54,3.95,3.35,4.4,4.4,6.51,4.46,4.95,4.94,4.89,6.04,6.22,5.61,5.67,5.94,6.68,6.38,7.36,9.61,10.32,9.67,12.34,10.36,10.98
"643","RUS","Russia",2.54,2.16,1.9,1.49,1.91,2.14,2.15,2.08,2.28,2.4,2.56,2.84,3,2.74,3.04,2.96,2.92,3.03,3.22,3.22,3.5,4.03,4.1,4.1,4.69,5.18,5.01,5.14
"646","RWA","Rwanda",0.01,0.03,0.01,0.01,0.01,0.01,0.09,0.09,0.07,0.12,0.16,0.44,0.44,0.05,NA,0,0.26,0.39,0.41,0.63,0.49,1.02,0.63,1.19,1.29,1.14,1.06,1.03
"652","BLM","Saint Barthelemy",NA,NA,NA,NA,NA,NA,NA,NA,NA,NA,NA,NA,NA,NA,NA,NA,NA,NA,NA,NA,NA,NA,NA,NA,NA,NA,NA,NA
"659","KNA","Saint Kitts and Nevis",8.49,11.51,11.36,11.21,11.05,10.93,0.3,0.3,0.3,0.3,0.52,0.3,0.51,0.3,0.3,0.3,0.3,0,0.81,0.3,0.29,0.2,0.2,0.2,0.21,0.21,0.21,0.21
"662","LCA","Saint Lucia",0.01,0.02,0.06,2.66,3.8,NA,1.05,2.7,0.87,1.07,0.83,0.21,0.01,0.51,0.31,0.31,1.35,0.41,0.95,0.78,0.68,0.77,0.76,1.03,0.64,0.65,0.65,0.65
"882","WSM","Samoa",NA,NA,NA,NA,NA,NA,0.02,0.06,0.08,0.07,0.04,0.06,0.08,0.07,0.03,0.03,0.01,0.04,0,NA,0.15,0.04,0.11,0.09,0.04,0.08,0.08,0
"674","SMR","San Marino",NA,NA,NA,NA,NA,NA,NA,NA,NA,NA,NA,NA,NA,NA,NA,NA,NA,NA,NA,NA,NA,NA,NA,NA,NA,NA,NA,NA
"678","STP","Sao Tome and Principe",NA,NA,NA,NA,NA,NA,0.17,0.15,0.18,0.1,0.13,0.1,0.11,0.09,0.14,0.16,0.14,0.13,0.13,0.12,0.15,0.18,0.16,0.19,0.17,0.16,0.23,0.23
"682","SAU","Saudi Arabia",9.98,9.11,8.11,8.27,8.48,8.32,7.38,7.35,7.07,5.84,6.38,6.08,3.18,2.89,3.3,3.37,3.44,3.24,3.13,3.37,3.07,3.02,3.06,3.05,2.64,2.42,2.5,2.44
"686","SEN","Senegal",1.06,1.16,1.16,1.58,1.1,0.69,0.89,0.98,1.04,1.04,0.29,0.29,0.34,0.31,0.22,0.04,0.64,0.78,0.72,1.04,1.07,2.5,0.75,0.49,1,0.43,0.2,0.2
"688","SRB","Serbia",NA,NA,NA,NA,NA,NA,NA,NA,NA,NA,9.08,12.83,8.94,12.06,9.91,12.77,15.97,13.01,7.32,7.45,10.82,6.46,3.12,5.5,14.39,5.54,10.77,11.1
"690","SYC","Seychelles",NA,NA,NA,0.07,0.13,0.06,NA,0.01,0.05,0.11,NA,NA,0.1,0.12,0.05,0.05,0.2,0.11,0.03,0.32,0.11,0.2,0.1,0.29,0.13,0.13,0.17,0.2
"694","SLE","Sierra Leone",0.24,0.24,0.02,0.01,0.01,0.02,0.2,0.03,0.02,0.02,0.02,0.04,0.02,0.05,0.05,0.04,0.08,0.1,0,0,0.11,0.29,0.12,0.11,0.11,0.11,0.11,0.1
"702","SGP","Singapore",0.05,0.03,0.22,0.19,0.17,0.12,0,0,0,0,0,0,0,0,0,0,0,0,0,0,0,0,0,0,0,0,0,0
"534","SXM","Sint Maarten",NA,NA,NA,NA,NA,NA,NA,NA,NA,NA,NA,NA,NA,NA,NA,NA,NA,NA,NA,NA,NA,NA,NA,NA,NA,NA,NA,NA
"703","SVK","Slovakia",3.9,3.31,3.81,2.44,3.57,3.57,3.3,3.02,3.36,3.13,3.73,3.42,2.74,2.44,2.81,3.55,3.8,3.79,4.19,3.98,4.48,4.27,4.72,4.79,5.03,5.49,4.36,3.3
"705","SVN","Slovenia",8.81,8.84,9.49,9.97,9.25,8.39,7.51,7.54,7.17,6.59,6.48,6.29,5.87,3.61,4.79,4.45,4.33,4.33,4.44,4.58,4.44,4.43,4.41,3.89,4,3.45,2.59,3.69
"90","SLB","Solomon Islands",NA,NA,NA,NA,NA,NA,0.01,0.02,0.02,0,0.01,0,0,0.01,0,0.01,0.04,0,0,0.16,0.3,1.17,0.83,0.04,0.02,0.02,0.03,0
"706","SOM","Somalia",NA,NA,NA,NA,NA,NA,0,0,0,0,0,0,0,0,0,0,0,0,0,0,0.01,0.02,0.03,0.01,0.02,0.01,0,0
"710","ZAF","South Africa",5.67,4.93,4.72,4.86,3.97,4.95,4.68,4.14,4.65,3.22,4.08,3.81,3.62,3.5,3.29,3.51,3.53,4.9,4.75,4.64,4.1,4.65,5.41,5.46,4.74,5.67,5.15,4.73
"410","KOR","South Korea",4.58,4.85,4.07,3.84,3.46,3.26,3.53,3.44,3.51,3.39,2.13,2.68,1.86,2.91,2.84,2.76,2.94,2.85,2.8,2.71,2.75,2.73,2.78,2.79,1.61,1.62,1.66,1.51
"728","SSD","South Sudan",NA,NA,NA,NA,NA,NA,NA,NA,NA,NA,NA,NA,NA,NA,NA,NA,0,0,0,0,0,0,0.01,0.01,0,0,0,0
"724","ESP","Spain",14.44,14.57,16.13,15.75,13.85,14.64,14.49,14.45,13.62,11.68,10.12,12.18,5.87,5.67,7.19,7.72,8.01,9.24,8.53,8.82,8.88,9.31,9.05,10.12,10.21,8.21,5.06,5.09
"144","LKA","Sri Lanka",1.95,1.65,1.56,1.78,1.58,1.6,1.78,1.88,1.7,1.82,2.5,2.41,3.35,2.53,2.43,2.97,2.96,2.05,2.9,1.81,1.31,0.88,1.84,1.78,2.27,0.61,0.6,0.6
"670","VCT","St. Vincent and the Grenadines",8.84,8.84,11.49,11.47,11.45,11.45,0.26,0.14,0.08,0.15,0.23,0.25,0.33,0.21,0.42,0.32,0.99,0.42,0.39,0.38,0.34,0.29,0.54,0.28,0.22,0.23,0.17,0.17
"275","PSE","State of Palestine",NA,NA,NA,NA,NA,NA,1.22,1.08,1.04,1.09,1.07,0.97,0.74,0.79,0.44,0.46,0.51,0.63,0.53,0.56,0.74,0.7,0.53,0.64,0.6,0.41,0.4,0.39
"729","SDN","Sudan",NA,NA,NA,NA,NA,NA,NA,NA,NA,NA,NA,NA,NA,NA,NA,NA,0.96,0.08,0.94,0.19,0.23,0.11,0.61,0.22,0.84,0.56,0.55,0.54
"740","SUR","Suriname",0.23,0.22,1.75,NA,NA,NA,0.24,0.53,1.16,0.54,1.09,1.36,10.54,1.54,1.68,2.48,3.18,3.62,3.05,1.91,1.86,2.35,1.02,0.96,1.69,1.51,1.39,1.02
"752","SWE","Sweden",5.65,5.54,5.31,4.85,4.4,4.16,4.29,4.25,4.28,3.91,3.49,3.43,3.63,0.87,2.39,2.57,2.49,2.82,2.85,2.92,3.03,3.28,3.22,2.86,3.68,4.99,3.92,2.54
"756","CHE","Switzerland",3.68,3.53,3.52,2.52,1.7,2.03,2.18,2.15,2.22,2.13,2.27,2.23,2.05,1.51,2.05,2.07,1.56,1.85,1.72,1.75,1.72,1.61,1.67,1.44,1.54,1.11,0.68,0.66
"760","SYR","Syria",8.26,8.08,6.64,6.89,7.3,5.68,5.24,5.67,6.14,6.48,5.58,5.22,6.06,3.93,1.56,4.15,1.27,1.73,0,0,0,0.18,0.23,0.29,0.23,0.15,0.35,0.62
"158","TWN","Taiwan",NA,NA,NA,NA,NA,NA,6.68,6.88,6.63,6.31,6.86,6.57,5.79,5.53,5.74,5.57,5.61,5.68,5.44,5.24,5.42,5,4.94,4.63,4.85,4.34,4.35,4.37
"762","TJK","Tajikistan",4.12,1.06,1.38,NA,NA,NA,2.47,1.47,1.64,1.54,1.54,0.14,0.02,0.21,0.13,0.06,0.05,0.29,0.47,0.15,0.19,0.65,0.36,0.65,0.74,0.37,0.25,0.3
"834","TZA","Tanzania",0.23,0.26,0.18,0.19,0.17,0.03,0.15,0.17,0.26,0.43,0.29,0.22,0.22,0.34,0.61,0.63,0.85,0.57,0.54,0.64,1.02,0.84,1,0.5,0.65,0.36,1.3,1.12
"764","THA","Thailand",7.28,6.97,7.4,6.66,6.09,6.63,6.56,8.39,6.97,4.77,6.01,6.74,5.17,3.59,6.34,6.12,6.72,8.14,7.59,6.41,6.05,5.97,3.86,3.52,3.86,4.14,9.35,10.9
"626","TLS","Timor-Leste",NA,NA,NA,NA,NA,NA,0,0,0.02,0,0,0,0,0.01,0,0.01,0.07,0.02,0.01,0.05,0.03,0.01,0.01,0.01,0.01,0.01,0,0.01
"768","TGO","Togo",1.03,1.14,1.09,0.84,1.06,0.95,0.68,1.04,0.32,0,0,0,0,0.22,0.77,0.35,0.77,1.18,0.42,0.15,1.17,0.05,1.24,0.21,0.21,0.11,0.64,1.04
"776","TON","Tonga",NA,NA,NA,NA,NA,NA,0,0,0,0,0,0,0.28,0.32,0.78,0.53,0.46,0.37,0.35,0.55,0.55,0.43,0.47,0.68,0.73,0.61,0.21,0.12
"780","TTO","Trinidad and Tobago",0.77,0.77,0.31,0.23,0.52,0.26,0.6,0.6,0.22,0.22,0.22,0.22,0.07,0.15,0.07,0.14,0.21,0.28,0.35,0.35,0.35,0.28,0.34,0.39,0.56,0.58,0.68,0.67
"788","TUN","Tunisia",4.41,4.25,4.67,4.45,4.61,4.05,4.11,4.47,4.48,4.44,4.35,4.41,3.51,4.51,4.55,4.59,4.63,4.71,4.42,5.12,4.76,3.91,4.7,5.01,2.12,5.92,6.02,5.98
"792","TUR","Turkiye",9.33,9.43,10.99,9.73,9.61,7.1,7.07,8.05,8.6,8.68,8.64,7.32,4.59,8.74,8.26,6.6,7.07,8.15,7.31,7.31,9.71,9.08,6.17,7.82,8.87,7.31,6.93,8.43
"795","TKM","Turkmenistan",4.69,1.15,1.13,1.11,NA,NA,0,0,1.01,0.99,0.97,0.95,0.94,0.92,0.9,0.88,0.86,0.93,0.99,5.15,2.83,3.03,5.09,4.86,3.84,2.86,3.92,3.85
"796","TCA","Turks and Caicos Islands",NA,NA,NA,NA,NA,NA,NA,NA,NA,NA,NA,NA,NA,NA,NA,NA,NA,NA,NA,NA,NA,NA,NA,NA,NA,NA,NA,NA
"798","TUV","Tuvalu",NA,NA,NA,NA,NA,NA,0.54,0.5,0.58,0.48,0.48,0.54,0.57,0.56,0.57,0.43,0.35,0.35,0.25,0.35,0.31,0.36,0.46,0.38,0.42,0.15,0.07,0.07
"800","UGA","Uganda",0.01,0.01,0.04,0.06,0.07,0.04,0.08,0.11,0.12,0.07,0.08,0.07,0.18,0.13,0.09,0.08,0.1,0.12,0.09,0.16,0.06,0.1,0.15,0.15,0.09,0.09,0.11,0.1
"804","UKR","Ukraine",1.89,2.05,1.51,1.24,1.25,1.24,0.68,1.61,1.79,2.14,2.73,3.59,3.71,2.87,3.39,4.21,4.79,5.14,5.24,4.88,6.29,8,9.08,8.17,9.68,10.18,7.89,5.75
"784","ARE","United Arab Emirates",1.27,1.31,1.64,1.53,1.43,1.34,1.56,1.47,1.39,1.32,0.78,0.67,0.6,0.56,0.54,0.52,0.5,0.54,0.43,0.48,0.51,0.44,0.34,0.4,0.43,0.38,0.36,0.35
"826","GBR","United Kingdom",7.14,6.98,5.88,5.39,4.72,4.71,4.75,4.71,4.62,4.27,3.85,3.64,3.47,2.06,2.92,3.02,2.94,3.01,3.1,3,2.99,2.94,2.82,2.77,2.58,2.53,1.61,1.49
"840","USA","United States of America",15.33,15.31,14.43,13.95,13.79,14.3,13.56,15.1,14.37,13.74,13.88,12.76,9.33,12.26,12.53,12.56,13.44,13.3,11.98,12.09,12,12.07,12.03,11.68,11.93,11.16,10.75,10.69
"858","URY","Uruguay",31.97,24.94,20.22,16.44,17.22,17.33,17.65,25.4,29.27,36.28,33.17,34.4,28.22,29.61,34.03,46.71,45.89,75.98,54.86,36.27,41.67,42.03,45.04,36.31,36.08,37.28,29.64,29.85
"860","UZB","Uzbekistan",6.42,5.14,5.86,5.6,4.69,5.03,5.71,4.9,4.92,3.98,5.43,5.36,5.32,6.69,6.54,6.4,6.35,6.68,7.22,7.17,7.22,7.1,4.51,4.18,4.46,3.96,1.54,2.12
"548","VUT","Vanuatu",NA,NA,NA,NA,NA,NA,0.02,0.02,0.02,0.01,0,0.02,0.02,0.01,0.01,0.04,0.01,0,0,0,0,0.01,0,0,0,0,0,0
"862","VEN","Venezuela",2.82,2.65,2.18,2.16,2.16,2.2,1.97,1.95,1.94,2.17,2.02,2.83,2.94,2.15,2.54,3.09,4.13,4.17,4,4.11,3.26,3.02,3.21,0.16,0.75,0.31,0.31,0.31
"704","VNM","Viet Nam",5.2,5.21,5.31,5.98,6.56,6.49,6.5,7.63,7.92,9.29,10.25,10.94,8.67,10.81,8.47,7.84,7.71,9.42,9.52,8.14,8.77,9.17,7.8,7.72,7.65,7.58,6.48,6.43
"876","WLF","Wallis and Futuna Islands",NA,NA,NA,NA,NA,NA,NA,NA,NA,NA,NA,NA,NA,NA,NA,NA,NA,NA,NA,NA,NA,NA,NA,NA,NA,NA,NA,NA
"732","ESH","Western Sahara",NA,NA,NA,NA,NA,NA,NA,NA,NA,NA,NA,NA,NA,NA,NA,NA,NA,NA,NA,NA,NA,NA,NA,NA,NA,NA,NA,NA
"887","YEM","Yemen",NA,NA,0.05,NA,NA,NA,NA,NA,0.01,0.04,0,NA,NA,NA,NA,NA,0.13,0.29,0.04,0.02,0.04,0.03,0.01,0.07,0.08,0.04,0.05,0.06
"894","ZMB","Zambia",1.54,1.53,1.42,1.37,1.34,1.13,1.27,1.33,1.01,0.41,0.71,0.92,0.68,0.46,0.6,1.86,1.71,1.96,2.47,2.4,2.27,2.14,2.05,2.67,3.03,1.74,2.06,2.22
"716","ZWE","Zimbabwe",3.32,3.87,3.62,3.65,3.65,2.92,3.98,3.63,1.65,1.66,3.58,2.37,2.36,3.12,3.58,2.87,1.45,2.53,2.22,1.6,2.67,2.79,3.05,3,0.06,0.41,0.53,0.26
