"code","iso","country","PSU.raw.1965","PSU.raw.1966","PSU.raw.1967","PSU.raw.1968","PSU.raw.1969","PSU.raw.1970","PSU.raw.1971","PSU.raw.1972","PSU.raw.1973","PSU.raw.1974","PSU.raw.1975","PSU.raw.1976","PSU.raw.1977","PSU.raw.1978","PSU.raw.1979","PSU.raw.1980","PSU.raw.1981","PSU.raw.1982","PSU.raw.1983","PSU.raw.1984","PSU.raw.1985","PSU.raw.1986","PSU.raw.1987","PSU.raw.1988","PSU.raw.1989","PSU.raw.1990","PSU.raw.1991","PSU.raw.1992","PSU.raw.1993","PSU.raw.1994","PSU.raw.1995","PSU.raw.1996","PSU.raw.1997","PSU.raw.1998","PSU.raw.1999","PSU.raw.2000","PSU.raw.2001","PSU.raw.2002","PSU.raw.2003","PSU.raw.2004","PSU.raw.2005","PSU.raw.2006","PSU.raw.2007","PSU.raw.2008","PSU.raw.2009","PSU.raw.2010","PSU.raw.2011","PSU.raw.2012","PSU.raw.2013","PSU.raw.2014","PSU.raw.2015","PSU.raw.2016","PSU.raw.2017","PSU.raw.2018","PSU.raw.2019","PSU.raw.2020","PSU.raw.2021","PSU.raw.2022","PSU.raw.2023"
4,"AFG","Afghanistan",0,0,0,0,0,0,0.03098,0.03098,0.03098,0.03098,0.03098,0,0.04072,0.05956,0.07582,0.08078,0.11538,0.12692,0.21598,0.2879,0.36644,0.35538,0.4222,0.3143,0.22612,0.14262,0.11908,0,0,0,0,0,0,0,0,0.02642,0.02642,0.02642,0.02642,0.02642,0,0,0,0,0,0,0,0,0,0,0,0,0.00114000000000001,0.0174600000000001,0.0174600000000001,0.0174600000000001,0.0174600000000001,0.0163200000000001,0
8,"ALB","Albania",8.54458,8.58266,8.97602,10.61134,12.44078,13.92484,15.52838,16.9509,17.01028,17.28896,17.5702,17.4554,17.0591,17.16552,16.55038,15.79268,13.9747,15.13552,15.29278,14.97756,14.68234,16.02108,15.8222,16.2687,17.36778,18.81542,18.43412,16.89782,14.34412,12.6598,10.56542,10.30426,9.71032,10.69406,10.8635,11.15504,11.59096,12.97936,13.99286,15.16258,16.57954,17.11862,16.78996,15.92044,15.01498,13.96588,13.8145,13.7158,13.80258,14.0265,14.53284,15.33326,15.82042,15.50362,15.32554,15.1652,13.373,10.661,9.53966
12,"DZA","Algeria",0.15882,0.16986,0.2253,0.25806,0.39098,0.71746,1.20908,1.84838,2.5637,2.99276,3.0979,3.10576,3.12834,3.0654,3.14374,3.67578,3.6038,3.38286,3.34282,3.49374,3.61658,3.8827,4.2751,4.13268,3.59208,2.7002,1.86596,0.97718,0.64704,0.62662,0.432,0.432,0.64838,0.48978,0.23032,0.35708,0.38518,0.20152,0.18758,0.18758,0.06082,0.03272,0,0,0,0,0,0,0,0.2088,0.22754,0.22754,0.22754,0.22754,0.01874,0,0,0,0
20,"AND","Andorra",NA,NA,NA,NA,NA,NA,NA,NA,NA,NA,NA,NA,NA,NA,NA,NA,NA,NA,NA,NA,NA,NA,NA,NA,NA,NA,NA,NA,NA,NA,NA,NA,NA,NA,NA,NA,NA,NA,NA,NA,NA,NA,NA,NA,NA,NA,NA,NA,NA,NA,NA,NA,NA,NA,NA,NA,NA,NA,NA
24,"AGO","Angola",0,0,0,0,0,0,0.01308,0.0242,0.0242,0.0242,0.0242,0.01112,0.1815,0.30232,0.35648,0.4732,0.65132,0.57496,0.61742,0.69898,0.85192,0.8413,0.88202,0.97928,1.15812,1.12418,1.08894,1.0834,0.97232,0.81164,0.69058,0.62544,0.56894,0.44378,0.33216,0.22952,0.1624,0.07858,0.05428,0.01202,0,0,0,0,0,0,0.0976,0.30538,0.30538,0.33188,0.33188,0.23428,0.05076,0.05076,0.0242599999999999,0.0242599999999999,0.0242599999999999,0.07034,0.07034
660,"AIA","Anguilla",NA,NA,NA,NA,NA,NA,NA,NA,NA,NA,NA,NA,NA,NA,NA,NA,NA,NA,NA,NA,NA,NA,NA,NA,NA,NA,NA,NA,NA,NA,NA,NA,NA,NA,NA,NA,NA,NA,NA,NA,NA,NA,NA,NA,NA,NA,NA,NA,NA,NA,NA,NA,NA,NA,NA,NA,NA,NA,NA
28,"ATG","Antigua and Barbuda",0,0.22684,0.813,1.89708,2.71226,3.50784,3.29476,3.96058,4.1216,4.34322,4.49276,5.45696,5.29088,5.34062,5.90116,6.72658,7.35556,7.92446,8.3857,8.9479,9.36848,9.98516,10.53966,11.01274,10.97628,10.86278,11.09396,11.35042,11.59418,11.94868,12.3613,12.07444,11.8191,11.61208,11.7468,11.53938,11.73584,11.89832,12.31724,12.07958,12.1288,12.07978,11.69082,11.0658,10.8942,10.22728,9.7132,9.55504,9.2942,8.89206,9.01156,8.9629,8.9615,8.78332,8.73494,8.89704,8.93982,8.87472,8.8059
32,"ARG","Argentina",0,0,0,0,0,0,0,0,0,0,0,0,0,0,0,0,0,0,0,0,0,0,0,0,0,0,0,0,0,0,0,0,0,0,0,0,0,0,0,0,0,0,0,0,0,0,0,0,0,0,0,0,0,0,0,0,0,0,0
51,"ARM","Armenia",NA,NA,NA,NA,NA,NA,NA,NA,NA,NA,NA,NA,NA,NA,NA,NA,NA,NA,NA,NA,NA,NA,NA,NA,NA,NA,NA,4.3315,3.34655,2.9565,2.6125,2.20892,1.46996,0.99764,0.56236,0.24626,0.12734,0,0,0,0,0,0,0,0,0,0,0,0,0,0,0,0,0,0.01024,0.01024,0.0554600000000001,0.0554600000000001,0.0554600000000001
533,"ABW","Aruba",NA,NA,NA,NA,NA,NA,NA,NA,NA,NA,NA,NA,NA,NA,NA,NA,NA,NA,NA,NA,NA,NA,NA,NA,NA,NA,NA,NA,NA,NA,NA,NA,NA,NA,NA,NA,NA,NA,NA,NA,NA,NA,NA,NA,NA,NA,NA,NA,NA,NA,NA,NA,NA,NA,NA,NA,NA,NA,NA
36,"AUS","Australia",12.07168,12.48592,13.15394,13.17774,12.68336,11.73464,11.76248,12.69082,14.67204,14.15468,13.63484,13.50372,12.8209,11.05464,11.74222,12.5344,11.94332,11.12786,10.0989,8.9379,7.66316,7.0195,7.0039,7.63436,8.17326,8.0951,8.15698,8.11246,7.80494,8.00916,9.62692,10.19712,9.99836,10.10436,9.55302,8.33174,8.09082,7.74532,8.02882,7.88768,7.63398,7.06918,7.66948,6.89706,5.99312,5.58388,4.97802,3.26918,2.49966,2.66764,2.60858,2.82496,2.86762,3.10374,3.53194,4.00318,4.06694,3.79066,3.09308
40,"AUT","Austria",36.53056,37.75336,39.12596,38.67752,39.54516,38.9817,39.46324,38.7381,39.19586,36.6168,34.64532,32.44356,31.19482,29.6285,30.49166,31.202,31.27334,30.24018,30.5785,30.13642,29.97856,29.37372,29.14974,27.68566,25.91746,24.747,24.08568,23.67678,23.30018,22.78188,21.62088,20.9792,20.11102,19.25482,18.6287,18.33124,17.3841,16.69494,16.06958,14.98784,13.84616,13.21618,12.62418,11.1823,10.1638,9.85724,9.21056,8.92252,9.58728,10.1343,10.22568,10.10188,9.84572,9.2302,8.95288,8.61658,8.03974,6.76676,6.08708
31,"AZE","Azerbaijan",NA,NA,NA,NA,NA,NA,NA,NA,NA,NA,NA,NA,NA,NA,NA,NA,NA,NA,NA,NA,NA,NA,NA,NA,NA,NA,NA,0.9864,0.7077,0.4718,0.35385,0.28308,0.0858000000000001,0,0,0,0,0,0,0,0,0,0,0,0,0,0,0,0,0,0,0,0,0,1.23984,1.93204,1.93204,1.93204,1.93204
44,"BHS","Bahamas",15.8767,16.20514,17.42744,18.94668,20.30728,21.7466,23.75062,24.99944,26.62362,27.40878,27.07014,28.05158,29.79758,28.54046,27.8682,27.30376,25.98876,25.53416,28.43264,29.73328,29.0256,27.10222,23.46074,18.7486,16.1229,16.2299,15.8487,15.56476,15.05722,14.24328,15.00936,17.15158,18.39312,21.76764,22.62942,21.47754,20.36912,20.23636,18.807,20.15668,22.1069,23.0778,23.8018,24.0313,24.32616,23.65604,22.67716,21.74802,20.91324,19.54658,20.046,21.04124,22.35314,22.73984,23.72702,22.1513,20.34598,18.18556,16.79326
48,"BHR","Bahrain",0,0,0,0,0,0,0,0,0,0,0,0,0,0,0,0,0.40686,1.17032,2.92828,4.6088,6.81056,10.54494,10.84968,10.2002,10.55144,11.13696,10.25414,12.40404,14.48816,15.55006,15.72148,15.41164,15.16998,16.22372,15.0707,13.80792,12.33108,10.5145,7.46646,6.71034,6.32486,5.7816,6.51378,6.24714,5.91902,5.78736,6.35394,6.38386,7.65346,9.01848,9.98288,12.067,12.8893,13.33662,14.82464,15.08626,14.04176,13.7951,13.6895
50,"BGD","Bangladesh",0,0,0,0,0,0,0,0,0,0,0,0,0.04648,0.25572,0.65808,0.7734,0.90102,1.00474,1.23084,1.19158,1.19716,1.37054,1.77104,1.9752,2.33512,3.10358,3.49776,3.65666,3.15508,2.76746,2.19844,1.50326,0.79366,0.78554,0.71052,0.90312,1.58374,2.46472,2.7994,3.6264,4.05848,4.1209,3.35024,2.88576,1.79838,1.31914,2.40486,4.49588,6.94748,9.86152,12.6692,14.25024,15.15334,16.44448,17.84522,19.44776,23.67086,27.11262,29.90166
52,"BRB","Barbados",0,0,0,0,0.10238,0.10238,0.79342,0.79342,0.79342,1.1458,2.3628,7.00008,10.84546,15.73848,19.59062,22.25466,21.8259,23.50824,26.50474,29.30614,30.6642,31.853,28.74194,23.4824,18.82332,15.86284,12.1091,11.79854,11.51834,11.50366,12.12648,12.26624,12.53756,12.95592,13.14336,12.6077,12.58674,11.77678,13.0061,12.712,13.10714,16.7599,21.31186,21.18478,23.9814,32.26354,31.36552,34.47664,35.35476,35.45146,31.60158,38.15628,38.45632,43.50302,48.14578,50.68952,48.53204,48.82192,48.26592
112,"BLR","Belarus",NA,NA,NA,NA,NA,NA,NA,NA,NA,NA,NA,NA,NA,NA,NA,NA,NA,NA,NA,NA,NA,NA,NA,NA,NA,NA,NA,23.8823,21.12465,16.5096666666667,14.124225,13.15506,10.26196,8.61716,8.44618,8.63644,8.06536,7.51546,6.9361,7.20952,7.75624,9.27852,10.8719,12.2732,14.05414,15.48296,17.02106,17.3285,17.70716,16.52644,15.15632,12.33968,10.49692,9.25672,8.7046,8.1397,8.3513,8.55216,8.42104
56,"BEL","Belgium",NA,NA,NA,NA,NA,NA,NA,NA,NA,NA,NA,NA,NA,NA,NA,NA,NA,NA,NA,NA,NA,NA,NA,NA,NA,NA,NA,NA,NA,NA,NA,NA,NA,NA,NA,40.0465,40.7076,39.9261666666667,39.106425,38.54058,37.97706,37.18042,36.64284,34.08154,31.65578,29.54482,27.25694,25.69616,26.1363,25.72392,25.16718,25.2756,23.97514,23.98168,24.23878,24.41314,23.86206,23.90942,22.54372
84,"BLZ","Belize",3.60104,4.64252,4.98824,4.97732,6.34222,6.8557,5.60056,4.71816,5.49382,4.94614,4.82934,5.11304,4.64356,2.63556,1.81892,0.47582,0.14624,0.14624,0.14624,0.14566,0.0346999999999998,1.08894,2.07244,2.77612,3.28698,4.25078,4.40598,4.93608,6.0246,5.82026,6.29956,5.21726,4.6814,4.18472,5.178,4.0776,4.75136,10.81896,11.97766,10.82724,10.44984,10.28834,3.243,0.78878,0.98904,0.98904,7.87548,8.93228,11.74592,13.50078,18.08508,15.7841,18.43392,20.57162,25.38124,25.63734,24.81494,22.05426,21.07344
204,"BEN","Benin",0,0,0,0,0,0,0,0,0,0,0,0,0,0,0,0,0,0.00780000000000003,0.03944,0.03944,0.14332,0.14332,0.22848,0.19684,0.19684,0.09296,0.09296,0,0,0,0.0566799999999999,0.0566799999999999,0.0566799999999999,0.0566799999999999,0.0566799999999999,0,0,0,0,0,0,0,0,0,0,0,0,0,0,0,0,0,0,0,0,0,0,0,0
60,"BMU","Bermuda",NA,NA,NA,NA,NA,NA,NA,NA,NA,NA,NA,NA,NA,NA,NA,NA,NA,NA,NA,NA,NA,NA,NA,NA,NA,NA,NA,NA,NA,NA,NA,NA,NA,NA,NA,NA,NA,NA,NA,NA,NA,NA,NA,NA,NA,NA,NA,NA,NA,NA,NA,NA,NA,NA,NA,NA,NA,NA,NA
64,"BTN","Bhutan",0,0,0,0,0,0,0,0,0,0,0,0,0,0,0,0,0,0,0,0,0,0,0,0.13688,0.28492,0.33664,0.33664,0.33664,0.19976,0.05172,0,0,0,0,0,0.01736,0.01736,0.03428,0.03428,0.03428,0.01692,0.01692,0,0,0,0,0,0,0,0,0,0,0,0.0918200000000001,0.3443,0.5796,0.80622,1.12862,1.24884
68,"BOL","Bolivia",0.72958,0.73912,0.74656,0.76824,0.83322,0.8975,0.9527,0.98596,0.98726,0.96794,0.95266,0.96294,1.04732,1.23372,1.3259,1.4778,1.66436,1.69574,2.03652,2.07358,2.01508,1.9091,1.88418,1.53964,1.71196,1.49596,1.23176,1.18962,0.99776,0.55898,0.48896,0.4494,0.25766,0.1114,0.0526400000000001,0.0526400000000001,0.0526400000000001,0,0,0,0,0,0.07568,0.14742,0.14742,0.31364,0.43782,0.36214,0.2904,0.2904,0.12418,0,0.0404,0.0404,0.0404,0.06418,0.06418,0.02378,0.02378
70,"BIH","Bosnia and Herzegovina",NA,NA,NA,NA,NA,NA,NA,NA,NA,NA,NA,NA,NA,NA,NA,NA,NA,NA,NA,NA,NA,NA,NA,NA,NA,NA,NA,5.3471,5.3515,5.3937,5.270625,4.72478,4.07244,4.17284,3.90122,4.05162,4.52944,4.9676,4.87252,5.11998,5.1336,5.38058,5.92444,5.81542,5.53348,5.66246,5.68164,5.68462,5.9301,6.38344,6.30212,6.05226,5.86946,5.35836,4.97814,4.5397,4.04308,3.5513,4.27106
72,"BWA","Botswana",0.59922,0.64714,0.55928,0.63524,0.69906,0.88644,0.94538,1.09642,1.1981,1.218,1.24342,1.3815,1.56982,1.69496,1.8549,1.89062,1.96454,1.99326,1.89338,1.86832,1.78646,1.73536,1.63308,1.48454,1.40532,1.47888,1.49006,1.58222,1.5973,1.52326,1.38084,1.16372,1.01152,1.2764,1.52662,1.60742,2.01062,2.08654,2.03428,2.0371,2.25778,2.3221,2.69368,2.73974,2.72182,2.71318,2.45848,2.0001,1.86058,1.7358,1.99622,1.99762,2.35848,2.38326,2.60984,2.23742,2.17918,1.87132,2.56088
76,"BRA","Brazil",2.89086,2.82422,2.93712,3.14226,3.36302,4.04894,4.83392,6.09904,7.04698,8.15392,9.11664,10.27764,10.99836,11.81514,12.57992,13.319,12.63346,11.56466,10.20514,9.4518,8.01686,8.31072,8.65486,9.14988,8.62156,8.74266,8.42294,8.24486,8.74954,9.97684,10.23284,10.6628,11.42602,11.60746,11.17294,12.3084,12.83812,13.23602,14.13792,16.17988,16.03984,16.19824,17.39414,17.1379,14.942,14.9002,15.68292,15.314,16.35266,18.44342,18.7913,18.59002,18.09124,17.63456,16.97824,19.23626,21.0423,21.944,21.05336
92,"VGB","British Virgin Islands",NA,NA,NA,NA,NA,NA,NA,NA,NA,NA,NA,NA,NA,NA,NA,NA,NA,NA,NA,NA,NA,NA,NA,NA,NA,NA,NA,NA,NA,NA,NA,NA,NA,NA,NA,NA,NA,NA,NA,NA,NA,NA,NA,NA,NA,NA,NA,NA,NA,NA,NA,NA,NA,NA,NA,NA,NA,NA,NA
96,"BRN","Brunei Darussalam",8.16322,7.9156,7.65668,7.48286,7.74396,8.10188,9.03624,9.98586,10.76572,11.39216,12.0631,12.26734,13.44918,14.66416,16.1519,18.00716,19.27186,20.98482,21.49644,23.0624,24.84416,25.52866,25.8923,27.89246,27.2024,26.29286,26.43618,25.85466,25.26274,26.17938,26.639,27.31198,29.08178,31.56788,36.32538,42.8934,49.6547,53.98654,59.10168,63.7826,65.57464,68.1201,75.44372,78.78676,78.70474,84.18462,84.05918,82.45212,84.64676,88.05308,86.96194,91.10342,91.86748,92.1155,91.6217,93.18096,96.055,99.76108,102.2466
100,"BGR","Bulgaria",10.85912,12.65608,15.59526,20.36536,23.16464,24.75676,26.40454,25.77268,24.05368,22.9723,23.66588,23.7674,26.33386,28.22392,31.0623,32.3293,35.83346,36.39532,37.06458,37.43966,37.79158,34.4073,32.19502,29.94658,26.95186,23.4737,19.34728,14.6483,10.043,5.56234,2.33678,1.51102,1.00232,0.3232,0.3232,0.3232,0,0.2015,2.07108,2.07108,2.07108,2.41936,3.5369,2.06056,2.06056,2.06056,1.71228,0.83474,0.4415,0.4415,0.4415,0.81302,0.67842,1.51204,1.77248,2.71648,2.34496,2.03806,1.20444
854,"BFA","Burkina Faso",0,0,0,0,0,0,0,0,0,0,0,0,0,0,0,0,0,0,0,0,0,0,0,0,0,0,0,0,0,0,0,0,0,0,0,0.0565,0.0565,0.0565,0.0565,0.0565,0,0,0,0,0,0,0,0,0,0,0,0,0,0,0,0,0,0,0
108,"BDI","Burundi",0,0,0,0,0,0,0,0,0,0,0,0,0,0,0,0,0,0,0,0,0,0,0,0,0,0,0,0,0,0,0,0,0,0,0,0,0,0,0,0,0,0,0,0,0,0,0,0,0,0,0,0,0,0.11496,0.27798,0.31012,0.31012,1.67966,3.12976
132,"CPV","Cabo Verde",0,0,0,0.05298,0.17722,0.44538,0.77532,1.17556,1.61416,1.7906,1.75966,1.5899,1.46058,1.29502,1.31362,1.36756,1.87316,2.64322,3.09984,3.47266,4.27408,4.56896,4.39132,4.65308,5.1103,5.42808,6.4563,8.92556,11.1101,12.1132,14.55114,14.08822,12.94154,12.5547,13.0708,11.6691,12.02298,11.76832,10.6929,9.71796,8.9231,8.611,8.10502,7.59858,7.19504,6.77904,6.2077,5.75204,5.45914,5.20742,4.935,4.96328,4.80612,4.65484,4.48708,4.42482,4.291,4.37376,4.48084
116,"KHM","Cambodia",0.36916,0.49738,0.6132,0.71914,1.10382,1.14916,1.43312,1.84486,2.57002,3.06714,3.49652,3.34726,2.91774,2.24676,1.67536,1.11582,1.22178,1.23722,1.31208,1.50512,1.8803,1.7975,1.91532,1.8876,1.67198,1.61272,1.61204,1.64654,1.87606,2.11996,2.1419,2.15116,2.09258,1.9499,1.76128,1.86176,1.99958,2.22732,2.26254,2.45108,2.50054,2.52168,2.29146,2.1147,1.87824,1.64424,1.34374,1.1043,0.88588,0.584320000000001,0.32456,0.12766,0,0,0,0,0,0,0
120,"CMR","Cameroon",0,0,0,0,0,0,0,0,0,0,0,0,0,0,0,0,0,0,0,0,0.01248,0.0408,0.13014,0.13014,0.13014,0.11766,0.08934,0,0,0,0,0,0,0,0,0,0,0,0,0,0,0,0,0,0,0,0,0,0,0,0,0,0,0,0,0,0,0,0
124,"CAN","Canada",1.36974,1.2811,1.63728,1.7662,1.61116,1.6134,1.50844,1.40686,1.71024,2.2562,2.44168,2.6857,2.84406,2.89132,2.91352,3.06048,3.17588,3.067,3.15818,3.22658,3.15676,2.89852,2.78322,2.7186,2.36894,1.93574,1.8734,1.86686,1.50652,1.31948,1.42758,1.49938,1.5283,1.4532,1.31214,1.08426,1.21092,1.48416,1.65994,1.65032,1.6353,1.329,0.95926,0.5787,0.47938,0.48108,0.59802,0.41664,0.41664,0.65008,0.87254,0.6313,0.6369,0.95904,1.09994,1.07784,1.8346,1.83072,2.03982
136,"CYM","Cayman Islands",NA,NA,NA,NA,NA,NA,NA,NA,NA,NA,NA,NA,NA,NA,NA,NA,NA,NA,NA,NA,NA,NA,NA,NA,NA,NA,NA,NA,NA,NA,NA,NA,NA,NA,NA,NA,NA,NA,NA,NA,NA,NA,NA,NA,NA,NA,NA,NA,NA,NA,NA,NA,NA,NA,NA,NA,NA,NA,NA
140,"CAF","Central African Republic",0,0,0,0,0,0,0,0,0,0,0,0,0,0,0,0,0,0,0,0,0,0,0.00684,0.00684,0.01064,0.0366,0.0916,0.1422,0.22014,0.28084,0.3139,0.30008,0.27946,0.25464,0.26822,0.29214,0.3238,0.38506,0.4599,0.51572,0.56088,0.61438,0.63946,0.70304,0.76388,0.69628,0.61248,0.49154,0.41142,0.26784,0.25522,0.21362,0.2114,0.09998,0.04882,0.000939999999999941,0,0,0
148,"TCD","Chad",0,0,0,0,0,0,0,0,0,0,0,0,0,0,0,0,0,0,0,0,0,0,0,0,0,0,0,0,0,0,0,0,0,0,0,0,0,0,0,0,0,0,0,0,0,0,0,0,0,0,0,0,0,0,0,0,0,0,0
152,"CHL","Chile",2.73938,3.1576,3.33696,3.70816,4.18312,4.62732,4.83978,4.9263,5.4116,5.63848,5.11468,4.75284,4.52316,3.9167,3.49104,3.8322,3.89086,3.96898,4.04788,4.2098,4.37906,5.03986,5.96832,6.75186,7.4267,8.10506,8.50904,9.26258,10.42824,11.67148,13.15064,15.03384,16.70932,18.1474,19.91776,21.40334,22.38684,22.23354,22.48108,22.65076,22.4728,22.18096,23.95028,23.1476,21.3453,20.62262,19.69062,17.73012,17.3036,18.03684,17.9025,17.60202,17.55792,17.61668,16.89828,17.22224,18.17666,16.17302,15.70556
156,"CHN","China",0.0602600000000001,0.27274,0.27274,0.27274,0.40204,0.41482,0.45626,1.05394,1.83934,2.21054,2.70796,2.97716,3.2599,2.63422,2.81448,3.63156,4.5164,5.16994,6.69794,7.3955,6.82146,6.2711,6.5421,7.16202,8.16022,9.83372,12.43474,13.91842,13.9696,15.22894,17.39946,18.01498,19.35862,21.7309,22.55036,22.30232,22.75042,23.4814,23.79966,24.8047,26.29894,27.81776,27.31136,27.2399,28.12722,29.47418,30.0826,31.89778,33.53476,33.51376,31.93106,30.89086,29.42156,27.40684,25.01718,23.3059,21.58754,19.89456,18.60876
170,"COL","Colombia",4.88478,4.93658,5.32368,5.26314,5.30334,5.29714,5.42438,5.5018,5.95506,6.22834,6.12158,6.01924,6.00218,5.52542,5.31256,5.4362,5.42248,5.6293,6.08172,6.53496,6.8543,7.47008,7.99764,8.56364,9.25592,10.16434,10.86942,10.97696,11.43238,11.43412,11.78362,12.52622,13.74046,14.63722,15.4507,16.11354,16.76248,17.90826,18.84378,20.61906,22.2139,23.81906,24.21092,24.56102,24.99822,26.40062,27.37448,29.87564,31.62992,33.10918,32.54104,32.26572,30.83736,28.8522,26.20722,24.8989,23.99052,21.94426,21.9233
174,"COM","Comoros",0,0,0,0,0,0,0,0,0,0,0,0,0,0,0,0,0,0,0,0,0,0,0,0,0,0,0,0,0,0,0,0,0,0,0,0,0,0,0,0,0,0,0,0,0,0,0,0,0,0,0,0,0,0,0,0,0,0,0
184,"COK","Cook Islands",0.0428599999999999,0.04194,0.01334,0,0,0,0,0,0,0,0,0.52962,1.13038,1.8178,2.18034,2.70038,2.4622,2.15726,2.1768,2.27572,2.2258,2.4855,3.10518,2.6779,2.8179,3.24654,3.37492,3.5524,4.8517,6.2724,7.66112,10.05182,12.17048,14.03564,15.62468,16.6339,16.33156,16.64042,18.13752,20.37776,23.37568,26.92736,29.56502,31.79388,33.60088,35.0462,36.965,39.00648,40.01122,40.45292,41.47362,41.11968,40.55318,40.20786,39.30692,37.03144,35.00758,32.94692,30.48864
188,"CRI","Costa Rica",6.17562,5.36196,5.01676,4.9181,4.99174,5.29036,7.2374,8.0362,9.37792,10.43798,11.96628,11.13028,10.98818,10.32468,10.36186,9.74546,9.61472,10.11172,10.51312,11.10408,10.83864,11.24388,10.55638,10.85814,10.48248,11.1641,11.64214,12.78286,13.1883,15.1913,15.95342,18.10028,20.78758,23.91844,25.2117,27.21384,26.02062,25.03342,23.79966,22.40628,21.25092,21.87836,22.01258,20.84978,19.953,18.90072,18.89736,18.14904,17.65386,18.3821,19.33274,17.10048,17.55876,18.64678,17.82364,16.9902,18.5859,16.2677,15.02858
384,"CIV","Cote d'Ivoire",0,0,0,0,0,0,0,0,0,0,0,0,0,0,0,0,0,0,0,0,0,0,0,0,0,0,0,0,0,0,0,0,0,0,0,0,0,0,0,0,0,0,0,0,0,0,0,0,0,0,0,0,0,0,0,0,0,0,0
191,"HRV","Croatia",NA,NA,NA,NA,NA,NA,NA,NA,NA,NA,NA,NA,NA,NA,NA,NA,NA,NA,NA,NA,NA,NA,NA,NA,NA,NA,NA,12.7618,12.59655,12.7184,11.7886,11.89898,12.04824,10.78876,9.99718,11.37042,11.07794,10.01912,12.44922,13.06162,13.8567,15.48204,17.95744,17.58548,16.13166,15.29912,14.44668,11.55966,8.8239,9.12868,6.64638,3.69786,3.36658,3.3133,2.18428,1.67872,2.09778,1.76704,1.71782
192,"CUB","Cuba",11.0836,14.606,16.8464,17.75014,18.49432,17.13272,14.36042,11.45172,8.69666,6.1397,5.51256,5.01172,4.86724,4.7058,4.20728,4.25798,4.70886,5.09812,5.5562,6.0866,6.0632,5.97086,6.03516,6.01812,5.74874,5.49048,4.85152,3.61088,2.79786,2.0443,1.94822,1.78414,2.1818,1.9256,1.9428,1.25838,1.01412,0.61646,0.52084,0.34008,0.30156,0.52392,0.80264,1.22344,1.3367,1.61414,1.46336,1.50358,1.37792,1.50122,1.59378,1.5536,1.41406,1.3397,1.19958,0.74622,0.577,0.50072,0.52276
531,"CUW","Curacao",NA,NA,NA,NA,NA,NA,NA,NA,NA,NA,NA,NA,NA,NA,NA,NA,NA,NA,NA,NA,NA,NA,NA,NA,NA,NA,NA,NA,NA,NA,NA,NA,NA,NA,NA,NA,NA,NA,NA,NA,NA,NA,NA,NA,NA,NA,NA,NA,NA,NA,NA,NA,NA,NA,NA,NA,NA,NA,NA
196,"CYP","Cyprus",6.14334,6.04364,5.42774,6.50098,7.1277,7.93466,8.4546,9.63322,10.42098,9.88402,11.08364,13.0353,14.13118,14.71084,17.16602,16.6361,15.52682,15.43192,15.49566,15.69464,16.97492,18.47996,19.75372,20.59222,21.98292,22.99404,24.15428,25.5645,26.83822,28.87564,30.71662,32.1378,32.81176,33.10266,31.87218,29.54814,27.41998,25.88222,24.0654,22.46382,21.7246,21.2908,20.86358,21.8035,22.47806,23.85084,23.55876,23.39462,23.57712,23.92986,23.4317,25.8273,26.68094,26.2164,26.23316,27.00302,25.409,24.07352,23.31312
203,"CZE","Czechia",NA,NA,NA,NA,NA,NA,NA,NA,NA,NA,NA,NA,NA,NA,NA,NA,NA,NA,NA,NA,NA,NA,NA,NA,NA,NA,NA,NA,8.6203,7.0513,7.1046,6.83135,6.51102,5.87232,5.26782,4.60244,4.16198,3.95932,4.127,3.73386,3.37744,3.3402,3.2778,2.02476,1.92594,1.5179,0.79328,0.07134,0.07134,0.07134,0.0589399999999998,0.0589399999999998,0.27968,0.4767,0.65798,0.65798,0.65798,0.3783,0.18128
180,"COD","Dem. Rep. Congo",0,0,0,0,0,0,0,0,0,0,0,0,0,0,0,0,0,0,0,0,0,0,0,0,0,0,0,0,0,0,0,0,0,0,0,0,0,0,0,0,0,0,0,0,0,0,0,0,0,0,0,0,0,0,0,0,0,0,0
208,"DNK","Denmark",27.04386,27.46496,27.71048,27.6023,27.47376,27.1175,26.67644,26.96966,27.8947,27.28448,27.24786,27.52644,27.23764,26.53788,27.24654,26.86484,25.83596,24.80828,24.48612,22.72418,21.4013,20.39898,19.4927,17.4432,16.71078,15.41866,14.11276,13.49186,12.63562,12.2517,12.1102,12.12048,11.22566,11.06746,10.61558,10.29602,10.03906,10.19032,10.12832,10.2606,10.47422,10.59286,10.75282,10.26496,9.04096,8.48194,7.80312,6.54766,6.2975,6.58928,6.58002,6.77566,7.2177,8.40296,8.53204,8.69174,8.75588,8.32178,7.3909
262,"DJI","Djibouti",76.40622,77.3728,78.38952,79.56096,80.83102,82.27666,83.63324,84.86168,85.69972,86.63072,87.85036,89.04772,90.86584,93.01906,97.45856,94.75494,85.9261,75.94414,66.92826,55.63612,51.97868,54.2557,57.64274,60.92502,64.72568,65.69616,62.4866,58.4076,53.40568,47.8126,44.06312,44.8882,46.04536,46.90376,47.95806,48.6946,49.05276,49.16736,49.46856,48.82298,48.61442,47.1496,44.81762,43.30206,41.77842,39.2326,36.58144,34.53618,31.57156,29.2291,27.66092,27.52692,25.99586,23.2574,18.43362,13.1728,8.9691,7.27772,5.91752
212,"DMA","Dominica",33.72454,32.65624,32.05546,31.47674,30.88508,30.4773,30.51606,30.52174,30.4651,30.4268,30.31506,30.15888,30.46158,29.27102,24.70744,22.0903,19.40094,13.80522,12.18522,14.68986,15.84608,17.07772,20.79392,22.2617,24.17742,22.35702,24.45438,26.52258,28.42938,29.28166,32.51186,30.7315,29.53494,28.43514,26.53918,24.93216,24.33224,19.38826,14.89642,11.38076,8.96614,5.67338,8.32574,7.32598,6.30982,4.7708,5.06128,2.53672,3.15826,3.46314,4.01774,3.43832,2.93148,2.69642,3.15582,2.51752,2.34044,2.33778,1.9513
214,"DOM","Dominican Republic",0.22784,0.19522,0.21392,0.30456,0.41528,0.64642,1.27176,2.13702,2.8089,4.21796,5.2375,5.7388,5.30658,5.24554,4.5602,3.43022,2.47608,2.35142,1.62244,1.26374,1.57846,2.14182,2.63582,3.39658,3.85314,4.22742,4.59898,4.92922,5.2584,5.77784,6.20426,6.33544,6.48858,6.73688,6.36586,5.59908,4.35888,3.40048,2.34808,1.95196,1.89526,2.59574,3.2485,4.80422,4.91916,5.77842,6.25856,6.0841,4.96694,4.32124,2.8947,1.96352,1.22678,1.25944,1.1056,1.1056,0.85616,0.75706,0
218,"ECU","Ecuador",1.00824,1.12702,1.4304,1.82308,2.29998,2.62306,2.85228,3.08518,3.29956,3.3992,3.69466,4.19312,4.42952,5.06656,5.95924,6.49498,6.8697,7.34416,7.23384,7.13716,6.85522,6.349,5.46898,4.81942,3.9486,3.39102,3.35534,3.78192,4.18736,4.52664,4.96786,5.21238,5.4993,5.77902,6.14678,6.50872,7.83982,7.9667,8.161,8.48446,8.54966,7.70556,7.47104,6.60836,6.1241,6.20094,6.24194,6.09956,6.87634,7.66788,7.5834,7.5993,8.14526,8.84272,8.87228,9.36228,9.65962,8.86982,7.7347
818,"EGY","Egypt",0,0,0,0,0,0,0,0,0,0,0,0,0,0,0,0,0.12774,1.48354,3.30066,5.9303,8.89824,11.10618,12.24418,12.5022,11.15408,9.52898,7.1933,4.6995,2.62436,1.34284,0,0,0,0,0,0,0,0,0,0,0,0.0674199999999999,0.0674199999999999,0.0674199999999999,0.0674199999999999,0.0674199999999999,0,0,0.65016,0.66258,2.4368,2.4368,2.47332,1.82316,1.97752,1.07188,1.67144,2.42594,4.2099
222,"SLV","El Salvador",2.92176,3.69924,4.87568,5.96526,6.68564,7.27652,7.02856,7.4565,9.08602,10.34328,10.78786,11.30694,11.51904,10.0232,8.55858,7.86038,8.19108,7.06076,7.0427,6.37218,7.36342,6.84768,8.59482,9.05422,9.90008,9.64832,9.9716,8.51066,7.4012,6.95434,6.79508,6.86334,6.33738,6.16286,5.56512,4.8863,3.5698,3.68232,3.51034,3.55748,4.26284,4.42252,4.53414,3.67466,3.24526,3.21054,4.1228,4.49368,5.62796,5.66442,5.18024,4.0071,3.51336,3.70178,3.95228,3.6866,3.98384,3.0902,3.17586
226,"GNQ","Equatorial Guinea",0,0.00167999999999999,0.12732,0.12732,0.17246,0.22622,0.37708,0.50098,0.7272,0.89228,1.07346,1.18042,1.18074,1.1917,1.20376,1.1586,1.054,0.97076,0.88488,0.79564,0.73064,0.67952,0.57764,0.47716,0.3975,0.28288,0.1955,0.14892,0.1156,0.06294,0.05278,0.0363799999999999,0.0182199999999999,0.000719999999999965,0,0,0,0,0,0,0,0,0,0,0,0,0,0,0,0,0,0,0,0,0,0,0,0,0
232,"ERI","Eritrea",NA,NA,NA,NA,NA,NA,NA,NA,NA,NA,NA,NA,NA,NA,NA,NA,NA,NA,NA,NA,NA,NA,NA,NA,NA,NA,NA,NA,0,0,0,0.30675,0.42854,0.42854,1.04972,1.87684,1.76194,1.78464,1.8609,1.32792,0.5008,0.3703,0.16446,0.39802,0.46162,0.50086,0.50086,0.50086,0.19104,0.03924,0,0,0,0,0,0,0,0,0
233,"EST","Estonia",NA,NA,NA,NA,NA,NA,NA,NA,NA,NA,NA,NA,NA,NA,NA,NA,NA,NA,NA,NA,NA,NA,NA,NA,NA,NA,NA,15.8216,12.34425,10.3193333333333,9.22165,8.20556,5.8635,4.96442,4.6665,4.29532,4.46348,4.68006,5.24102,5.77502,5.97888,6.08662,5.6857,5.26038,4.36936,4.26278,4.02524,4.15306,4.05944,4.05606,3.26076,3.1522,2.87388,2.97492,2.7295,3.15986,3.06318,2.57576,1.74256
748,"SWZ","Eswatini",1.97252,1.95328,1.82962,1.47298,1.19998,0.8608,0.82134,0.64284,1.61378,1.61378,1.52182,2.13204,2.74636,2.82878,3.80292,5.54272,6.67224,6.50414,7.03036,6.05622,4.31642,2.19722,1.58556,0.00597999999999992,0.00597999999999992,0.00597999999999992,0.00597999999999992,0,0,0,0,0,0,0,0,0,0,0,0,0,0,0,0,0,0,0,0,0,0,0,0,0,0,0,0.0648399999999999,0.0648399999999999,0.36132,0.36132,0.4274
231,"ETH","Ethiopia",0,0,0,0,0,0,0,0,0,0,0,0,0,0,0,0,0,0,0,0,0,0,0,0,0,0,0,0,0.06588,0.4008,0.70296,0.88448,0.9208,1.15974,1.03858,0.87964,0.75256,0.82026,0.51544,0.32876,0.18554,0.1311,0.0495,0.0495,0.02242,0.02242,0.02242,0.09458,0.09458,0.09458,0.09458,0.09458,0,0,0,0,0.0179599999999999,0.2181,0.32872
234,"FRO","Faeroe Islands",2538.2237,2529.08366,2513.62042,2511.07938,2509.5588,2509.29442,2503.95106,2500.68234,2494.60812,2486.57452,2474.44714,2467.5831,2461.46584,2450.53456,2440.80082,2436.65942,2431.99958,2428.95816,2435.5725,2441.13626,2437.78846,2432.46124,2428.18016,2422.2797,2418.235,2422.05152,2424.46426,2425.71536,2430.76322,2440.88992,2449.13374,2456.99008,2465.27974,2465.87692,2462.6639,2462.26602,2465.90024,2469.6998,2340.77702,2258.05694,2189.16196,2143.60282,2061.204,2038.17352,1954.47906,1662.72458,1645.23516,1457.35812,1493.20512,1299.31888,1301.7444,997.6945,896.9292,649.99346,645.33184,667.47506,663.7925,655.21088,668.16234
238,"FLK","Falkland Islands",NA,NA,NA,NA,NA,NA,NA,NA,NA,NA,NA,NA,NA,NA,NA,NA,NA,NA,NA,NA,NA,NA,NA,NA,NA,NA,NA,NA,NA,NA,NA,NA,NA,NA,NA,NA,NA,NA,NA,NA,NA,NA,NA,NA,NA,NA,NA,NA,NA,NA,NA,NA,NA,NA,NA,NA,NA,NA,NA
242,"FJI","Fiji",0,0,0,0,0,0,0,0,0,0.0276999999999997,0.2994,0.2994,0.2994,0.2994,0.39552,0.61436,0.87716,0.87716,1.01782,0.894,0.72932,2.30158,4.99106,8.27718,8.35836,8.13524,6.33882,3.7842,0.77104,1.1241,1.47278,2.31932,3.17946,3.80864,3.65964,3.52856,3.09708,2.82778,1.78498,1.49974,1.1794,0.7257,0,0,0,0.70782,0.9515,1.73858,2.62138,3.87622,3.53136,4.79846,5.88944,6.05714,5.31474,5.82576,5.51318,6.16384,5.81018
246,"FIN","Finland",24.61526,25.53986,26.75138,27.9818,29.15778,30.76722,32.37686,33.90484,35.82684,37.1884,37.01582,35.40796,34.09006,32.23554,30.33746,29.81026,30.72574,31.38548,31.65264,31.77706,31.79902,31.737,31.9438,31.4053,30.81208,29.05476,26.19298,22.91052,20.0956,17.68138,16.29112,15.30122,14.09328,13.43866,12.5467,11.38644,11.00612,10.46892,9.64906,9.01972,8.61528,8.11086,7.64098,6.67182,5.76526,5.37116,4.65872,4.16528,4.1858,4.0793,3.72912,3.70626,3.78486,4.07364,4.01088,4.14404,4.52268,4.0651,3.80958
250,"FRA","France",24.97358,26.5054,28.41898,30.48708,32.59306,35.3379,37.94948,40.51774,42.88672,42.99744,42.46602,42.16716,41.25852,40.18138,41.15952,41.07962,39.89326,38.45318,37.21634,34.80616,32.96348,31.52774,29.95112,28.1674,27.48492,26.61164,25.17674,23.3215,21.4139,19.5582,18.34578,17.40442,17.21904,16.61448,15.75976,14.3991,13.47346,12.08038,11.57344,10.27514,9.34958,8.219,8.15016,5.8056,4.33892,3.42258,2.30346,1.18298,1.89996,2.13958,2.0047,2.60982,2.3306,2.2564,2.27238,3.01128,2.50778,2.1908,1.54802
258,"PYF","French Polynesia",0,0,0,0,0,0,0,0,0,0,0,0,0,0,0,0,0,0,0,1.20994,1.20994,1.20994,1.20994,1.20994,0.0209400000000002,0.0209400000000002,0.22198,0.86508,1.61224,2.35264,2.95008,3.38134,3.27378,3.62728,3.63036,3.49916,3.31166,2.8702,1.76954,1.24482,0.77858,0.33378,0.2397,0.2397,0.0778199999999998,0.0778199999999998,0.0778199999999998,0.0778199999999998,0.0778199999999998,0,0,0,0,0,0,0,0,0,0
266,"GAB","Gabon",0.838,0.82398,0.80986,0.7794,0.75594,0.72344,0.69402,0.6755,0.66712,0.6534,0.64838,0.66124,0.6542,0.61576,0.54924,0.47034,0.38184,0.28234,0.23712,0.31376,0.43468,0.45328,0.48438,0.45366,0.36934,0.33132,0.32644,0.36666,0.46644,0.49812,0.38626,0.37682,0.40266,0.40286,0.4141,0.47392,0.50372,0.47076,0.4321,0.434,0.4463,0.45308,0.45142,0.44152,0.39644,0.30496,0.21758,0.24666,0.25494,0.3318,0.56838,1.09304,1.8946,2.39298,2.73468,2.73168,2.53772,2.52554,2.52072
270,"GMB","Gambia",0,0,0,0,0,0,0,0,0,0,0,0.12628,0.27188,0.62908,1.15596,1.43382,1.30754,1.16194,0.80474,0.27786,0,0,0,0,0,0,0,0,0,0,0,0,0,0,0,0,0,0,0,0,0,0,0,0,0,0,0,0,0,0,0,0,0,0.01584,0.01584,0.01584,0.01584,0.01584,0
268,"GEO","Georgia",NA,NA,NA,NA,NA,NA,NA,NA,NA,NA,NA,NA,NA,NA,NA,NA,NA,NA,NA,NA,NA,NA,NA,NA,NA,NA,NA,4.7718,3.52175,2.91873333333333,2.578875,2.33784,1.47096,1.28394,0.99192,1.05,0.8873,0.9677,0.70038,0.64986,0.27992,0.59716,0.50928,0.50928,0.50928,0.6967,0.27976,0.5418,1.25942,2.29884,2.79022,3.52496,3.94834,3.72882,3.39502,3.8199,3.85554,3.64732,4.0608
276,"DEU","Germany",40.15088,41.80758,43.1204,44.25962,45.33074,46.71258,48.0069,49.2984,50.38754,50.59608,49.70796,49.73178,49.48294,49.28222,49.46196,49.49226,48.25832,46.67646,45.38392,43.4957,42.22782,41.38682,41.07538,40.08048,39.19156,35.99722,32.20174,28.19662,23.72336,19.76662,17.48882,15.91536,14.39716,13.48696,12.42936,11.49818,10.07664,9.4469,8.92296,7.42434,6.63798,6.43442,6.24292,4.66414,4.27966,4.42336,4.49788,4.11522,4.99424,5.315,5.17606,4.86064,4.29452,4.0773,4.08476,3.69662,2.8477,2.21088,1.3765
288,"GHA","Ghana",0,0,0,0,0,0,0,0,0,0,0,0,0,0,0,0,0,0,0,0,0,0,0,0,0,0,0,0,0,0,0,0,0,0,0,0,0,0,0,0,0,0,0,0,0,0,0,0,0,0,0,0,0,0,0,0,0,0,0
300,"GRC","Greece",8.1986,8.9681,8.95278,9.71076,9.9158,10.14184,10.3921,10.71222,11.07118,11.5756,12.36626,13.36794,14.54922,15.31596,15.84258,15.25844,14.50914,13.5132,12.90142,12.346,12.9674,13.30476,13.33214,12.83158,12.35524,12.616,12.02676,11.95152,10.7749,9.4045,7.25962,6.40888,5.07206,4.5054,4.26184,3.61482,2.73808,1.92156,1.96712,1.5058,1.17372,0.818,0.79486,0.17964,0.07608,0.07608,0.07608,0,0,0,0,0,0,0,0,0,0,0.99184,1.9025
304,"GRL","Greenland",NA,NA,NA,NA,NA,NA,NA,NA,NA,NA,NA,NA,NA,NA,NA,NA,NA,NA,NA,NA,NA,NA,NA,NA,NA,NA,NA,NA,NA,NA,NA,NA,NA,NA,NA,NA,NA,NA,NA,NA,NA,NA,NA,NA,NA,NA,NA,NA,NA,NA,NA,NA,NA,NA,NA,NA,NA,NA,NA
308,"GRD","Grenada",0.00396000000000001,0,0,0,0,0.00103999999999997,0.02322,0.11836,0.26424,0.49082,0.66038,0.73858,0.73854,0.6076,0.41848,0.31732,0.22718,0.20286,0.27078,0.24314,0.25468,0.35084,0.28006,0.26326,0.34804,0.34926,0.3848,0.59682,0.7353,0.88492,1.13828,1.4407,1.70166,2.00738,2.29186,2.24964,2.13948,1.98,1.60362,1.07492,1.0879,1.20992,1.31004,1.79134,2.22692,2.5839,2.49972,3.73148,3.67842,3.7109,3.55028,3.54814,2.33544,2.68524,2.84826,2.9743,3.21672,3.35648,3.01824
320,"GTM","Guatemala",0.87162,0.97122,1.20262,1.46566,1.65802,2.08346,2.1646,2.21924,1.85006,1.70094,1.49644,1.85534,2.0782,2.48814,2.64134,2.64618,2.31348,1.61584,1.46864,1.74282,2.02676,2.42784,3.29168,3.88932,4.17604,4.41708,4.38574,4.71202,4.96016,5.39728,6.03554,6.59406,7.23958,7.51946,7.24982,7.24006,7.55918,7.43924,7.72816,8.62478,9.64916,9.80524,9.9957,9.14316,7.99662,7.34046,6.84652,6.61176,7.35394,8.09056,7.2062,6.64482,6.4074,5.88744,5.47872,6.49502,6.92346,6.14738,5.87536
831,"GGY","Guernsey",NA,NA,NA,NA,NA,NA,NA,NA,NA,NA,NA,NA,NA,NA,NA,NA,NA,NA,NA,NA,NA,NA,NA,NA,NA,NA,NA,NA,NA,NA,NA,NA,NA,NA,NA,NA,NA,NA,NA,NA,NA,NA,NA,NA,NA,NA,NA,NA,NA,NA,NA,NA,NA,NA,NA,NA,NA,NA,NA
324,"GIN","Guinea",0,0,0,0,0,0,0,0,0,0,0,0,0,0,0,0,0,0,0,0,0,0,0,0,0,0,0,0,0,0,0,0,0,0,0,0,0,0,0,0,0,0,0,0,0,0,0,0,0,0,0,0,0,0,0,0,0,0,0
624,"GNB","Guinea-Bissau",0.49582,0.57898,0.66776,0.73404,0.80662,0.84226,0.92186,0.9966,1.0997,1.16536,1.18998,1.1476,1.1938,1.2656,1.3265,1.42712,1.54006,1.5512,1.50064,1.37098,1.26576,1.15028,1.09806,1.01838,1.04814,1.01762,1.02466,0.9625,0.92386,0.88768,0.85458,0.81968,0.79098,0.76978,0.70242,0.70154,0.66848,0.63632,0.64304,0.61592,0.47606,0.3483,0.2376,0.0812,0,0.06186,0.18584,0.33614,0.43752,0.62222,0.72164,0.7717,0.8442,0.90178,0.82192,0.76652,0.62686,0.40406,0.2451
328,"GUY","Guyana",0,0,0,0,0,0,0.331059999999999,1.58554,3.8879,3.8879,4.7281,5.20624,3.95176,1.6494,2.70234,1.86214,1.79908,1.79908,1.79908,1.2188,1.7125,4.26556,4.66118,4.66118,4.18852,3.69482,0.39562,0,0,0,0,0,0,0,0,0,0,0,0,0,0,0,3.0985,4.78452,4.78452,4.78452,5.6253,4.5245,3.37926,3.37926,3.37926,3.3687,1.371,0.83022,0.83022,0.83022,0,0,0
332,"HTI","Haiti",1.62888,1.69104,1.74644,1.83808,1.90824,1.9745,2.15616,2.41858,2.66266,2.84382,3.01164,3.08026,3.21472,3.36958,3.59906,3.43828,3.09746,2.32762,1.51314,0.69478,0.26742,0,0,0,0,0,0,0,0,0,0,0.09216,0.21932,0.5617,0.82954,1.31536,1.74298,2.09518,2.42708,2.58054,2.4445,2.2936,2.06162,1.69102,1.65008,1.70514,1.44726,6.10566,5.9133,5.83028,5.5882,5.6372,1.04512,2.1282,3.2658,3.71232,4.02836,4.1514,3.38
336,"VAT","Holy See",NA,NA,NA,NA,NA,NA,NA,NA,NA,NA,NA,NA,NA,NA,NA,NA,NA,NA,NA,NA,NA,NA,NA,NA,NA,NA,NA,NA,NA,NA,NA,NA,NA,NA,NA,NA,NA,NA,NA,NA,NA,NA,NA,NA,NA,NA,NA,NA,NA,NA,NA,NA,NA,NA,NA,NA,NA,NA,NA
340,"HND","Honduras",1.76902,1.7113,1.71824,1.76406,1.87652,1.92404,2.02364,2.07012,2.01086,1.88666,1.90136,2.1544,2.1639,2.28016,2.2277,2.17028,1.7641,1.53438,1.24966,1.2564,1.12578,1.21902,1.42016,1.76208,1.87434,1.81722,1.92008,2.15148,2.22666,2.37906,2.535,2.84638,3.23414,3.63066,4.54324,5.50966,5.83216,5.245,4.83348,3.90712,3.67114,3.92392,4.76106,5.20126,5.39922,5.365,5.37968,5.16998,5.8844,6.9929,8.3744,8.86088,9.38422,9.66438,9.5262,9.35932,9.29186,9.09582,8.97212
344,"HKG","Hong Kong",43.23638,44.09848,43.36198,42.16884,43.48486,48.34248,57.13594,66.38714,70.53982,71.26154,73.0876,72.90154,75.86034,86.4075,100.43252,112.33312,120.38654,124.7556,126.49936,125.4599,123.18322,119.918,117.19428,112.23898,110.20236,107.16536,105.17378,99.87838,91.83084,81.6206,73.10926,66.93156,66.40018,69.11208,71.56722,74.61284,78.40216,78.43968,77.5761,77.70328,77.38522,78.43514,77.22682,77.40882,79.08544,82.86368,84.68574,90.2784,96.03668,99.6946,101.6648,103.5888,105.09274,106.49908,107.89514,114.25274,119.79234,123.9365,128.48648
348,"HUN","Hungary",10.19586,10.5449,11.61378,12.83764,13.49824,14.874,16.9596,18.47358,20.30828,23.11166,26.16956,27.76512,29.87836,31.32944,32.75186,32.01492,32.6245,32.26834,32.467,32.10198,31.18472,30.144,29.16358,27.18298,24.9583,21.38932,15.96246,10.93896,6.52688,2.01096,0.45812,0.94826,1.0505,0.7913,0.88908,1.06664,0.5765,0.725100000000001,1.50976,1.41198,1.1267,1.1267,1.40172,0.61706,0.61706,0.61706,0.61706,0.07468,0.07468,0.07468,0.07468,0.07468,0,0,0,0,0.144,0.35392,0.35392
352,"ISL","Iceland",24.62608,25.96644,26.95842,28.22446,28.70392,29.14824,30.20814,31.02122,31.60658,32.38624,33.29076,33.70512,34.12848,34.4621,35.08992,34.73682,34.6208,34.87288,34.46636,33.60052,33.12636,32.1863,30.6529,29.1501,27.64484,26.8292,26.4567,25.63636,25.6685,25.4466,25.1668,23.36192,22.65678,21.6667,21.35904,20.5185,21.41844,21.92808,21.82358,22.17628,22.20948,22.16458,22.5894,22.79116,22.19754,22.57194,22.87244,23.04988,24.83158,28.35308,29.14316,30.73854,30.44704,29.14006,25.83242,25.01248,23.32854,22.5967,21.01266
356,"IND","India",0,0,0,0,0,0,0,0,0,0,0,0,0,0.0210599999999999,0.14,0.2885,0.42162,0.5617,0.65886,0.88134,1.2087,1.6449,1.87142,2.3967,2.81082,3.17112,3.5108,3.7488,3.59952,3.43878,3.14632,2.78332,3.18406,3.7958,4.59924,5.19174,5.83204,6.00194,5.9567,5.88568,6.31744,6.79748,7.11532,7.95476,9.08706,10.22324,11.14518,11.43218,10.76268,9.7441,9.08032,8.29032,8.27388,8.79924,9.38894,10.07272,10.31476,10.60734,11.00678
360,"IDN","Indonesia",0,0,0,0,0,0,0,0,0,0,0,0,0,0,0,0,0.0288399999999999,0.46426,0.73614,1.0971,1.55308,2.05494,2.14722,2.45562,2.60076,2.60058,2.57294,2.4788,2.1949,1.99622,1.54042,1.03736,0.6038,0.30742,0,0,0,0,0,0,0,0,0,0,0,0,0,0.77514,1.2232,2.0825,3.28242,4.28432,5.27488,6.34622,6.24432,5.69896,5.25344,3.89914,2.64082
364,"IRN","Iran",0.00779999999999998,0.00779999999999998,0.01028,0.01028,0.00247999999999999,0.00247999999999999,0.15782,0.27642,0.58816,0.98608,1.43032,1.6516,2.08204,2.16556,2.50372,3.53226,4.4078,5.57362,7.06224,8.1753,8.4986,8.65656,8.58472,8.62418,9.06032,9.59312,9.8706,9.80512,8.70426,7.43888,6.1437,5.51692,4.92496,4.86798,4.98318,5.50282,5.38438,5.15598,5.27428,5.2742,4.97846,5.65292,5.8099,6.50382,6.5552,6.52182,5.29754,4.62766,3.68018,2.96188,1.73766,1.3451,1.30784,0.7082,0.3831,0.3831,0.44732,0.32568,0.35438
368,"IRQ","Iraq",0,0,0,0,0,0,0,0,0,0,0,0,0,0,0.13246,0.18468,0.18468,0.20546,0.50376,0.9219,1.38136,2.08358,2.92648,3.46642,4.03626,4.36538,3.9287,3.94244,4.32174,5.0864,5.69304,6.71488,7.51324,8.31504,8.6792,9.31536,9.71202,9.68426,8.35152,6.10226,4.59614,3.67734,2.80488,3.35976,4.47446,4.42196,4.14762,3.51296,2.69532,1.58062,1.24862,0.91918,1.55772,2.79064,3.62574,3.43276,3.40448,3.6331,2.85368
372,"IRL","Ireland",20.76692,23.96346,27.0001,29.5862,32.41764,35.65182,36.69764,39.38688,42.1049,41.51674,41.55294,42.22964,40.62382,39.40584,39.46568,37.61878,35.46832,33.59732,32.06506,30.818,30.72198,32.04226,33.11666,33.90634,36.0872,38.18574,39.098,40.15184,41.22898,42.19078,42.90272,42.0476,40.9004,39.13394,36.68624,33.26554,31.0935,29.63766,27.65522,25.24528,25.03446,24.9976,24.07796,22.37506,22.72234,21.91016,21.10662,21.52058,22.99744,22.26316,21.7719,21.98722,21.79798,22.51878,23.33722,24.90416,24.99314,23.59006,22.16506
833,"IMN","Isle of Man",NA,NA,NA,NA,NA,NA,NA,NA,NA,NA,NA,NA,NA,NA,NA,NA,NA,NA,NA,NA,NA,NA,NA,NA,NA,NA,NA,NA,NA,NA,NA,NA,NA,NA,NA,NA,NA,NA,NA,NA,NA,NA,NA,NA,NA,NA,NA,NA,NA,NA,NA,NA,NA,NA,NA,NA,NA,NA,NA
376,"ISR","Israel",8.83982,8.07868,7.27276,7.15854,7.65862,8.38788,9.1073,9.69926,9.9922,10.18364,10.81278,11.56846,12.67272,13.82848,14.8555,14.11102,12.62544,11.77556,10.70506,10.2723,10.1623,10.8981,10.9924,12.18946,12.50266,12.9927,14.02104,15.01248,15.43306,16.15226,16.92214,16.2339,16.73672,16.76192,15.65066,14.73454,14.16414,12.28828,10.766,10.80732,11.13538,12.09214,12.63076,13.18408,12.35588,11.49868,10.06692,9.35696,7.40906,5.74686,4.19102,3.12518,1.98874,2.08022,2.61384,3.0028,3.17456,2.89776,2.59578
380,"ITA","Italy",10.2638,10.6398,10.95988,11.5893,12.14638,12.67518,13.85804,15.42468,16.07238,15.87014,16.00788,15.61888,15.8564,18.02458,21.06436,22.65276,23.75742,24.21254,23.13426,22.30912,22.2852,22.59094,22.93778,23.38656,22.60378,22.4132,21.6838,20.57698,19.61438,19.49548,18.45722,18.24112,17.38268,16.70388,15.80722,15.4511,14.09466,13.3003,12.7754,11.65654,10.2464,9.8678,9.55944,7.962,7.63448,7.12856,6.24068,5.40392,5.55358,5.24622,5.22738,5.2154,5.39286,5.24148,5.20012,5.76726,5.21442,4.67192,4.57176
388,"JAM","Jamaica",0,0,0.49874,0.68214,0.95458,1.34044,1.84114,1.88388,2.51776,4.1325,4.9113,4.4543,5.03464,4.3948,2.79116,2.34996,3.1358,3.01882,3.54798,5.17332,5.05936,4.69212,5.28602,6.05196,5.72302,6.55572,7.00734,6.33878,5.9404,5.35314,4.8618,4.97536,5.47128,5.65764,5.99022,6.61642,7.00428,6.566,6.60026,7.13136,7.25972,6.12512,5.1373,3.84252,2.67102,2.2627,3.74218,5.64898,7.31296,8.14712,7.45464,7.11642,6.05242,7.00304,7.4168,8.40038,8.41214,8.71124,7.68344
392,"JPN","Japan",26.4475,29.3413,32.79884,35.7613,38.92084,41.19416,42.96598,44.96072,47.61202,48.4852,48.48322,50.03166,50.637,50.80156,53.44144,55.35142,55.40732,55.70282,56.15568,55.49382,56.15492,57.0466,58.05966,57.78296,57.66096,57.54494,57.32688,56.72908,57.67632,57.60952,57.07916,55.98404,54.6496,51.96596,50.36634,50.01786,48.70068,47.11964,46.12222,44.58576,42.60354,42.09776,42.73996,39.9682,37.22928,36.43104,34.76078,32.25748,32.93578,33.72586,32.56084,32.02244,32.03266,31.7878,31.52142,31.49016,30.9501,29.5793,27.67318
832,"JEY","Jersey",NA,NA,NA,NA,NA,NA,NA,NA,NA,NA,NA,NA,NA,NA,NA,NA,NA,NA,NA,NA,NA,NA,NA,NA,NA,NA,NA,NA,NA,NA,NA,NA,NA,NA,NA,NA,NA,NA,NA,NA,NA,NA,NA,NA,NA,NA,NA,NA,NA,NA,NA,NA,NA,NA,NA,NA,NA,NA,NA
400,"JOR","Jordan",0,0,0,0,0,0.1882,0.1882,0.1882,0.54604,0.54604,1.19142,1.81694,2.6648,3.07118,4.73616,5.19912,5.27662,5.95466,6.49614,6.6701,5.95348,5.40542,4.258,4.55248,3.56084,4.40744,5.5064,5.71934,6.19022,7.24292,7.51266,9.40078,11.33984,9.84654,9.35692,8.26124,6.22874,5.60798,7.8174,6.48954,6.09836,5.0036,3.61778,1.91778,2.74174,3.25798,4.10432,4.28174,3.19456,2.28808,1.56244,0.70132,0.35894,0.49172,0.49172,0.49172,0.49172,0.28352,0.53814
398,"KAZ","Kazakhstan",NA,NA,NA,NA,NA,NA,NA,NA,NA,NA,NA,NA,NA,NA,NA,NA,NA,NA,NA,NA,NA,NA,NA,NA,NA,NA,NA,2.63,2.5479,1.9512,1.6636,1.5033,1.00948,0.53738,0.38582,0.22566,0.05324,0.02106,0,0,0,0,0,0,0,0,0,0,0,0,0,0,0,0,0,0,0,0,0
404,"KEN","Kenya",0,0.09406,0.14164,0.18958,0.31478,0.47856,0.61738,0.80196,0.92204,0.98482,0.85736,0.62448,0.39232,0.2243,0.03632,0.08834,0.45962,0.55324,0.91368,1.41452,1.6667,1.5401,1.90588,1.95524,1.76006,1.80548,1.91022,1.6445,1.59994,1.80734,1.48944,1.95176,2.4507,2.5207,2.8262,3.4382,3.0972,3.00078,3.33304,3.10614,3.0398,3.0968,3.2123,3.16222,3.2447,3.03946,3.12982,3.02736,3.41052,3.49568,3.58872,3.96298,4.75366,4.45702,4.75624,5.48892,5.68884,4.77606,4.5433
296,"KIR","Kiribati",0,0,0,0,0,0,0,0,0,0,0,0,0,0,0,0,0,0,0,0,0,0,0,0,0,0,0,0,0,0,0,0,0,0,0,0,0,0,0,0,0,0,0,0,0,0,0,0,0,0,0,0,0,0,0,0,0,0,0
689,"XKX","Kosovo",NA,NA,NA,NA,NA,NA,NA,NA,NA,NA,NA,NA,NA,NA,NA,NA,NA,NA,NA,NA,NA,NA,NA,NA,NA,NA,NA,NA,NA,NA,NA,NA,NA,NA,NA,NA,NA,NA,NA,NA,NA,NA,NA,NA,NA,NA,NA,NA,NA,NA,NA,NA,NA,NA,NA,NA,NA,NA,NA
414,"KWT","Kuwait",139.70022,143.92112,150.4583,157.97518,165.35012,172.75384,179.51616,188.26804,193.07456,196.00434,200.4268,202.60818,199.18094,201.1122,211.0821,228.83372,221.29872,212.45732,206.04322,182.96216,153.09272,145.76176,148.27348,135.5894,133.64554,124.32036,109.60864,86.3095,75.91956,66.72648,61.0126,66.4964,72.6373,76.40424,77.07466,70.7882,61.9297,54.48902,45.59316,38.29766,39.43158,47.20228,57.95746,67.41728,68.8558,70.99394,67.15212,62.8759,56.43452,57.03534,68.04676,83.0072,95.36372,107.3812,118.30964,120.87012,123.12448,122.3651,130.55604
417,"KGZ","Kyrgyzstan",NA,NA,NA,NA,NA,NA,NA,NA,NA,NA,NA,NA,NA,NA,NA,NA,NA,NA,NA,NA,NA,NA,NA,NA,NA,NA,NA,2.6838,2.346,2.39686666666667,2.183725,1.74698,1.21022,0.80858,0.30886,0,0,0,0,0,0,0,0.01936,0.03012,0.03012,0.25172,0.3729,0.77042,1.31984,1.82568,1.68268,1.77774,1.55374,1.3042,1.26478,1.67498,2.5108,2.97026,3.39774
418,"LAO","Laos",3.75422,4.17014,4.55766,4.97272,5.17082,5.15942,4.96718,4.6273,4.0629,3.64852,3.28436,3.03958,2.91198,2.99534,3.0798,3.28392,3.32664,3.42938,3.51906,3.64382,3.72194,3.84022,4.11902,4.4424,4.61638,4.7302,5.1762,5.27404,5.54388,5.8414,6.64546,6.9174,7.27354,6.94418,6.5349,5.5211,4.91656,4.18344,3.71702,3.48612,3.31512,2.92824,2.57868,2.10454,1.68634,1.429,1.6302,1.84592,2.44056,2.95794,3.2376,2.77786,2.75316,2.9563,3.91734,5.17714,6.59664,7.04686,7.14498
428,"LVA","Latvia",NA,NA,NA,NA,NA,NA,NA,NA,NA,NA,NA,NA,NA,NA,NA,NA,NA,NA,NA,NA,NA,NA,NA,NA,NA,NA,NA,18.3012,11.7447,8.8747,8.114275,7.56236,4.96426,5.21064,5.967,5.98498,6.43764,6.5647,6.37866,6.17652,5.92968,5.42326,5.02154,4.36904,3.60744,3.3527,3.23846,3.02834,3.75796,4.4921,4.40532,4.3752,4.5168,4.46962,3.73704,3.468,3.33188,2.86298,2.277
422,"LBN","Lebanon",6.12828,6.62304,7.11874,7.17184,7.52332,11.42578,12.64208,14.68336,18.47928,18.45986,14.90852,15.18382,13.9884,10.98296,13.52446,13.99602,13.44738,14.9313,16.25176,16.6682,18.52826,16.90008,14.51414,12.03056,7.82778,7.19004,9.90502,11.91116,13.50602,14.13608,14.53312,17.93222,22.1287,26.5616,33.07712,34.03802,31.99342,25.51402,20.05562,13.41474,14.1081,12.59602,15.42136,18.14494,19.66722,19.2695,20.90688,21.9095,20.74442,19.89508,16.856,13.21502,9.50894,7.63992,5.60144,5.2988,4.64706,3.87212,2.59132
426,"LSO","Lesotho",0,0,0,0,0,0,0.12384,0.35754,0.53144,0.53144,0.7601,0.89142,0.81682,1.43918,2.33736,3.1718,3.9771,5.0201,5.44212,5.6759,5.39138,5.4142,5.1649,4.8051,4.7012,4.78138,4.8858,5.00872,5.15892,4.44246,4.22918,3.29772,2.58658,2.02398,2.20314,2.2859,2.76972,2.68098,2.41332,2.21794,1.96366,1.846,2.25204,2.30118,2.24628,1.77232,1.24162,0.69574,0.57036,0.3833,0.6078,0.79494,0.68788,0.87042,1.2288,1.18192,0.90938,1.02336,0.76276
430,"LBR","Liberia",0,0,0,0,0,0,0,0,0,0,0,0,0,0,0,0,0.0757400000000001,0.0757400000000001,0.0757400000000001,0.0757400000000001,0.0757400000000001,0,0,0,0,0,0,0,0,0.01956,0.04242,0.04242,0.04242,0.04242,0.02286,0,0,0,0,0,0,0,0,0,0,0.0219399999999999,0.0219399999999999,0.0649599999999999,0.11102,0.15998,0.19418,0.20656,0.3475,0.4406,0.48886,0.55548,0.63304,0.46834,0.36958
434,"LBY","Libya",0.12466,0.14634,0.2087,0.28298,0.37432,0.63628,0.96924,1.13728,1.09946,1.26084,1.63308,1.81874,2.75976,3.41068,4.50706,5.09864,6.17384,6.8308,8.08104,8.32242,8.52334,8.57568,9.1316,9.2135,9.30208,9.37842,9.4445,9.2606,9.92442,9.8021,10.28604,9.8325,8.91916,7.08182,6.59798,5.04374,5.48468,5.67924,4.89974,4.51114,4.64422,3.61374,2.611,2.80336,2.83134,3.4025,4.53156,5.8752,6.55256,6.43766,5.58926,4.08246,2.72954,2.21776,2.0375,2.17098,2.03146,1.90044,2.09986
438,"LIE","Liechtenstein",NA,NA,NA,NA,NA,NA,NA,NA,NA,NA,NA,NA,NA,NA,NA,NA,NA,NA,NA,NA,NA,NA,NA,NA,NA,NA,NA,NA,NA,NA,NA,NA,NA,NA,NA,NA,NA,NA,NA,NA,NA,NA,NA,NA,NA,NA,NA,NA,NA,NA,NA,NA,NA,NA,NA,NA,NA,NA,NA
440,"LTU","Lithuania",NA,NA,NA,NA,NA,NA,NA,NA,NA,NA,NA,NA,NA,NA,NA,NA,NA,NA,NA,NA,NA,NA,NA,NA,NA,NA,NA,6.424,5.0672,4.75206666666667,4.863875,4.20802,3.30518,2.96456,2.689,1.99456,2.37574,2.95012,3.63892,4.06742,4.57294,5.32768,5.34474,4.42818,3.7395,3.57616,2.61808,1.64468,1.65008,1.36146,0.67386,0.1791,0.1791,0.4329,0.4329,0.4329,0.4329,0.4329,0
442,"LUX","Luxembourg",NA,NA,NA,NA,NA,NA,NA,NA,NA,NA,NA,NA,NA,NA,NA,NA,NA,NA,NA,NA,NA,NA,NA,NA,NA,NA,NA,NA,NA,NA,NA,NA,NA,NA,NA,18.6291,18.84825,18.0766333333333,17.669975,17.35306,17.30218,16.59934,16.61884,15.60566,14.62226,13.75188,13.56406,13.05376,13.45486,14.01344,14.01404,14.4096,14.86174,14.83958,14.63144,14.60872,14.145,13.03786,12.71858
446,"MAC","Macao",NA,NA,NA,NA,NA,NA,NA,NA,NA,NA,NA,NA,NA,NA,NA,NA,NA,NA,NA,NA,NA,NA,NA,NA,NA,NA,NA,NA,NA,NA,NA,NA,NA,NA,NA,NA,NA,NA,NA,NA,NA,NA,NA,NA,NA,NA,NA,NA,NA,NA,NA,NA,NA,NA,NA,NA,NA,NA,NA
450,"MDG","Madagascar",0,0,0,0,0,0,0,0,0,0,0,0,0,0,0,0,0.0248,0.05372,0.05372,0.05372,0.05372,0.02892,0,5.9999999999949e-05,5.9999999999949e-05,5.9999999999949e-05,5.9999999999949e-05,5.9999999999949e-05,0,0,0,0.000600000000000023,0.000600000000000023,0.000600000000000023,0.000600000000000023,0.000600000000000023,0,0,0,0,0,0,0,0,0,0,0,0,0,0,0,0,0,0,0,0,0,0,0
454,"MWI","Malawi",0,0,0,0,0,0,0,0,0,0,0,0,0,0,0,0,0,0,0,0.07902,0.07902,0.07902,0.07902,0.18464,0.22836,0.22836,0.22836,0.42582,0.35894,0.2362,0.2362,0.2362,0.0387400000000001,0,0,0,0,0,0,0.0155399999999998,0.0850599999999999,0.0850599999999999,0.0850599999999999,0.0850599999999999,0.0695200000000001,0,0,0,0,0,0,0,0,0.27938,0.7771,1.3737,1.84418,2.14122,2.54974
458,"MYS","Malaysia",4.19832,4.3431,4.38478,4.41684,4.5422,4.57408,4.63276,4.58108,4.70454,4.51636,4.39196,4.41102,4.56998,4.84884,5.5029,6.3674,6.65828,6.99636,7.2723,7.51672,7.16418,7.68154,7.96584,7.80896,7.56072,7.57838,7.23988,6.95174,6.8102,6.76248,7.21542,7.85764,8.70602,9.58576,10.13844,9.81772,8.69728,7.68076,6.68034,5.93304,5.63242,6.1748,6.84586,6.3029,6.50472,6.92736,6.60904,6.05696,7.02346,7.3914,7.11924,7.65284,8.3842,8.16028,7.1482,6.9101,6.49708,5.4145,5.02396
462,"MDV","Maldives",0,0,0,0,0,0,0,0,0,0,0,0,0,0,0,0,0,0,0,0,0,0,0,0,0,0,0,0,0,0,0,0,0,0,0,0,0,0,0,0,0,0,0,0,0,0.0789999999999999,0.0789999999999999,0.73922,3.83438,3.83438,3.75538,3.75538,3.09516,0,0,0,0.68354,0.73304,0.73304
466,"MLI","Mali",0,0,0,0,0,0,0,0,0,0,0,0,0,0,0,0,0,0,0,0.1615,0.1615,0.1615,0.1615,0.1615,0,0,0,0,0,0,0,0,0,0,0,0,0,0,0,0,0,0,0,0,0,0,0,0,0,0,0,0,0,0,0,0,0,0,0
470,"MLT","Malta",8.026,9.1864,10.48282,12.2767,13.99328,15.48498,16.7314,17.52336,17.70038,17.49786,17.50928,17.9415,18.95166,19.96832,20.955,22.7139,22.86204,23.09772,24.87524,28.9978,31.50768,34.9897,37.99198,39.56632,39.05598,39.26084,39.55276,40.35584,41.03462,41.56674,43.01204,43.1716,43.70006,44.38026,45.5563,46.14262,48.44726,48.66898,49.04206,49.16914,49.03944,48.03678,48.60888,48.60534,45.97326,42.6966,38.8316,34.3842,30.29852,28.58836,27.58526,27.62296,27.32448,26.3172,25.5523,30.65088,33.82828,33.81658,34.94804
584,"MHL","Marshall Islands",NA,NA,NA,NA,NA,NA,NA,NA,NA,NA,NA,NA,NA,NA,NA,NA,NA,NA,NA,NA,NA,NA,NA,NA,NA,NA,NA,NA,NA,NA,NA,NA,NA,NA,NA,NA,NA,NA,NA,NA,NA,NA,NA,NA,NA,NA,NA,NA,NA,NA,NA,NA,NA,NA,NA,NA,NA,NA,NA
478,"MRT","Mauritania",1.79,1.84762,1.93082,2.0533,2.03864,2.1437,2.309,2.38614,2.4441,2.50956,2.49514,2.43848,2.52746,2.57988,3.0512,3.409,3.51064,3.38976,3.25412,2.72582,2.15278,1.74034,1.4121,1.19422,1.04202,1.13724,1.31118,1.60324,1.62762,1.55148,1.31054,1.01102,0.77308,0.69926,0.76906,0.93176,1.21104,1.40598,1.54262,1.73294,1.79804,1.85256,1.74558,1.66018,1.58738,1.53496,1.44968,1.3776,1.3919,1.25722,1.33408,1.38734,1.52554,1.51396,1.6692,1.64604,1.44958,1.1454,0.95668
480,"MUS","Mauritius",10.03924,8.38044,6.77334,5.58378,2.7957,0.28918,0.28918,0.28918,0,0,0,0,0,0,0,0,0,0,0,0,0,0,0.10692,0.43602,1.25076,1.26376,1.26376,1.15684,1.033,0.21826,1.64042,5.7918,8.72148,10.46734,13.49608,13.79826,9.91546,8.28418,7.46968,5.50594,6.02516,7.20186,7.55894,9.2783,9.1382,7.9912,7.83768,7.7705,6.45472,7.80754,7.76898,9.04502,10.31332,9.68724,8.1574,8.18844,7.2842,4.5494,3.63528
484,"MEX","Mexico",0,0,0.0555,0.11996,0.3433,0.43106,0.67858,0.89972,1.21522,1.54908,2.22858,2.69308,2.97814,3.24976,3.44676,3.33338,3.63988,4.41338,4.69894,5.01094,5.37156,5.48966,5.30248,5.42664,5.27792,5.05596,4.74906,4.15794,3.78114,3.63054,2.97318,2.55668,2.30812,1.9847,1.7062,2.10066,2.18632,2.36756,2.40258,2.47614,2.6292,2.67636,2.42714,2.03104,1.80918,1.44378,1.30058,1.3653,1.72052,1.74464,2.0642,2.50014,2.84316,3.40298,3.93994,3.92726,4.11094,3.92508,3.82856
583,"FSM","Micronesia",NA,NA,NA,NA,NA,NA,NA,NA,NA,NA,NA,NA,NA,NA,NA,NA,NA,NA,NA,NA,NA,NA,NA,NA,NA,NA,49.8912,49.89985,49.899,49.8913,40.73032,31.64606,22.56052,13.47882,4.3822,4.4382,4.41876,4.3964,4.41826,5.0033,6.18794,7.91046,9.92142,11.87134,14.09182,15.67108,13.23422,10.34946,7.47992,3.79738,0.1602,0,0,0,0,0,0,0,0
498,"MDA","Moldova",NA,NA,NA,NA,NA,NA,NA,NA,NA,NA,NA,NA,NA,NA,NA,NA,NA,NA,NA,NA,NA,NA,NA,NA,NA,NA,NA,10.5872,8.2539,8.57876666666667,8.222125,8.25212,6.13468,4.95056,3.10486,1.67442,0,0,0,0,0,0,0,0,0,0,0,0.0874,0.0874,0.0874,0.23984,0.23984,0.47114,0.51824,0.72638,1.18202,1.18202,1.0115,0.9644
492,"MCO","Monaco",NA,NA,NA,NA,NA,NA,NA,NA,NA,NA,NA,NA,NA,NA,NA,NA,NA,NA,NA,NA,NA,NA,NA,NA,NA,NA,NA,NA,NA,NA,NA,NA,NA,NA,NA,NA,NA,NA,NA,NA,NA,NA,NA,NA,NA,NA,NA,NA,NA,NA,NA,NA,NA,NA,NA,NA,NA,NA,NA
496,"MNG","Mongolia",16.81716,15.67648,15.87302,16.17856,16.83304,17.45738,17.84928,18.4928,18.82892,18.9989,19.04332,18.84476,17.74752,16.60926,15.74694,14.80734,14.09664,13.776,13.31384,12.70248,11.9694,11.46172,11.25218,11.19964,11.15434,11.5698,12.0578,12.3803,12.6302,12.94286,13.29608,13.68394,14.41772,15.1849,16.46206,17.55136,17.8085,16.88848,16.08192,14.48288,13.13094,12.62406,13.35294,14.05668,14.89996,14.68592,14.31378,13.80572,13.81596,14.27166,16.08818,18.08212,20.25156,21.84318,24.33564,25.99188,27.4741,29.10562,30.33612
499,"MNE","Montenegro",NA,NA,NA,NA,NA,NA,NA,NA,NA,NA,NA,NA,NA,NA,NA,NA,NA,NA,NA,NA,NA,NA,NA,NA,NA,NA,NA,NA,NA,NA,NA,NA,NA,NA,NA,NA,NA,NA,NA,NA,NA,105.8025,108.31635,107.057866666667,104.266975,102.6903,98.38502,93.54384,90.72396,89.8168,88.92158,91.27022,91.14294,89.3131,87.007,85.05944,81.69062,79.03302,77.77656
504,"MAR","Morocco",0.00926,0,0.00504000000000007,0.00504000000000007,0.00504000000000007,0.00504000000000007,0.00504000000000007,0,0.10914,0.13062,0.3646,0.45422,0.8382,0.93224,1.12874,1.30332,1.72886,1.55354,1.83282,2.11502,2.18072,1.95698,2.30266,2.10018,1.83318,1.7753,1.48388,1.4469,1.67974,1.44656,1.45566,1.45566,1.28392,0.87116,1.29514,1.50626,1.93032,2.5333,2.99718,2.77264,2.70758,2.36328,2.1666,1.8677,1.66826,1.8261,2.51528,2.98358,3.72526,4.74236,4.7287,4.55974,3.61886,2.61214,1.78454,1.364,0.76402,1.18882,1.69182
508,"MOZ","Mozambique",0,0,0,0,0,0,0,0,0,0,0,0,0,0,0,0,0.05948,0.1004,0.1004,0.1004,0.1004,0.0409199999999999,0,0,0,0,0,0.0101,0.0101,0.0101,0.0101,0.0101,0,0,0,0.03168,0.03168,0.03168,0.03168,0.03168,0,0,0,0,0,0,0,0,0,0,0,0,0,0,0,0,0,0,0
104,"MMR","Myanmar",0.31114,0.41026,0.58168,0.71754,0.88146,0.97706,1.04696,1.17642,1.22254,1.2548,1.31674,1.28212,1.19434,1.20344,1.28164,1.30024,1.30722,1.3932,1.3963,1.43046,1.51822,1.6721,1.56242,1.57436,1.37974,1.13342,0.8956,0.67378,0.43362,0.27108,0.34042,0.19282,0.25476,0.29874,0.29874,0.11324,0.11324,0.0511600000000001,0,0,0,0,0,0,0,0,0,0,0,0,0,0.0526,0.89738,0.94714,1.36358,1.55738,1.50478,0.66,0.61024
516,"NAM","Namibia",1.01232,1.01516,1.01088,0.9995,0.99464,0.99148,0.983,0.97786,0.97532,0.98438,0.95018,0.90872,0.8864,0.86384,0.83238,0.85398,0.84538,0.79536,0.7343,0.67034,0.62172,0.60254,0.6084,0.62334,0.63314,0.62186,0.61498,0.68476,0.69726,0.65954,0.64764,0.61838,0.44866,0.36678,0.39096,0.35932,0.34912,0.43266,0.49428,0.46388,0.52218,0.49408,0.5083,0.5059,0.54374,0.55874,0.64994,0.7208,0.8119,0.8944,0.92798,1.06192,1.05682,1.06438,1.19192,1.10574,0.92188,0.8537,0.8513
520,"NRU","Nauru",0,0,0,0,0,0,0,0,0.0413800000000002,0.1487,0.2858,1.20794,1.33338,1.41358,1.42066,1.42892,0.78282,1.09806,1.68894,2.39362,3.10192,3.84474,4.58852,5.18894,5.67878,6.21766,6.61356,6.92918,7.20332,7.42846,7.51712,7.53098,7.40678,7.14288,6.8792,6.61564,6.35188,6.08812,5.82436,5.5606,5.29684,5.0331,4.90842,4.9228,4.93718,4.97504,5.36144,5.2715,4.96232,5.09432,5.2524,5.11342,5.39314,5.75208,5.7231,5.72968,5.73192,5.7086,5.7287
524,"NPL","Nepal",0,0,0,0,0,0,0,0,0,0,0,0,0,0,0,0,0,0.13728,0.13728,0.13728,0.13728,0.24684,0.13334,0.13334,0.13334,0.13334,0.19808,0.1743,0.1743,0.1743,0.1743,0,0.0162800000000001,0.17668,0.17668,0.17668,0.17668,0.1604,0,0,0,0,0,0,0,0,0,0,0,0,0,0,0.0461799999999997,0.3571,0.5353,0.83708,0.91766,0.87148,0.56056
528,"NLD","Netherlands",60.39726,62.32396,63.65234,63.9685,65.2608,66.18234,66.17886,67.1859,68.79434,70.06126,70.47376,72.1331,73.0987,73.20492,74.50662,76.55918,77.78158,78.69478,80.93614,82.101,82.86722,84.5203,86.0805,85.95286,85.72398,84.78302,83.50408,82.2565,80.9027,79.65548,79.35778,77.90518,76.5572,75.73392,74.59748,72.2039,70.72868,68.50138,65.72648,63.0138,61.54208,60.43208,60.52324,60.39246,59.8602,60.51614,59.83096,59.2383,58.72622,59.08688,58.64524,59.65562,59.14308,59.13458,58.81994,57.7863,55.64282,54.48696,53.28218
540,"NCL","New Caledonia",15.36176,15.16708,14.90558,14.3195,14.7378,15.2252,15.4192,15.0776,15.46222,15.6318,15.41306,14.3753,13.68272,12.14906,11.54756,9.85994,9.3913,9.50568,11.31702,11.83144,12.82394,14.40946,17.44914,19.34366,21.46526,24.44946,26.5293,26.445,29.67652,33.61288,37.23524,41.07714,45.8707,41.96474,37.93602,34.10744,30.13862,27.3337,38.94234,40.334,42.79296,44.23632,44.35254,34.5502,32.6256,30.16626,29.6475,28.11796,28.65976,31.52798,33.17926,33.82784,34.6411,34.09848,33.30114,32.97326,33.0532,33.47808,34.01748
554,"NZL","New Zealand",11.51616,12.36292,12.5594,12.43014,11.4158,10.843,10.71328,10.74974,11.8272,11.86434,12.38022,12.34374,12.66672,12.08896,12.5199,11.64822,11.2101,10.25514,9.30908,7.91338,6.64522,5.00002,3.92744,2.36292,2.40622,2.095,2.90332,3.98638,5.91662,6.67684,8.33736,9.19268,9.35836,9.04402,9.14288,9.5308,10.3902,10.7795,11.26584,11.71504,11.4671,10.9212,10.54368,9.24502,7.24208,5.77068,4.49174,3.33794,3.0914,3.3533,3.3186,2.93794,3.46162,3.76916,3.8292,3.90014,3.96638,3.63214,2.76622
558,"NIC","Nicaragua",0.66462,0.80488,0.97184,1.44656,1.93988,2.07712,2.28546,2.30272,2.5735,2.4054,1.81552,2.20522,2.56872,2.2825,2.1815,3.3875,2.74866,2.37456,2.31882,2.23332,1.47942,1.9766,2.33504,2.76188,3.14328,3.05122,2.62958,2.04328,1.58738,1.47216,1.20026,1.29018,1.66382,1.63384,1.86032,2.41746,2.30358,2.44498,2.78498,2.77392,2.62082,2.77576,3.08166,2.96402,2.79072,2.73766,2.87782,2.61102,2.73808,3.20492,3.96348,4.40706,5.18418,5.2213,5.23508,5.11432,5.289,4.53486,4.54468
562,"NER","Niger",0,0,0,0,0,0,0,0,0,0,0,0,0,0,0,0,0,0,0,0,0,0,0,0,0,0,0,0,0,0,0,0,0,0,0,0,0,0,0,0,0,0,0,0,0,0,0,0,0,0,0,0,0,0,0,0,0,0,0
566,"NGA","Nigeria",0,0,0,0,0,0,0,0,0,0,0,0,0,0,0,0,0.000540000000000074,0.000540000000000074,0.0231600000000001,0.0256200000000002,0.0256200000000002,0.0250800000000001,0.0250800000000001,0.00246000000000004,0,0,0,0,0,0,0,0,0,0,0,0,0,0,0,0,0,0,0,0,0,0,0,0,0,0,0,0,0,0,0,0,0,0,0
570,"NIU","Niue",NA,NA,NA,NA,NA,NA,NA,NA,NA,NA,NA,NA,NA,NA,NA,NA,NA,NA,NA,NA,NA,NA,NA,NA,NA,NA,NA,NA,NA,NA,NA,NA,NA,NA,NA,NA,NA,NA,NA,NA,NA,NA,NA,NA,NA,NA,NA,NA,NA,NA,NA,NA,NA,NA,NA,NA,NA,NA,NA
408,"PRK","North Korea",4.54242,5.33424,6.33004,7.0935,7.88838,8.95564,10.3996,11.8794,12.30682,14.03774,15.00576,15.79864,16.17694,17.62812,17.7075,17.7483,17.54542,17.62796,17.65492,17.64676,17.79878,17.97244,17.93416,18.35354,19.30278,19.9908,19.68676,18.69338,17.194,12.72818,8.42208,5.12256,2.50592,0,1.04356,1.98822,2.76424,2.76424,2.76424,1.72068,0.77602,0,0,0,0,0,0,0,0,0,0,0,0,0,0,0,0,0,0.4077
807,"MKD","North Macedonia",NA,NA,NA,NA,NA,NA,NA,NA,NA,NA,NA,NA,NA,NA,NA,NA,NA,NA,NA,NA,NA,NA,NA,NA,NA,NA,NA,6.6404,7.2864,7.49653333333333,7.00805,6.9597,7.2557,7.20536,7.19868,8.19986,8.34156,8.15828,8.17938,7.8591,7.25508,7.34804,7.93232,8.05416,7.69772,7.40906,7.16576,6.7536,6.15272,6.20008,6.02298,5.73986,5.31284,5.10704,4.92308,4.88186,4.32004,3.39552,3.02376
578,"NOR","Norway",16.21584,16.41672,16.54792,16.5678,16.77036,16.83938,17.05776,17.19056,17.58948,17.5301,17.94072,18.05834,18.1624,18.17524,18.5105,18.36386,18.3964,18.24898,18.17936,17.35136,16.58514,15.77998,14.70904,13.42392,12.47486,11.3301,10.16138,9.67788,9.07486,8.90832,8.86894,8.73456,8.44352,8.42104,8.28398,8.34766,8.40952,8.44706,8.4136,8.19102,8.1297,8.23914,8.1848,7.66352,7.50768,7.14072,6.9038,6.72716,7.19566,7.19748,7.22122,7.03138,6.8932,7.1384,7.12192,7.1537,7.33078,7.16536,6.8693
512,"OMN","Oman",0.00535999999999994,0.00273999999999992,0.00267999999999997,0.00237999999999996,0.00237999999999996,0,0,0,0,0.01982,0.0537,0.11874,0.17092,0.17092,0.1511,0.11722,0.0521800000000001,0,0,0,0.76598,0.92226,1.15118,2.31258,3.09142,3.52154,4.315,5.00404,5.4958,4.92764,4.0866,3.48724,2.9894,1.36276,1.15208,1.0158,1.64276,1.92716,2.8439,3.53652,4.394,4.58602,4.61688,5.09292,5.16024,5.24552,4.53046,4.32356,3.5404,4.31684,4.04874,5.70808,6.42096,6.7088,6.0176,5.12416,3.01052,1.76916,0.84518
586,"PAK","Pakistan",0,0,0,0,0,0,0,0,0,0,0.05146,0.11866,0.25366,0.51612,0.77368,0.9928,1.16702,1.35248,1.47392,1.60396,1.83276,2.22756,2.45294,2.68688,2.82032,2.8413,2.65136,2.93462,3.09552,3.27236,3.51104,3.66746,3.82774,3.70592,3.95362,4.33952,4.85244,5.0643,5.5963,6.09084,6.76672,7.59188,7.70256,7.55266,7.70514,7.46472,6.60212,6.68094,7.40612,7.77544,8.47916,10.26982,11.76608,12.8884,13.59604,14.3107,14.12022,13.13652,12.63932
585,"PLW","Palau",NA,NA,NA,NA,NA,NA,NA,NA,NA,NA,NA,NA,NA,NA,NA,NA,NA,NA,NA,NA,NA,NA,NA,NA,NA,NA,NA,NA,NA,NA,NA,NA,NA,NA,NA,NA,NA,NA,NA,NA,NA,NA,NA,NA,NA,NA,NA,NA,NA,NA,NA,NA,NA,NA,NA,NA,NA,NA,NA
591,"PAN","Panama",1.7471,1.6645,1.55874,1.391,1.3772,1.55078,1.94864,2.43114,2.91028,3.39094,3.57036,3.42104,3.47412,3.82274,3.90748,3.9865,4.32628,4.33926,3.7691,3.6266,3.6548,3.6598,3.60852,4.1146,3.849,3.74498,3.4726,3.15686,2.8012,3.57086,4.21836,5.28134,6.1837,6.85478,6.92328,6.49554,5.85198,5.15482,4.6926,3.8344,3.34116,2.5942,2.3587,2.00056,2.23208,2.81828,3.29792,4.51006,5.92956,6.92122,7.79994,8.39628,8.69052,8.268,8.26944,8.29902,8.75174,7.5987,7.75606
598,"PNG","Papua New Guinea",0,0,0,0,0,0,0,0,0,0,0,0,0,0,0,0,0,0,0,0,0,0,0,0,0,0,0,0,0,0.07706,0.20534,0.20534,0.25056,0.27214,0.21022,0.08194,0.44168,0.46402,0.51738,0.5605,0.63506,0.38944,0.32188,0.24694,0.18868,0.11412,0,0,0,0,0,0,0,0,0,0,0,0,0
600,"PRY","Paraguay",1.2203,1.32288,1.40282,1.47572,1.37774,1.19688,0.80148,0.52956,0.28946,0.10656,0,0,0,0,0,0,0,0,0,0,0,0,0,0,0,0,0,0.05052,0.05052,0.05052,0.05052,0.05052,0,0,0,0,0,0.41798,1.08774,2.29074,3.20484,4.339,4.74442,4.18456,4.13698,3.40788,3.18792,3.76608,3.65618,2.50076,2.31576,1.40156,0,0,0,0,0,0.31586,0.31586
604,"PER","Peru",3.88336,3.01822,1.97748,1.61874,1.31852,1.12146,0.95746,1.01782,1.03064,1.07152,1.11676,1.36592,1.59168,1.9256,2.05696,2.35202,2.35652,2.24834,2.17542,2.1043,1.90398,2.12086,2.5834,2.8047,2.68906,2.66372,2.31624,1.87748,1.6227,2.0159,1.85414,2.00188,2.29576,2.54858,2.4306,2.83078,3.44686,3.4445,3.45326,3.68994,3.95732,4.1223,4.3691,4.1046,4.35102,4.4134,4.32034,4.19526,4.91356,5.26566,5.44874,5.5673,6.45178,6.56144,6.64416,7.38584,6.88316,5.6072,5.02674
608,"PHL","Philippines",0,0,0,0.10966,0.42108,0.42108,0.42108,0.42108,0.37948,0.06806,0.06806,0.06806,0.06806,0,0,0,0,0,0,0,0,0,0,0,0,0,0,0,0,0,0,0.0274599999999999,0.0419599999999999,0.0917799999999996,0.12986,0.12986,0.1024,0.0878999999999998,0.0380800000000001,0,0,0,0,0,0,0,0,0,0,0,0,0,0,0,0,0,0.15628,0.89148,0.89148
616,"POL","Poland",8.64228,9.65284,10.55934,11.81976,13.28768,14.75298,16.40198,18.2152,20.14078,21.94138,23.84194,25.11788,26.32094,27.00036,27.57658,27.73378,27.42728,26.7457,26.31056,25.33498,24.73176,24.94966,24.53264,24.36818,24.51682,21.23692,16.86888,14.04168,10.37186,7.10054,6.91526,7.61588,7.48752,7.7137,7.50422,7.4533,7.373,7.55856,8.21814,8.3395,9.4012,10.62976,11.65076,11.67066,11.76012,11.76772,11.22262,10.50062,10.05752,9.4924,8.57462,8.05126,7.4695,7.7368,8.59624,8.27868,7.75562,7.0742,5.59204
620,"PRT","Portugal",9.53918,9.57896,9.2244,9.52858,9.6976,9.54648,9.4529,10.18438,10.94576,10.63616,11.40134,12.10418,12.47952,12.52246,13.48148,14.26488,15.1794,15.4381,15.71922,15.18618,14.76122,14.29972,14.20164,14.54608,14.9931,15.32326,15.14014,15.0315,14.6349,14.74344,14.58754,15.10234,15.38606,15.97618,16.39702,16.6146,16.6339,16.46332,15.99342,15.54762,15.85842,15.87782,17.0147,16.54398,16.04386,15.46688,14.77312,13.49724,13.6586,14.16998,14.26312,14.97164,15.09874,14.89626,14.09464,14.1547,12.53362,11.40718,10.62208
634,"QAT","Qatar",19.08772,17.1899,15.49754,13.85044,12.2393,10.87718,9.4344,8.33686,12.2863,13.5177,15.02254,17.04782,18.4895,14.80552,13.34804,11.35666,8.97554,7.00152,6.19978,5.83318,5.5239,5.24976,5.25484,4.53854,4.75618,5.08332,5.7962,6.09926,6.0742,5.6367,5.36652,4.91456,4.48804,4.3156,3.99058,3.91512,3.95722,4.46364,4.49554,4.6815,4.60792,4.32324,3.88352,4.28088,4.7723,5.36006,6.23712,7.1246,11.2142,13.5173,15.2553,18.69862,22.2476,24.28396,28.97882,35.88314,38.53022,42.36786,43.84064
178,"COG","Republic of Congo",0,0,0,0,0,0,0,0,0,0,0,0,0,0,0,0,0,0,0,0,0,0,0,0,0,0,0,0,0,0,0,0,0,0,0,0,0,0,0,0,0,0,0,0,0,0,0,0,0,0,0,0,0,0,0,0,0,0,0
642,"ROU","Romania",5.48312,5.90692,6.39666,6.82372,7.597,8.64006,9.3612,9.98616,11.85682,13.70562,14.64616,16.7163,18.93808,20.1605,21.2646,22.40722,23.75164,24.53286,24.92734,25.43386,25.50412,24.4861,23.8956,22.78588,21.3835,20.4037,17.93716,15.6906,13.46902,10.67064,8.07966,7.75132,5.96626,4.86756,3.99982,3.79862,2.61114,2.61254,2.57198,2.28264,2.12596,2.29428,3.1701,2.92158,3.62248,3.6348,3.45498,3.06828,3.0003,2.66586,2.82206,3.3306,2.85748,2.923,3.24418,4.07164,4.18764,4.60624,4.90004
643,"RUS","Russia",NA,NA,NA,NA,NA,NA,NA,NA,NA,NA,NA,NA,NA,NA,NA,NA,NA,NA,NA,NA,NA,NA,NA,NA,NA,NA,NA,6.6759,5.65345,4.69663333333333,4.275625,3.9574,2.92116,2.454,2.22414,1.92562,1.5856,1.46486,1.28858,1.18272,1.05554,1.03052,1.05752,0.83326,0.72346,0.9153,0.83188,0.8928,0.94268,0.91234,0.61836,0.56876,0.31572,0.33984,0.34942,0.4118,0.50752,0.49444,0.36194
646,"RWA","Rwanda",0,0,0,0,0,0,0,0,0,0,0,0,0,0,0,0,0,0,0,0,0,0,0,0,0,0,0,0,0,0,0,0,0,0,0,0,0,0,0,0,0,0,0,0,0,0,0,0,0,0,0.15836,0.28556,0.73934,0.73934,1.08386,1.34342,1.55946,1.37248,1.41532
652,"BLM","Saint Barthelemy",NA,NA,NA,NA,NA,NA,NA,NA,NA,NA,NA,NA,NA,NA,NA,NA,NA,NA,NA,NA,NA,NA,NA,NA,NA,NA,NA,NA,NA,NA,NA,NA,NA,NA,NA,NA,NA,NA,NA,NA,NA,NA,NA,NA,NA,NA,NA,NA,NA,NA,NA,NA,NA,NA,NA,NA,NA,NA,NA
659,"KNA","Saint Kitts and Nevis",0,0,0,0,0.7364,1.66856,1.70986,1.87346,2.17442,2.27414,2.73768,4.18246,5.952,7.55028,8.52526,9.07922,10.16294,10.94516,12.10374,14.13844,16.19508,18.76906,21.19444,23.91858,20.56618,17.48738,13.64734,9.32846,4.72608,7.1819,8.64932,9.97044,12.41326,15.0569,15.88112,17.65756,19.30914,16.04446,12.22124,8.4478,4.27644,1.87182,3.71604,5.65812,7.39468,8.9935,8.43468,7.16868,5.58938,4.78524,3.79702,2.9655,2.67576,2.76062,2.08194,1.6382,1.4676,1.58776,1.56378
662,"LCA","Saint Lucia",0.89644,1.52588,2.64368,4.24638,8.22898,12.87122,17.2514,21.05012,24.76966,26.03658,24.66076,22.74436,19.33618,14.01394,8.51236,4.60156,1.50834,0,0,0,0,0,0,0,8.65574,15.20646,23.09054,23.09054,23.09054,14.4348,7.88408,0,0,0,2.22616,6.2467,9.0591,10.33936,14.00712,13.4537,11.78628,10.79544,10.78528,7.59122,7.20876,5.94314,5.20162,6.70916,7.20998,7.94156,8.846,9.68466,9.0821,10.23584,10.61512,10.36592,9.9454,9.2411,8.81594
882,"WSM","Samoa",0,0,0,0,0,0,0,0,0,0,0,0,0,0,0,0,0,0,0,0,0,0,0,0.05228,0.1153,0.43206,1.14786,1.70524,2.19816,2.69258,2.60366,2.04368,1.75866,1.39528,1.23536,1.33312,1.79242,2.12214,2.57504,2.87878,3.2302,3.28108,3.2598,2.94964,2.24838,1.57136,0.90536,0.32456,0,0,1.0354,2.07272,2.79394,3.34886,3.61094,2.57554,2.09712,1.7807,1.5012
674,"SMR","San Marino",NA,NA,NA,NA,NA,NA,NA,NA,NA,NA,NA,NA,NA,NA,NA,NA,NA,NA,NA,NA,NA,NA,NA,NA,NA,NA,NA,NA,NA,NA,NA,NA,NA,NA,NA,NA,NA,NA,NA,NA,NA,NA,NA,NA,NA,NA,NA,NA,NA,NA,NA,NA,NA,NA,NA,NA,NA,NA,NA
678,"STP","Sao Tome and Principe",0,0,0,0,0,0,0,0,0,0,0,0,0,0,0,0,0,0,0,0,0,0,0,0,0,0,0,0,0,0,0,0,0,0,0,0,0,0,0,0,0,0,0,0,0,0,0,0,0,0,0,0.43436,0.94226,1.38776,1.85972,2.32896,2.37386,2.36748,2.44402
682,"SAU","Saudi Arabia",0,0,0,0,0,0,0,0,0.000859999999999994,0.000859999999999994,0.000859999999999994,0.000859999999999994,0.02438,0.13154,0.23114,0.7713,1.70696,2.90998,5.92286,9.34016,12.93742,17.54324,20.87346,21.90564,22.55026,22.3772,20.69,20.29872,19.56386,18.05352,16.36188,15.32678,13.77688,12.78386,12.4345,12.94324,12.86558,12.80626,13.05636,13.39582,12.86014,12.7534,12.83236,11.46438,10.2165,9.68416,8.9456,8.4019,9.1299,9.75534,10.32352,10.59226,10.49024,10.36878,10.096,9.37684,8.85526,8.41448,7.86968
686,"SEN","Senegal",0,0,0,0,0,0,0,0.05912,0.14564,0.23882,0.3309,0.43116,0.71432,0.64318,0.73946,0.7034,0.60314,0.26086,0.24548,0.05602,0,0,0,0,0,0,0,0,0,0,0,0.00996000000000006,0.11402,0.27082,0.31126,0.31126,0.3013,0.3306,0.1738,0.16296,0.16296,0.16296,0.06504,0.06504,0.03544,0.03544,0.03544,0,0.07786,0.16464,0.16464,0.16464,0.36942,0.29156,0.20478,0.20478,0.20478,0,0
688,"SRB","Serbia",NA,NA,NA,NA,NA,NA,NA,NA,NA,NA,NA,NA,NA,NA,NA,NA,NA,NA,NA,NA,NA,NA,NA,NA,NA,NA,NA,NA,NA,NA,NA,NA,NA,NA,NA,NA,NA,NA,NA,NA,NA,3.1328,6.1455,4.70796666666667,4.517475,4.08314,4.16576,4.1891,5.26914,4.6072,4.84808,4.96448,4.37102,2.9244,3.78524,4.0942,3.29476,3.7941,4.99642
690,"SYC","Seychelles",0,0,0,0,0,0,0,0,0,0,0.0895599999999998,0.20378,0.20378,0.20378,0.20378,0.11422,0,0.22112,0.42782,1.18898,2.30718,3.6495,4.95768,6.8297,8.3932,10.25252,12.26058,13.92776,15.16106,16.26584,16.76042,16.6889,16.99286,17.07608,16.99216,15.92766,13.62492,11.12066,8.89134,6.6441,5.5613,5.89256,6.6995,6.89284,6.90408,6.4694,7.22764,8.17756,8.85974,9.40532,11.51116,11.24236,10.74742,10.42346,11.89852,11.38922,12.90826,13.88414,15.75844
694,"SLE","Sierra Leone",0,0,0,0,0,0,0,0,0,0,0,0,0,0,0,0,0,0,0,0,0,0,0,0,0,0,0,0,0,0,0,0,0,0,0,0,0,0,0,0,0,0,0,0,0,0,0,0,0,0,0,0,0,0,0,0,0,0,0
702,"SGP","Singapore",106.50818,104.49116,104.5444,112.33792,124.17384,131.82512,145.6985,156.31812,166.22982,182.96208,201.3691,214.17184,234.75328,248.38268,250.1111,245.23692,240.4725,230.4899,223.64602,220.39216,223.53438,227.82794,242.09312,243.8621,274.50596,301.06876,313.38498,313.5394,326.08214,290.42188,254.7365,235.8176,210.38632,238.3147,277.66956,315.49924,334.70014,334.72878,301.89066,275.67484,252.16348,243.22084,264.29722,270.69114,283.21576,293.71462,301.48212,310.00034,318.14516,323.37452,331.24148,342.56964,355.87852,364.4054,368.06738,375.44342,375.76398,356.6597,347.17924
534,"SXM","Sint Maarten",NA,NA,NA,NA,NA,NA,NA,NA,NA,NA,NA,NA,NA,NA,NA,NA,NA,NA,NA,NA,NA,NA,NA,NA,NA,NA,NA,NA,NA,NA,NA,NA,NA,NA,NA,NA,NA,NA,NA,NA,NA,NA,NA,NA,NA,NA,NA,NA,NA,NA,NA,NA,NA,NA,NA,NA,NA,NA,NA
703,"SVK","Slovakia",NA,NA,NA,NA,NA,NA,NA,NA,NA,NA,NA,NA,NA,NA,NA,NA,NA,NA,NA,NA,NA,NA,NA,NA,NA,NA,NA,NA,6.8724,5.55305,4.99006666666667,5.153825,4.86386,4.39088,4.06354,4.52404,4.11256,4.00982,4.24002,4.01744,2.99514,2.96862,3.2329,2.1012,1.80438,1.8116,1.12058,0.52204,0.52204,0.52204,0.3038,0.3038,0,0,0,0,0,0,0
705,"SVN","Slovenia",NA,NA,NA,NA,NA,NA,NA,NA,NA,NA,NA,NA,NA,NA,NA,NA,NA,NA,NA,NA,NA,NA,NA,NA,NA,NA,NA,33.2283,33.63025,34.1304,34.074075,34.29418,35.14968,36.0116,37.05218,37.72762,37.9323,36.8815,36.52086,34.683,32.82008,31.32454,30.29036,27.2009,24.73284,22.65688,20.16344,18.221,17.9862,17.45376,17.06742,16.81718,16.646,15.95766,15.75176,15.362,15.62512,15.27014,15.64894
90,"SLB","Solomon Islands",0,0,0,0,0,0,0,0,0,0,0,0,0,0,0,0,0,0,0,0,0,0,0,0,0,0,0,0,0,0,0,0,0,0,0,0,0,0,0,0,0,0,0,0,0,0,0,0,0,0,0,0,0,0,0,0,0,0,0
706,"SOM","Somalia",NA,NA,NA,NA,NA,NA,NA,NA,NA,NA,NA,NA,NA,NA,NA,NA,NA,NA,NA,NA,NA,NA,NA,NA,NA,NA,NA,NA,NA,NA,NA,NA,NA,NA,NA,NA,NA,NA,NA,NA,NA,NA,NA,NA,NA,NA,NA,NA,NA,NA,NA,NA,NA,NA,NA,NA,NA,NA,NA
710,"ZAF","South Africa",3.60074,4.2684,4.54382,5.24072,5.89146,6.23518,6.3281,6.75726,7.19078,7.37336,7.65418,8.06694,8.27886,8.32734,8.91044,9.3972,10.07194,10.92618,11.17304,11.16152,10.66282,9.62858,8.11906,7.21672,5.9959,5.34872,4.87072,5.07072,5.04272,4.83078,4.81798,4.63178,4.04766,3.58084,3.598,2.92712,2.8497,2.82066,2.68658,2.68552,2.56218,2.58132,2.65766,2.40858,2.01824,2.10122,1.81498,1.53108,1.80766,2.33626,3.10484,3.6507,3.77868,4.18344,4.44964,4.08354,4.05352,4.29382,3.67938
410,"KOR","South Korea",13.03518,14.02946,14.88088,14.19348,13.02372,13.87116,15.31252,16.70314,20.2795,24.75596,28.93176,27.63858,28.65156,28.3518,27.18478,25.89776,27.46234,25.62024,24.55028,23.85334,24.62634,26.76362,30.1255,32.08726,34.70832,36.24958,38.09212,38.99142,40.86812,41.57404,43.02498,43.2233,44.54604,43.68988,42.32382,39.39206,35.83592,33.56942,32.91398,32.81234,33.63806,33.30846,32.52482,29.52718,28.16508,27.62214,29.16208,29.58314,31.57568,32.45006,32.43638,33.30438,33.87624,35.29046,36.06936,35.5885,34.7308,33.72398,32.16022
728,"SSD","South Sudan",NA,NA,NA,NA,NA,NA,NA,NA,NA,NA,NA,NA,NA,NA,NA,NA,NA,NA,NA,NA,NA,NA,NA,NA,NA,NA,NA,NA,NA,NA,NA,NA,NA,NA,NA,NA,NA,NA,NA,NA,NA,NA,NA,NA,NA,NA,NA,0.8435,0.8267,0.6529,0.673675,0.73994,0.80326,0.94594,1.17658,1.29646,1.33932,1.29938,1.18378
724,"ESP","Spain",6.40634,6.36326,6.53774,6.98384,7.24912,7.79054,8.32766,8.75616,9.32602,9.72958,9.59838,10.07818,9.76972,9.37622,9.2989,9.48712,8.81144,9.03914,9.05702,8.56,8.53904,9.07908,9.25522,9.58482,10.36968,10.78298,10.77462,10.75118,10.88362,11.06004,11.71188,12.00922,12.538,13.1946,13.94792,13.6162,14.07558,14.58662,14.20028,13.74738,14.05574,13.57696,13.2262,11.726,10.53038,9.42402,8.6254,8.1962,8.84802,9.47508,9.90132,10.37426,10.67588,10.6296,10.92084,10.97356,10.45798,9.5836,9.96648
144,"LKA","Sri Lanka",1.21052,1.21714,1.34148,1.54988,1.39882,1.19442,1.03272,0.70384,0.68116,0.64936,0.53972,0.46084,0.69032,0.52706,0.7498,1.01814,1.35196,1.48162,1.64082,2.11416,2.33386,2.44664,2.9635,3.36422,3.55654,3.2573,2.81768,2.12942,1.8094,1.01542,0.83642,1.02378,0.83604,0.381,0.28658,0.27678,0,0,0,0,0,0.14938,0.59346,1.1308,1.33198,1.38638,1.70834,1.63016,1.09282,1.61178,1.55738,1.08604,0.72014,0.72014,0,0,0,0,0
670,"VCT","St. Vincent and the Grenadines",8.5556,9.3368,10.97926,12.4461,13.78466,12.81192,11.73942,9.99934,8.60728,8.21968,9.81478,11.71564,14.13258,15.58654,15.85348,16.33412,16.6313,16.58018,16.82484,17.66206,18.0393,18.93824,20.4937,22.2822,25.91816,29.84688,33.72496,37.68562,42.19882,46.66174,51.5945,56.83954,61.9691,72.0098,81.56528,92.0355,101.56636,87.7595,68.03508,46.51826,23.44674,0.6232,0.2228,0.50924,0.55396,1.1636,1.20806,2.18172,2.03322,2.0191,1.56156,1.47524,0.38184,0.37108,0.34048,0.18838,0.18838,0.18838,0
275,"PSE","State of Palestine",NA,NA,NA,NA,NA,NA,NA,NA,NA,NA,NA,NA,NA,NA,NA,NA,NA,NA,NA,NA,NA,NA,NA,NA,NA,NA,NA,NA,NA,NA,NA,NA,NA,NA,NA,NA,NA,NA,NA,NA,NA,NA,NA,NA,NA,NA,NA,NA,NA,NA,NA,NA,NA,NA,NA,NA,NA,NA,NA
729,"SDN","Sudan",NA,NA,NA,NA,NA,NA,NA,NA,NA,NA,NA,NA,NA,NA,NA,NA,NA,NA,NA,NA,NA,NA,NA,NA,NA,NA,NA,NA,NA,NA,NA,NA,NA,NA,NA,NA,NA,NA,NA,NA,NA,NA,NA,NA,NA,NA,NA,0,0,0,0,0,0,0,0,0,0,0,0
740,"SUR","Suriname",0,0,0,0,0,0,0,0,0.0244799999999998,0.50662,0.50662,0.82952,0.82952,0.80504,0.3229,0.3229,0,0,0.30932,0.30932,1.39658,2.37548,3.36882,3.0595,3.0595,2.19238,1.21348,0.22014,0.22014,0.22014,0,0,0,0.14342,0.16814,0.16814,0.16814,0.16814,0.0247199999999999,0.30104,0.30104,0.38034,1.0673,9.5903,9.44714,9.84812,10.70494,11.86718,3.6061,3.61002,3.20904,2.27292,0.75524,0.49332,0.33152,0.33152,0.386440000000001,0.79662,0.927960000000001
752,"SWE","Sweden",18.13892,18.79344,19.33658,19.91026,20.67878,21.25528,21.69442,22.19254,22.84454,21.96978,21.85442,21.63946,21.38486,20.49046,20.81202,20.31678,19.69748,18.83874,18.2379,16.96712,15.70538,14.2281,13.16034,11.87598,10.99306,9.80502,9.01448,8.51432,7.84114,7.9589,8.3111,8.3128,7.85432,7.71258,7.1171,6.51338,6.13534,5.80424,5.53984,5.10568,4.93944,5.02302,4.8867,4.50556,3.70128,3.47476,3.00176,2.63028,2.52484,2.88858,2.50852,2.49192,2.48462,3.19862,3.10818,3.23702,3.39086,3.1426,2.43674
756,"CHE","Switzerland",63.76832,64.53568,65.84432,66.96738,68.71528,69.62476,70.69098,71.24856,72.14342,70.59904,68.93694,68.49174,67.91806,66.36608,66.95656,67.68656,66.00174,64.32,62.79006,60.38224,57.76614,56.4077,55.4248,53.49332,51.88302,50.76928,49.49028,47.12434,45.39826,43.51876,40.98184,38.37834,36.61732,35.04008,33.5175,31.22342,30.23288,29.0598,28.12742,27.21866,27.66444,27.7827,27.88036,27.694,27.50786,27.80608,27.1259,26.51678,26.29622,26.10582,25.61898,26.35742,26.26906,26.31212,26.67534,26.52336,26.49918,26.11138,25.48086
760,"SYR","Syria",0,0,0,0,0,0,0,0,0,0,0,0,0.0337,0.0377800000000001,0.3318,0.3318,0.38894,0.55694,0.88822,1.44558,2.16316,2.85534,3.69294,4.04974,4.24276,4.54408,4.9338,5.01566,5.4129,5.2565,4.55542,4.0124,3.70334,2.82688,2.72288,3.1184,2.52238,1.71084,1.65092,1.21216,1.01652,1.1809,1.61734,2.12974,1.91936,1.40166,1.34444,0.90744,0.24202,0.10716,0.10716,0,0,0,0,0,0,0,0
158,"TWN","Taiwan",62.79632,62.03238,61.24434,60.24226,59.80808,59.76262,59.71172,59.80412,60.26892,60.06936,59.7759,59.47044,59.10328,58.9505,59.42938,60.41616,61.4107,62.55076,63.40472,64.67726,65.56492,66.72202,67.7986,68.60036,69.25866,70.2016,70.97448,72.30724,73.60636,75.01926,75.96832,77.13104,77.83546,78.64542,78.57992,79.02082,79.41818,79.37374,80.05662,81.09296,81.28562,82.47598,83.69164,82.1853,80.20672,79.01004,75.96026,73.47848,73.30064,72.96194,71.94826,72.13142,70.58898,68.54568,66.76086,65.81368,63.15718,61.85578,60.77028
762,"TJK","Tajikistan",NA,NA,NA,NA,NA,NA,NA,NA,NA,NA,NA,NA,NA,NA,NA,NA,NA,NA,NA,NA,NA,NA,NA,NA,NA,NA,NA,24.9662,17.6179,15.2956,14.424325,14.09086,9.5828,8.16162,7.04718,5.73126,4.20026,4.60578,4.06424,3.27606,2.77538,2.45392,1.56322,1.66694,1.60178,1.13934,0.53204,0.59618,0.5652,0.89048,1.37864,2.01158,2.7289,3.44374,3.91866,4.41682,4.38016,4.25822,4.11176
834,"TZA","Tanzania",0,0,0,0,0,0,0,0,0,0,0,0,0,0,0,0,0,0,0,0,0,0,0,0,0,0,0,0,0,0,0,0,0,0,0,0,0,0,0,0,0,0,0,0,0,0,0,0,0,0,0,0,0,0,0,0,0,0,0
764,"THA","Thailand",0.0476000000000001,0.03474,0.2494,0.4724,0.6682,0.7558,0.82022,0.90436,0.78698,0.69908,0.69972,0.7139,0.63486,0.78452,0.98086,1.0163,1.07566,0.91084,0.83322,0.57116,0.43794,0.4468,0.6215,0.72938,0.88982,1.8029,2.3105,2.98028,4.12386,5.00494,5.40552,5.92254,6.10538,5.8886,5.74772,5.10936,4.78718,4.4112,4.08394,3.94104,3.72352,3.54772,3.44526,2.85736,2.0417,1.96302,1.66452,1.48618,2.04464,2.92946,3.31908,3.63764,3.91494,3.36944,2.75138,2.36378,2.09222,2.16564,2.85646
626,"TLS","Timor-Leste",NA,NA,NA,NA,NA,NA,NA,NA,NA,NA,NA,NA,NA,NA,NA,NA,NA,NA,NA,NA,NA,NA,NA,NA,NA,NA,NA,NA,NA,NA,NA,NA,NA,NA,NA,NA,NA,NA,NA,NA,NA,NA,NA,NA,NA,NA,NA,NA,NA,NA,NA,NA,NA,NA,NA,NA,NA,NA,NA
768,"TGO","Togo",0,0,0,0,0,0,0,0,0,0,0,0,0,0,0,0,0,0,0,0,0,0,0,0,0.00901999999999998,0.00901999999999998,0.00901999999999998,0.00901999999999998,0.00901999999999998,0,0.0346,0.0346,0.0346,0.0346,0.0346,0,0,0,0,0,0,0,0,0,0,0,0,0,0.04056,0.04056,0.04056,0.0541799999999999,0.0541799999999999,0.01362,0.01362,0.01362,0,0,0
776,"TON","Tonga",0,0,0,0,0,0,0,0,0,0,0,0,0,0.0747199999999999,0.1723,0.1723,0.3082,1.05636,1.36462,1.26704,1.65236,1.77082,2.05294,3.26252,4.40048,5.20812,6.1759,6.29216,5.55978,5.26786,4.7774,4.24896,3.8004,3.52604,3.27002,3.15736,3.04572,2.90962,2.89288,2.8745,2.85626,2.49062,1.92874,1.35966,0.78802,0.21642,0,0,0,0.08706,0.30506,0.85094,1.36556,1.96474,2.54222,2.97688,3.03228,2.96814,2.77008
780,"TTO","Trinidad and Tobago",0,0,0,0,0,0,0,0,0,0,0,0,0,0.32314,0.90238,1.7234,2.35754,3.4476,7.94138,8.9292,10.57094,11.35596,12.99318,8.80142,8.2746,6.55496,6.47692,5.2387,6.0877,6.69636,8.18494,8.98998,9.72918,10.27544,10.48098,10.86642,12.74904,16.05826,19.66758,23.68824,27.24812,28.72228,28.80818,29.69792,30.91916,31.76416,33.70094,35.67794,37.19034,38.00424,39.01852,39.78084,40.69802,41.21632,42.13008,43.53336,44.71188,45.6804,46.9452
788,"TUN","Tunisia",0.19654,0.26498,0.19952,0.2958,0.56912,0.67962,0.56122,0.50102,0.40474,0.17498,0.06448,0.23066,0.2942,0.50194,0.6781,0.86732,1.25734,1.61424,1.75328,1.97284,2.17188,2.25874,2.22068,2.6249,2.69758,2.5784,1.93534,1.8203,1.18594,1.1512,1.31372,1.31372,1.40346,1.50872,1.15358,1.17232,1.6415,1.82586,1.6178,1.77334,1.48764,1.1804,0.81078,0.8922,0.81896,1.0545,1.21464,1.25402,1.49892,1.68996,1.5622,1.76286,2.02982,1.92054,1.91914,1.64672,1.73272,1.82956,2.2407
792,"TUR","Turkiye",0,0,0,0.02214,0.10314,0.10314,0.10314,0.18434,0.49052,0.46884,0.84558,1.64896,2.49778,3.395,4.40368,4.86524,4.73432,4.64766,4.5286,4.29372,3.99966,3.87594,3.77106,3.00694,3.11584,3.35518,3.59222,3.81532,4.79138,4.18324,4.12296,3.95576,3.70742,3.24934,3.78676,3.75974,3.47042,2.94488,2.61442,2.26432,2.08758,2.30056,2.6028,2.07292,2.22898,2.17282,1.7236,1.55228,2.10194,1.92806,1.85986,3.00206,3.68654,3.3713,3.6692,4.36772,3.82902,2.89974,3.2535
795,"TKM","Turkmenistan",NA,NA,NA,NA,NA,NA,NA,NA,NA,NA,NA,NA,NA,NA,NA,NA,NA,NA,NA,NA,NA,NA,NA,NA,NA,NA,NA,15.2539,8.4609,5.6406,4.23045,4.85244,1.80166,1.46808,1.46808,1.46808,0,0,0,0,0,0,0.19946,0.54906,0.68248,0.68248,0.75232,1.23134,1.6792,2.26604,3.85236,4.31168,4.4722,5.15876,6.11094,5.56218,5.69228,6.75812,7.53044
796,"TCA","Turks and Caicos Islands",NA,NA,NA,NA,NA,NA,NA,NA,NA,NA,NA,NA,NA,NA,NA,NA,NA,NA,NA,NA,NA,NA,NA,NA,NA,NA,NA,NA,NA,NA,NA,NA,NA,NA,NA,NA,NA,NA,NA,NA,NA,NA,NA,NA,NA,NA,NA,NA,NA,NA,NA,NA,NA,NA,NA,NA,NA,NA,NA
798,"TUV","Tuvalu",3.92008,3.90782,4.02826,4.2287,4.54428,4.91918,5.02112,5.606,6.16312,5.7589,6.06706,6.73678,6.66376,5.77202,5.7982,5.20434,4.39862,4.67828,5.5264,6.6565,8.02116,9.55888,9.92612,10.6598,11.90144,12.80242,13.7339,15.22324,16.4321,16.94772,17.35378,17.71802,17.8329,18.0328,18.24194,18.4193,19.2978,20.18438,21.09248,21.91112,22.72416,22.79772,22.53794,22.3963,22.2779,22.24798,22.1934,22.31048,22.31706,22.25946,22.3028,22.3442,22.49782,22.72814,22.67018,22.5507,22.37122,22.12758,21.89286
800,"UGA","Uganda",0,0,0,0,0,0,0,0,0,0,0,0,0,0,0,0,0,0,0,0,0,0,0,0,0,0,0,0,0,0,0,0,0,0,0,0,0,0,0,0,0,0,0,0,0,0,0,0,0,0,0,0,0,0,0,0,0,0,0
804,"UKR","Ukraine",NA,NA,NA,NA,NA,NA,NA,NA,NA,NA,NA,NA,NA,NA,NA,NA,NA,NA,NA,NA,NA,NA,NA,NA,NA,NA,NA,9.026,6.634,5.70163333333333,5.09085,4.75288,3.2896,2.76186,2.2851,1.84478,1.16458,0.82266,0.56236,0.27174,0.06036,0.06036,0.13676,0.0763999999999999,0.0763999999999999,0.0763999999999999,0.0763999999999999,0,0,0,0,0,0,0,0,0,0,0,0
784,"ARE","United Arab Emirates",2.14648,1.90804,1.68488,1.4403,1.16988,0.90062,0.76592,0.7179,0.5744,0.5413,0.6175,0.56932,1.89018,3.41318,6.21448,7.95008,10.61314,11.6695,11.72532,9.93422,9.79828,7.80312,7.50208,9.18272,11.1326,10.81772,11.41058,9.98354,11.39518,11.40346,13.5968,15.23342,17.22282,16.26922,14.44706,11.23794,9.4952,8.2707,6.282,6.73666,7.9822,7.81626,7.22516,6.47192,7.72672,8.81786,11.99244,15.89106,20.18294,21.35832,23.25576,24.2622,24.04172,22.66078,22.409,21.9402,20.5279,19.79486,19.81236
826,"GBR","United Kingdom",24.71468,24.19262,24.1541,23.93998,24.10562,25.22096,25.64902,26.03476,26.74516,26.14828,25.42088,25.24322,24.60332,23.80546,24.49234,23.95784,23.53256,23.19426,22.90698,21.44132,20.81216,19.95484,19.52296,18.7557,18.68936,18.18718,17.53334,16.74662,16.89606,17.52344,18.09654,18.59602,19.04024,18.14704,16.64804,15.05516,14.36148,13.02996,12.30992,11.63082,11.28718,10.02794,9.60716,7.90392,6.47244,5.52654,4.59942,4.05092,4.69352,4.63134,4.2635,4.65316,4.2935,4.2569,4.21618,5.04856,4.59116,3.83744,2.947
840,"USA","United States of America",5.86248,6.37496,6.83818,7.21936,7.3806,7.64298,7.5966,7.58966,7.54604,7.60648,7.49872,7.69252,7.52514,7.49722,7.25732,7.2773,6.62016,5.95134,5.93762,5.6661,4.83946,4.57244,4.71352,4.45326,4.42294,4.56664,4.61682,4.3714,4.21906,3.80296,3.9238,3.87764,3.96596,3.47214,3.49824,3.08654,3.0222,3.05476,3.34494,3.22016,3.17322,3.12924,2.72916,1.89526,1.6084,1.40116,1.19536,1.55428,1.91944,1.75172,1.54048,1.10938,0.4582,0.0930400000000002,0.31192,0.25904,0.25904,0.26466,0.26466
858,"URY","Uruguay",4.30406,4.98778,5.77774,6.86652,7.5681,8.56822,10.0671,11.49398,11.50696,11.50162,11.11804,10.44112,9.95508,10.10242,11.59286,13.18046,13.31124,13.05692,12.21358,10.7842,10.02624,10.0991,10.54064,11.3019,11.94492,12.0974,12.65472,12.65784,13.68806,13.34588,12.98484,15.66184,17.49556,18.0676,18.84476,19.72244,17.50596,16.40442,17.02028,18.35468,20.04568,20.8631,22.3574,20.84518,18.94804,16.5351,15.43922,13.33298,15.36992,15.887,15.11022,14.67962,15.1513,14.2453,13.79816,15.79288,18.20312,16.0419,14.93684
860,"UZB","Uzbekistan",NA,NA,NA,NA,NA,NA,NA,NA,NA,NA,NA,NA,NA,NA,NA,NA,NA,NA,NA,NA,NA,NA,NA,NA,NA,NA,NA,17.4186,17.2321,13.3618,11.28275,10.693,8.11254,6.11554,6.14522,6.25334,5.74814,6.1916,5.86684,5.63124,4.90008,4.69192,4.34542,4.63554,5.26354,6.58346,7.37408,8.2404,8.63648,9.06778,9.42256,10.35954,11.52006,12.68406,13.61176,14.64062,14.41888,13.12724,13.4001
548,"VUT","Vanuatu",0,0,0,0,0,0,0,0,0,0,0,0,0,0,0,0,0,0,0,0,0,0,0,0,0,0,0,0,0,0,0,0,0,0,0,0,0,0,0,0,0,0,0,0,0,0,0,0,0,0,0,0,0,0,0,0,0,0,0
862,"VEN","Venezuela",1.60716,1.62228,1.67522,1.74488,1.7715,1.9025,2.12818,2.56522,2.94192,3.64822,4.236,4.89482,5.29064,5.99138,6.58302,7.27408,7.29038,7.48772,7.4126,7.90858,8.93508,10.90478,13.45438,16.3116,17.41516,17.20532,16.46692,14.65068,12.43736,10.83016,9.99944,9.21252,8.64806,8.0187,7.7358,7.28822,6.94122,6.71658,6.47222,6.19502,6.21978,6.05912,6.35122,6.89342,7.44716,7.90668,8.7646,9.7518,11.27966,12.9385,14.54118,14.8778,14.61148,13.57366,11.33566,9.32618,8.03754,6.90202,5.9335
704,"VNM","Viet Nam",5.17914,4.87138,4.44256,3.53458,3.45314,3.29824,4.2963,4.71402,5.40542,6.05626,6.1243,5.18024,5.72994,6.33478,4.69256,3.51826,2.89598,1.50412,0.0192399999999999,0.0384,0.6622,1.01214,1.41374,2.20218,2.66004,2.61962,3.35018,4.34748,4.64468,6.14506,8.48442,10.81602,12.74936,14.9332,16.5137,17.48934,17.6345,17.94048,18.94342,19.5746,20.2688,21.92082,23.9637,24.17428,25.29802,25.02796,23.9182,22.13496,22.45374,22.37758,22.96116,24.01248,25.65736,25.87006,25.08094,24.86874,24.26594,22.47796,21.81778
876,"WLF","Wallis and Futuna Islands",NA,NA,NA,NA,NA,NA,NA,NA,NA,NA,NA,NA,NA,NA,NA,NA,NA,NA,NA,NA,NA,NA,NA,NA,NA,NA,NA,NA,NA,NA,NA,NA,NA,NA,NA,NA,NA,NA,NA,NA,NA,NA,NA,NA,NA,NA,NA,NA,NA,NA,NA,NA,NA,NA,NA,NA,NA,NA,NA
732,"ESH","Western Sahara",NA,NA,NA,NA,NA,NA,NA,NA,NA,NA,NA,NA,NA,NA,NA,NA,NA,NA,NA,NA,NA,NA,NA,NA,NA,NA,NA,NA,NA,NA,NA,NA,NA,NA,NA,NA,NA,NA,NA,NA,NA,NA,NA,NA,NA,NA,NA,NA,NA,NA,NA,NA,NA,NA,NA,NA,NA,NA,NA
887,"YEM","Yemen",0,0,0,0,0,0,0,0,0,0,0,0,0,0,0,0,0,0,0,0,0,0,0,0,0,0,0,0,0,0,0,0,0,0,0,0,0,0,0,0,0,0,0,0,0,0,0,0,0,0,0,0,0,0,0,0,0,0,0
894,"ZMB","Zambia",0,0,0.0189,0.02702,0.02702,0.1375,0.28346,0.35158,0.5126,0.7437,0.78308,0.79082,0.99204,1.03104,1.16832,1.56446,1.97332,2.34848,2.5436,2.43078,2.25016,1.94758,1.80688,1.66976,1.61764,1.52004,1.50488,1.47178,1.44714,1.41464,1.39992,1.26164,0.96888,0.98912,0.95676,0.85754,0.91708,0.99996,0.85986,0.74396,0.59012,0.42404,0.14432,0.02268,0,0,0,0,0.28986,0.61152,1.04306,1.3766,1.54544,1.6451,2.09802,2.3742,2.44384,2.93228,3.18566
716,"ZWE","Zimbabwe",3.07458,3.03434,3.46074,3.98266,4.23058,4.8208,5.00172,5.06368,6.0794,6.45988,6.39156,6.51964,6.21122,4.73138,4.58102,4.43616,4.02328,4.21438,4.6489,4.34978,3.67194,3.424,3.37,2.55934,2.3358,2.4042,2.54168,2.78234,3.13728,3.11716,3.32706,3.05482,2.69686,2.70048,2.80084,2.56468,2.55464,2.61392,2.31506,1.77514,1.2903,1.0751,0.427,0.16562,0.43966,0.78944,1.02708,1.07348,1.43214,1.47638,1.41104,1.66354,2.26426,2.3654,3.26914,3.59124,3.76288,3.81316,3.85484
