"code","iso","country","TC5.raw.2005","TC5.raw.2006","TC5.raw.2007","TC5.raw.2008","TC5.raw.2009","TC5.raw.2010","TC5.raw.2011","TC5.raw.2012","TC5.raw.2013","TC5.raw.2014","TC5.raw.2015","TC5.raw.2016","TC5.raw.2017","TC5.raw.2018","TC5.raw.2019","TC5.raw.2020","TC5.raw.2021","TC5.raw.2022","TC5.raw.2023","TC5.raw.2024"
4,"AFG","Afghanistan",948.720785255985,1012.71260870431,1086.60641551783,949.792901647454,818.875994152964,670.582888994884,631.576511094498,418.042464713584,311.971564632411,244.285358179325,156.556905372909,43.4787473522667,4.1711316962131,28.4251357248698,42.8209120120464,79.403219904453,105.88568150637,111.758223685481,100.793883432163,93.3846017893748
8,"ALB","Albania",9160.28647823962,6393.91355019812,10726.9556459932,15583.6810040112,13685.0702402821,13644.7522799574,13868.8012212874,14042.0778698065,11141.7865285954,10856.5092558521,10487.0115037965,10229.0568005181,6520.40658551122,5998.73180539852,6020.58352235807,6853.97902732153,7611.26510195483,8019.80855100677,8474.1403717916,8289.53197888796
12,"DZA","Algeria",19149.6623602835,21094.683765816,23284.9844022702,27426.5035943262,33518.5636692749,31654.9907692042,34584.1818632192,40292.450036617,39247.0769683664,38304.0195167656,41404.252928515,41073.1998175787,76133.8829842688,74969.4661944118,71736.6642545246,79103.5978517652,91563.8902410284,59037.6686834006,75295.9539416052,73413.1996736496
20,"AND","Andorra",28.065509512565,33.0358448360437,33.9498819046939,38.8556817497699,19.1196068684505,17.978492794362,12.2672021292708,17.795862474414,15.9121856283333,14.4271464786219,15.5112076733659,15.2254608958984,10.9499016532899,22.4739286458941,29.1456509833507,54.4723596367056,56.0695617854599,67.8743378817924,58.632068803624,67.5293184991644
24,"AGO","Angola",379399.705282446,355117.213005214,439397.005067029,490489.830662954,585121.873020947,651484.125206495,757457.830417088,792916.730044871,858196.996413738,904949.675100859,906860.811338291,953641.84009308,1053316.73514156,1127001.98351592,1089422.41473933,1175691.1023467,1244262.04045881,1230754.81533565,1256509.96267467,1364773.85440506
660,"AIA","Anguilla",17.635194271773,15.0738901621093,23.56310938148,32.7828528501312,25.8313245252137,22.6116794638812,22.3190856495095,15.5861509379632,6.58583034488931,5.04919574495658,4.61017788347546,3.58561509941405,2.48804916517252,1.39035601973633,1.02452303951497,1.17085289560547,2.85363459204644,2.26808356333767,2.04860874820529,2.04860874820529
28,"ATG","Antigua and Barbuda",145.437113264381,182.515039822882,202.016826910795,230.634448082358,266.701283155253,224.672161351538,189.356521328231,185.544083253769,161.193671447011,124.539228784289,114.310221473221,102.899145235976,141.452164369972,282.921538382412,281.456196332903,287.784719568181,312.518245042266,277.939399565791,134.330343181187,153.982938924598
32,"ARG","Argentina",1302513.94091896,1471126.28397832,1791527.63365068,2135139.63286062,2011568.70442062,2057568.30831649,2240349.02935402,2293192.77252687,2077220.30629955,2008485.10555172,1775466.89861003,1506584.89136517,1262350.37975575,1058568.52595571,962909.475159849,980085.862633975,951669.470577826,949949.469226912,992925.890523296,1050523.27440588
51,"ARM","Armenia",887.415219945345,885.323674331437,767.321498817091,484.536337037829,604.065110541752,662.223157231194,706.462665079204,849.604425824877,778.41415487961,613.808219333371,453.625710400911,309.684715546925,153.753857152979,117.815116812407,80.3939625002256,96.9468162700041,71.8639589473349,38.5797127782074,119.129083650298,148.05583310487
533,"ABW","Aruba",NA,NA,NA,NA,NA,NA,NA,NA,NA,NA,NA,NA,NA,NA,NA,NA,NA,NA,NA,NA
36,"AUS","Australia",1206603.91099278,1174094.64702669,1234667.76673245,1066544.30312146,1145485.21849758,1259186.29167606,1194198.11192964,961277.622693482,1015647.6640573,1093678.73522081,1064527.76715432,1374115.31880784,1471189.89980354,1461849.87756519,2841656.3179172,4936600.01218922,4766741.28260612,4648850.20888008,4588809.7549138,3107932.56498759
40,"AUT","Austria",68609.2201328381,74244.105345669,95020.5155887195,107445.27068681,108727.075295208,103782.91792485,109308.257097523,88791.6219263492,69537.3358229748,63519.9720195103,54737.4379470216,53856.273930166,61092.9879138924,79772.7233953531,103556.172717842,121555.513736399,120988.106592564,122454.246131605,122635.882480449,116472.466842064
31,"AZE","Azerbaijan",3578.00935194265,3549.91145851551,2903.26274091446,2336.29666386816,2123.17491831708,2426.50974800303,2048.76397393485,2138.83871736316,1815.59778692005,1772.00976227114,1249.15486678759,1127.17438802899,609.643471546867,535.896117596662,219.599858223565,215.629626757886,275.380754151688,341.457949310904,727.094095081715,888.366352148877
44,"BHS","Bahamas",3446.39637757967,4029.1709022371,3933.00243731966,5608.00732254085,5843.87991352145,4794.43333266014,4403.45324081866,4169.2395417894,3792.71146072497,3871.04599035964,4559.4151093862,7070.70591217358,10404.0481661532,9745.08956211647,10400.5566333306,12007.7220186073,10420.3812480693,7309.54886458228,7655.16960460359,8057.12966088574
48,"BHR","Bahrain",NA,NA,NA,NA,NA,NA,NA,NA,NA,NA,NA,NA,NA,NA,NA,NA,NA,NA,NA,NA
50,"BGD","Bangladesh",18317.5253493979,20593.0691186221,20593.0919048202,22913.7955620822,24256.0954854865,25630.8657442693,22949.1230953466,24313.1996749257,25855.0368542435,32291.1731992066,40226.8501101132,57242.1381428675,80259.7925698909,93580.5947258316,103598.449473798,112470.632138874,108861.545506615,94282.6806958272,92727.0367066461,86576.8377406845
52,"BRB","Barbados",44.5950980208983,36.3499710551882,56.586226595358,67.3051037987504,72.2505023669714,80.194219061615,94.2088581911977,179.124359138329,170.729225218315,159.63783825659,144.124554188252,140.303839446557,39.5741981478466,56.8868496249652,108.376688800892,128.537697116478,131.460230825241,120.892457819564,104.179068891047,58.9847322696587
112,"BLR","Belarus",150651.45750802,174561.896148984,181835.039379279,185612.047044247,182557.896998446,182119.330445208,185216.66210141,192151.050940822,184339.262446395,182422.932581123,180568.209347614,225688.303050298,264864.157612928,324225.702340501,365647.830582251,400680.713993293,373672.865265958,359900.7880452,331686.91320607,327797.347124649
56,"BEL","Belgium",13030.8828426767,18975.4297812491,22612.0318837121,27935.7990895356,28318.870688688,36199.9081026197,34300.1415877424,33950.1671716906,30051.6221922459,29114.4762540738,21625.7780953273,21121.7522744905,19624.0561679025,20939.860936054,22277.7621284034,24266.070310935,28896.7773101796,29593.0436778519,32541.6913653651,33057.9213379621
84,"BLZ","Belize",41005.389150147,37048.2561698861,35885.0635015431,37329.3522023128,43286.7722315355,45011.466600376,67121.6348643007,66397.2997776386,74517.041671878,80729.0448007527,83191.5839951925,77422.190587377,82282.4535603966,77041.5409967588,78970.2535077381,93389.2776572306,82078.0097055887,73833.5210989411,85244.8835529291,100808.793550187
204,"BEN","Benin",12967.2741835381,11013.5078471051,12179.6289310144,9186.62259303665,13423.4160647142,12370.3970302069,11230.6418154931,9443.58204175631,10272.1890580262,6707.15951419557,6776.54352925522,8132.36820218304,7509.28028942974,8019.68523198068,7437.54067495262,8441.96575443791,8131.01369751781,7565.94758065477,8347.81205577523,8965.04083548716
60,"BMU","Bermuda",NA,NA,NA,NA,NA,NA,NA,NA,NA,NA,NA,NA,NA,NA,NA,NA,NA,NA,NA,NA
64,"BTN","Bhutan",2848.44356169214,3173.72556054126,3458.08027244986,3689.88167351287,3852.02607741683,7435.6455006037,7903.69703311745,8161.68868112384,7871.63892852771,7925.46816687672,4318.37012129337,5190.32936413454,6396.22420532559,7150.93627916436,6741.36990487071,7283.22078424277,6598.91301904002,5874.25500947241,6430.99218014575,6799.40629759059
68,"BOL","Bolivia",936795.448284238,1012931.03601135,1024180.7208035,1230356.27555707,1252395.01487744,1453251.06560283,1567263.0356553,1650881.41377521,1460781.39035246,1491963.07136684,1206491.68660504,1346444.09379978,1535831.14119376,1657955.0335183,2254983.39715519,2517635.35808734,2606913.83629482,2738962.78209445,3133342.13930881,4093399.39935345
70,"BIH","Bosnia and Herzegovina",7191.95784369948,6231.87474277576,8220.73834545902,9464.7152519907,6639.2300159169,6976.25209217645,7410.84317725105,7162.96793930168,8185.07726599446,8678.28698609919,8348.15417276043,9685.57377913716,8591.24132608394,8690.57569807806,8133.24160003258,9394.91696542988,8105.67822266652,8820.23766061143,10094.3073565272,11087.10494667
72,"BWA","Botswana",262.099040418966,171.223002978208,181.993642944039,199.484347455939,190.151213932133,171.55521229019,152.880726181576,135.108324353439,123.166932016177,97.3666506382365,66.8668083150443,46.1610980736273,31.5310409639615,20.0341213182964,4.58196187997503,6.39721997185871,7.09435308828774,8.017780206467,7.78786962698458,9.16806782866644
76,"BRA","Brazil",16836254.353845,16966644.7971141,16081471.232092,15277171.7795603,13246395.0814683,12448909.4386246,11495395.4593186,11792255.5256001,11293640.7757477,12168836.0535004,11702762.66157,15158211.8388011,16759198.2196333,17762112.8779522,17765744.6667024,18833735.51647,16445153.9982373,15233942.5463846,15090904.9976068,16786056.5497653
92,"VGB","British Virgin Islands",15.2747430288064,13.9593609500564,17.1015857357595,22.2894533535861,24.8471602144108,25.0659632522276,37.6355792600943,32.3739773820995,28.1356885874109,23.4584940655739,19.5122689491829,7.01577682700194,235.501274109695,238.936641087926,239.302164451816,239.375253322164,240.617824285872,13.3015788443923,9.28163080520723,8.62391359988388
96,"BRN","Brunei Darussalam",5607.62425522237,5376.60808419642,5852.7486535624,6353.52242283724,7325.86015097878,7014.52807162726,8621.45365466194,8893.4803483967,8481.93187953069,8537.24052687833,9331.29462586643,9283.43885375323,8391.21284291691,8309.44522260197,7253.19687508688,6658.58382453586,5039.00694392039,5014.0373115746,5122.77785750365,4996.1357604377
100,"BGR","Bulgaria",32776.8384452481,29745.6986215814,34664.0698334094,35913.4890426372,33842.6648688705,30845.1021208247,29005.6689222269,29426.0645968119,26670.6913744711,27259.5564347107,30983.4754731308,35046.4939590176,32756.6108817473,38817.7708149447,36254.3389603948,33756.4868927981,33045.7897896331,29451.3241546067,25350.4728689861,26592.9360976576
854,"BFA","Burkina Faso",NA,NA,NA,NA,NA,NA,NA,NA,NA,NA,NA,NA,NA,NA,NA,NA,NA,NA,NA,NA
108,"BDI","Burundi",5328.47129821188,4254.71511943013,5129.69631472419,5803.95832911977,6072.85551428011,6992.06377323556,7609.15952544744,6618.55873293272,6024.68277682669,7189.22375219064,6743.01434176092,7358.30226130105,8262.33211816922,9731.33793635291,10070.1971679057,10468.6704224882,11165.0477257115,10999.8218209974,10077.5078204935,9833.92387334571
132,"CPV","Cabo Verde",NA,NA,NA,NA,NA,NA,NA,NA,NA,NA,NA,NA,NA,NA,NA,NA,NA,NA,NA,NA
116,"KHM","Cambodia",284240.807962281,336309.890669868,359095.641424144,385751.513669589,427506.75043945,600796.887234096,712421.22134422,830288.445486648,936893.590062375,977685.343480631,872568.254879934,863269.19209173,786168.274106886,709258.150935744,690761.8279102,701433.363433276,662810.437703847,648221.994088185,655862.314699856,605994.842280064
120,"CMR","Cameroon",141478.047616623,138260.448358912,155409.779512669,165205.84143278,178274.631523787,211107.798568917,202773.426564814,208124.593910582,257595.717677343,403374.710628561,424352.421728664,513319.906034422,649333.814677074,685535.517891708,625484.334463199,749309.889267927,801488.076869979,762016.066108121,845400.82605126,902752.630501721
124,"CAN","Canada",10909571.8086005,11957608.4148263,11758621.2805986,12100346.7985899,10944258.7027807,10128345.9461288,9882857.26499613,10310452.2208973,11168779.633818,12262017.6346505,12890575.0958777,12814299.3984024,12828541.5268573,12164142.7901786,11696250.0957338,10158086.3250976,10598645.51599,10338753.5878448,16765982.3223209,19756163.3558974
136,"CYM","Cayman Islands",88.8682283469281,86.1460362747135,98.4119191648003,124.433308340391,107.213547783762,137.846417617399,159.661709914232,151.025254369915,136.784560608643,114.606630132047,74.8857795048914,105.171567441428,169.565480050072,193.848524884916,196.903506978742,205.408697343606,145.453418247064,98.0786186918975,80.3171551748608,105.538310014689
140,"CAF","Central African Republic",123332.424155236,149933.131366713,152823.489843583,170956.83359672,204620.916112932,223858.409602396,215115.420052675,235121.383429078,247444.242491423,257043.698161846,235805.304914146,237816.990948997,244412.972537219,241143.354823648,232317.61272622,260138.612794363,276167.692036198,263287.462630288,276907.951839796,288632.991562121
148,"TCD","Chad",3964.59273517825,6062.86326431912,5105.61707201023,8314.18718063825,8922.98162247102,8705.26139340724,6643.36456313581,8133.39677329272,7626.5323811214,9561.67519972568,11898.3911873597,14144.3542376158,18418.4595863918,22454.9958311735,24513.2566967477,25355.3778511049,27284.4861771823,25963.9836246033,30099.4019387386,38132.7558302535
152,"CHL","Chile",426376.170372081,445592.676512102,489091.784859596,529297.773901332,532129.568999792,516708.611071804,524104.208996128,577250.323343913,556408.422558499,587179.27830616,601793.119479587,616248.506803577,656268.65473163,630919.381350954,590323.511401235,554782.760772861,512614.009280377,365692.818866852,396136.632077641,365058.052989423
156,"CHN","China",1626457.94234802,1971431.40007622,2375297.26388106,2851613.54823266,2949741.43317847,3193988.51435902,3217326.7563029,3169311.22113506,2872555.5520935,2804547.20007593,2667185.1232319,2787340.42715395,2826736.92994446,2955167.96439558,2920493.23446376,2852361.13120568,2670358.37352668,2637936.1305038,2670931.09463969,2849101.84701878
170,"COL","Colombia",977148.991373627,937085.908259476,1023881.44546842,1133230.95354,1117084.12229018,1125381.1729117,1125284.88831131,1083840.39621338,990958.366557226,955269.348703531,899203.528118441,1000270.16041166,1197328.22651436,1410681.30512444,1477128.79931028,1660409.2487039,1634701.66299981,1475789.70813379,1320204.88101609,1264758.53405614
174,"COM","Comoros",231.773354424702,207.763321146313,244.287780158883,252.588064988552,324.410555673824,330.15196314333,439.80040241366,489.364861013159,2184.1374816761,3545.79323039015,3882.95496517489,3884.70765411232,4065.35801731196,2553.79083317258,1360.42604076601,1196.47594382838,1236.64883980524,1093.27744324821,1029.34135613206,1244.94910089609
184,"COK","Cook Islands",NA,NA,NA,NA,NA,NA,NA,NA,NA,NA,NA,NA,NA,NA,NA,NA,NA,NA,NA,NA
188,"CRI","Costa Rica",63363.2745569292,57938.4390456069,56102.6028428572,69715.0615872431,82376.1421034918,79019.7672410382,79465.7434933943,78389.7539762998,64288.224073981,52770.6056257107,42893.8480153917,46232.3422806454,57894.8712398431,62439.8497603981,63019.0019990231,67965.8860580167,61973.7153555995,48485.3666454708,45200.8439011323,42011.3310224088
384,"CIV","Cote d'Ivoire",466947.960806316,442028.260233035,388339.092579199,429621.890364257,490455.390682886,517639.911191616,544601.169932092,549863.804217355,598104.860002111,836117.229897434,896051.624748059,992439.697103996,1253610.16412405,1402466.88025062,1297769.3866035,1393865.530939,1356013.29855447,1171182.61626536,1036800.11398433,959718.069410546
191,"HRV","Croatia",16931.8380855821,15757.4931948509,16654.3714840818,18806.1355943525,14981.4325363945,15733.5648339763,16448.1099688448,18215.4807247407,17322.5428384031,18979.6595504721,18149.4048715924,20603.6781449859,21445.8949311678,26733.4824864363,28151.6235616179,31534.2981022852,31425.6616779244,33405.2811837987,35623.246508777,37160.9434518171
192,"CUB","Cuba",75342.8427460428,68705.0217901356,61542.8632509988,72069.8439199441,66355.9458661865,62130.4318796134,66138.0957667055,68609.3129560816,57597.2070027128,47198.8459447757,45316.7348919846,103056.681247077,169525.503853492,178409.048289154,180011.188318165,185903.663534831,121571.79879,49647.297985837,53487.6346291632,56108.8893055349
531,"CUW","Curacao",4.2891596723139,6.84705251033419,9.78065900195094,14.4452193621869,18.5083286603873,19.5608907335872,17.4548713340663,20.6174797858149,21.3699802583669,19.0381090165343,18.2111696229828,19.2643619692187,12.7162735933062,7.22347893935275,7.07220354212184,8.12541936026962,9.78137681152722,13.9958248660688,17.0801500609158,17.2308222201931
196,"CYP","Cyprus",257.807527477022,237.781851142534,984.277885502227,1053.84542206871,1022.72799182638,1052.03222628494,1111.95539334456,388.024148899474,306.732040141069,283.595836295056,240.075488486171,690.464489827203,1073.42610867537,1092.37188448813,1102.52616738303,1115.28649821815,1189.24113849995,824.728071003762,846.780174881212,962.773168540908
203,"CZE","Czechia",53157.5988485365,58323.309714226,72884.5811183036,85832.4010155265,85888.1378175711,75769.3525421901,89007.8035344622,81689.9369942915,72475.6227468364,72902.7894757141,65510.9344618521,66468.98900848,78980.4191333348,110516.301790431,169862.239271664,262082.403111457,295567.143597156,303810.298427769,289009.019476209,235309.051537242
180,"COD","Dem. Rep. Congo",2129882.91614599,2127551.70115767,2075869.00082491,2206169.36832039,2441560.65709117,2768199.16257032,2744463.57341736,2913769.42360727,3429606.80992246,4132531.55059113,4249159.47039197,5201198.13343827,6037303.94591696,6490380.8875891,6372261.35383933,6753997.21951227,6620554.00985151,6372588.61554876,6323782.28788782,6481348.33585097
208,"DNK","Denmark",18576.1592269843,19460.7399240331,22637.657288654,27118.7521346649,31350.5749126361,26729.623364072,24648.1291007783,24718.6741498215,20673.2326700348,19348.3242149995,17503.7021865093,19027.6604196127,18936.0620325156,20082.3206594418,23941.8837919832,24552.246848432,24690.9552560293,23696.6764505761,24512.7654324085,18977.473202526
262,"DJI","Djibouti",NA,NA,NA,NA,NA,NA,NA,NA,NA,NA,NA,NA,NA,NA,NA,NA,NA,NA,NA,NA
212,"DMA","Dominica",193.584449945653,196.174396058922,224.599689428133,290.734670688685,285.159939667194,324.957154362896,344.037635888443,448.461470202492,377.206397135744,315.67095473418,225.406219134952,188.067012741351,23334.2564140951,24090.7030082606,24137.1671952071,24200.9227885602,24224.1580749969,964.864034940039,331.258165815822,318.32592038942
214,"DOM","Dominican Republic",76873.1295889748,79039.5065289773,84663.3893568933,95561.4482353507,90140.422821468,79155.285373784,78701.7917979754,80547.6441504932,71638.8700076144,71350.3129657923,72338.3451606416,84285.8381863649,93443.8495119948,94710.84662103,95963.5453247109,102313.852906148,91588.2798978962,77666.3004108503,86643.0692773007,84708.6944069183
218,"ECU","Ecuador",166479.377533829,157045.887031099,187790.730477331,225863.078096279,246293.332799363,239713.181773219,247739.14847468,261452.14701051,257930.373395332,231150.226236619,227449.633650246,227868.644343193,224822.662036608,215152.512028467,219933.756285523,238775.780025416,225052.354866011,206412.291085593,210674.679423313,237022.188360014
818,"EGY","Egypt",411.62436422744,301.985331933119,331.442221238215,351.89717303335,310.016277257285,355.613529749226,420.110955940166,780.694244103008,796.2267086272,851.661439939047,785.122282553021,719.226975637401,338.803931175695,304.542788309731,210.443770056859,196.939697726909,178.023749371223,131.536864188105,104.202434976624,114.601154659668
222,"SLV","El Salvador",30584.7100299106,25689.3342800211,24007.2076451194,21348.2436833009,21077.5380738901,18070.3088081486,16707.9137961357,16259.2769421129,14988.1785454807,13023.974210243,12539.7905536402,15041.0378379913,17250.5519318802,17900.336050037,17829.7678518295,17649.0592241471,13394.5232457171,10281.7598956525,9363.03821666717,8793.22726112207
226,"GNQ","Equatorial Guinea",10562.9302737124,8233.04982050172,8388.3895917307,11248.4935084033,16511.9073667791,21496.4518910979,27947.1239729484,29758.1838942012,32226.3686299471,45753.2385192566,46628.9732223953,48468.0040660583,55453.2091012524,55987.6313900933,46302.0118760582,43703.9049379232,43064.1905217875,38887.1121121288,39587.889973694,37807.0931612576
232,"ERI","Eritrea",NA,NA,NA,NA,NA,NA,NA,NA,NA,NA,NA,NA,NA,NA,NA,NA,NA,NA,NA,NA
233,"EST","Estonia",77347.8619825614,82207.1061976161,76477.389953987,89141.3406108618,89858.1046054567,96536.4733751729,102003.682996621,103500.163161543,102292.271576241,107045.974211108,110969.764664452,120105.652894263,141277.193866196,164226.327675639,186566.96466443,197952.242960124,195621.566766702,195980.650064518,192098.543890353,181079.779143954
748,"SWZ","Eswatini",26194.9912822436,28891.2619739889,31560.1426407616,30382.1853410047,35672.2619723227,37797.4367526834,30988.1676955034,28045.8966763318,26589.6774383116,20896.6366230979,17451.8709394556,19631.8487570353,22481.3904869632,21275.1313297991,20430.6660106847,19899.1143996596,18257.1604258534,13817.7569000325,13932.656369988,12244.6510191386
231,"ETH","Ethiopia",68222.2714399016,68350.9630597836,80885.448764087,90958.035546453,106840.793695177,111156.316806748,114543.112418931,130566.474696522,137409.077843464,140855.130170582,130947.444599374,135066.353231228,128837.923667474,116880.935737412,109738.261490092,117442.572886787,117612.368056895,102150.241645334,119518.923191855,121879.553204819
234,"FRO","Faeroe Islands",NA,NA,NA,NA,NA,NA,NA,NA,NA,NA,NA,NA,NA,NA,NA,NA,NA,NA,NA,NA
238,"FLK","Falkland Islands",0,0,0,0,0,0,0,0,0,0,0,0,0,0,0,0,0,0,0,0
242,"FJI","Fiji",7118.80765281748,7895.46240432622,9340.64568355247,10155.6668901482,9866.44627779352,10547.5732771228,9225.95686388003,8297.33019612142,8609.48037763702,10507.6819294005,9999.27029037077,17819.6087759442,19691.4612229594,18358.9892939716,16125.8883974075,16354.3677856547,15179.912484999,13077.3549766716,12499.0896859325,12122.4830403663
246,"FIN","Finland",762398.486525486,793393.196156963,802845.796966251,914412.426036456,944070.119182126,881178.776036045,858604.279060901,867406.631743959,815093.347637813,825276.460599015,830342.248113266,911622.811373722,1087591.35782397,1208995.02742402,1314087.63765133,1396026.83587781,1423180.349652,1342791.1730283,1315090.87596054,1257388.66123384
250,"FRA","France",235096.395772188,255477.571928849,271374.831336418,335202.688351132,324325.182989897,421330.873180063,430504.011764838,456258.760461625,399224.724935958,379534.187720232,272894.570352737,272392.982252996,267345.233714354,304891.690851059,338924.082608183,380954.90503749,429140.151799088,418295.171540271,436651.084225594,436770.674228374
258,"PYF","French Polynesia",NA,NA,NA,NA,NA,NA,NA,NA,NA,NA,NA,NA,NA,NA,NA,NA,NA,NA,NA,NA
266,"GAB","Gabon",73460.3014774245,77678.3484329005,80328.0544395227,80850.0001171986,89120.5664451362,82095.7322203663,80955.6258219947,81930.0788139495,109011.841173248,139511.960014599,154310.326495821,168300.366124659,189468.062192018,171807.036423441,151615.714464093,148165.361175601,134332.372905138,125144.034780861,118062.799233002,118632.090889348
270,"GMB","Gambia",122.64996106752,125.646954577808,135.094781814501,421.742181346721,367.649236930519,385.931760349997,410.059971971889,401.144776060632,116.148682185676,124.62026405612,110.833479490872,85.5813937379056,52.9844594170002,46.9136590555338,49.5358703609375,49.3879636264767,63.2547818861718,72.250838943401,78.172540498727,73.4472131401891
268,"GEO","Georgia",4011.00635468591,3875.8030406421,4331.8068426947,4785.42212717887,3266.78289945543,3536.37523037241,3544.73654159369,3025.28947351157,2531.92158765542,2197.29621998807,1421.5550150285,1405.26264229488,1140.16187567557,1187.96095197738,1240.4062827832,1419.70943638921,1316.54989118238,1399.3184902966,1884.75058416098,2227.86741443846
276,"DEU","Germany",121717.557219604,149082.826328132,226999.030379365,282244.475057027,266066.7711605,302005.524447087,293624.857240476,226411.414792398,180216.878382316,172624.24660271,109875.969357333,102481.69397159,109473.583973385,146213.587374276,233277.353932251,407286.721188228,582687.071575952,636137.822703018,706836.103422275,688330.473488909
288,"GHA","Ghana",205980.277537476,189448.183794342,151239.204082579,164121.447886371,184748.377565724,162884.544009232,171943.695858264,168390.910041312,211767.150207479,293717.571822306,331632.60117486,414673.258754805,493373.923865286,563701.501335064,531761.406097494,610984.14008784,593155.036921176,596467.323144439,557518.892528482,577171.718788763
300,"GRC","Greece",31302.2151312742,26031.3640508359,66968.9923806891,85604.7822376665,85355.0037406586,88961.0972450074,87815.4690790235,54993.459748371,39701.7489802943,36940.3957926692,32992.5518517112,32826.2329515702,28493.2869701413,29709.3997134312,33511.1351855517,35098.8389345006,78103.1580674878,78987.7866834667,117876.76138753,122783.502637996
304,"GRL","Greenland",NA,NA,NA,NA,NA,NA,NA,NA,NA,NA,NA,NA,NA,NA,NA,NA,NA,NA,NA,NA
308,"GRD","Grenada",848.500100939974,847.221262465428,849.196408975643,842.031301848502,304.783361836157,416.85176590028,425.505752328407,397.428816837164,358.60407162657,348.67279863156,195.814734968271,215.078490804069,203.495250475923,287.947006704068,225.171622700766,236.910617128925,193.415566728917,186.034284491365,102.940806540894,311.774400982123
320,"GTM","Guatemala",364391.206494663,363596.658450344,434463.668431175,413396.958729778,443936.874283992,402656.10042933,390668.993852772,348219.78944803,326250.229176804,301153.962287488,295855.272825963,433853.853712339,429627.564284387,445579.743853395,473957.629846528,518284.62719212,389650.83146304,356223.618534749,356192.675354372,407929.62623483
831,"GGY","Guernsey",NA,NA,NA,NA,NA,NA,NA,NA,NA,NA,NA,NA,NA,NA,NA,NA,NA,NA,NA,NA
324,"GIN","Guinea",88473.643615281,85207.9181579522,90095.7152189058,102347.467834392,108577.146901965,110041.801139618,122374.038005752,113038.411104322,237742.074953154,347070.344096203,492844.619797306,681219.228693687,888321.757363699,925031.935767303,986005.5936198,1002592.43679845,953956.536949647,852584.524916545,823812.004538489,776923.650472426
624,"GNB","Guinea-Bissau",16925.267003165,16581.3876052962,16551.5424955764,18778.1778109358,23202.9736840405,24175.1940913298,26440.8316221868,23908.2534768246,41363.9679830823,46258.6214640082,54019.356533501,65855.7412650612,78780.7963714416,72470.7399447045,75234.841213637,79681.5023375882,77246.0605631705,70589.9528859967,67674.3679736561,61352.5089287741
328,"GUY","Guyana",32180.2377967199,28074.0637212268,28496.3769439302,30537.6079306532,34742.2677181787,39008.8468663517,41438.2179275092,49300.6436464813,46958.1880158326,50845.1647535448,53830.8400678531,71980.1414228161,78301.5947417663,82945.2649540552,93115.4560821697,95801.1036384099,78825.5046702514,69955.9073990224,86076.6588239887,171087.131216677
332,"HTI","Haiti",10075.4135229458,8769.49732178494,8726.25542094848,9847.78814415183,9929.73144965627,9980.70568007254,11382.0759273335,13577.8300225892,14567.3465976405,15961.5410738082,16964.7446924053,31667.4685666368,32893.3338981039,33843.6743299916,34380.2493490995,35094.741292518,20241.551918332,16587.1210478345,15011.2813268157,13033.6994991323
336,"VAT","Holy See",NA,NA,NA,NA,NA,NA,NA,NA,NA,NA,NA,NA,NA,NA,NA,NA,NA,NA,NA,NA
340,"HND","Honduras",174460.881560622,173711.49522953,184596.535890822,194270.585197715,219328.828484934,224941.973821815,235882.590944337,225775.403018642,226108.34634644,232076.65660719,236234.856195828,372105.202861734,453272.994836249,485895.555286411,509828.530453345,553234.462274006,434291.25709096,378161.172601346,386353.840780131,379891.034908489
344,"HKG","Hong Kong",NA,NA,NA,NA,NA,NA,NA,NA,NA,NA,NA,NA,NA,NA,NA,NA,NA,NA,NA,NA
348,"HUN","Hungary",43363.1019880688,43831.0052123599,45483.4069702994,48667.9914551609,46736.2966232174,47591.2659929191,47825.4295328297,50384.3195440327,50420.4270379841,55485.2746482066,54944.6564323391,60738.7811645608,62935.116315907,67796.8095619415,67062.4032932431,68360.8911569768,68099.2461634184,68790.9110956884,74685.698314929,73023.7927219844
352,"ISL","Iceland",NA,NA,NA,NA,NA,NA,NA,NA,NA,NA,NA,NA,NA,NA,NA,NA,NA,NA,NA,NA
356,"IND","India",271291.904712751,275511.762804616,295403.554787255,330213.310379193,337956.924176053,328980.134964358,351383.070606189,371664.302473757,368430.664458501,426347.477772199,488583.32653542,569320.116001748,660567.961728564,710456.090422537,694288.14389823,715465.111503798,677066.902890453,612030.951608991,623448.523563126,633588.452643087
360,"IDN","Indonesia",4615636.79655804,5304700.19412747,5837050.47254239,6688484.86382865,7344407.52543981,7441300.01636322,7551780.31621117,8424417.44418197,8167470.9693416,8116872.58413879,8584008.69432296,9462447.0104185,8502907.49487345,8582340.79897264,7864865.29160839,7079985.76606093,5499309.91734677,5083828.80315827,5260381.0619808,5203761.51746254
364,"IRN","Iran",1665.87443686898,1474.24102165148,1047.5479269262,1095.07424444382,1010.35903785671,1033.12715205947,1131.25045144115,1407.58244901243,1105.61204238832,991.913037155601,796.122969547737,559.618784407984,262.141585604642,257.900242001117,324.368092955036,344.560102244197,363.150593759871,348.202290351894,417.178072111308,339.605344028187
368,"IRQ","Iraq",55.241312832911,45.4547200138161,45.1632045554414,43.3493929610622,54.7245390908027,63.5835749202265,60.6336668542521,59.4371468700855,44.1661355595908,29.8638187948209,16.4483776759603,13.6499784150488,5.50139872459092,2.96949668120768,1.53727866699436,1.53727866699436,1.0455423959592,0.0620972139973958,3.41795488528429,5.71445658152777
372,"IRL","Ireland",32086.7600164381,27782.2480073806,34170.922177583,38823.8731290366,39177.0901014556,34936.6162086371,32789.2880889776,26930.0853320181,24783.9400304317,23279.4315868018,23911.0912368036,30200.8364668058,30497.2610101295,34100.6648276436,38735.8220591074,40464.4979959131,39853.3691514153,40481.2699202341,38958.0824362605,35936.3852667253
833,"IMN","Isle of Man",NA,NA,NA,NA,NA,NA,NA,NA,NA,NA,NA,NA,NA,NA,NA,NA,NA,NA,NA,NA
376,"ISR","Israel",492.84545462344,479.107896949572,415.337688571713,450.221953462239,475.625931295343,427.419409441287,1360.58408074546,1361.85380031983,1342.52858543102,1371.51769508828,1333.77084706835,333.24979347374,383.568644768993,377.493090157618,309.766143598152,304.899965307149,268.644141328586,249.211121520224,270.904768445096,278.096390120635
380,"ITA","Italy",52530.6201246782,51561.041463533,52218.3854802766,63754.5422364617,61323.8653387909,66235.6115478179,68780.9623221632,78678.5951898058,79051.8387721557,84092.1140478909,82412.1283067348,95683.0403387768,108287.925733352,131604.999443117,171475.235796618,185596.287329092,189141.855314083,183726.248271865,189748.21416371,163127.812524062
388,"JAM","Jamaica",15422.0954757923,16973.5376201429,16595.8822423625,17593.5291562552,17230.6584087511,11997.7497191796,11585.2884715146,12919.059005606,12219.8070878526,11519.5025004932,12057.8693163979,11664.1829273394,11260.5517345048,12165.5188194149,11619.6974356651,10886.1282551914,10379.8394638935,9313.20055089084,9051.38745837659,8577.20502405907
392,"JPN","Japan",143576.030325309,158573.211379181,178005.073209164,199096.643221898,202679.229249517,202038.993827184,199019.669841094,199105.885900819,181501.346415682,168782.208740187,164182.157051604,183220.42565177,185161.276578185,212433.69642365,235638.655428678,252551.730322344,246013.267413971,252189.188899714,252290.728703703,254771.782166466
832,"JEY","Jersey",NA,NA,NA,NA,NA,NA,NA,NA,NA,NA,NA,NA,NA,NA,NA,NA,NA,NA,NA,NA
400,"JOR","Jordan",3.13394813123805,3.39549924171223,3.59131738013128,3.52605777704643,1.24090893846354,1.24081123039605,0.457232088831379,0.19585967477756,0.19585967477756,1.04368031356662,1.36995767305013,1.36995767305013,2.21992984543294,2.21992984543294,1.95947367484158,1.76368475972005,1.76368475972005,0.783159304643011,1.17505409352105,1.82864969064236
398,"KAZ","Kazakhstan",19518.5129172572,18125.8478097241,19778.9788254019,20975.6976710303,21895.2433183494,21837.6163735067,23547.9169826622,22683.9936109037,20999.0547400088,15162.123060405,12234.3694977151,8670.58186697363,5904.24458391141,4179.49352331721,4865.503289309,6537.60867480738,5967.46712500978,8621.38532711402,27594.3663710079,29237.9138448476
404,"KEN","Kenya",82601.001470428,84229.7676947318,90045.8169944465,95716.5995716172,96424.8586710717,106371.897326268,103015.369530384,94811.2385855651,89151.257508395,86811.7401380591,79734.7694797063,81483.7038765152,85748.0320674738,88092.2968022579,88685.9332501245,92115.8821573796,80631.6480086003,65107.3678749175,60456.1755063215,58608.0756003047
296,"KIR","Kiribati",NA,NA,NA,NA,NA,NA,NA,NA,NA,NA,NA,NA,NA,NA,NA,NA,NA,NA,NA,NA
689,"XKX","Kosovo",NA,NA,NA,NA,NA,NA,NA,NA,NA,NA,NA,NA,NA,NA,NA,NA,NA,NA,NA,NA
414,"KWT","Kuwait",NA,NA,NA,NA,NA,NA,NA,NA,NA,NA,NA,NA,NA,NA,NA,NA,NA,NA,NA,NA
417,"KGZ","Kyrgyzstan",1279.73498455011,801.092449060063,603.006621751851,598.904015694416,607.562665974095,786.485546880558,787.942339442748,765.227294116855,685.354318928604,497.936374417094,236.962558630907,136.50505517023,107.600521418945,98.157577758305,100.374652393264,112.272792514774,118.283361401868,94.1874942071396,171.082248658359,209.097011502331
418,"LAO","Laos",311979.405428252,398158.799969499,475248.530377738,468759.471197569,550078.617727032,648857.163909143,657119.181800999,671675.665576971,796694.572109149,894962.077172255,1012799.09350999,1269532.33549992,1471043.64287669,1560098.50431166,1680967.30355432,1753551.59733791,1683479.07076454,1656123.07730649,1806925.89509696,1793456.74992037
428,"LVA","Latvia",146756.360748041,160742.242968544,167695.089705386,175682.07172373,179959.264845854,187754.073504867,193598.04595251,191754.709403802,190212.75046409,187499.732758707,169822.224984107,170030.123083927,182830.013317037,201987.095699984,227186.861751879,246819.959063747,250296.690655345,260353.594045716,267930.219938097,267147.690203288
422,"LBN","Lebanon",873.531567556692,723.008858166379,914.774360210285,1224.9957069998,1456.16262914915,1271.20807511591,1261.79921718568,1158.77497652434,924.931945749125,744.369567568805,802.806226149837,929.671519719171,1047.93898784429,1143.72641688318,1373.64978365781,1673.11713059548,2079.46046209501,2375.95822809009,2642.79681909899,2760.69238744732
426,"LSO","Lesotho",12.7028701067448,13.9884382414789,14.3199892545855,17.6217095184982,17.5318629724674,19.2911394474511,20.2195977264974,20.5010686226432,22.0535742465527,30.2366166772091,27.3983583127885,39.319931651086,43.8253247996548,44.2085440381683,41.9477077292925,57.1450745221711,58.7870401169063,55.0766694284536,48.8319850885676,40.3067242245279
430,"LBR","Liberia",125332.350609549,132367.999796887,119665.581644435,134233.229399161,203135.7175041,212169.500259224,210392.669704454,238224.604177817,357587.684389826,446500.218783847,612152.757769699,746294.622023305,877473.098973021,926869.644026456,934586.679787375,968698.529722932,929950.34042047,878761.847093227,829092.268922135,823825.629236026
434,"LBY","Libya",114.752999691918,113.902763686742,77.9480154504859,58.401875195728,53.6618166344704,41.2503485534852,34.4354942386784,35.0792255210796,110.658235717947,109.549044370521,100.32954478712,91.3614232208962,96.8797260207247,18.5034575745496,16.233886368649,16.8200015749305,16.8201209054123,6.36717152503687,70.9510530490484,110.054776130316
438,"LIE","Liechtenstein",18.2818083876389,25.5083141851758,33.9422462018099,42.1625138838606,36.9987314269596,34.258402952385,25.2930846215972,20.6523474160265,14.3811967830534,13.0653692316124,11.5909580276519,14.2801159326259,14.5446963598937,18.70962789671,27.3554064586523,29.2523935431293,25.5630018714409,23.6121035578363,18.2891617075347,12.6483030222135
440,"LTU","Lithuania",60708.0927766964,70196.1321952926,75887.9538067121,82175.2241940889,83481.9312297776,84764.1897206257,89049.6164564524,90615.8120178012,89335.309010057,90899.8233502367,85027.3152988972,88823.8921215837,97024.5957540156,102851.663467383,111444.679647358,118620.868054559,115722.809845095,113658.201221978,118658.003013254,116406.48060624
442,"LUX","Luxembourg",641.977063030817,939.406176083683,1351.13186623428,2231.2400035803,2136.1487701165,2948.73416596828,3030.50403246933,2972.56091313984,2336.92036138164,2550.12123539836,1997.05197756423,2070.02313151368,2038.4502404528,2148.34498380367,2227.94165597719,2554.99553323465,3088.84476608674,2996.86732126213,3451.85811251774,3530.61533857941
446,"MAC","Macao",NA,NA,NA,NA,NA,NA,NA,NA,NA,NA,NA,NA,NA,NA,NA,NA,NA,NA,NA,NA
450,"MDG","Madagascar",435995.855301336,420072.986968435,519335.489480784,558589.651172022,613281.171495188,626871.913119514,718161.289841874,658049.363461317,833897.49384851,1114042.61681851,1308612.38645958,1529944.5977556,1911833.58500671,1979103.27382119,1816663.96966397,1755987.31321251,1607211.58147583,1353234.01295301,1289804.53078201,1266780.56942989
454,"MWI","Malawi",28965.3083529131,32023.8505070744,35320.4526232204,37954.1265151795,36264.3659545579,30798.0042579543,33517.4604763979,38199.3146853044,39032.8831398547,53592.5103687307,60394.2492854383,65653.897463098,68829.8212785599,73787.6708274724,67342.8955285719,72620.0093528723,75672.6353634209,75205.5583333569,82664.9616417135,87608.5493149507
458,"MYS","Malaysia",1557467.13489538,1559187.54437222,1652038.19777313,1836240.34322593,2107329.12640892,2162521.43018742,2291145.25391127,2513836.74107176,2478938.47216939,2501872.68923086,2525412.816523,2627815.73562528,2482931.66330232,2587579.5508793,2336957.18070475,2151241.40602729,1863285.61008255,1627913.50460131,1498559.59459615,1385688.59131351
462,"MDV","Maldives",17.4437803993002,16.6066712182498,18.211983872001,22.7222007515157,25.4753609192851,25.0136676219763,31.6694484318697,27.9267240329693,25.249629577394,23.2580413497901,20.1223152041274,9.56015631290903,7.10941311157443,3.13358241356011,0,0,0,0,14.4444385931827,33.8548466470219
466,"MLI","Mali",793.935281778569,549.773530258429,499.568311282157,570.969675806539,575.352251047786,546.024807515726,608.10153377762,561.937560868427,866.073856485816,978.716394810536,1128.97934925177,1168.02199743575,1421.08575231955,1310.10376647729,1250.52325536595,1195.21715145165,1120.69808272472,947.909285211679,964.882744972828,990.931142342267
470,"MLT","Malta",NA,NA,NA,NA,NA,NA,NA,NA,NA,NA,NA,NA,NA,NA,NA,NA,NA,NA,NA,NA
584,"MHL","Marshall Islands",NA,NA,NA,NA,NA,NA,NA,NA,NA,NA,NA,NA,NA,NA,NA,NA,NA,NA,NA,NA
478,"MRT","Mauritania",NA,NA,NA,NA,NA,NA,NA,NA,NA,NA,NA,NA,NA,NA,NA,NA,NA,NA,NA,NA
480,"MUS","Mauritius",933.680604645098,919.586643447736,896.867163981219,965.872636609516,878.902041109345,727.958287575949,1072.79036169036,1093.55008623219,1124.18473478857,1414.07952966675,1390.81206082971,903.492564387922,751.022358782276,531.751975484697,0,0,0,0,0,0
484,"MEX","Mexico",846306.712462586,867109.840536702,926941.13020973,958739.583539715,1070029.31937624,1029996.14189139,1037753.94790536,993823.616025947,1028405.19967319,917890.823876222,948595.283864032,1035698.00547622,1159619.58338716,1207882.53110759,1364582.10380598,1466347.13157492,1381463.14367677,1261674.15086578,1220858.62942735,1224372.38197176
583,"FSM","Micronesia",0,0,0,0,0,76.6623375243586,76.6623375243586,76.6623375243586,76.6623375243586,76.6623375243586,0,0,0,0,0,0,0,0,0,0
498,"MDA","Moldova",850.739315160956,877.252775432708,883.771270937116,918.22555654222,841.95373863625,908.981325116185,922.643900630271,2457.96551418235,2490.25722648273,2665.67816886025,2984.60875887021,3630.6460661338,2951.17824297563,3645.05200807865,4099.0782246089,5016.71172586493,5314.69830922052,5352.72497262809,5872.24688917895,6881.22871551882
492,"MCO","Monaco",NA,NA,NA,NA,NA,NA,NA,NA,NA,NA,NA,NA,NA,NA,NA,NA,NA,NA,NA,NA
496,"MNG","Mongolia",138987.876849914,131180.320961276,160534.004277464,178101.834303618,206591.008972169,207888.786507352,198190.17961213,184748.91718971,129375.951704439,48106.5775208566,46487.6506817582,47079.2547995761,37677.0030894907,46272.533260401,48565.2819801973,41884.5722908147,37929.1486532143,12794.0489032489,4408.91142622041,4311.36324095535
499,"MNE","Montenegro",2329.64205513932,1646.58181563444,2518.49959484606,3744.00399824154,3393.84531867513,3432.38436383049,3751.15378984453,3958.21777421377,4930.48402629395,5803.2049887058,5773.22905428354,6398.44057714926,6408.8096619855,5659.59582933008,4868.94156602105,5671.16202247272,5059.39431326421,4959.25395472033,4974.81150485427,4979.33306493505
504,"MAR","Morocco",10801.290622268,11154.7789359455,9744.33160421021,11111.2711417847,10868.0910081736,10329.788066567,11500.4728848055,10677.2925603324,8103.66455744408,8588.57491982639,8552.48983874743,7201.23066816684,7877.90761584799,9120.08711995562,8687.79665617258,11356.5843246641,10853.8438749617,20503.6238229463,22430.353701611,22589.7928320135
508,"MOZ","Mozambique",505557.159366063,616858.07491728,648699.717732571,773828.074604488,883607.99228971,927587.200385186,905597.554275725,907045.058790726,864938.498556843,847945.823158206,834800.49442819,935113.385927246,1154184.12516017,1163915.45463775,1199062.20351244,1250181.29465517,1277700.23358561,1156551.61889136,1246356.14424846,1309323.23592551
104,"MMR","Myanmar",382181.332759158,464841.080624456,545320.009378211,587312.182974897,701431.781767316,779497.339473496,787750.36735232,866340.406556557,995309.627741255,1110448.72127872,1233841.14088039,1460676.59115427,1577332.06600581,1607854.72245326,1585828.36692782,1602528.57330337,1544127.63748264,1463221.65991045,1491696.81543436,1459256.16778545
516,"NAM","Namibia",864.838047377501,464.513562546269,436.141301277836,258.982853342045,282.969120066005,245.536918091406,298.95944962549,243.756341659969,212.511296516677,131.098049026328,110.000384308693,40.4169060638085,16.5708007376519,22.0197966070236,19.3630849655555,14.8092642539898,18.5218087023014,17.8468926466374,13.1436407770638,12.129973442602
520,"NRU","Nauru",NA,NA,NA,NA,NA,NA,NA,NA,NA,NA,NA,NA,NA,NA,NA,NA,NA,NA,NA,NA
524,"NPL","Nepal",11181.684182758,12913.4994598081,14250.3584192969,14950.2339168495,17994.7143560656,17584.0934627845,17145.5434038099,18725.0863497045,16568.7426275419,12206.4843789232,10438.1519830757,8620.2054300386,5969.24414742515,6805.89150678961,7731.04101850787,9384.48637722313,11138.4830933605,10766.8866566469,11372.0151201498,11964.1425698512
528,"NLD","Netherlands",4662.90109244621,5412.79287807158,6232.76211709188,7058.0517954184,7320.53206817433,9253.19977940694,8927.95539540637,8231.18028604081,7598.42341199565,6915.35314422292,4403.7404433135,4646.22973021927,5029.50187511095,5782.58531491327,7388.6300291456,8425.93647773942,9476.29421760569,9329.29886939592,9635.38426831808,8660.00650366005
540,"NCL","New Caledonia",5190.59492548397,6627.20638675074,6975.45180126777,6613.31614315058,6078.97552897355,5157.71025789987,3732.33456309196,3595.54907680933,5355.40360954428,6429.74257876933,6365.42193939243,6980.17366685157,7301.62624929963,8089.43258576808,6851.20140537724,10431.0758987663,9763.45722879026,8977.75799079128,6505.23346846692,7475.32267218126
554,"NZL","New Zealand",271755.225174472,282898.650061143,282314.186996526,298887.669249688,297820.359540244,301422.808202198,299695.672673569,306551.520076401,322720.952916295,342517.119540602,350398.153329608,370812.717908958,376197.290754225,377883.665072325,369904.513378102,366826.240005075,352710.217210804,336341.289987354,307576.196774979,275642.000633754
558,"NIC","Nicaragua",261408.504674448,256185.207146297,290484.734078822,297334.177994006,359350.719864059,476696.686571399,481111.284245831,426325.352887118,416562.13551948,409033.596477107,232072.813200515,331172.188405272,509178.823549552,536509.289499376,538788.414917693,614563.590238233,564019.624700731,401301.689456722,447477.191385589,527629.189767143
562,"NER","Niger",NA,NA,NA,NA,NA,NA,NA,NA,NA,NA,NA,NA,NA,NA,NA,NA,NA,NA,NA,NA
566,"NGA","Nigeria",117037.680666468,99818.8204401052,92044.7932444783,106134.746548616,116780.46427122,136282.629414229,164006.483699916,174404.72037523,190369.035478665,233716.568224258,241862.203000262,260160.406556125,396235.01042794,472623.181046479,490881.031003072,549152.848014675,574156.434586078,509300.230429801,474744.657092064,493493.862374469
570,"NIU","Niue",NA,NA,NA,NA,NA,NA,NA,NA,NA,NA,NA,NA,NA,NA,NA,NA,NA,NA,NA,NA
408,"PRK","North Korea",52532.8778362261,53166.2536753083,61096.3000201264,72530.0809408971,74286.5034984953,76776.5696104703,69619.9141271595,73011.4744307143,59252.359193943,57080.67382296,48917.260196731,54982.9698606597,46823.9343773165,49492.7229440651,66043.4007271341,69967.1817423691,72222.1599673575,72748.5375140505,75175.4731018125,59700.7972432272
807,"MKD","North Macedonia",7353.27250552649,7335.4256613456,10307.8753168612,13373.0497839313,15473.1633672152,16389.3537933065,16503.8538732159,15581.6920055363,12770.4801730163,10285.1913162514,8846.36237570481,8185.97613219037,6392.4830520808,6786.22363607268,6760.95431720283,7832.76366132272,8640.80029717789,9942.0015361542,11197.3773931646,11462.0440360981
578,"NOR","Norway",122559.806073033,140762.487487911,145967.934625202,164966.059469516,154540.766633513,169750.991958755,161871.328696294,159977.254311678,159231.180012554,175063.512902379,171573.296243574,198886.062729003,226855.576431035,253005.605275947,278640.815157347,310364.817194277,314220.605686065,323610.288127678,322362.018023282,323903.241026197
512,"OMN","Oman",NA,NA,NA,NA,NA,NA,NA,NA,NA,NA,NA,NA,NA,NA,NA,NA,NA,NA,NA,NA
586,"PAK","Pakistan",3092.32207337224,4162.48255256832,4934.93786429535,5338.52857337723,5129.9598911539,4909.6174606716,4098.04495156001,3237.51951180349,2300.50899300521,1456.40519036829,768.381082994683,318.490883370302,281.629058011926,297.255891606976,340.71342812793,405.232790406743,462.526157751866,320.476315720161,388.235161209473,424.795995402998
585,"PLW","Palau",218.201371216348,200.956449786981,216.445632051239,263.365209048772,263.748482749388,253.068250146653,248.869291498388,186.157267372432,142.906599470369,206.543874533079,173.814261894773,143.146080853892,115.14444355663,97.7415240054126,12.5896284583246,28.8440050417669,32.1248019328767,41.4396543817566,72.0680652093589,70.4666014507095
591,"PAN","Panama",78006.7995826685,94082.3582920338,95533.4519582853,124203.672971605,144395.303611872,147435.227680132,136222.666949838,132659.588966571,106764.76177095,83807.5403018784,78963.2974229201,73211.0809253041,87086.5928177109,101038.967827889,120987.061786216,137774.84298437,144827.911333568,131222.020412949,128323.934786243,115842.554177269
598,"PNG","Papua New Guinea",219736.518736841,240119.55741555,234705.059733082,273945.114843139,264825.741241146,294565.337763782,291223.315713797,315396.390824699,301018.986071993,357471.289064009,469517.350267233,594396.291119754,638571.237587919,699838.228885688,689310.083883149,586943.020743019,485630.034640374,510199.908624392,476030.102420699,463105.657417799
600,"PRY","Paraguay",1122610.41426589,1120628.64137438,1351701.42675207,1460691.06954169,1566526.06350728,1746191.97613064,2055111.24454159,2139133.06185774,2081351.85323305,2073917.70647773,1910943.83406874,1773562.89101457,1623423.1645967,1563677.57852392,1530925.94506356,1494947.92563899,1451870.72018472,1308939.62731984,1234722.14303076,1187555.89761343
604,"PER","Peru",504637.480408754,507533.513089915,542795.728491369,595575.457634061,672176.891376869,651475.176947733,687825.322176185,847524.664934298,930197.421534959,957704.083876025,981859.555546823,1087559.48832479,1115358.85828733,1117680.35323242,1143435.76133519,1255590.5497098,1249742.84996128,1182587.95909259,1198546.05775452,1235850.26925672
608,"PHL","Philippines",200987.73632827,223250.924335193,257439.297678673,260988.239621018,273298.955696628,326167.251746134,301991.655605575,295081.763070614,315250.201015096,356816.460127855,320062.755351172,415919.227784683,470612.39432013,482274.37660233,443856.423065701,441687.994130216,361461.7120012,331724.640831963,303927.346702069,299098.175094965
616,"POL","Poland",207680.872000147,226295.206700635,252535.518285372,267183.53271387,272235.200155348,261692.203686191,280661.958631979,278247.335546431,265321.200667814,274675.219993668,245582.9294047,275443.51101988,316798.705211122,378630.216724166,399071.765796394,431287.970006906,422345.088249626,398287.483552741,377578.776594262,372470.149360149
620,"PRT","Portugal",180397.74143111,198559.551827692,199978.559159077,206753.181070352,191297.932484914,200764.429366244,184871.521972183,206785.76816736,225055.659179161,245454.85638938,243150.250199827,311122.295780432,426780.315410392,472332.880949029,448959.330583846,464906.469226923,407484.708762769,280467.133377371,219418.241706618,225913.301006996
634,"QAT","Qatar",NA,NA,NA,NA,NA,NA,NA,NA,NA,NA,NA,NA,NA,NA,NA,NA,NA,NA,NA,NA
178,"COG","Republic of Congo",102541.600754344,97664.8426208903,103119.311311574,101979.957997696,107220.344741959,133032.277350397,139252.607024989,141631.306223581,178897.924351972,232715.841284142,235873.654801431,321802.876682567,353534.340082621,361590.523282648,362457.448163453,379174.886332447,323064.164779414,318613.830802225,323331.230571905,364241.385879619
642,"ROU","Romania",81596.6851474436,77127.8890659169,98853.1558362167,106961.504224617,104279.54090064,102642.876060724,106504.205529836,99071.7218994986,94481.7610407844,97786.3255613149,90911.0208272314,97028.5823214716,85566.5915529224,91595.0451484311,84379.6723705229,100918.666492419,92573.1675972581,89901.8425959737,96307.9216009787,104195.184017716
643,"RUS","Russia",12668068.5485353,13074886.3465814,12713425.2436787,12731343.6785555,11321967.9390498,11591519.5104731,12379587.0665986,15431907.7047554,17349456.9551551,19727703.2317637,20200268.6062409,22230465.6303877,22128162.7817902,22723057.4477169,21919725.9849144,25029701.3507552,26496867.1674661,25495743.7733116,23290032.9972361,24783608.6100915
646,"RWA","Rwanda",5462.7963744294,4691.56295339269,5180.04726979405,5219.67342109154,5479.9517462732,7108.41253345964,7288.89112490139,6949.82757059512,8322.052536438,9829.75337828023,9596.16778316159,11447.7512913665,13087.9635850506,14906.2602747633,14532.7337908618,15503.3296729363,15648.0969617437,15453.4220999273,14198.6659809988,15287.9441126166
652,"BLM","Saint Barthelemy",NA,NA,NA,NA,NA,NA,NA,NA,NA,NA,NA,NA,NA,NA,NA,NA,NA,NA,NA,NA
659,"KNA","Saint Kitts and Nevis",141.380323678165,116.372173379325,108.868317651684,99.529099038842,108.220824586549,107.855982817499,99.7603432729056,98.2146196590764,80.5541035796526,50.7585392902657,33.1767989264582,29.206889131608,22.1441605414898,21.8511265088042,26.7819897593891,35.9752530877039,37.0026261893239,37.6634528198144,36.0445228066438,32.3647906895648
662,"LCA","Saint Lucia",155.581194145075,222.617683275178,260.282411183611,296.96829265286,311.688160659439,357.570112888691,321.031588670317,339.563948341704,319.545111840833,305.71815232434,213.051246248629,258.643203026759,275.092187053316,272.778609280143,253.578013250328,287.13549675624,214.56906392598,165.321445763985,156.351727406628,153.365054802777
882,"WSM","Samoa",NA,NA,NA,NA,NA,NA,NA,NA,NA,NA,NA,NA,NA,NA,NA,NA,NA,NA,NA,NA
674,"SMR","San Marino",NA,NA,NA,NA,NA,NA,NA,NA,NA,NA,NA,NA,NA,NA,NA,NA,NA,NA,NA,NA
678,"STP","Sao Tome and Principe",77.2219050190994,0,0,0,0,0,0,0,0,0,0,0,0,0,0,0,0,0,0,0
682,"SAU","Saudi Arabia",NA,NA,NA,NA,NA,NA,NA,NA,NA,NA,NA,NA,NA,NA,NA,NA,NA,NA,NA,NA
686,"SEN","Senegal",472.442723722307,443.096704722977,450.987476409509,698.468492159457,731.294800811663,813.538163335897,889.131956235374,801.31396130654,890.78171336588,1056.62365013961,1196.36969028517,1333.93463226028,1641.22678374553,1567.43320825167,1518.35800611739,1983.2447337287,1905.4640493664,1802.77769787742,1663.44326009588,1540.26122635365
688,"SRB","Serbia",8567.72695248746,8079.63842791054,9198.70580446603,11594.0409184119,11463.5314276849,12374.8263850977,12693.5476320567,13917.5558965311,13455.6061035867,15336.276310487,15689.9608075645,18155.9651957098,18248.4863731934,19416.5956392156,18990.898079197,21162.3982978325,20558.4670262073,21493.7799326288,25393.892919758,25671.3354491261
690,"SYC","Seychelles",0.759194191591795,0.531437640158418,0.30366230596137,0.30366230596137,0.455482298201495,0.303638208843857,0.151819992240125,0.759217474830185,1.97396635114094,3.87197933537108,3.87197933537108,3.87197933537108,3.26458185278102,2.04983297647026,0.835144715056423,0.835144715056423,0.986980504065212,0.986980504065212,0.986980504065212,0.759121844248589
694,"SLE","Sierra Leone",53897.8584304941,63827.3615274778,70395.5970835738,82221.435325933,108747.928667675,110657.738343239,116061.271031039,110539.009166112,259891.195878473,390857.747083255,614837.267124124,758594.563208013,974990.94330416,992931.942819874,1006885.74714865,928764.757077195,864110.573365571,751287.367145584,662751.47219735,617953.909173835
702,"SGP","Singapore",303.102347337967,315.716517708826,266.648587142866,283.262337678991,425.238809869588,386.859734355223,404.702823216808,422.392009774305,412.853981757748,427.235550763824,538.371575024374,618.896958383913,789.409050601303,1052.51739991346,1149.11618660158,1159.19056789229,1205.71864003928,1046.12734865505,943.530898737023,719.646120044814
534,"SXM","Sint Maarten",NA,NA,NA,NA,NA,NA,NA,NA,NA,NA,NA,NA,NA,NA,NA,NA,NA,NA,NA,NA
703,"SVK","Slovakia",43960.4060330346,48085.6711526457,53556.7382383846,63271.8235666638,69885.0412061988,59311.2485539935,62832.2275914936,62516.3451338944,54127.4195272804,60255.8722438808,48438.4488213807,53836.5292711077,58878.8276677231,71500.1472730433,64465.9314847508,71131.1443788536,60287.1769505063,51281.6894986101,43435.3796844447,40754.4965726847
705,"SVN","Slovenia",5073.7211382404,5709.6018790257,7084.13737277057,8410.42976808233,9091.91729163064,8578.79629460939,8761.0860919129,7565.42672131061,6347.96866434291,9785.44093031443,9379.96022040395,13338.8184508881,17323.0215056936,24901.8298971772,22960.6317753362,25811.6311968292,22649.726951388,20612.3698350287,17018.0897382275,17315.5968807648
90,"SLB","Solomon Islands",18520.5083726104,21401.6580563653,23200.8650813323,28997.358506172,31488.7925748692,31357.4606670336,32149.6725348827,35290.8585099235,36590.5991285675,47495.5241658854,56047.2475370589,68179.3723333418,79134.3351593023,87488.2014581653,87099.4104524712,86728.5707798292,80735.459406366,75476.3348064318,67229.4282103621,61740.4838076625
706,"SOM","Somalia",1182.48972190291,961.702472835473,981.398904908993,1126.23193701914,1218.33549139527,1086.07068173323,1152.0620275255,1076.37493021623,1142.01207318252,957.954784171193,884.226727844121,786.097732859859,896.093800965914,624.21755279614,875.299020346536,963.899427400961,1046.65638050139,867.278599914654,927.913510911466,694.774768130617
710,"ZAF","South Africa",395152.147872802,422451.276846649,421876.224323671,410678.963754694,405355.599147435,362461.866649457,327134.909323877,364926.267536704,339919.705870641,342307.730683533,350706.181497868,354635.731264127,363794.933877525,371092.758379409,377566.121456219,369656.153499353,348177.390427807,295101.529122621,261005.994475789,224422.644100683
410,"KOR","South Korea",34152.9737571595,38798.0762778394,42189.459195084,52600.0412535605,57608.4047341324,63113.890935321,64683.3637111188,72528.5547328271,67983.3082400217,64993.7501535981,67905.0617038911,78744.0006930735,83559.0975391366,95930.2575225945,103234.691294493,106016.258705841,100800.709796516,105703.285005883,105495.071894702,100415.708364015
728,"SSD","South Sudan",36126.6727887493,40183.7833710587,41558.6367042146,48504.6709974351,46119.7139340192,39432.9266108311,39481.2800193818,36665.040045914,32587.369161349,31280.4586705102,29860.9009337643,24917.1080663267,25066.0418928852,22775.4382508225,19778.0846369403,19644.4587270338,18388.6796826405,14995.6260906746,18536.4747738532,20359.8876121073
724,"ESP","Spain",210053.870286931,249961.591627593,272518.707970259,293491.288401571,293762.958104385,300901.329006389,267507.886981584,287747.281404004,307415.352189895,314097.065034716,323417.276251603,391654.127792457,409617.044458709,465309.838614923,462105.271239809,498679.753555776,476909.526595997,516271.401816238,482491.232294597,489505.059415754
144,"LKA","Sri Lanka",20618.5921433213,24589.4786751365,31403.7709275139,34753.994606429,43128.5547835839,45677.0045141971,52683.3771057314,56869.1897189034,58322.8491466233,56699.4384677875,56871.5449607202,59624.5197231323,58262.7559642229,63470.2393434938,61426.7850538545,65239.7613289677,61045.9516664772,56391.6390377497,54951.7368104182,56420.0719384438
670,"VCT","St. Vincent and the Grenadines",62.4294728227272,66.0270338066209,81.2379785210713,113.469035295826,122.084243361326,171.241121598153,191.168092313986,192.66564148058,164.1811128236,145.076160152371,81.0077855377467,66.6248087754301,72.7686659418016,76.3656271501214,77.1890256996716,82.5850548035892,79.5842080528134,112.245764218276,106.398815003924,137.073418375338
275,"PSE","State of Palestine",NA,NA,NA,NA,NA,NA,NA,NA,NA,NA,NA,NA,NA,NA,NA,NA,NA,NA,NA,NA
729,"SDN","Sudan",235.106252302864,212.313963657232,321.134392765823,357.943239636987,426.057119130583,367.708003139578,568.796996882371,397.080961744001,351.007615832627,275.304306691144,241.521286441494,62.9587350973171,124.401317484425,131.113337708836,181.891807547116,240.638981939715,264.281995892961,232.963837970481,239.656215839171,211.61035564981
740,"SUR","Suriname",20887.784641926,20603.1112618946,20511.4616769843,23476.2881698715,25414.9919748057,28902.6319778799,31195.0363122124,47071.2277094349,49763.8447552402,57149.6452727075,62070.9032593477,73252.0513776495,71768.1243592873,80565.8312754465,84272.1273112361,87446.8616857518,82830.9862877361,79354.6557236762,86469.736173161,102049.535977365
752,"SWE","Sweden",935934.894372806,1040133.62604857,1044727.69676216,1245832.3829961,1182526.51340639,1197612.70983762,1153807.93556249,1205832.36426567,1109766.57482436,1144031.1281337,1096416.06451585,1201442.93848873,1297777.68981696,1390270.76339051,1480638.78193273,1604575.91799098,1627384.73711516,1626070.02316972,1649845.09482128,1632312.92253672
756,"CHE","Switzerland",8624.46526353521,9508.52285215466,10479.3616536291,12464.024338055,10911.1149921682,10328.8364853185,10219.5245446732,9884.44239094297,8261.12768614729,7490.45270291364,6525.01815641596,6264.57389887542,7289.82119370823,9630.90040879904,11646.3739482528,14801.909737421,16577.7212464066,16009.0447546869,15994.3281513614,16688.5414670964
760,"SYR","Syria",1429.0597024147,1442.38706840285,2871.75001805463,3591.10141873619,3614.98585083905,3063.71118744967,2938.7327276053,6732.01330510049,7168.41468730916,7995.80224599125,10148.4404486364,11805.3410525962,8581.26793488146,8214.13770413555,8432.36364279222,9076.86283407482,10120.3042002536,8431.50768604959,9973.79883516239,9784.16072232824
158,"TWN","Taiwan",6669.50715396852,7587.16153989413,8312.257661828,9498.31905793487,15801.8627695552,16739.3697382531,16124.1342321502,15854.5626892694,14496.4580122073,7388.78196112573,5871.6010147191,7732.13712885642,8856.15906436821,9804.44655258109,10176.509304303,10695.3679162659,8836.53787000815,7765.60028922858,7829.33263816564,10137.6491189632
762,"TJK","Tajikistan",178.404520767934,136.299869558359,114.008233847864,115.007751518233,128.921572296209,111.240196556063,111.885730594785,123.887016147951,92.3378416689756,59.0798585214561,48.2219688732465,28.1433581974913,2.22323311649739,1.08425132517144,0.3607742803342,0.788445633869356,0.788445633869356,0.789699504136284,14.8265922876931,15.255092854273
834,"TZA","Tanzania",409837.190949591,412917.842862933,449520.175661036,529701.479732499,606163.502835929,653062.007465385,705563.051695056,738310.205571122,755570.813656347,810437.146662844,783915.077203344,798971.808981957,839411.425421826,829606.019489986,774156.469986995,848405.26973323,860620.258478627,826407.607716758,883728.984007252,966723.257211431
764,"THA","Thailand",331467.64716544,395174.53138316,426911.597908915,448595.633236138,489420.570226061,540037.292827547,534759.270093255,556621.229777812,561239.532823499,566206.834582167,552081.008972793,629143.106401211,711017.060403728,759796.489957,751975.284580897,750616.673174822,701826.494269387,616132.034530507,624473.884460787,636360.988185519
626,"TLS","Timor-Leste",6346.05951414579,8597.49733242391,8549.02806771263,8691.01772026181,9263.07102756384,8600.62179798202,7135.15841565227,7466.33535301093,7096.54240432558,6345.82474775133,6559.87586439394,6392.9424827049,6219.10715162246,6999.76973087137,6618.06921405182,7214.1794473258,7348.43895238564,6748.4310510541,6982.10581340034,6427.55772199007
768,"TGO","Togo",11634.0256861332,10556.7439362634,11717.9835154045,10841.6039090735,13664.2671313137,12125.086362842,11682.4708883659,10241.4217719326,11983.831313075,8920.94940561907,9345.08662153928,11548.3361304293,16916.8212150032,20764.9542152071,23439.421667475,27950.0753939369,30345.5830678349,28241.460832182,25926.4093214179,26470.0053330269
776,"TON","Tonga",NA,NA,NA,NA,NA,NA,NA,NA,NA,NA,NA,NA,NA,NA,NA,NA,NA,NA,NA,NA
780,"TTO","Trinidad and Tobago",5244.52423282734,5171.25343360965,5553.76303658365,6097.22437284566,6740.32985131199,8918.29928667881,7537.19353052699,7142.14631632167,6631.47582196064,6823.77637882966,4085.13662878901,5061.61328563409,5087.18491730152,5275.19682832492,4364.09871147153,4555.89209616666,3520.4717814563,3156.56795986486,3056.07150408241,3504.75843951934
788,"TUN","Tunisia",2966.15861914819,3089.2234493097,3723.77013226515,2902.53318756016,3565.78356512888,3331.22207341737,5182.61442851481,5723.12323860691,6305.4230091784,7708.91722697188,9190.59029571062,8440.356597345,15555.3167573803,15159.6386695691,13347.5969561581,12529.6775590083,13154.0952723406,7563.70296690048,10105.7467112534,11197.1639407167
792,"TUR","Turkiye",115764.458426645,118739.343601337,118361.143127503,129508.636905926,128639.016475078,125236.378992965,123239.546332379,126362.615662971,120014.136837398,113911.324715242,124638.339278231,126383.454252779,131817.365324229,144942.801113302,162055.293953057,179668.777857442,233319.902608403,252822.670509483,271198.070437515,272231.782422297
795,"TKM","Turkmenistan",295.636799401412,263.053158937866,195.682106926343,185.559558607732,169.69568165809,148.036123497096,150.922204146792,122.101424742179,47.7327185862326,35.6509600392013,26.7777384035959,10.3219488398329,1.39608744906033,1.02457527115234,0.120491167298177,0.120491167298177,0.0610472550412326,0,0,0
796,"TCA","Turks and Caicos Islands",55.4501834046667,52.3009262211413,121.189375299725,172.05168853836,267.202061529772,283.370445902424,293.391605464338,227.507602770093,176.785506352003,102.527891635757,85.3594218931855,89.6473833752048,114.825834327351,140.439068010413,126.345125225859,139.507519917364,163.838163646836,146.674267975619,134.43826011711,138.944310984758
798,"TUV","Tuvalu",NA,NA,NA,NA,NA,NA,NA,NA,NA,NA,NA,NA,NA,NA,NA,NA,NA,NA,NA,NA
800,"UGA","Uganda",99728.4233344278,98518.0582713741,124304.700620232,149250.430162192,154467.747348124,159444.935549228,196064.055421001,188578.175361819,199402.001473316,231021.126461751,250893.049473856,253311.699373688,341073.924789953,379554.115336,387908.369313028,407488.638686505,389247.507914773,336478.678862849,319164.380159768,320755.402482593
804,"UKR","Ukraine",180977.50463692,194292.150153956,231479.049700745,245536.024441328,244346.366655146,260215.90002078,278425.055855713,269684.912508124,254382.813925402,253237.372405358,249719.525070487,296129.462503088,326483.199461097,363205.32637205,361159.865868519,391706.994717347,351542.386005681,313660.036645899,306331.808150384,341465.400785164
784,"ARE","United Arab Emirates",NA,NA,NA,NA,NA,NA,NA,NA,NA,NA,NA,NA,NA,NA,NA,NA,NA,NA,NA,NA
826,"GBR","United Kingdom",78976.7760663551,76788.3494863872,87905.5491842113,98547.1914161593,111420.611006819,131102.263798363,132705.765732167,137147.266430995,153227.214369082,145875.613710515,141293.690608108,147435.833433673,134814.202067421,132483.520721038,130511.188165048,129352.629708896,126759.657786787,137889.868927338,133239.066557217,127677.914076994
840,"USA","United States of America",11075335.8630834,11737812.6244915,12134386.4627841,12698753.773171,11561173.7191464,11036553.9298805,10094338.2578091,9622919.42413276,9145127.73687259,9272528.39432543,9394684.01990588,9994409.26248893,10398342.0380311,10754802.1288424,11128016.9886189,10805062.8381705,10585392.4655437,10421992.6420635,9711568.73694749,9197856.03493611
858,"URY","Uruguay",56243.2169560387,69621.1110449815,84272.2010771372,97346.3822377359,101533.4587718,103427.995213168,110394.658978873,120248.852121175,115806.710642214,122154.522083814,121900.126339231,117753.441147091,108252.541327533,108539.147869949,97401.1461067123,92547.6431067928,85723.205761251,79694.3503225692,81117.9946796001,78077.6047133756
860,"UZB","Uzbekistan",682.693658401685,440.952431680676,218.834604162804,209.556136105156,257.302351718695,268.040844355492,248.377429151517,260.639742933314,241.805814287769,228.532116079347,196.607873285812,163.191613204427,109.5095411752,85.2891461792625,19.7991388166905,22.9810893666449,26.4868293122916,32.2821131492014,32.3297997346614,19.0584786708073
548,"VUT","Vanuatu",1393.87963884562,1488.66772770748,1492.40123481632,1157.19664432439,1875.90312750086,1929.04877203089,2317.0318025615,2403.31913296652,3320.32037926657,2858.47798916526,6027.00930570739,6760.57920033237,6998.41065432646,6918.70137216258,6535.84715834883,6994.72103800131,5711.7962045921,5323.97376151345,5132.25757207027,5191.38595335924
862,"VEN","Venezuela",487340.031170247,448943.26741134,472943.600081559,506311.042922183,557837.225468704,564179.454626914,553081.842753803,544693.713427271,488597.405993753,447085.092159417,407124.788844848,540054.62416016,601100.185693883,648777.162364153,688535.774685969,766420.868710521,623421.501714199,512172.722860032,476614.137469781,481008.136085513
704,"VNM","Viet Nam",316181.645649085,347506.971619392,378112.151047294,443411.320285429,507290.988370265,579360.041927839,631388.557119148,732434.607227369,756554.904515755,836118.624744964,879719.739326534,1102339.5855835,1208063.75278643,1300815.88600531,1300267.62755195,1290032.20617361,1129695.71404272,1007845.27888346,917988.899020359,829673.505321965
876,"WLF","Wallis and Futuna Islands",NA,NA,NA,NA,NA,NA,NA,NA,NA,NA,NA,NA,NA,NA,NA,NA,NA,NA,NA,NA
732,"ESH","Western Sahara",NA,NA,NA,NA,NA,NA,NA,NA,NA,NA,NA,NA,NA,NA,NA,NA,NA,NA,NA,NA
887,"YEM","Yemen",NA,NA,NA,NA,NA,NA,NA,NA,NA,NA,NA,NA,NA,NA,NA,NA,NA,NA,NA,NA
894,"ZMB","Zambia",204484.771475445,214850.175216079,222343.656394137,246357.273750573,335510.589971962,450781.14198765,470426.49811873,545100.330598783,563671.911261209,560855.938808773,475222.134824006,556507.887709739,590497.927330075,649744.991006656,659514.989417974,735134.542358681,794962.052816302,811536.811414758,857906.139941881,962951.210868639
716,"ZWE","Zimbabwe",43679.5402570934,50364.0284914847,51649.7362467637,49763.7692569985,60742.2647021109,55623.0280291217,49780.2236446002,54274.9685428486,58455.2950564241,48673.3081668002,54288.1060688216,56181.3422400029,68304.5886036922,65238.5846780884,67139.047396066,61096.5946660634,59182.765177298,41495.8356243712,40622.4090078321,34942.4711175899
