"code","iso","country","TCL.raw.2005","TCL.raw.2006","TCL.raw.2007","TCL.raw.2008","TCL.raw.2009","TCL.raw.2010","TCL.raw.2011","TCL.raw.2012","TCL.raw.2013","TCL.raw.2014","TCL.raw.2015","TCL.raw.2016","TCL.raw.2017","TCL.raw.2018","TCL.raw.2019","TCL.raw.2020","TCL.raw.2021","TCL.raw.2022","TCL.raw.2023","TCL.raw.2024"
4,"AFG","Afghanistan",0.000922112609507717,0.000984309694492179,0.00105613104813617,0.000923154656924404,0.000795909493674553,0.000651775472058885,0.000613863081530344,0.000406317890377061,0.000303221894182257,0.000237434040231853,0.000152166052218318,4.22593262445574e-05,4.0541465864033e-06,2.76279138037419e-05,4.16199407987824e-05,7.71762476877264e-05,0.000102915972328989,0.000108623811007535,9.79669807160074e-05,9.07655025399331e-05
8,"ALB","Albania",0.00282524598270037,0.0019720320553667,0.00330844329131412,0.00480637065847833,0.00422079482024667,0.00420835982100198,0.00427746173969465,0.00433090429919181,0.00343638681004096,0.00334840064599595,0.00323443892197217,0.00315487967555698,0.00201104545748102,0.0018501487889881,0.00185688836811608,0.00211392697798836,0.00234749166455085,0.0024734959921376,0.00261362252142623,0.00255668498768613
12,"DZA","Algeria",0.00313075848783725,0.00344874802518938,0.00380683801024919,0.00448393069831464,0.00547991529737562,0.0051752416919182,0.00565413211345924,0.00658737097159083,0.0064164640101621,0.00626228452304797,0.00676913847616213,0.00671501494554895,0.0124470497641442,0.0122566804678277,0.0117281530231982,0.0129325653754875,0.014969685687307,0.00965200737512865,0.0123100576118457,0.012002248064397
20,"AND","Andorra",0.000295605284037101,0.000347956280351591,0.000357583548553432,0.000409254812742796,0.00020138087343455,0.000189361873749594,0.000129206625240142,0.00018743828538296,0.000167598102938722,0.000151956647384169,0.000163374726832983,0.000160365044885889,0.000115331908973537,0.000236710901607712,0.000306982078252396,0.000573740424536759,0.000590563258080394,0.000714899293718317,0.00061755334762829,0.000711265311853338
24,"AGO","Angola",0.00137274325413643,0.00128488438918983,0.00158982536410901,0.00177468932339796,0.0021170867896147,0.00235719855762252,0.00274063240566777,0.0028689297253162,0.00310512665440811,0.00327428710284013,0.00328120197214852,0.00345046499673862,0.00381110850246484,0.00407771632062318,0.00394174600010589,0.00425388319290645,0.0045019864239122,0.00445311460901156,0.00454630183155463,0.00493802202788111
660,"AIA","Anguilla",0.00167085757278869,0.00142818520400757,0.00223250161817106,0.00310603201178981,0.00244740508853926,0.00214235779223418,0.00211463580726708,0.00147671967339803,0.000623978638130056,0.000478389226505809,0.000436794203103128,0.000339721357736941,0.000235731782992212,0.000131730155542836,9.70690797441369e-05,0.000110933193992384,0.000270369404193312,0.000214891003700824,0.000194096724304237,0.000194096724304237
28,"ATG","Antigua and Barbuda",0.00150529387223991,0.00188905544719921,0.0020909015918473,0.00238709785716596,0.00276039449794584,0.00232538737984009,0.00195986570983364,0.00192040645804452,0.0016683763891267,0.00128899792999664,0.00118312631525648,0.00106502012660873,0.00146404911003785,0.00292827634221227,0.00291310985301049,0.00297861092789139,0.00323460627529181,0.00287671052889971,0.00139033729361051,0.0015937443283224
32,"ARG","Argentina",0.00666759641554212,0.007530726566307,0.0091708678527051,0.0109298249450592,0.0102972627484884,0.0105327356938575,0.0114683940711952,0.0117389023102967,0.01063333468723,0.0102814777406514,0.00908865261030051,0.0077122399275735,0.0064619982963709,0.0054188346761865,0.00492915397169389,0.00501708026250475,0.00487161615047955,0.00486281142718117,0.00508280863687432,0.00537765086332233
51,"ARM","Armenia",0.000526898335451876,0.000525656490735084,0.000455593290937769,0.000287691019618646,0.000358660629314657,0.000393191677808154,0.000419458663681759,0.000504448366106731,0.000462179499832677,0.000364445551286974,0.000269337990104717,0.000183873746436997,9.12905814351478e-05,6.99521346313496e-05,4.77335119678906e-05,5.75616858624196e-05,4.26688651459739e-05,2.29065109411814e-05,7.07322958503181e-05,8.79074082386161e-05
533,"ABW","Aruba",NA,NA,NA,NA,NA,NA,NA,NA,NA,NA,NA,NA,NA,NA,NA,NA,NA,NA,NA,NA
36,"AUS","Australia",0.0057074872902294,0.00555371171465671,0.00584023516091814,0.00504497623376983,0.00541838317127724,0.00595621288004859,0.00564880528212969,0.00454704295578718,0.00480422455218853,0.00517332773746022,0.00503543759951058,0.00649985106624786,0.00695903401119741,0.00691485376469714,0.013441625018742,0.0233511441242833,0.0225476770284138,0.0219900277461657,0.021706023919566,0.0147011670125963
40,"AUT","Austria",0.00316150861364759,0.00342116377519568,0.00437853947217787,0.00495107141743276,0.00501013689438495,0.00478231042903011,0.00503691771583368,0.00409151243807151,0.00320427612715595,0.00292699637584452,0.00252229774982797,0.00248169376651594,0.00281516109859985,0.0036759221524488,0.00477186202393717,0.0056012705430833,0.00557512445704404,0.00564268407618143,0.0056510538678845,0.00536704405706727
31,"AZE","Azerbaijan",0.000564084834562145,0.00055965511009628,0.000457708832429408,0.000368324782720491,0.000334725445000621,0.000382547169426085,0.000322994317123978,0.000337194893966349,0.000286234907885341,0.000279363113752209,0.000196933335568786,0.000177702715575298,9.61122800315471e-05,8.44857693490607e-05,3.46206332939444e-05,3.39947133649551e-05,4.34146733190941e-05,5.38319584722142e-05,0.000114628753586851,0.000140053850477054
44,"BHS","Bahamas",0.00227053816159222,0.00265447885003031,0.00259112160796805,0.00369464021003291,0.00385003664747671,0.00315864533628009,0.00290106172670923,0.00274675819242248,0.00249869578656298,0.00255030376179849,0.00300381176922887,0.0046582882071912,0.00685434459888917,0.00642021268443258,0.00685204432415358,0.00791086923558862,0.00686510508077343,0.00481564156375785,0.00504334174495618,0.00530815912149524
48,"BHR","Bahrain",NA,NA,NA,NA,NA,NA,NA,NA,NA,NA,NA,NA,NA,NA,NA,NA,NA,NA,NA,NA
50,"BGD","Bangladesh",0.00188942017995971,0.00212413847492279,0.00212414082527863,0.00236351728242005,0.00250197313354963,0.00264377824205671,0.00236716125468075,0.00250786332918624,0.00266690109358115,0.00333077711718087,0.00414932808468916,0.00590442480019443,0.0082786549399216,0.0096526720042688,0.0106859959145499,0.0116011457859398,0.0112288749150584,0.00972509092409958,0.00956462901180921,0.00893024692059309
52,"BRB","Barbados",0.00170541908263684,0.00139010647003767,0.00216398740966803,0.00257390191907307,0.00276302533092288,0.0030668113217454,0.00360276334491752,0.00685012734127066,0.00652907811783865,0.00610491797878993,0.00551165432743275,0.00536554141101434,0.00151340832729555,0.00217548392552123,0.00414457376251131,0.00491557707526303,0.00502734148385875,0.00462320554639741,0.00398404712587176,0.00225571178136575
112,"BLR","Belarus",0.0033042733591865,0.0038287065556167,0.00398823009299856,0.00407107207814253,0.00400408469681725,0.00399446551488523,0.00406240000848685,0.00421449356724375,0.00404315579835186,0.00400112449094885,0.00396044441608916,0.00495007389629409,0.00580932700075059,0.00711131752940535,0.00801983867546021,0.00878822303274019,0.00819585362248128,0.00789378745854265,0.00727496599785153,0.00718965524285302
56,"BEL","Belgium",0.00301144210712679,0.004385229223068,0.00522564938726106,0.00645597406485324,0.0065445020608194,0.00836581288086822,0.00792677609835073,0.00784589687430738,0.00694494160908332,0.00672836681727477,0.00499772575211577,0.0048812451883449,0.00453512703399486,0.00483921002909265,0.00514839951644043,0.00560789831288502,0.00667805650643589,0.00683896393555632,0.00752039756614487,0.00763969851414727
84,"BLZ","Belize",0.00468164778415824,0.00422985587990822,0.00409705239989839,0.00426194904240761,0.00494211676809325,0.00513902775315102,0.00766337936657298,0.00758068092561824,0.00850772423467964,0.00921695810091588,0.00949810995441586,0.00883940951470695,0.00939431314687946,0.00879595017071846,0.00901615421805091,0.0106623961842475,0.00937097148034042,0.00842968564897083,0.00973253829478575,0.0115094936233816
204,"BEN","Benin",0.0154187221622503,0.0130955985909402,0.0144821734983456,0.0109233428218324,0.0159610971311816,0.014709006082992,0.0133537814814363,0.0112288801530167,0.0122141343540712,0.00797514015540454,0.00805764113715013,0.00966978287462776,0.00892890092261383,0.00953579732104296,0.00884359901814312,0.0100379094810961,0.00966817230244389,0.00899628109879575,0.00992595613610777,0.0106598712928494
60,"BMU","Bermuda",NA,NA,NA,NA,NA,NA,NA,NA,NA,NA,NA,NA,NA,NA,NA,NA,NA,NA,NA,NA
64,"BTN","Bhutan",0.00022104623320793,0.000246288917157487,0.00026835554287816,0.00028634390229184,0.00029892670723161,0.000577024397282261,0.000613346348540408,0.000633367135596845,0.000610858560697724,0.000615035842120296,0.0003351161531677,0.000402782337161312,0.000496362745730758,0.000554930260749206,0.000523146901758424,0.000565195864025539,0.000512091896691482,0.000455856651053082,0.000499060826174977,0.00052765066871812
68,"BOL","Bolivia",0.00290225946682843,0.00313813297651324,0.00317298530659944,0.0038117319579715,0.00388000955255915,0.00450227599904456,0.00485549325690227,0.00511454898773852,0.00452560548504167,0.00462220856854443,0.00373779775031192,0.00417138034236047,0.00475811499419995,0.00513646356887971,0.00698610024623952,0.00779981485329971,0.00807640598003528,0.0084855030820052,0.0097073186075753,0.0126816448351046
70,"BIH","Bosnia and Herzegovina",0.000541159710001928,0.000468918144663946,0.000618570419309069,0.000712173607289033,0.000499569639885645,0.000524928905473198,0.000557629762552669,0.000538978361251304,0.000615887097209468,0.000652998720345,0.000628157838152533,0.000728792133022848,0.000646448959465624,0.000653923385916644,0.000611986716455114,0.000706921627044603,0.000609912706898015,0.00066367981546862,0.000759547338909131,0.000834250509818699
72,"BWA","Botswana",0.00257863866892288,0.0016845626591495,0.00179052866597097,0.00196260944478265,0.00187078622037009,0.00168783107164229,0.00150410376029861,0.00132925152688175,0.00121176717443078,0.000957933344578142,0.000657863292108987,0.000454151958367809,0.000310215410827498,0.00019710396438946,4.50792344159198e-05,6.29384936574798e-05,6.97971773387976e-05,7.8882234922613e-05,7.66202796338788e-05,9.0199239892358e-05
76,"BRA","Brazil",0.006487251119228,0.00653749243367101,0.00619642231916011,0.00588651416417674,0.00510402667433962,0.00479674397829716,0.0044293413185696,0.00454372577468225,0.00435160233522466,0.00468882767203763,0.00450924288614062,0.00584067718686491,0.0064575602816817,0.00684399773403484,0.00684539711451101,0.00725690936004191,0.00633655452327956,0.00586985731845509,0.00581474289223544,0.00646790918284151
92,"VGB","British Virgin Islands",0.000409297609826361,0.000374051010926106,0.000458249160243576,0.000597261765042724,0.000665797340587122,0.000671660323698018,0.00100847212987719,0.000867483763103373,0.000753915798644108,0.000628587042875807,0.000522845132525529,0.000187992732902391,0.00631042423577144,0.00640247733875423,0.00641227179741672,0.00641423026571186,0.00644752583896807,0.000356425271289954,0.000248707902758014,0.00023108390217268
96,"BRN","Brunei Darussalam",0.00211875323191804,0.00203146738024374,0.00221136965690787,0.00240057920337894,0.00276796182572514,0.00265032986265068,0.00325748159349922,0.00336026263058132,0.00320476547014145,0.00322566297860267,0.00352568391652161,0.00350760236055139,0.00317048869921784,0.00313959408111871,0.00274050714195343,0.00251584188885229,0.00190391006283024,0.00189447567728217,0.00193556159399871,0.00188771185581316
100,"BGR","Bulgaria",0.00158382389392609,0.00143735486560374,0.00167501762424667,0.00173539135432472,0.00163532615700527,0.00149047962118614,0.00140159556801284,0.00142190969060349,0.00128876610039673,0.00131722090558679,0.00149716602024293,0.00169349690707207,0.00158284646901545,0.00187573041946544,0.00175186171173546,0.00163116191346904,0.0015968200090411,0.00142313026870324,0.00122497124667148,0.00128500885378181
854,"BFA","Burkina Faso",NA,NA,NA,NA,NA,NA,NA,NA,NA,NA,NA,NA,NA,NA,NA,NA,NA,NA,NA,NA
108,"BDI","Burundi",0.00198205625783152,0.0015826461766974,0.00190811700248555,0.00215892538077208,0.0022589483176957,0.00260087049010647,0.00283041446790049,0.00246193608265038,0.00224102928043665,0.00267420900470314,0.00250823041445675,0.00273710192432149,0.00307337811589512,0.00361981104417212,0.00374585808896873,0.00389408003924719,0.00415311474440339,0.00409165489596536,0.00374857746642233,0.00365797041240412
132,"CPV","Cabo Verde",NA,NA,NA,NA,NA,NA,NA,NA,NA,NA,NA,NA,NA,NA,NA,NA,NA,NA,NA,NA
116,"KHM","Cambodia",0.00643941816335252,0.00761903272798897,0.00813523931466663,0.00873912272299166,0.00968507918856225,0.0136109322791338,0.0161397590499761,0.0188100172350972,0.0212251352795788,0.0221492642241862,0.0197678577876273,0.0195571893960976,0.017810483653027,0.0160681003279709,0.0156490698611643,0.0158908313456281,0.0150158367547849,0.0146853385076571,0.0148584284298021,0.013728690902096
120,"CMR","Cameroon",0.000899434853112499,0.000878979234983131,0.000988004673255045,0.00105028231747354,0.00113336605727546,0.00134210017027707,0.00128911509742952,0.00132313469620617,0.00163764322730382,0.00256442098060779,0.00269778502414539,0.00326338836350711,0.00412808541016671,0.00435823471008857,0.00397646433471122,0.00476367494139956,0.00509539340438473,0.00484445339779196,0.0053745650340121,0.00573917433333901
124,"CAN","Canada",0.00521905583341842,0.0057204285416531,0.00562523461636562,0.00578871349430788,0.00523564977867955,0.0048453233472785,0.00472788343709856,0.0049324415983251,0.00534305887735114,0.00586605558754847,0.00616675267650941,0.00613026296537861,0.00613707629085984,0.00581923300945395,0.00559539671787457,0.00485955091744058,0.00507031106967501,0.00494598075612639,0.00802071789594132,0.00945119766545544
136,"CYM","Cayman Islands",0.00132063677327827,0.00128018331739909,0.00146246191462887,0.00184915583298758,0.00159325955328058,0.00204848292304798,0.00237267164339179,0.00224432857866812,0.00203270307191545,0.00170312532419371,0.00111284894556117,0.0015629144639212,0.00251984778585326,0.0028807088334131,0.00292610775460081,0.00305250013766624,0.00216152765177452,0.00145750886369881,0.00119356254335282,0.00156836448512207
140,"CAF","Central African Republic",0.000523999311517815,0.000637017054906662,0.00064929724693478,0.000726339920078055,0.00086936764520548,0.00095110149105221,0.000913955375291971,0.000998954199464039,0.00105131001512913,0.00109209497655919,0.00100185995915994,0.00101040695808964,0.00103843113611651,0.00102453959508363,0.000987041890693539,0.00110524426108638,0.00117334659949833,0.00111862269873081,0.00117649172236514,0.0012263075983126
148,"TCD","Chad",0.00193512916140997,0.00295930106523228,0.00249206643481259,0.00405817876926282,0.00435533309415514,0.00424906322170348,0.0032426454253248,0.00396993444942305,0.00372253247608342,0.00466708127337769,0.00580763909397819,0.0069039001438044,0.00899010330559849,0.0109603483017757,0.0119649913732871,0.0123760331402705,0.0133176364843384,0.012673095375604,0.0146916049953449,0.0186127082253082
152,"CHL","Chile",0.00443810740743047,0.00463813012016917,0.00509090803879714,0.00550940820411707,0.00553888407935614,0.00537836885274263,0.00545534890043544,0.00600854155085307,0.00579160026593099,0.0061118910615153,0.00626400508961917,0.00641446978726841,0.00683103555080759,0.00656717747012362,0.00614461907297468,0.0057746789131112,0.00533574854747287,0.00380646040054442,0.00412334704269265,0.00379985318527687
156,"CHN","China",0.00199720274067588,0.00242081156405594,0.00291673708973662,0.00350162782915668,0.00362212358600827,0.00392204584482282,0.00395070394876714,0.00389174345803733,0.00352734348181336,0.0034438328889466,0.00327515965787504,0.00342270389867688,0.00347108068192937,0.00362878707403153,0.00358620837350144,0.00350254582077745,0.00327905623830333,0.00323924347036254,0.0032797595089793,0.00349854359536403
170,"COL","Colombia",0.00238753078714586,0.00228964208725726,0.00250171518880333,0.00276889585355861,0.00272944326540252,0.00274971598120765,0.00274948072286958,0.00264821673783253,0.00242127211901352,0.0023340708532486,0.00219708163877341,0.00244402422202676,0.00292550883064744,0.00344680808819244,0.00360916351146763,0.00405698438573784,0.00399417139317115,0.00360589162413122,0.00322574123966007,0.00309026562481493
174,"COM","Comoros",0.000343917778037528,0.000308290398366526,0.000362487356506107,0.000374803765882776,0.000481377843265017,0.000489897252688165,0.000652599508487746,0.000726145919866586,0.00324094075218885,0.00526143884055691,0.00576173756969369,0.00576433830387406,0.006032397035938,0.00378945229099948,0.00201867338152816,0.00177539540340257,0.00183500610867967,0.00162226391378664,0.00152739210649032,0.0018473224828314
184,"COK","Cook Islands",NA,NA,NA,NA,NA,NA,NA,NA,NA,NA,NA,NA,NA,NA,NA,NA,NA,NA,NA,NA
188,"CRI","Costa Rica",0.00323849945810682,0.00296123590147117,0.00286740624084597,0.00356313954338525,0.00421024786721531,0.00403870341580768,0.00406149727962995,0.00400650341303443,0.0032857736643516,0.00269710773185008,0.00219230626139999,0.00236293683478052,0.0029590091492027,0.00319130318038791,0.0032209036741134,0.00347373911319687,0.0031674790326004,0.00247808899879996,0.00231021691197903,0.00214720078313154
384,"CIV","Cote d'Ivoire",0.00628169251897915,0.00594645624040953,0.00522419408036295,0.00577955755504464,0.00659792999893535,0.00696363413182599,0.007326334799883,0.00739713123373566,0.00804610179291206,0.0112480014667305,0.0120542785497541,0.0133509545904666,0.0168643922892312,0.0188669111962148,0.0174584513295879,0.018751200161669,0.0182419869196067,0.0157555224489012,0.0139477202308493,0.0129107616329134
191,"HRV","Croatia",0.00139282004689147,0.00129621794749106,0.00136999552878782,0.00154700053992826,0.00123237887477856,0.00129424959056803,0.00135302837071129,0.0014984130245604,0.0014249595824454,0.00156127469276847,0.00149297759738378,0.00169486713816809,0.00176414824147734,0.00219910739413679,0.0023157642691228,0.00259402448449556,0.00258508800701996,0.00274793233136695,0.00293038308197804,0.00305687467240576
192,"CUB","Cuba",0.00375343660019636,0.00342275303141422,0.00306594796516768,0.00359038204665784,0.00330572655314196,0.00309521951260853,0.00329487367704987,0.00341798500000464,0.00286938290292243,0.00235135640492481,0.00225759322512295,0.00513408713009923,0.00844543698696378,0.00888799821254264,0.00896781377038932,0.00926136563726715,0.00605647494172975,0.00247333361164798,0.00266465185222356,0.002795237756367
531,"CUW","Curacao",0.000163065217634559,0.000260311154877237,0.000371840969003176,0.000549178165195985,0.000703649402594946,0.000743665694048985,0.000663599075419184,0.000783835083140265,0.000812443636493702,0.000723790585407807,0.000692352014106655,0.000732392267272926,0.000483447127039323,0.000274622130047391,0.000268870943927779,0.000308912089448896,0.000371868258678478,0.000532093090982896,0.000649352926843041,0.000655081179069838
196,"CYP","Cyprus",0.000575090983426413,0.000530419728053522,0.00219562765555322,0.00235081188702271,0.00228139826774288,0.00234676719307356,0.00248043773951411,0.000865565065409832,0.000684226842945226,0.000632616937087286,0.000535536142490619,0.00154021841938317,0.00239449050427252,0.00243675282667468,0.00245940397496801,0.00248786843169132,0.00265283897085604,0.00183972005028129,0.00188891165546681,0.00214765710579224
203,"CZE","Czechia",0.0034507069672873,0.00378603728433223,0.00473127713291495,0.00557178034032719,0.00557539847536933,0.00491854106257062,0.00577791048603325,0.0053028737348851,0.00470472974303428,0.00473245912207813,0.00425261943499615,0.00431481121134989,0.00512698632907068,0.00717412713982219,0.0110265479485609,0.0170129876820989,0.0191866379182775,0.0197217394357006,0.0187609195809807,0.0152750049135766
180,"COD","Dem. Rep. Congo",0.00213766271407613,0.00213532298388662,0.00208345150277064,0.00221422781686471,0.00245047891658908,0.00277831053064221,0.00275448824278578,0.0029244125144358,0.00344213409382091,0.00414762639930784,0.00426468032452061,0.00522019648783889,0.00605935633404872,0.00651408822446302,0.00639553723690083,0.00677866746461833,0.00664473682853688,0.00639586569399521,0.00634688109204321,0.00650502267963086
208,"DNK","Denmark",0.00560193965563416,0.00586869919536764,0.00682674973477572,0.00817809597442579,0.00945427021183737,0.00806074793361195,0.00743303985283809,0.0074543138472583,0.00623434588869103,0.00583479842984035,0.00527852298211245,0.00573809710371832,0.00571047413651603,0.00605614686570232,0.00722006021837211,0.00740412501715397,0.00744595476891237,0.00714611399984026,0.00739221876100166,0.00572296234102768
262,"DJI","Djibouti",NA,NA,NA,NA,NA,NA,NA,NA,NA,NA,NA,NA,NA,NA,NA,NA,NA,NA,NA,NA
212,"DMA","Dominica",0.000545886287205059,0.000553189642759859,0.000633345759970665,0.000819838938450829,0.000804118826528911,0.000916342477640549,0.000970147280769053,0.00126461070087028,0.00106367944171258,0.000890156443385277,0.000635620082661871,0.000530327737377379,0.0657999679321208,0.0679330619015684,0.068064085661521,0.0682438692348083,0.0683093901185809,0.00272080761568906,0.000934110618359703,0.000897643146705729
214,"DOM","Dominican Republic",0.00596739495787497,0.00613556330093254,0.00657212585810204,0.00741810444580427,0.00699728900750637,0.00614455081189277,0.00610934767534586,0.00625263480415525,0.0055610775046761,0.00553867782034381,0.00561537533961077,0.00654281786760657,0.00725372258686186,0.00735207518679533,0.0074493178510143,0.00794227024732025,0.00710968114067172,0.00602896606325991,0.00672580155776992,0.00657564273231454
218,"ECU","Ecuador",0.00174792805498972,0.00164888237767842,0.00197168376726804,0.00237141931114319,0.00258592404977875,0.00251683663033349,0.00260110419892796,0.00274508200094695,0.00270810560785561,0.00242693101897324,0.00238807713990648,0.00239247648687902,0.00236049560127293,0.00225896514899962,0.00230916518637643,0.00250699450551266,0.00236290723054792,0.00216719836311196,0.00221195074185777,0.00248858290334092
818,"EGY","Egypt",0.000533523482249416,0.000391415766128411,0.000429596067208953,0.00045610858216046,0.000401825008844511,0.000460925506882728,0.00054452330722698,0.00101189032497544,0.00103202259915803,0.00110387386321663,0.00101762969003421,0.000932220038262259,0.000439137886067334,0.000394730591853832,0.000272764935159167,0.00025526174458019,0.000230743996084624,0.000170490408062993,0.000135061115908286,0.000148539329586541
222,"SLV","El Salvador",0.00618610208141098,0.00519595719901502,0.00485572814118888,0.00431792273180242,0.0042631694733217,0.00365492348367881,0.00337936374774296,0.00328862189098662,0.00303152792379208,0.00263424547401088,0.00253631387606646,0.00304221931106048,0.00348911842247092,0.00362054457893494,0.00360627136603261,0.00356972101074915,0.00270919318995684,0.00207960174312137,0.00189377993591606,0.00177852925233393
226,"GNQ","Equatorial Guinea",0.000795820980333489,0.000620285622408391,0.000631989065091515,0.000847471951359028,0.00124402244143448,0.00161956265679796,0.00210556228445468,0.00224200922149079,0.00242796455255397,0.00344709149718071,0.0035130701633183,0.00365162445563524,0.0041778962926058,0.0042181601643532,0.00348843659172115,0.00329269280122549,0.00324449612278584,0.00292979115467891,0.00298258840982834,0.00284842152352645
232,"ERI","Eritrea",NA,NA,NA,NA,NA,NA,NA,NA,NA,NA,NA,NA,NA,NA,NA,NA,NA,NA,NA,NA
233,"EST","Estonia",0.00586097320972864,0.00622917860589571,0.00579501387861691,0.00675461474704172,0.00680892697316332,0.00731497509706388,0.00772924859218004,0.00784264319586638,0.00775111616408743,0.00811132423029427,0.00840864635579559,0.00910091107765784,0.0107051678892184,0.0124441203954163,0.014136964535169,0.0149996750143728,0.0148230698648565,0.0148502791184107,0.0145561155862728,0.0137211773820661
748,"SWZ","Eswatini",0.0111652596656593,0.0123145084696721,0.0134520826471208,0.0129499943285895,0.0152048177260662,0.0161106446454942,0.0132082860862727,0.011954182980002,0.0113334892852633,0.00890690787112302,0.0074386232311014,0.00836780920167103,0.00958238770639241,0.00906823610509198,0.00870829421906633,0.00848172755604103,0.00778186694990162,0.00588963142317964,0.00593860576349063,0.0052191163826321
231,"ETH","Ethiopia",0.00113322859736337,0.00113536627206715,0.0013435744913709,0.00151088852460793,0.00177471433045193,0.00184639875401913,0.00190265624237514,0.00216881759959227,0.00228247892166294,0.00233972071327553,0.00217514582613083,0.00224356431987235,0.00214010493118098,0.0019414894296052,0.00182284367730356,0.00195081868917953,0.00195363912799518,0.00169680036470269,0.00198530859246456,0.00202452061783433
234,"FRO","Faeroe Islands",NA,NA,NA,NA,NA,NA,NA,NA,NA,NA,NA,NA,NA,NA,NA,NA,NA,NA,NA,NA
238,"FLK","Falkland Islands",0,0,0,0,0,0,0,0,0,0,0,0,0,0,0,0,0,0,0,0
242,"FJI","Fiji",0.000914683533251076,0.00101447458631389,0.00120016373715291,0.00130488443102199,0.00126772296459398,0.00135523981864083,0.00118542756504116,0.00106610989795959,0.00110621754587738,0.00135011424696362,0.00128478929691393,0.00228961133819673,0.00253012248745961,0.00235891542703537,0.00207198807658688,0.00210134500604883,0.00195044123445668,0.00168028718277089,0.00160598685537261,0.00155759730560356
246,"FIN","Finland",0.00701527322936379,0.00730047363384064,0.00738745252818167,0.00841404216606706,0.00868693990189244,0.00810823996514134,0.00790051884935344,0.00798151443135452,0.00750014938667499,0.00759385014947932,0.00764046341558945,0.00838837329419809,0.0100075625435739,0.011124668529937,0.0120916869437478,0.0128456573069019,0.0130955126274854,0.0123558049173233,0.0121009183246826,0.0115699665856622
250,"FRA","France",0.00185692219319931,0.0020179040670579,0.00214346947059376,0.00264761741316718,0.0025617008211855,0.00332790575762905,0.00340036031212535,0.0036037856529446,0.0031532990940696,0.00299777227099006,0.002155473215262,0.00215151139325621,0.00211164146561948,0.00240820428319969,0.00267701105641239,0.00300899388716165,0.00338958778696392,0.00330392809634527,0.00344891331200479,0.00344985790041295
258,"PYF","French Polynesia",NA,NA,NA,NA,NA,NA,NA,NA,NA,NA,NA,NA,NA,NA,NA,NA,NA,NA,NA,NA
266,"GAB","Gabon",0.000595038168960534,0.000629204907818084,0.000650667877323439,0.000654895706424258,0.000721888388799173,0.000664986301409252,0.000655751288619171,0.000663644486882849,0.000883010347931672,0.00113006534911505,0.00124993407708779,0.0013632552505244,0.00153471639151775,0.00139165974426824,0.001228107362833,0.00120015904432954,0.00108811000769118,0.00101368325224232,0.00095632430666719,0.000960935644464391
270,"GMB","Gambia",0.00537675275616023,0.00550813553831834,0.00592231121919483,0.018488415456542,0.0161170784789581,0.0169185512827784,0.0179762884985922,0.0175854624129551,0.0050917484329442,0.00546312728031188,0.00485873954741259,0.00375173371969519,0.00232274299742487,0.00205661007498845,0.00217156308223647,0.0021650791181549,0.00277297538365754,0.00316734627587823,0.00342694297596385,0.00321979315970919
268,"GEO","Georgia",0.000255106791459317,0.000246507631899251,0.000275510245345371,0.000304360945032364,0.000207772920354672,0.000224919448796823,0.000225451242339249,0.000192413529816913,0.000161034497414536,0.000139751757788162,9.04133044673822e-05,8.93770819920731e-05,7.25162246397408e-05,7.55563267766592e-05,7.88919385622812e-05,9.0295922542892e-05,8.37348009043357e-05,8.89990238664717e-05,0.00011987332646947,0.000141696137486839
276,"DEU","Germany",0.00194343570590073,0.00238037054342087,0.003624440310186,0.00450653137599026,0.00424822576987893,0.00482205141967156,0.00468823927078647,0.0036150579898442,0.00287748065484305,0.00275625088290785,0.00175436384813598,0.00163630118624745,0.00174793905502839,0.00233455807758552,0.00372468483073501,0.00650305161044551,0.0093036278917784,0.010157063506331,0.0112858863831137,0.0109904113276309
288,"GHA","Ghana",0.00591142639342421,0.00543697196283463,0.00434041274933017,0.00471012016471321,0.00530209226019525,0.00467462226990084,0.00493461079881552,0.00483264942610743,0.00607750380746506,0.00842939832415242,0.00951752145856932,0.0119007046487953,0.0141593344286755,0.0161776650310546,0.0152610164846349,0.0175346291152643,0.0170229518212509,0.0171180110979781,0.016000230388688,0.016564246697673
300,"GRC","Greece",0.0017046315376394,0.00141759565394122,0.00364694498383919,0.00466179824536717,0.00464819600342876,0.00484457382172086,0.00478218609951161,0.00299479079860124,0.00216204677935513,0.00201167116822197,0.00179668257207268,0.00178762530755333,0.00155166512582637,0.00161789124199238,0.00182492317747558,0.00191138510585784,0.00425328066632758,0.00430145507927477,0.00641924043309069,0.00668644790858413
304,"GRL","Greenland",NA,NA,NA,NA,NA,NA,NA,NA,NA,NA,NA,NA,NA,NA,NA,NA,NA,NA,NA,NA
308,"GRD","Grenada",0.00594735015283984,0.00593838645302575,0.00595223075061204,0.00590200871655393,0.00213630307361335,0.00292181864314707,0.00298247660588506,0.0027856783186484,0.00251354593574544,0.00244393515090365,0.00137251462038921,0.0015075391196054,0.00142634928113671,0.00201829283512644,0.00157828441411032,0.0016605659721551,0.00135569824808802,0.00130396098842826,0.000721537947769499,0.00218530502150612
320,"GTM","Guatemala",0.00947566376650322,0.00945500226320646,0.0112978347650539,0.0107500140321738,0.0115441769156115,0.0104707077261909,0.0101589938609048,0.0090551406917675,0.00848384214636445,0.00783123642317703,0.0076934487959082,0.011281977084812,0.0111720762505289,0.0115868982529391,0.0123248395129981,0.013477522989271,0.0101325174687942,0.00926327302843907,0.00926246837901864,0.010607840995343
831,"GGY","Guernsey",NA,NA,NA,NA,NA,NA,NA,NA,NA,NA,NA,NA,NA,NA,NA,NA,NA,NA,NA,NA
324,"GIN","Guinea",0.00216856834687891,0.002088522487265,0.00220832677653383,0.00250862822033178,0.00266132324096298,0.00269722322980833,0.00299949741476676,0.00277067282735918,0.00582727146071418,0.00850700538140156,0.012080063607072,0.0166972942027138,0.0217735629069316,0.0226733623007545,0.0241678813350029,0.0245744397361498,0.0233823302148927,0.020897611291025,0.0201923710137838,0.0190430954068351
624,"GNB","Guinea-Bissau",0.00316403959724894,0.00309975416935397,0.00309417487131867,0.00351042604804236,0.00433760527952089,0.00451935389626895,0.00494289621671236,0.00446945154174476,0.00773265394119548,0.00864766919180074,0.0100984748457997,0.0123111897159359,0.0147274225674215,0.0135478093659673,0.0140645353865419,0.014895802147007,0.014440516318452,0.0131962116791106,0.0126511670360888,0.0114693474321504
328,"GUY","Guyana",0.000338810005357279,0.000295578104172958,0.000300024433816338,0.000321515557838348,0.000365784366979412,0.000410705094824285,0.000436282756103391,0.000519062396104611,0.000494399824939579,0.000535323904421121,0.000566758621455406,0.000757843750414044,0.000824399244701834,0.000873290180171037,0.000980367154939453,0.00100864302625729,0.000829915236435582,0.000736531579112568,0.000906259096701419,0.00180129283724535
332,"HTI","Haiti",0.0023473021461973,0.0020430585640597,0.00203298435654376,0.00229427151485347,0.00231336211559546,0.00232523774930364,0.00265171957374899,0.00316327160966069,0.00339380253278618,0.00371861259429599,0.00395233223286398,0.00737767405395477,0.00766326792233034,0.00788467185084481,0.00800967949356632,0.00817613702589563,0.00471574076359828,0.00386435601339296,0.00349722746320628,0.00303650373630114
336,"VAT","Holy See",NA,NA,NA,NA,NA,NA,NA,NA,NA,NA,NA,NA,NA,NA,NA,NA,NA,NA,NA,NA
340,"HND","Honduras",0.00450774429149538,0.00448838154423716,0.00476963072436689,0.00501959014305547,0.00566704848513438,0.00581208170761564,0.00609476688000684,0.00583361596601647,0.00584221860158639,0.0059964286242981,0.00610386875810293,0.00961450549275633,0.0117117300834693,0.0125546362944647,0.0131730198038348,0.0142945482498184,0.0112212773286823,0.00977098047315885,0.00998266376218431,0.00981567689375665
344,"HKG","Hong Kong",NA,NA,NA,NA,NA,NA,NA,NA,NA,NA,NA,NA,NA,NA,NA,NA,NA,NA,NA,NA
348,"HUN","Hungary",0.00435898597701837,0.00440602097912334,0.00457212524198812,0.004892248998724,0.00469806937830299,0.00478401340265659,0.00480755220730853,0.00506477932354747,0.00506840895456056,0.00557754226598209,0.0055231977400177,0.00610564012303261,0.00632642216321472,0.00681513380312139,0.00674130913468389,0.00687183693665943,0.00684553561582237,0.00691506379997741,0.00750762507092263,0.00734056545473633
352,"ISL","Iceland",NA,NA,NA,NA,NA,NA,NA,NA,NA,NA,NA,NA,NA,NA,NA,NA,NA,NA,NA,NA
356,"IND","India",0.00166330828636511,0.00168918051037753,0.00181113837886021,0.00202455925105218,0.00207203585013598,0.00201699857249743,0.00215435242583639,0.00227869797554506,0.00225887233087064,0.00261396407460157,0.00299553610516561,0.00349053860469116,0.00404998507277165,0.00435585242969037,0.00425672569955125,0.00438656306324156,0.00415114115252964,0.00375240151157857,0.00382240338672332,0.00388457195043226
360,"IDN","Indonesia",0.00574653034407067,0.00660442360943202,0.00726720691830656,0.00832725427063733,0.00914388687074203,0.00926451933463503,0.00940206880472585,0.0104885138514822,0.0101686120092113,0.0101056163341301,0.0106872071200399,0.0117808747246057,0.0105862350279714,0.0106851305677322,0.00979186384075087,0.00881467819794603,0.00684671535140029,0.00632943573532371,0.00654924568947661,0.00647875358947336
364,"IRN","Iran",0.000192400876061645,0.000170268093329334,0.000120986993014896,0.000126476065254674,0.00011669184646701,0.000119321459493017,0.000130654251656259,0.000162569333153341,0.000127693132706705,0.00011456141777672,9.19485607100591e-05,6.46334093360706e-05,3.02761538362502e-05,2.97862980542439e-05,3.74630307481586e-05,3.97951154423576e-05,4.1942232160683e-05,4.02157715057397e-05,4.81821587338738e-05,3.92228635364902e-05
368,"IRQ","Iraq",0.000631118713586101,0.000519309244302482,0.000515978750299988,0.000495256389055702,0.000625214697866544,0.000726427051620528,0.000692725061419349,0.000679055108363176,0.000504587476817383,0.00034118694748556,0.000187918759114751,0.000155947720573564,6.28521573426385e-05,3.39257854191592e-05,1.75630390550534e-05,1.75630390550534e-05,1.19450704209979e-05,7.09445735546833e-07,3.90493125465837e-05,6.52862921177499e-05
372,"IRL","Ireland",0.00765265388551367,0.00662603291990423,0.00814972406811719,0.00925944730472644,0.00934368913017179,0.00833234117869049,0.00782020599053293,0.006422793141087,0.00591094005362512,0.00555211658933536,0.00570276666034384,0.00720286337464621,0.00727356027368075,0.00813296777419022,0.00923844722986466,0.00965073437315407,0.00950498087470176,0.00965473445704402,0.00929145606397396,0.00857078490323842
833,"IMN","Isle of Man",NA,NA,NA,NA,NA,NA,NA,NA,NA,NA,NA,NA,NA,NA,NA,NA,NA,NA,NA,NA
376,"ISR","Israel",0.00334305133051762,0.00324986722984497,0.00281730347590334,0.00305392915046801,0.00322624848728787,0.00289925576469706,0.00922906436236182,0.00923767707791527,0.00910659098441374,0.0093032288567956,0.00904718581264844,0.00226048785682383,0.00260180885551549,0.00256059737484411,0.00210119441863645,0.00206818633535666,0.00182225715116006,0.00169043979925619,0.00183759135464871,0.00188637330076478
380,"ITA","Italy",0.00112751030296262,0.00110669939444147,0.00112080853973064,0.00136841908703275,0.00131624735864286,0.00142167243154455,0.00147630550490094,0.00168874699153715,0.0016967582425678,0.00180494204640775,0.00176888305400507,0.00205372815978002,0.00232427775763961,0.00282475235284334,0.00368052184810974,0.00398361423601115,0.00405971583967476,0.00394347596429531,0.00407273064606053,0.00350135385579101
388,"JAM","Jamaica",0.00401380806898105,0.00441759178354347,0.0043193018848064,0.00457895293153102,0.00448451093195869,0.00312257596304267,0.00301522736786516,0.00336235911402174,0.00318036938414783,0.00299810568283047,0.00313822289797428,0.00303576071262914,0.00293071025815393,0.003166240131074,0.00302418276424235,0.00283326150452359,0.00270149302734512,0.00242388588359352,0.00235574549988573,0.00223233313455443
392,"JPN","Japan",0.0010882240591771,0.00120189410010023,0.00134917648080181,0.00150903849872827,0.00153619244845437,0.00153133983072604,0.00150845508459767,0.00150910855293962,0.00137567622879016,0.00127927245164784,0.00124440669508923,0.00138870586458734,0.00140341640275039,0.00161012572157311,0.00178600601735977,0.00191419743602659,0.00186463963288349,0.00191144957973289,0.00191221919327781,0.00193102415719948
832,"JEY","Jersey",NA,NA,NA,NA,NA,NA,NA,NA,NA,NA,NA,NA,NA,NA,NA,NA,NA,NA,NA,NA
400,"JOR","Jordan",0.000275941331849381,0.000298970673353645,0.000316212285420234,0.000310466235697298,0.000109260922913922,0.000109252319805911,4.02588767499999e-05,1.72452693058312e-05,1.72452693058312e-05,9.18951187736416e-05,0.000120623548651201,0.000120623548651201,0.000195462838728911,0.000195462838728911,0.000172529905702679,0.000155290866721316,0.000155290866721316,6.89564767902065e-05,0.000103462462677445,0.000161010970823717
398,"KAZ","Kazakhstan",0.000920616196966781,0.000854929325206593,0.000932901412280683,0.000989346222250136,0.00103271779570765,0.00102999974546331,0.00111066831120628,0.00106992023514379,0.000990447888965547,0.000715141370092342,0.000577050043055001,0.000408959337102208,0.000278481420067429,0.000197131279877457,0.000229487827967299,0.000308354866017322,0.000281463393929643,0.000406638917938029,0.00130152439040193,0.00137904445718749
404,"KEN","Kenya",0.00497675594910893,0.00507489001349329,0.00542531019529978,0.00576697797685981,0.00580965097868755,0.00640896555020624,0.006206732897101,0.0057124294775291,0.00537141249230846,0.00523045527891401,0.00480406388899562,0.00490943815212772,0.00516636628030428,0.00530760952502813,0.00534337644880551,0.00555003276441244,0.00485810131559873,0.00392275486536713,0.00364251795686975,0.00353116891705079
296,"KIR","Kiribati",NA,NA,NA,NA,NA,NA,NA,NA,NA,NA,NA,NA,NA,NA,NA,NA,NA,NA,NA,NA
689,"XKX","Kosovo",NA,NA,NA,NA,NA,NA,NA,NA,NA,NA,NA,NA,NA,NA,NA,NA,NA,NA,NA,NA
414,"KWT","Kuwait",NA,NA,NA,NA,NA,NA,NA,NA,NA,NA,NA,NA,NA,NA,NA,NA,NA,NA,NA,NA
417,"KGZ","Kyrgyzstan",0.000379217578364936,0.000237383788242524,0.000178685988583134,0.000177470283493511,0.000180036058775589,0.000233055396709278,0.000233487080889427,0.000226756043147294,0.000203087676967292,0.000147551038586828,7.02179503819395e-05,4.04498721072509e-05,3.18847336799512e-05,2.90865525949172e-05,2.97435274250763e-05,3.3269244810627e-05,3.50503271483586e-05,2.79101172482593e-05,5.06959619145353e-05,6.19606897541639e-05
418,"LAO","Laos",0.00326357928273798,0.00416509163172667,0.0049715180903156,0.00490363681758931,0.00575430669286261,0.00678761726173301,0.00687404524369694,0.0070263188811685,0.00833412672428206,0.00936209135306925,0.0105947703010004,0.013280426069202,0.0153884117777123,0.0163200040422956,0.0175843981089369,0.018343693733336,0.0176106734055998,0.0173245056267175,0.0189020358846649,0.0187611367663587
428,"LVA","Latvia",0.00825980090534497,0.00904695999022641,0.00943828292491195,0.00988780948014831,0.0101285401949356,0.0105672507713667,0.0108961635944145,0.0107924161805629,0.0107056310233042,0.0105529358625294,0.00955800321377312,0.00956970421878824,0.0102901128225235,0.0113683194883463,0.0127866229226163,0.0138916208533684,0.0140872996682528,0.0146533263760925,0.0150797571017276,0.0150357144464104
422,"LBN","Lebanon",0.00267806303314631,0.00221659224189061,0.00280450471252172,0.00375557774958852,0.00446428664081494,0.00389725509626079,0.00386840952783153,0.0035525589957153,0.00283564572144219,0.00228207965910258,0.0024612340948881,0.00285017625280872,0.00321275929636786,0.00350642329464406,0.00421131970810506,0.00512942325611007,0.00637518596838181,0.00728418540928679,0.00810225609263551,0.00846369897013627
426,"LSO","Lesotho",0.000419809283287004,0.000462295228016358,0.000473252452015009,0.000582368959226351,0.00057939967639672,0.000637540914546863,0.000668224956925708,0.000677527114169241,0.000728834910580261,0.00099927120954682,0.000905471367484506,0.00129946005797318,0.00144835600453746,0.00146102077970325,0.00138630380137609,0.00188855216001911,0.00194281646357533,0.00182019472168872,0.00161381801823104,0.00133207195430278
430,"LBR","Liberia",0.00267098808223384,0.00282092650626214,0.0025502221961958,0.00286067686611794,0.00432907447989835,0.00452159561238389,0.00448372914604174,0.00507686224314174,0.00762063775803827,0.00951547431518126,0.0130457356983846,0.0159044654597548,0.018700041756491,0.0197527434931103,0.0199172031114557,0.0206441690081113,0.019818396960179,0.0187275065798453,0.0176689861683206,0.017556747534268
434,"LBY","Libya",0.00335878363822033,0.00333389750199315,0.00228151350840266,0.00170940422799782,0.00157066422832459,0.00120738452296938,0.00100791591447216,0.00102675772344051,0.00323893120494998,0.00320646552858952,0.00293661372134751,0.00267411966835479,0.00283563862824752,0.000541590291484802,0.000475160667399848,0.000492316072228094,0.000492319564993171,0.000186365076272097,0.002076714654392,0.00322126813562104
438,"LIE","Liechtenstein",0.000408879286595479,0.000570502714235866,0.000759130667939165,0.000942979941172624,0.000827490070458329,0.000766201628529414,0.000565689026850882,0.000461897253211365,0.000321640690918734,0.000292211729674416,0.000259235987426107,0.000319379980975006,0.000325297418356175,0.000418447625347946,0.000611813604003519,0.000654240409346596,0.000571725824207895,0.000528093274638766,0.0004090437462665,0.000282883892375924
440,"LTU","Lithuania",0.00519711156520471,0.00600936570033104,0.00649663239857173,0.00703487440469102,0.00714673926383743,0.00725651112665777,0.00762337886754572,0.00775745807664225,0.00764783649759997,0.00778177178035024,0.0072790368381962,0.00760405500975942,0.00830610262386744,0.00880494749971895,0.00954058029143271,0.0101549209840705,0.00990682338870631,0.00973007592618445,0.0101581000416636,0.00996535122341541
442,"LUX","Luxembourg",0.00126712315831552,0.00185418356718317,0.00266684057146966,0.00440398270142071,0.0042162932791446,0.00582016019665057,0.00598155613657199,0.00586718901569572,0.00461257275309164,0.00503338492909726,0.00394174644991944,0.00408577564408073,0.00402345762098915,0.00424036595353863,0.00439747248030418,0.0050430057333667,0.00609670806161232,0.00591516458118059,0.00681321748933038,0.00696866713196448
446,"MAC","Macao",NA,NA,NA,NA,NA,NA,NA,NA,NA,NA,NA,NA,NA,NA,NA,NA,NA,NA,NA,NA
450,"MDG","Madagascar",0.0050871444540551,0.00490135844176289,0.00605954075705652,0.00651755334712609,0.00715568708374967,0.00731426213679209,0.00837941502955602,0.00767803668113555,0.00972981040874793,0.0129985082445621,0.0152687236893219,0.0178511999158908,0.0223070322820414,0.0230919264965566,0.021196605256191,0.0204886377087832,0.0187527413019718,0.0157893631793236,0.0150492760098555,0.0147806353430266
454,"MWI","Malawi",0.00380864880251869,0.00421081655336633,0.00464428681196198,0.00499058862903985,0.00476840198916907,0.00404963001283658,0.00440721134922983,0.00502282842497643,0.00513243435278355,0.00704687994178761,0.0079412406875643,0.00863283190038488,0.00905043416752709,0.00970234187441101,0.00885491827975797,0.00954880605070087,0.0099501958877417,0.00988877992249242,0.0108696169683725,0.0115196493810234
458,"MYS","Malaysia",0.0105789056676509,0.0105905913393145,0.0112212680845891,0.0124724387044141,0.0143137762200489,0.0146886632158456,0.0155623248599988,0.0170749296417478,0.0168378874041231,0.0169936652779664,0.0171535587231945,0.0178491180688804,0.0168650106681469,0.0175758186885487,0.0158734967885378,0.0146120450267069,0.012656140382878,0.0110574040468784,0.0101787833806527,0.0094121208491699
462,"MDV","Maldives",0.000626375264026523,0.000596316155719902,0.000653960090367168,0.000815913991646287,0.000914775097869744,0.000898196509147503,0.00113719381171999,0.00100279920631475,0.000906669485116113,0.000835155078643331,0.000722556705616166,0.00034328828370675,0.000255286435216457,0.000112521395403563,0,0,0,0,0.00051867421111783,0.00121566759163951
466,"MLI","Mali",0.00632668172372675,0.00438101470724768,0.00398094123951952,0.00454992175764638,0.00458484545900846,0.00435114202592478,0.00484581671607093,0.00447794697857177,0.00690153689473467,0.00779915853328525,0.00899656833410285,0.00930768992597634,0.011324294893291,0.0104399058031397,0.00996512285874912,0.0095244016502631,0.00893057688771111,0.00755366399269334,0.00768892146282203,0.00789649495571482
470,"MLT","Malta",NA,NA,NA,NA,NA,NA,NA,NA,NA,NA,NA,NA,NA,NA,NA,NA,NA,NA,NA,NA
584,"MHL","Marshall Islands",NA,NA,NA,NA,NA,NA,NA,NA,NA,NA,NA,NA,NA,NA,NA,NA,NA,NA,NA,NA
478,"MRT","Mauritania",NA,NA,NA,NA,NA,NA,NA,NA,NA,NA,NA,NA,NA,NA,NA,NA,NA,NA,NA,NA
480,"MUS","Mauritius",0.00261873672790615,0.00257920674983272,0.00251548438586598,0.00270902719343767,0.00246509678345476,0.00204173792898207,0.00300890423076759,0.00306712998039593,0.00315305238139898,0.0039661335815433,0.00390087424670671,0.00253406694964186,0.00210642678517397,0.00149142910478229,0,0,0,0,0,0
484,"MEX","Mexico",0.00318346363131343,0.00326171658696919,0.00348677770474578,0.00360639062783541,0.00402501761183174,0.00387442898634619,0.00390361071554741,0.00373836257112149,0.00386844450505048,0.0034527341119907,0.00356823187450506,0.00389587709149024,0.00436201995743365,0.00454356565067398,0.00513300607857291,0.00551580496232434,0.00519650572438221,0.00474590797249175,0.00459237648540918,0.00460559380162545
583,"FSM","Micronesia",0,0,0,0,0,0.00248431121665202,0.00248431121665202,0.00248431121665202,0.00248431121665202,0.00248431121665202,0,0,0,0,0,0,0,0,0,0
498,"MDA","Moldova",0.000477937446109547,0.000492832461849369,0.000496494492083935,0.000515850589746492,0.000473001790813044,0.000510657266386129,0.000518332774420274,0.00138086219778311,0.00139900338184773,0.0014975532380727,0.0016767254815075,0.0020396632407277,0.00165794452816017,0.00204775636511872,0.00230282407684683,0.00281834205543219,0.00298574815044372,0.00300711117677764,0.00329897376449322,0.00386581038372315
492,"MCO","Monaco",NA,NA,NA,NA,NA,NA,NA,NA,NA,NA,NA,NA,NA,NA,NA,NA,NA,NA,NA,NA
496,"MNG","Mongolia",0.00679571047076832,0.00641396574233549,0.00784919259512672,0.00870815878097854,0.0101011161164423,0.0101645699987841,0.00969036371602391,0.0090331630316576,0.0063257424286931,0.00235213588393998,0.0022729796415308,0.0023019056916952,0.00184218947871914,0.00226246163272388,0.00237456390261312,0.00204791549400892,0.00185451795143481,0.000625555653240302,0.000215570495952034,0.000210800948858901
499,"MNE","Montenegro",0.000755813595253087,0.000534206067926858,0.000817085281073451,0.00121467979010348,0.00110107663380386,0.00111357998564379,0.00121699942100336,0.00128417788480568,0.00159961348999097,0.00188275328256043,0.00187302808949192,0.00207586756341382,0.00207923164042826,0.00183616168072203,0.00157964706293538,0.00183991413960439,0.00164143628729374,0.00160894741448428,0.00161399480271894,0.00161546174764005
504,"MAR","Morocco",0.00333082169441886,0.00343982779240249,0.00300488453092836,0.00342641118231995,0.00335142110076307,0.0031854232419168,0.00354643032211485,0.00329258409400568,0.00249894782541833,0.00264848087765763,0.00263735322864735,0.00222066197224569,0.00242933057827346,0.00281238465813632,0.00267907813899772,0.00350205903775096,0.00334702767575072,0.0063227550699245,0.00691690570465614,0.00696607235825854
508,"MOZ","Mozambique",0.00349618172568754,0.00426588346918654,0.00448608442503154,0.0053514098715339,0.00611059315071015,0.00641473146782234,0.0062626620183883,0.00627267223926924,0.00598148422285215,0.00586397133613178,0.00577306478435499,0.00646677882165524,0.00798176303451737,0.00804906006642732,0.00829211749100638,0.00864563168613928,0.00883593897309286,0.00799813544298855,0.0086191788494972,0.00905462792021561
104,"MMR","Myanmar",0.00178325416484881,0.0021689436975687,0.00254445755076138,0.00274039260053665,0.00327287347386517,0.00363712656259077,0.00367563510572467,0.0040423354197217,0.00464410447828493,0.00518134230360015,0.00575709006337918,0.00681550193953212,0.00735981518445064,0.00750223358526371,0.00739945883710003,0.00747738182815255,0.00720488366273584,0.00682737720415197,0.0069602419867308,0.00680887425871367
516,"NAM","Namibia",0.0407387385737603,0.0218812026666981,0.0205447095070064,0.0121995497184489,0.0133294378546046,0.0115661705063334,0.0140826723562636,0.0114822953369061,0.0100104778912263,0.00617545581280647,0.00518163708564147,0.00190386370614314,0.000780577960528148,0.00103725632809647,0.000912110260164065,0.000697599679781063,0.000872481414207362,0.000840689070156005,0.00061913944136467,0.000571390005889875
520,"NRU","Nauru",NA,NA,NA,NA,NA,NA,NA,NA,NA,NA,NA,NA,NA,NA,NA,NA,NA,NA,NA,NA
524,"NPL","Nepal",0.000433311498425658,0.000500422629488736,0.000552228453142126,0.000579349957881416,0.000697329357002573,0.000681417017533455,0.000664422369850419,0.000725632658884396,0.000642070244305399,0.000473024452335766,0.000404498213565685,0.000334049331976903,0.00023131954754882,0.000263741221691531,0.000299592522321945,0.000363666670208775,0.000431637374163651,0.000417237306502083,0.000440687183727624,0.000463633246976729
528,"NLD","Netherlands",0.00156607883128302,0.00181793698309401,0.00209333130136793,0.00237051253881629,0.00245866898705371,0.00310777346738867,0.00299853710687437,0.00276451868630138,0.00255200138727562,0.00232258586560164,0.00147903730960765,0.0015604795987549,0.00168920512409526,0.00194213522273596,0.00248154032251982,0.00282992937012965,0.00318270181566653,0.00313333205667651,0.00323613369332142,0.00290854397193324
540,"NCL","New Caledonia",0.000720752025531978,0.000920236022159577,0.000968592442088063,0.000918307260359885,0.000844110162431619,0.000716185749197483,0.000518261920826102,0.000499268256763135,0.000743636915331128,0.000892816729840482,0.000883885339165628,0.000969248107620179,0.00101388414707963,0.00112327681225348,0.000951339366901716,0.00144843109324556,0.00135572736360067,0.00124662728444281,0.000903299191377138,0.0010380031643439
554,"NZL","New Zealand",0.00482871291986911,0.00502671610338586,0.00501633100646826,0.00531081876776773,0.00529185415658064,0.00535586466598658,0.00532517586640195,0.00544699475289972,0.00573430311729575,0.00608605350399504,0.00622608852872903,0.00658882698821779,0.00668450336923024,0.00671446789871561,0.0065726894550785,0.00651799281254778,0.00626717069275191,0.00597631759023098,0.00546520183469524,0.00489777552157185
558,"NIC","Nicaragua",0.00672531413183479,0.00659093320675892,0.00747336468496135,0.00764958183602675,0.00924509505762454,0.0122640805691844,0.012377655895141,0.0109681661815169,0.0107169857395626,0.0105232973587014,0.005970588340941,0.0085201397771139,0.0130997556560505,0.0138028925685656,0.0138615281298039,0.0158110127422504,0.0145106570169014,0.0103243768851116,0.0115123441857682,0.0135744322883783
562,"NER","Niger",NA,NA,NA,NA,NA,NA,NA,NA,NA,NA,NA,NA,NA,NA,NA,NA,NA,NA,NA,NA
566,"NGA","Nigeria",0.00232939938135282,0.00198669263827241,0.00183196627974417,0.00211239843051006,0.0023242800069039,0.00271243133697534,0.00326421883527543,0.00347117479971959,0.00378891234812196,0.00465165770829796,0.00481378016749145,0.00517796906631595,0.00788626007372354,0.00940661280429913,0.00976999854598109,0.0109297817348154,0.0114274277814507,0.0101365956239932,0.00944883651344989,0.00982200169356102
570,"NIU","Niue",NA,NA,NA,NA,NA,NA,NA,NA,NA,NA,NA,NA,NA,NA,NA,NA,NA,NA,NA,NA
408,"PRK","North Korea",0.00202221977842177,0.00204660117920776,0.00235186327835044,0.00279199941542267,0.00285961178659933,0.00295546530060083,0.00267997439163483,0.00281053035216949,0.0022808819469912,0.00219728429746965,0.00188303887299732,0.00211653451530348,0.00180245762466179,0.00190519094608633,0.00254229877908092,0.00269334223799709,0.00278014619304974,0.00280040876250497,0.00289383210705937,0.00229814428497859
807,"MKD","North Macedonia",0.00188063224156626,0.00187606783156356,0.00263628508917149,0.00342021713092097,0.00395733054711854,0.00419165033513491,0.00422093424128387,0.00398508723044648,0.00326610726524918,0.00263048355483662,0.00226249663558987,0.00209359990824749,0.00163490605337606,0.00173560696395863,0.00172914422294728,0.00200326424336662,0.00220992321712475,0.00254271123782514,0.00286377921268984,0.00293146888712986
578,"NOR","Norway",0.00208798746514133,0.00239809705036357,0.00248677953707249,0.00281044067694472,0.00263283040274903,0.00289195907501664,0.00275771736357211,0.00272544900659734,0.00271273852805997,0.00298246572229362,0.00292300472225035,0.00338831807323529,0.003864820083863,0.00431032448037554,0.00474705817483597,0.00528752344415727,0.00535321250076603,0.00551317962104739,0.00549191349461817,0.00551817050671851
512,"OMN","Oman",NA,NA,NA,NA,NA,NA,NA,NA,NA,NA,NA,NA,NA,NA,NA,NA,NA,NA,NA,NA
586,"PAK","Pakistan",0.00090798737582536,0.00122221473706448,0.0014490280038574,0.00156753288793861,0.00150629161812327,0.00144159326507674,0.00120329415671879,0.000950621175917853,0.000675490157253745,0.000427639002524351,0.00022561696570673,9.3517329228368e-05,8.26937244158251e-05,8.72821751954541e-05,0.000100042454884712,0.00011898704249734,0.000135809887283093,9.41003045674346e-05,0.000113996089949745,0.000124731315812284
585,"PLW","Palau",0.00105821549155299,0.000974582456135092,0.00104970064871177,0.00127724744623704,0.00127910621625868,0.00122731008165787,0.0012069463091242,0.000902810569432021,0.000693056952674972,0.00100167990007528,0.00084295045244022,0.000694218370261717,0.000558418277844193,0.000474018995820025,6.10561693229969e-05,0.000139885339874268,0.00015579628523386,0.00020097070878577,0.000349509916576916,0.000341743266215754
591,"PAN","Panama",0.00272057182751069,0.00328122439075097,0.00333183285781542,0.00433173794294434,0.00503594298359847,0.00514196363592783,0.00475091340696974,0.00462664719386575,0.00372353698137709,0.00292287895796349,0.00275393072816019,0.00255331593261827,0.00303723947452395,0.00352384370111228,0.00421955513557572,0.00480504723137321,0.00505103064757528,0.00457651042978848,0.00447543654710247,0.00404013484731632
598,"PNG","Papua New Guinea",0.00102392905776316,0.00111891001818165,0.00109367952148433,0.00127653047810449,0.001234035986641,0.00137261667054702,0.00135704350360901,0.0014696852900714,0.00140268940524468,0.00166574605938418,0.00218785871745942,0.00276977007646624,0.00297561665842677,0.00326110881527048,0.00321204972552785,0.00273503929908806,0.00226294066479828,0.00237743145614437,0.00221820686447785,0.00215798148696661
600,"PRY","Paraguay",0.00924979020795285,0.00923346131659986,0.0111373941149684,0.0120354183251776,0.012907449689221,0.0143878136500108,0.0169331654369565,0.0176254663217417,0.0171493759069829,0.0170881219786495,0.0157452927032355,0.0146133373198955,0.0133762554671026,0.012883979491393,0.0126141211909298,0.0123176789634697,0.011962742729017,0.0107850566801502,0.0101735389615256,0.00978491093040907
604,"PER","Peru",0.00129288880281258,0.00130030848203066,0.0013906508074124,0.00152587326605497,0.00172212728960718,0.00166908918636766,0.00176221880430331,0.00217137091861168,0.00238317976249713,0.0024536522444751,0.0025155389256319,0.00278634374067653,0.00285756614397622,0.0028635138488868,0.00292949959120814,0.00321684184322219,0.00320185994865315,0.00302980810980062,0.00307069299821097,0.00316626694826692
608,"PHL","Philippines",0.00216123187228905,0.00240062912297871,0.00276825852903841,0.00280642049144875,0.00293879827946391,0.0035072938928937,0.00324733241531765,0.00317302997152944,0.00338990226282539,0.00383686646893792,0.00344165191685036,0.00447240168881723,0.00506052023212854,0.0051859221509859,0.00477281184302228,0.00474949461076832,0.0038868171106382,0.00356705279479699,0.00326814700514822,0.00321621866471963
616,"POL","Poland",0.00397875223494278,0.00433536584638547,0.00483807799969005,0.00511870480746279,0.00521548470312383,0.00501350187071054,0.00537692462678803,0.00533066525342522,0.00508302623139033,0.00526223062773172,0.00470488023197463,0.00527694955494051,0.00606923278126855,0.00725380150082901,0.00764542090358634,0.00826261926792996,0.00809129144926315,0.00763039561647295,0.00723365800024335,0.00713578686830202
620,"PRT","Portugal",0.0156698390158758,0.0172474233187257,0.0173706821592675,0.0179591442647293,0.0166166592903448,0.0174389449852651,0.0160584437750864,0.017961974868705,0.0195489473480797,0.0213208771616206,0.0211206927929096,0.027024929749416,0.0370713002533869,0.0410281201286687,0.0389978299013837,0.0403830417855153,0.0353952313210196,0.0243621388738166,0.0190592659165981,0.0196234444524716
634,"QAT","Qatar",NA,NA,NA,NA,NA,NA,NA,NA,NA,NA,NA,NA,NA,NA,NA,NA,NA,NA,NA,NA
178,"COG","Republic of Congo",0.000777171163632809,0.000740209815599909,0.000781549679110454,0.000772914427327553,0.000812631746288485,0.00100826249081889,0.00105540687725151,0.00107343523267509,0.0013558819739239,0.00176377236005771,0.00178770568650973,0.00243897027442475,0.00267946562609642,0.00274052409627774,0.00274709459072528,0.00287379741942289,0.00244852967988256,0.00241480023534333,0.00245055379332715,0.00276061520031711
642,"ROU","Romania",0.00206178238104794,0.00194886498729917,0.00249781832001889,0.00270269980284376,0.0026349320409794,0.00259357684714375,0.00269114479432752,0.00250334104018277,0.00238736205879282,0.00247086168740095,0.00229713671144814,0.00245171505591164,0.00216209384672127,0.00231442061570368,0.00213210281150241,0.00255000957596427,0.00233913578186337,0.00227163682879011,0.00243350542431275,0.00263280051401089
643,"RUS","Russia",0.00332833089570037,0.00343521571724755,0.00334024763653535,0.00334495541658679,0.00297466464972874,0.00304548498194557,0.00325253703450609,0.00405448510138292,0.00455829027023562,0.00518313615970122,0.00530729509759176,0.00584069665394883,0.00581381822884396,0.00597011721702082,0.00575905481892203,0.0065761507365307,0.00696162491502644,0.00669859587390571,0.00611908090721096,0.00651149383411338
646,"RWA","Rwanda",0.00219409344997897,0.00188433301200579,0.00208052927589191,0.00209644483873747,0.00220098378350314,0.00285504351808121,0.00292753146531595,0.00279134899160849,0.003342493424439,0.00394805078277259,0.00385423278387038,0.00459790817811676,0.0052566878219989,0.0059869938014953,0.00583696953634821,0.00622680249395295,0.00628494724956389,0.00620675747093947,0.00570279356799249,0.0061402944100475
652,"BLM","Saint Barthelemy",NA,NA,NA,NA,NA,NA,NA,NA,NA,NA,NA,NA,NA,NA,NA,NA,NA,NA,NA,NA
659,"KNA","Saint Kitts and Nevis",0.00213248796296006,0.00175528144581012,0.00164209821352802,0.00150123157270271,0.00163233185331906,0.00162682881965325,0.00150471950887951,0.00148140482890992,0.00121502520139708,0.00076560847533725,0.000500417048989575,0.000440537536541813,0.000334007976329702,0.000329588043405639,0.000403961946755942,0.000542627093913058,0.000558123315138728,0.000568090790091836,0.000543671912866601,0.000488169249961039
662,"LCA","Saint Lucia",0.0006133516274763,0.000877631252878234,0.00102611785042644,0.00117074551720977,0.00122877602049575,0.00140965758671743,0.00126561085010462,0.00133867143450162,0.00125975067537348,0.00120524030752927,0.000839917249256999,0.0010196555591688,0.00108450279972676,0.00107538192428763,0.00099968693500492,0.00113198144036247,0.000845900979795456,0.000651750864706195,0.00061638931999817,0.00060461488599683
882,"WSM","Samoa",NA,NA,NA,NA,NA,NA,NA,NA,NA,NA,NA,NA,NA,NA,NA,NA,NA,NA,NA,NA
674,"SMR","San Marino",NA,NA,NA,NA,NA,NA,NA,NA,NA,NA,NA,NA,NA,NA,NA,NA,NA,NA,NA,NA
678,"STP","Sao Tome and Principe",0.00108658195686988,0,0,0,0,0,0,0,0,0,0,0,0,0,0,0,0,0,0,0
682,"SAU","Saudi Arabia",NA,NA,NA,NA,NA,NA,NA,NA,NA,NA,NA,NA,NA,NA,NA,NA,NA,NA,NA,NA
686,"SEN","Senegal",0.00238800037038653,0.00223966851824659,0.00227955306882578,0.00353046609510382,0.0036963893558163,0.00411209515528829,0.00449419016147359,0.00405030692677291,0.00450252899376136,0.00534079062116249,0.00604714840565406,0.00674248165113305,0.00829571495268977,0.00792271929255328,0.00767466467134943,0.010024472641672,0.00963132381380423,0.00911228725534628,0.00840800994865314,0.00778537628867468
688,"SRB","Serbia",0.000627602250867751,0.000591848840617175,0.000673822648640433,0.000849285489301868,0.000839725421550632,0.000906479505760873,0.00092982644166349,0.00101948736878277,0.00098564867020524,0.00112341133018915,0.0011493193904826,0.00132995888952738,0.00133673624127582,0.00142230246072708,0.00139111930697601,0.00155018581697722,0.00150594670577033,0.00157446015030364,0.001860150824497,0.00188047401603701
690,"SYC","Seychelles",2.44527746851468e-05,1.71169972293296e-05,9.78061480222438e-06,9.78061480222438e-06,1.46705627286761e-05,9.7798386616906e-06,4.88994792645175e-06,2.44535246115669e-05,6.35791935121443e-05,0.000124712016137607,0.000124712016137607,0.000124712016137607,0.000105148439452492,6.60227705519141e-05,2.68990539876866e-05,2.68990539876866e-05,3.178951070995e-05,3.178951070995e-05,3.178951070995e-05,2.44504444601502e-05
694,"SLE","Sierra Leone",0.0019187971362954,0.00227229359537825,0.00250612684854551,0.00292713401310649,0.00387149360256461,0.00393948400966153,0.00413185311947691,0.00393525717743294,0.00925228751051564,0.0139147778342507,0.021888587446695,0.0270064362087763,0.0347102813433402,0.0353489920360373,0.0358457561110146,0.0330646004881622,0.0307628715110199,0.0267462955039834,0.0235943628181031,0.0219995418336408
702,"SGP","Singapore",0.00322741137799869,0.0033617261312049,0.00283925443544185,0.00301615642245199,0.004527911398223,0.00411925384053666,0.00430924573111845,0.00449759888134843,0.00439603866442942,0.00454917254759242,0.00573254071466272,0.00658996904128172,0.00840556918869712,0.011207127433542,0.0122357041700675,0.0123429754369827,0.0128384029081402,0.0111390866403297,0.0100466472292996,0.00766273866356927
534,"SXM","Sint Maarten",NA,NA,NA,NA,NA,NA,NA,NA,NA,NA,NA,NA,NA,NA,NA,NA,NA,NA,NA,NA
703,"SVK","Slovakia",0.00366820537054701,0.00401243148291086,0.00446895587559844,0.00527961554397676,0.00583144485246197,0.00494913173268043,0.00524293416492448,0.00521657586135111,0.00451657545780214,0.0050279543370437,0.00404186844803103,0.00449230258827654,0.00491304906738016,0.00596621478029089,0.00537925595846356,0.00593542392733114,0.00503056650793404,0.00427911809295317,0.00362439539140058,0.00340069341237479
705,"SVN","Slovenia",0.000785455335365812,0.000883895101150692,0.00109668492696008,0.0013020063093871,0.00140750639438821,0.00132807088466716,0.00135629090109567,0.00117119262581966,0.00098271972784699,0.00151486977273805,0.00145209789814946,0.00206496294026902,0.0026817515775064,0.00385501580007864,0.00355450176309101,0.00399586080623171,0.00350637104283511,0.00319097077279881,0.00263454553737274,0.00268060218219977
90,"SLB","Solomon Islands",0.00135107627490412,0.00156125695158174,0.00169250960815939,0.00211536542757742,0.00229711624094508,0.00228753554147157,0.00234532761919506,0.0025744780161796,0.00266929445847425,0.00346481179531566,0.00408866241128593,0.00497370431438373,0.00577287192192633,0.00638228880903547,0.00635392639623765,0.00632687353821563,0.00588967438435661,0.00550601977127677,0.00490440562445465,0.00450398559237159
706,"SOM","Somalia",0.00271437128580743,0.00220756047972562,0.0022527730753727,0.00258523315203499,0.0027966542229235,0.00249304414089108,0.00264452538492429,0.00247078782100552,0.00262145600259734,0.00219895776774425,0.00202971712628603,0.00180446482907216,0.00205695765272083,0.00143287351257497,0.00200922382944745,0.0022126035260019,0.00240256974138281,0.00199081318408017,0.00212999888546823,0.00159483557935914
710,"ZAF","South Africa",0.0132088965003717,0.0141214345470633,0.0141022120544129,0.0137279170980536,0.0135499710271299,0.0121161464202527,0.0109352591961831,0.012198524857091,0.011362621302839,0.0114424466884876,0.0117231847995347,0.0118545393080069,0.012160707349855,0.012404654419464,0.0126210419131198,0.0123566324986046,0.0116386539683211,0.00986446758866376,0.00872474358438019,0.00750185844673656
410,"KOR","South Korea",0.00127246233626592,0.00144552832014441,0.00157188355529124,0.00195975822946189,0.00214635849275584,0.00235148042104403,0.00240995541678517,0.00270224943975712,0.00253290386498335,0.00242151971161205,0.00252998857652626,0.00293382285833393,0.00311322244519432,0.00357414380585828,0.00384629044025029,0.00394992533283363,0.00375560581040324,0.00393826464266152,0.00393050709440882,0.0037412615302902
728,"SSD","South Sudan",0.000634549559628557,0.000705810972170553,0.000729959683074803,0.000851963805283936,0.000810073054281954,0.000692622494246427,0.000693471801191514,0.000644005750292721,0.00057238320483327,0.000549427880901697,0.000524493956264166,0.000437658348532686,0.000440274307511503,0.0004000408340097,0.000347393599461925,0.000345046517493376,0.000322989295554612,0.000263391760094647,0.000325585253134007,0.000357612719939518
724,"ESP","Spain",0.00381259825202782,0.00453694628911937,0.00494637089158616,0.00532703525822558,0.00533196621918651,0.00546153174628739,0.00485542161597153,0.00522277823592628,0.00557976500411396,0.00570104192549569,0.00587020910601703,0.00710874710845024,0.00743478435113244,0.00844564051560339,0.00838747577930896,0.00905132361584822,0.00865618150711333,0.00937062212397144,0.00875749266772536,0.00888479765375404
144,"LKA","Sri Lanka",0.00104665105600828,0.00124822313973369,0.00159413357495271,0.00176419926746103,0.00218931278598335,0.00231867843729405,0.00267433934860861,0.00288682161516571,0.00296061298581427,0.0028782046191553,0.00288694117310242,0.00302668902408148,0.00295756250630621,0.00322190732384628,0.00311817649803195,0.00331173266409514,0.00309884444741031,0.00286257995398668,0.00278948693307092,0.00286402327879421
670,"VCT","St. Vincent and the Grenadines",0.000428912096976113,0.000453628586733809,0.000558133044315702,0.000779571565641538,0.000838761028409417,0.00117648580441748,0.00131339099374014,0.00132367967510051,0.00112798109932792,0.000996723458628071,0.000556551538806801,0.000457735507772848,0.000499945934060331,0.000524658303152138,0.000530315336321992,0.000567387924855254,0.000546771068515076,0.000771167269732584,0.000730996703891644,0.000941741851352733
275,"PSE","State of Palestine",NA,NA,NA,NA,NA,NA,NA,NA,NA,NA,NA,NA,NA,NA,NA,NA,NA,NA,NA,NA
729,"SDN","Sudan",0.000646673015247522,0.000583981539038392,0.000883298270613567,0.000984543081250489,0.00117189415082387,0.00101140161434158,0.00156450824014593,0.00109219359465436,0.000965466256562686,0.000757240032431165,0.000664317928680107,0.000173171553979367,0.000342172844364792,0.000360634634786813,0.000500303681774449,0.000661891100354857,0.000726922544533505,0.000640780183718537,0.000659187946732626,0.000582046225505659
740,"SUR","Suriname",0.000299470850114008,0.000295389451316372,0.000294075459450974,0.000336582557522222,0.000364378002876324,0.000414380745365149,0.000447247240619492,0.000674866234964912,0.000713470631245419,0.000819361801499004,0.00088991850907494,0.00105022406515184,0.00102894881297387,0.00115508266653476,0.00120822030863704,0.00125373688295646,0.00118755848476054,0.00113771788715084,0.00123972770903304,0.00146309729905678
752,"SWE","Sweden",0.00671312991955856,0.00746051056259077,0.00749346220671195,0.00893591498226019,0.00848184437352287,0.00859005232393025,0.00827585617356346,0.00864900899752062,0.00795996307218771,0.00820573059232636,0.00786420458435668,0.00861752519913889,0.00930850029294406,0.00997192039117068,0.0106200982213749,0.011509055456776,0.011672655047958,0.0116632250698945,0.011833755248653,0.0117080031786896
756,"CHE","Switzerland",0.00111715928092709,0.00123167457084031,0.00135743095621727,0.00161451174553767,0.00141335758291023,0.0013379328675065,0.00132377328250309,0.00128036883637522,0.00107009480396703,0.000970266387504154,0.000845210035511217,0.000811473715567328,0.000944277836828102,0.00124752659400985,0.00150859842875695,0.00191734679580896,0.00214737431030639,0.00207371151485682,0.00207180521811998,0.0021617292684719
760,"SYR","Syria",0.00269786788128505,0.00272302811257616,0.00542146848287592,0.00677950484481163,0.00682459536281039,0.00578386473020535,0.00554792261239399,0.0127091138610413,0.0135329795612774,0.0150949733087546,0.0191588577336883,0.0222868578545732,0.0162002518880766,0.0155071605804814,0.0159191410945008,0.0171358667951398,0.0191057403721928,0.0159175251660691,0.018829158422364,0.0184711477858467
158,"TWN","Taiwan",0.000569512608214908,0.000647871582979239,0.000709787909639652,0.000811066295524269,0.00134932909925565,0.0014293832961606,0.00137684802336483,0.00135382917220501,0.00123785992305258,0.000630931849845624,0.000501378997142277,0.000660251122260231,0.00075623192704926,0.000837206677998936,0.000868977305612204,0.000913282906396803,0.00075455646328285,0.000663108558544908,0.000668550696237077,0.00086565901462043
762,"TJK","Tajikistan",0.000592145873188822,0.000452395516255682,0.000378406919802073,0.000381724438109012,0.000427906068027934,0.000369219474034906,0.000371362078467724,0.000411195775969773,0.000306480304692337,0.000196093093725838,0.000160054463543981,9.34111610097416e-05,7.3791757596945e-06,3.59875940887692e-06,1.19745284667114e-06,2.61694505453025e-06,2.61694505453025e-06,2.62110679942819e-06,4.9211227377085e-05,5.06334718418955e-05
834,"TZA","Tanzania",0.00310416795476539,0.00312750127141004,0.00340473279419662,0.00401203793918174,0.00459117269589881,0.00494638895838554,0.00534403969064793,0.00559207151381245,0.00572280593148152,0.00613837171339515,0.00593748960721175,0.00605153153733131,0.00635782721822057,0.00628355961257316,0.00586357646200903,0.00642594793522266,0.00651846608015584,0.00625933436520214,0.0066934950107788,0.00732210600314026
764,"THA","Thailand",0.00332207666194786,0.00396056779396314,0.00427864700599337,0.00449597146680709,0.00490513227498703,0.00541242954606808,0.00535953148407994,0.00557863916072225,0.00562492529723385,0.00567470921245586,0.00553313558984459,0.00630547701615557,0.00712604443544702,0.00761492775750823,0.00753654109120627,0.00752292464542831,0.0070339335898605,0.00617507581839699,0.00625868055390537,0.00637781697702173
626,"TLS","Timor-Leste",0.00174766029016404,0.00236769047771703,0.0023543423820932,0.00239344533674108,0.00255098480620244,0.00236855093362226,0.00196497259429559,0.00205617640055516,0.00195433801556059,0.00174759563714524,0.00180654381369286,0.00176057153095104,0.00171269849974434,0.00192768749988359,0.00182256985412347,0.00198673443230479,0.00202370855853969,0.00185847058990665,0.00192282298087552,0.00177010432512014
768,"TGO","Togo",0.004219221024686,0.00382853168539919,0.00424966935340774,0.00393183962186046,0.00495551279692306,0.00439731015629552,0.00423679026695173,0.00371417626439649,0.00434608229313803,0.00323529088793497,0.00338910941189571,0.00418814466429488,0.00613509112553102,0.00753066339761225,0.00850059157285231,0.0101364350505275,0.0110051950666373,0.0102421095264569,0.00940252791722169,0.00959966962749399
776,"TON","Tonga",NA,NA,NA,NA,NA,NA,NA,NA,NA,NA,NA,NA,NA,NA,NA,NA,NA,NA,NA,NA
780,"TTO","Trinidad and Tobago",0.00267684205306551,0.00263944412183279,0.00283467971337284,0.00311206620155331,0.00344031176071005,0.00455196267813526,0.00384703658690716,0.00364540171041788,0.00338475189856098,0.00348290345523277,0.00208508246601531,0.00258348301920917,0.00259653495985698,0.00269249756152721,0.00222746667495103,0.00232535936737833,0.00179687355666051,0.00161113448679219,0.00155984038897133,0.00178885335642428
788,"TUN","Tunisia",0.00264920482980368,0.00275911936382023,0.00332586051055777,0.00259237819903174,0.00318475585957936,0.00297525882435117,0.00462881758460192,0.00511156943104857,0.005631646595713,0.00688516811555936,0.00820851455581816,0.00753844832120713,0.0138931276354372,0.0135397303846935,0.0119213173881718,0.0111907981221652,0.0117484926470959,0.00675547096563149,0.00902588041765397,0.0100006724523616
792,"TUR","Turkiye",0.00230129458829484,0.00236043266267763,0.00235291437325137,0.00257451664612506,0.0025572293645312,0.00248958795429235,0.00244989269498745,0.00251197653874261,0.0023857744196833,0.00226445593643745,0.00247769945606234,0.00251239079139498,0.00262041211600496,0.00288133411884528,0.00322151527374885,0.00357165568593645,0.00463819238228832,0.00502589008188898,0.00539117670773994,0.00541172598364695
795,"TKM","Turkmenistan",0.00580882903946986,0.00516860834529539,0.00384486609082455,0.00364597287879668,0.00333427098887554,0.002908692472661,0.00296539971993925,0.00239911372075159,0.000937877836649406,0.000700489020243746,0.000526143243212882,0.000202811139500035,2.74310685684629e-05,2.01313997453728e-05,2.36747452623765e-06,2.36747452623765e-06,1.19948892892033e-06,0,0,0
796,"TCA","Turks and Caicos Islands",0.00102199962535576,0.000963955819833538,0.00223363546427862,0.00317107627841013,0.0049247881613811,0.00522278686502592,0.00540748636805848,0.00419318152835998,0.00325832504360787,0.00188968656921414,0.00157325534090258,0.00165228654980197,0.0021163493510436,0.00258842561158913,0.00232866083965895,0.002571256294129,0.00301969320180733,0.00270334627798178,0.00247782501403959,0.00256087581776665
798,"TUV","Tuvalu",NA,NA,NA,NA,NA,NA,NA,NA,NA,NA,NA,NA,NA,NA,NA,NA,NA,NA,NA,NA
800,"UGA","Uganda",0.00256868089588274,0.00253750581549383,0.00320168612994994,0.00384420725648388,0.00397858843423822,0.00410678466776852,0.00504997448761791,0.00485716248423941,0.00513594915731982,0.00595035531743689,0.00646219163549914,0.00652448821639156,0.00878495864467609,0.00977608361206977,0.00999126211256789,0.0104955863783515,0.0100257539818689,0.00866660000598336,0.00822063979908156,0.00826161937650714
804,"UKR","Ukraine",0.00324922771937013,0.00348827574566674,0.00415592062809159,0.00440829625935703,0.00438693742217347,0.00467185530635215,0.00499877822422469,0.00484185973817733,0.0045671294451541,0.00454656445645392,0.00448340584955465,0.00531663899343499,0.00586160287559426,0.00652090333900088,0.006484179620325,0.00703261561518474,0.0063115096400227,0.00563137881458332,0.00549980951701081,0.0061305898081802
784,"ARE","United Arab Emirates",NA,NA,NA,NA,NA,NA,NA,NA,NA,NA,NA,NA,NA,NA,NA,NA,NA,NA,NA,NA
826,"GBR","United Kingdom",0.00426701866692793,0.00414878065402045,0.00474942936364523,0.00532438428472658,0.00601991940829744,0.0070832950490928,0.00716993029840012,0.00740989915171403,0.00827867908212545,0.00788148108539349,0.0076339253812714,0.00796577784976927,0.00728384653616854,0.00715792267212879,0.00705135995517605,0.00698876445805201,0.00684866935483884,0.00745002105680851,0.00719874389005223,0.00689828161969054
840,"USA","United States of America",0.00791327111817458,0.0083866073932384,0.00866995738276285,0.00907319495429444,0.00826039979418287,0.00788556162424001,0.0072123533209373,0.00687552696305419,0.00653414723371322,0.00662517435519478,0.00671245392809246,0.00714095456226208,0.00742956247500596,0.00768425139607075,0.00795091151430583,0.00772016241713791,0.00756320905367193,0.00744646071124282,0.00693886644597507,0.00657182133437569
858,"URY","Uruguay",0.00664267666517836,0.00822268985971713,0.00995307548029957,0.0114972182731933,0.0119917382721095,0.0122154949078695,0.0130383015916828,0.0142021436046974,0.0136774988360886,0.014427215179146,0.0143971694462076,0.0139074199180965,0.0127853040622608,0.012819154092441,0.011503686229584,0.0109304570853987,0.0101244482338133,0.00941240259510869,0.00958054392239716,0.00922145479885951
860,"UZB","Uzbekistan",0.0012859615374402,0.000830603682930996,0.000412209606096469,0.000394732143252538,0.000484669695889377,0.000504897346067549,0.000467858191923026,0.000490956200362611,0.000455479515411755,0.0004304764043596,0.000370342041253749,0.000307397227484181,0.000206278549977641,0.00016065560328248,3.72948110464539e-05,4.3288518430316e-05,4.9892134378535e-05,6.08084685514092e-05,6.08982937812158e-05,3.58996604570218e-05
548,"VUT","Vanuatu",0.000236020153499256,0.000252070247538656,0.000252702427603822,0.000195943553525511,0.000317639293783761,0.00032663823661227,0.000392333876227739,0.000406944570293189,0.000562216782383173,0.000484014828092163,0.00102052976586456,0.00114474226908701,0.00118501333318343,0.00117151647413811,0.00110668927687236,0.00118438858497193,0.000967155972003982,0.000901487524029747,0.000869024976188711,0.000879036952286979
862,"VEN","Venezuela",0.00172450319434071,0.00158863226743249,0.00167355993129718,0.00179163408504043,0.00197396482068775,0.00199640745569212,0.0019571374062386,0.00192745514150978,0.00172895254543221,0.00158205692177519,0.00144065324814854,0.00191103924347499,0.00212705528798591,0.00229576520981802,0.0024364551789693,0.00271205965396869,0.00220604157746944,0.00181237624683812,0.00168654850815538,0.00170209712752606
704,"VNM","Viet Nam",0.00382073355968671,0.00419926825912246,0.00456910072014456,0.00535817475641769,0.00613009556520575,0.00700097676698141,0.00762968844834425,0.00885072717729926,0.00914219643425176,0.0101036430589893,0.0106305181765489,0.0133206525640152,0.0145982215793605,0.0157190367594903,0.0157124116137838,0.0155887269581566,0.0136512235490977,0.0121787849895486,0.0110929620430897,0.0100257603469011
876,"WLF","Wallis and Futuna Islands",NA,NA,NA,NA,NA,NA,NA,NA,NA,NA,NA,NA,NA,NA,NA,NA,NA,NA,NA,NA
732,"ESH","Western Sahara",NA,NA,NA,NA,NA,NA,NA,NA,NA,NA,NA,NA,NA,NA,NA,NA,NA,NA,NA,NA
887,"YEM","Yemen",NA,NA,NA,NA,NA,NA,NA,NA,NA,NA,NA,NA,NA,NA,NA,NA,NA,NA,NA,NA
894,"ZMB","Zambia",0.00169872951732062,0.00178483870367279,0.00184708978267885,0.00204657965337526,0.00278720874149529,0.0037448032252997,0.00390800435806547,0.00452834709796751,0.00468262798659766,0.00465923467720645,0.00394784345985685,0.00462311383216038,0.00490548147832465,0.00539766842777711,0.00547883136507425,0.0061070305494932,0.0066040394818888,0.00674173204192886,0.00712693895244356,0.00799958663835571
716,"ZWE","Zimbabwe",0.00618727630605158,0.00713414468944793,0.00731626723661583,0.00704911701477084,0.00860423834489079,0.00787909033313458,0.00705144780492887,0.00768813556416329,0.00828028545944074,0.00689465146805622,0.00768999651559947,0.00795817642854641,0.0096754535458645,0.00924114921638913,0.00951035278117636,0.00865442974749218,0.00838333275837637,0.00587795107382771,0.00575422880528324,0.0049496565748685
