"code","iso","country","TKP.raw.2010","TKP.raw.2011","TKP.raw.2012","TKP.raw.2013","TKP.raw.2014","TKP.raw.2015","TKP.raw.2016","TKP.raw.2017","TKP.raw.2018","TKP.raw.2019","TKP.raw.2020","TKP.raw.2021","TKP.raw.2022","TKP.raw.2023","TKP.raw.2024","TKP.raw.2025"
4,"AFG","Afghanistan",0.592551312760717,0.592551312760717,0.592551312760717,0.592551312760717,0.592551312760717,0.592551312760717,22.2099339040372,22.2120545700887,22.2120545700887,22.2137898650638,24.5526050068753,24.5526050068753,24.5526050068753,24.5526050068753,24.5526050068753,24.5526050068753
8,"ALB","Albania",41.4826072744655,44.6870831923272,45.8184549415219,46.738758333161,46.738758333161,46.738758333161,46.738758333161,46.738758333161,49.2257521111503,49.2257521111503,49.2257521111503,49.2257521111503,49.2257521111503,49.2257521111503,49.2257521111503,49.2257521111503
12,"DZA","Algeria",87.640367554724,87.674417737097,87.674417737097,87.674417737097,87.674417737097,87.674417737097,87.674417737097,87.674417737097,87.674417737097,87.7666473598501,87.7666473598501,87.7666473598501,87.7666473598501,87.7666473598501,87.7666473598501,87.7666473598501
20,"AND","Andorra",18.0104557490814,18.0104557490814,18.0104563500795,26.1966825896433,26.1966825978887,26.1966825978887,26.1966825978887,26.1966825978887,26.1966825978887,26.1966825978887,26.1966825978887,26.1966825978887,26.1966825978887,26.1966825978887,26.1966825978887,26.1966825978887
24,"AGO","Angola",74.0707508540233,74.67924160441,74.67924160441,74.67924160441,74.67924160441,74.67924160441,74.67924160441,74.67924160441,74.67924160441,74.67924160441,74.67924160441,74.67924160441,74.67924160441,74.67924160441,74.67924160441,74.67924160441
660,"AIA","Anguilla",54.0820594732586,54.0820594732586,54.0820594732586,54.0820594732586,54.0820594732586,54.0820594732586,54.0820594732586,54.0820594732586,54.0820594732586,54.0820594732586,54.0820594732586,54.0820594732586,54.0820594732586,54.0820594732586,54.0820594732586,54.0820594732586
28,"ATG","Antigua and Barbuda",71.5409449632142,71.5409449632142,71.5409449632142,71.5409449632142,72.9248952992155,72.9248952992155,72.9248952992155,72.9248952992155,72.9248952992155,72.9248952992155,72.9248952992155,72.9248952992155,72.9248952992155,82.1238488238383,82.1238488238383,82.1238488238383
32,"ARG","Argentina",38.8407347718168,38.8452079786362,39.0267182223183,39.0796711033313,39.3792717841796,39.4802256694572,39.7006207433534,40.0156469341983,40.1860187768238,40.187391256498,40.187391256498,40.1873912597784,40.2043434063675,40.2043434063675,40.2043434063675,40.2043434063675
51,"ARM","Armenia",65.3377390062136,65.3377390062136,65.3377390062136,65.3377390062136,65.3377390062136,65.3377390062136,65.3377390062136,65.3377390062136,65.3377390062136,65.3377390062136,65.3377390062136,65.3377390062136,65.3377390062136,65.3377390062136,65.3377390062136,65.3377390062136
533,"ABW","Aruba",80.8963412260436,80.8963412260436,80.8963412260436,80.8963412260436,80.8963412260436,80.8963412260436,80.8963412260436,80.8963412260436,80.8963412260436,80.8963412260436,80.8963412260436,80.8963412260436,80.8963412260436,93.4618287495531,93.4618287495531,93.4618287495531
36,"AUS","Australia",36.8134186834004,41.842546682805,42.5753673628466,43.6854368594476,46.0142228431301,46.9502985134501,48.23496072627,48.782611356609,52.4212426042388,52.6609245436426,53.7915105253188,58.8897234528384,59.1116123463537,59.1116123457507,59.1116123457507,59.1116123457507
40,"AUT","Austria",68.6316898220918,69.7927762740142,69.8706687983591,70.5918421802147,70.6215651205968,70.6924314901761,70.7063913348526,70.7065601587341,70.7368154517177,70.7981379020832,70.8235429172489,70.8306452100694,70.8339353508837,70.8350405967218,70.8512264989649,70.8512264989649
31,"AZE","Azerbaijan",66.0596568475977,66.0596568475977,66.0596568475977,66.0596568475977,66.0596568475977,66.0596568475977,66.0596568475977,66.0596568475977,66.1156250038698,66.1156250038698,66.1156250038698,66.1156250038698,66.1156250038698,66.1156250038698,66.1156250038698,66.1156250038698
44,"BHS","Bahamas",25.6996669104803,25.6996669104803,38.0914872161286,38.0914872161286,38.0914872161286,46.1889412699683,46.1889412699683,46.1889412699683,46.1889412699683,46.1889412699683,46.1889412699683,46.1889412699683,46.1889412699683,46.1889412699683,46.1889412699683,46.1889412699683
48,"BHR","Bahrain",0,0,0,0,0,0,0,0,0,0,0,0,0,0,0,0
50,"BGD","Bangladesh",11.9320168461168,12.0808773677383,12.0808773677383,12.1098194131459,12.1098194131459,12.1098194131459,12.1098194131459,17.2141803539877,17.2141803539877,23.8711503353016,23.8711503353106,23.8711503594552,23.8711503594552,23.8711503594551,23.8711503594552,23.8711503594552
52,"BRB","Barbados",1.68442364588143,1.68442364588143,1.68442364588143,1.68442364588143,1.68442364588143,1.68442364588143,1.68442364588143,1.68442364588143,1.68442364588143,1.68442364588143,1.68442364588143,1.68442364588143,1.68442364588143,1.68442364588143,1.68442364588143,1.68442364588143
112,"BLR","Belarus",62.5080015228179,62.5080015228179,63.6440996885739,65.6718904357614,69.7488398865209,71.2054590617153,71.2054590617153,71.2054590617153,71.2054590617153,71.2054590617153,71.2054590617153,71.2054590617153,71.2054590617153,71.2054590617153,71.2054590617153,71.2054590617153
56,"BEL","Belgium",24.9663370677513,24.9700134601766,24.9781762392073,25.0079675925609,27.0091368675715,28.0609526432535,46.0887230746881,46.0907109566738,46.112317193838,46.1142240957949,46.118723326392,46.1246409602882,49.5078413104342,49.5279964554168,49.537834028988,49.5378340282756
84,"BLZ","Belize",32.5303780468977,32.5864329749132,32.5864329749132,32.5871976952264,32.5871976952264,33.7888244614395,33.7888244614395,33.7888244614395,33.7888244614395,33.7888244614395,34.4468790448956,34.4468790448956,43.1067799616218,43.1067799616218,43.1067799616218,43.1067799616218
204,"BEN","Benin",99.9962926709947,99.9962926709947,99.9962926709947,99.9962926709947,99.9962926709947,99.9962926709947,99.9962926709947,99.9962926709947,99.9962926709947,99.9962926709947,99.9962926709947,99.9962926709947,99.9962926709947,99.9962926709947,99.9962926709947,99.9962926709947
60,"BMU","Bermuda",3.09114691672208,3.09114691672208,3.09114691672208,3.09114691672208,3.09114691672208,3.09114691672208,3.09114691672208,3.09114691672208,3.09114691672208,3.09114691672208,3.09114691672208,3.09114691672208,3.09114691672208,3.09114691672208,3.09114691672208,3.09114691672208
64,"BTN","Bhutan",77.772378068891,77.772378068891,77.772378068891,77.772378068891,77.7910868128324,77.7910868128324,77.7910868128324,77.7910868128324,77.7910868128324,77.7910868128324,77.7910868128324,77.7910868128324,77.7910868128324,77.7910868128324,77.7910868128324,77.7910868128324
68,"BOL","Bolivia",56.8157395697377,56.8157395697377,56.8157395697377,56.8157395697377,56.8157395697377,56.8157395697377,56.8157395697377,56.8157395697377,56.8157395697377,56.8157395697377,56.8157395697377,56.8157395697377,56.8157395697377,56.8157395697377,56.8157395697377,56.8157395697377
70,"BIH","Bosnia and Herzegovina",67.4590040089639,67.4590040089639,67.4590040089639,67.4590040089639,67.4590040089639,67.4590040089639,67.4590040089639,67.4590040264295,67.4590040264295,67.4590039778272,82.4759119561515,82.4760554181371,82.4760554181371,82.4760554181371,82.4760554181371,82.4760554181371
72,"BWA","Botswana",78.7926687619557,78.7926687619557,78.7926687619557,78.7926687619557,78.7926687619557,78.7926687619557,78.7926687619557,78.7926687619557,78.7926687619557,78.7926687619557,78.7926687619557,78.7926687619557,78.7926687619557,78.7926687619557,78.7926687619557,78.7926687619557
76,"BRA","Brazil",55.9317233886835,56.1396797580117,56.1641934019774,56.2308352608499,56.2772860750536,56.9448268929279,57.0409758052508,57.1643737575944,57.8550505615077,57.8622757411073,57.8665067384807,57.8672719065817,59.8081540143371,59.808255092396,59.8280009739395,59.8280009739395
92,"VGB","British Virgin Islands",17.9747849599991,17.9747849599991,17.9747849599991,17.9747849599991,17.9747849599991,17.9747849599991,17.9747849599991,17.9747849599991,17.9747849599991,17.9747849599991,17.9747849599991,17.9747849599991,17.9747849599991,17.9747849599991,17.9747849599991,17.9747849599991
96,"BRN","Brunei Darussalam",44.4546045890916,44.4546045890916,44.4546045890916,44.4546045890916,44.4546045890916,44.4546045890916,44.4546045890916,44.4546045890916,44.4546045890916,44.4546045890916,44.4546045890916,44.4546045890916,44.4546045890916,44.4546045890916,44.4546045890916,44.4546045890916
100,"BGR","Bulgaria",95.2900344299835,98.4941834548953,98.4941834549193,98.4941834549921,98.4941834550629,98.4942494101774,98.4943329325103,98.4944141311788,98.5888825721856,99.0967791940759,99.1485301995067,99.2340643389785,99.2340643465809,99.2343520598457,99.2343689314342,99.2343689314342
854,"BFA","Burkina Faso",88.8547588544031,88.8547588544031,88.8547588544031,88.8547588544031,88.8547588544031,88.8623501544776,88.8623501544798,88.8623501546651,88.8623501546651,88.8623967914032,88.8623967912058,88.8623967912058,88.8623967912058,88.8623967912058,88.8623967912058,88.8623967912058
108,"BDI","Burundi",89.4355583719124,89.4355583719124,89.4355583719124,89.4355583719124,89.4355583719124,89.4355583719124,89.4355583719124,89.4355583719124,89.4355583719124,89.4355583719124,89.4355583719124,89.4355583719124,89.4355583719124,89.4355583719124,89.4355583719124,89.4355583719124
132,"CPV","Cabo Verde",8.68674247624445,8.68674247624445,8.68674247624445,8.68674247624016,9.21343404208112,9.21343404208112,9.21343404208112,9.21343404208112,9.21343404208112,9.21343404208112,9.21343404208112,9.21343404208112,9.21343404208112,9.21343404208112,9.21343404208112,9.21343404208112
116,"KHM","Cambodia",22.0756800677943,22.0756800677943,22.0756800677943,22.0756800677943,22.0756800677943,22.4328157859193,57.5217473009719,70.8867159181056,71.0958886981803,72.6098266748734,72.6098266748414,72.6098266748414,72.6098266748414,72.6098266748414,72.6098266748414,72.6098266748414
120,"CMR","Cameroon",67.2809167391105,67.2809167391105,67.7225515054133,67.7225515054133,67.7225515054133,67.7225515054126,67.7225515054126,67.7225515054126,67.7225515054126,67.7225515054126,67.7225515054126,67.7225515054126,67.7225515054126,67.7225515054126,67.7225515054126,67.7225515054126
124,"CAN","Canada",39.6062048594222,39.6248428432661,39.6256692670576,39.6261779320276,39.6267593059244,39.8079667546968,39.959693166275,40.0108695798233,40.5273304067811,40.5525553726516,40.7369248912377,40.9592232347211,40.9642295680314,41.1193478130837,41.1313604540811,41.1313604540811
136,"CYM","Cayman Islands",29.2540370894181,29.2540370901514,29.2540370894181,29.4618634039223,29.461863403189,29.461863403189,29.461863403189,29.461863403189,29.461863403189,29.461863403189,29.461863403189,29.461863403189,29.461863403189,29.461863403189,29.461863403189,29.461863403189
140,"CAF","Central African Republic",67.5388894183479,67.5388894183479,67.5388894183479,67.5388894183479,67.5388894183479,67.5388894183479,67.5388894183479,67.5388894183479,67.5388894183479,67.5388894183479,67.5388894183479,67.5388894183479,67.5388894183479,67.5388894183479,67.5388894183479,67.5388894183479
148,"TCD","Chad",71.8498174199927,71.8498174199927,71.8498174199927,71.8498174199927,71.8498174199927,71.8498174199927,71.8498174199927,71.8498174199927,71.8498174199927,71.8498174199927,71.8498174199927,71.8498174199927,71.8498174199927,71.8498174199927,71.8498174200053,71.8498174200053
152,"CHL","Chile",53.777462847951,53.7774628481133,53.7774628481133,53.8002552342301,53.8982444830234,54.0703738076519,54.0703738074868,54.0750921196804,56.9793152791446,57.0084716302472,57.0141284097486,57.0190287024711,57.1720673601885,58.5083698098248,58.5084623571486,58.5084623571486
156,"CHN","China",1.70311183368188,2.19272014500398,2.19272014500398,2.25581772450418,2.25581772450418,2.26421500182395,2.26421500182395,2.26421500182395,3.81939286233049,3.81939286233049,3.96318781626508,3.96318781626508,3.97872702176329,3.97872702176329,3.97872702176329,3.97872702176329
170,"COL","Colombia",78.5406833652517,78.6953854758479,78.7049355926208,78.854394161388,80.0969821094659,80.6089073029643,80.8853704530829,82.6389975646632,83.0781163409493,83.9854781758725,84.1138642954043,84.1647229119154,84.1863242695297,84.1864243821034,84.5298624685338,84.5298624685338
174,"COM","Comoros",41.1195596999166,41.1195596999166,41.1195596999166,41.1195596999166,41.1195596999166,41.1195596999166,41.1195596999166,41.1195596999166,41.1195596999166,41.1195596999166,41.1195596999166,41.1195596999166,41.1195596999166,41.1195596999166,41.1195596999166,41.1195596999166
184,"COK","Cook Islands",0.00628913765332076,0.00628913765332076,0.00628913765332076,0.00628913765332076,0.00628913765332076,0.00628913765332076,0.00628913765332076,99.4439416284207,99.4439416284207,99.4439416284207,99.4439416284207,99.4439416284207,99.4439416284207,99.4439416284207,99.4439416284207,99.4439416284207
188,"CRI","Costa Rica",51.7105966553272,51.7147928964921,51.7169316416193,51.739757896386,51.7691273968682,51.7691273968682,51.7691273968682,51.7691273968682,51.7732348870457,51.9101787541989,51.9161638787762,52.0264942419729,52.0354970655318,52.0354970655752,52.0354970655752,52.0354970655752
384,"CIV","Cote d'Ivoire",88.2414811640416,88.2414811640416,88.2414811640416,88.2414811640416,88.2414811640416,88.2414811640416,88.2414811640416,88.2414811640416,88.2414811640416,89.8533897118664,89.8533897119177,89.8533897119177,90.7731623946585,93.598329928591,93.598329928591,93.598329928591
191,"HRV","Croatia",33.3179425646801,36.183893070234,36.183893070234,94.2583981968075,94.8165964719218,94.8165964719218,94.8165964722164,94.8165964722293,94.8165964722293,94.8166021092676,94.8166021094149,94.8292148927758,94.8292305918261,95.0002943834527,95.0002943835746,95.0002943835746
192,"CUB","Cuba",64.769783705967,64.769783705967,71.8703478016583,71.8703478016583,71.8703478016583,71.8703478016583,71.8703478016583,71.8703478016583,71.8703478016583,71.8703478016583,71.8703478016583,71.8703478016583,71.8703478016583,71.8703478016583,71.8703478016583,71.8703478016583
531,"CUW","Curacao",17.3168325645273,17.3168325645273,17.3168325645273,33.6176417586486,33.6176417586486,33.6176417586486,33.6176417586486,33.6176417586486,35.137786882776,35.137786882776,35.137786882776,35.137786882776,35.137786882776,35.137786882776,35.137786882776,35.137786882776
196,"CYP","Cyprus",56.1903488698197,56.4473422595088,56.4473422595088,56.5389612762596,56.5407917606567,56.6765424116576,58.4295047611386,58.4295047610529,58.4295047614801,59.9388493384093,59.9388493383703,59.9388493198426,59.9388493202815,59.9388493203631,59.9388493203631,59.9388493203631
203,"CZE","Czechia",96.7044328725658,96.7096784851007,96.7176233981573,96.7195677896015,96.7212049591492,96.7212797913606,96.7221115566223,96.7287736344716,98.3972771502184,98.3975812225066,98.3975812224797,98.3975948613714,98.397719373257,98.3977193896423,98.3979984132394,98.3979984132394
180,"COD","Dem. Rep. Congo",62.9359759183839,62.9359759867854,63.208322382674,63.208322382674,63.208322382674,63.208322382674,65.5629838601313,65.8580460778891,65.8580460778891,65.9837233305065,65.9837233305065,65.9837233305065,65.9837233305065,65.9837233305065,65.9837233305065,65.9837233305065
208,"DNK","Denmark",59.1981160958377,59.2930845103527,59.2930949867614,59.2931029627601,59.2931032250486,59.2931140976332,59.4780672899075,59.4780672910015,59.4780700860133,59.4780700859175,59.4780700859175,66.385240777105,66.3852407745581,66.3852411043267,66.3852411043267,67.6454685446945
262,"DJI","Djibouti",0,0,0,2.06625868321936,2.06625868321936,2.06625868321936,2.06625868321936,2.06625868321936,2.06625868321936,2.06625868321936,2.06625868321936,2.06625868321936,2.06625868321936,2.06625868321936,2.06625868321936,2.06625868321936
212,"DMA","Dominica",89.8445953541124,89.8445953541124,89.8445953541124,89.8445953541124,89.8445953541124,89.8445953541124,89.8445953541124,89.8445953541124,89.8445953541124,89.8445953541124,89.8445953541124,89.8445953541124,89.8445953541124,89.8445953541124,89.8445953541124,89.8445953541124
214,"DOM","Dominican Republic",95.7195847869926,95.7195847889004,95.7195847889004,95.7195847889004,95.7195847859738,95.7195847859697,95.7195847859656,95.7195847859656,95.7195847859656,95.7195847859656,95.7195847859656,95.7195847837964,95.8394703345278,95.8394703345278,95.8394703345278,95.8394703345278
218,"ECU","Ecuador",46.1104736987984,46.1238472302026,46.272096707313,46.272096707313,46.5793887118039,46.9314322181968,47.1253975144037,48.8784339539559,49.04592159649,49.1176262298809,49.1294602912697,49.5261726053245,64.4072927259173,64.4864623156785,64.4871518909592,64.5037647672591
818,"EGY","Egypt",44.5222938058183,44.5222938058183,44.55517360453,44.55517360453,44.55517360453,44.55517360453,44.55517360453,44.55517360453,44.55517360453,44.55517360453,44.55517360453,44.55517360453,44.55517360453,44.55517360453,44.55517360453,44.55517360453
222,"SLV","El Salvador",33.6942791857988,43.7317371557587,43.7317371557587,44.075688319815,45.2770315185098,45.4735861961448,45.4735861961448,45.4736381949806,45.4736381949806,45.4776493651823,45.4776493651823,45.4776493651823,45.4776493651823,45.4776493651823,45.4776493651823,45.4776493651823
226,"GNQ","Equatorial Guinea",99.9967958818523,99.9967958818523,99.9967958818523,99.9967958818523,99.9967958818523,99.9967958818523,99.9967958818523,99.9967958818523,99.9967958818523,99.9967958818523,99.9967958818523,99.9967958818523,99.9967958818523,99.9967958818523,99.9967958818523,99.9967958818523
232,"ERI","Eritrea",0,0,0,0,0,0,0,0,0,0,0,0,0,0,0,0
233,"EST","Estonia",95.5054599556182,95.5082024751022,95.5087820622098,95.5087820659428,95.5114945676067,95.5117880119287,95.5117973452841,95.5220765468875,95.5440742540232,95.557132718485,95.5695106707487,95.5851796316034,95.5904390731722,95.5975063984672,95.5984691341464,95.5984691341464
748,"SWZ","Eswatini",25.916553227971,25.916553227971,25.916553227971,26.1493614766224,26.1493614766224,26.5955307619699,26.5955307619699,26.5955307619699,26.5955307619699,26.5955307619699,28.6739105276856,28.6739105276856,28.6739105276856,28.6739105276856,28.6739105276856,28.6739105276856
231,"ETH","Ethiopia",20.7968841496947,27.3292631345917,27.3718182418321,27.6985299155083,27.6985299155031,27.6985299155031,27.6985299155062,29.0178532863245,29.0178532863245,29.0178532863245,29.0178532863245,29.0178532863245,29.0178532863245,29.0178532863245,29.0178532863245,29.0178532863245
234,"FRO","Faeroe Islands",0,0,5.53609122139837,5.53609122139837,5.53609122139837,5.53609122139837,5.53609122139837,5.53609122139837,5.53609122139837,5.53609122139837,5.53609122139837,5.53609122139837,5.53609122139837,5.53609122139837,5.53609122139837,5.53609122139837
238,"FLK","Falkland Islands",0.0824414556266093,0.0824414556266093,0.0824414556266093,0.0824414556266093,0.0824414556266093,0.0824414556266093,0.0824414556266093,0.0824414556266093,0.0824414556266093,0.0824414556266093,0.0824414556266093,0.0824414556266093,0.0824414556266093,0.0824414556266093,0.0824414556266093,0.0824414556266093
242,"FJI","Fiji",5.45653677570098,5.45653677570098,5.45653677570098,5.45653677570098,5.45653677570098,5.45653677570098,5.45653677570098,5.45653677570098,5.45653677546997,5.45653677546997,5.45653677546997,5.45653677546997,5.45653677546997,5.45653677546997,5.45653677546997,5.45653677546997
246,"FIN","Finland",81.526925029007,81.7601029933692,81.7763405059667,81.780234738539,81.8952671467847,83.8242340213859,83.8510763024566,83.8926780334675,83.8934028413358,83.8936922857054,83.8970554086498,83.9215333618798,83.9224132015322,83.9234449967025,83.9348471606164,83.9348471604125
250,"FRA","France",62.0686370822433,63.4754071960027,68.8553585891973,69.8572955961998,71.7243128814592,73.2384087728786,74.0510756055766,74.3120776173641,78.1374432079382,78.9731784614803,79.5789457919779,80.0097607382004,80.1498403910844,80.1498827416891,80.1543961886366,80.1543961886366
258,"PYF","French Polynesia",0.0333026499153786,0.0337543980134296,0.0337543980134296,0.0337543980134296,0.0337747695598136,0.0337747695598136,7.10302823496254,7.10302823496254,24.4664935831565,24.4664935831565,24.4664935831565,24.4664935831565,24.4664935831565,24.4664935831565,24.4664935831565,24.4664935831565
266,"GAB","Gabon",42.994616268677,42.994616268677,43.0658813768896,43.0658813768896,43.0658813768896,43.0658813768896,43.0658813768896,84.1001125367219,84.1001125367219,84.1001125367219,84.1001125367219,84.1001125367219,84.1001154595847,84.1001154595847,84.1001154595847,84.1001154595847
270,"GMB","Gambia",15.6287655610944,15.6287655610944,15.6287655610944,15.6287655610944,15.9430295188526,15.9430295188526,15.9430295188526,15.9430295188526,15.9430295188526,15.9430295188526,15.9430295188526,15.9430295188526,15.9430295188526,15.9430295188526,15.9430295188526,15.9430295188526
268,"GEO","Georgia",44.2613403504555,44.4140120937919,44.5486881068397,44.5488700465206,44.555179200642,44.555179200642,44.5551792007399,44.5551792007399,44.5551792007399,44.5551792007399,44.555179200634,45.9392255429765,45.93922554495,47.4024767399975,48.0941903241409,48.0941903241409
276,"DEU","Germany",76.1714114272349,76.2860805610087,76.300605797641,76.3417461868771,76.3779386832708,76.409928679081,76.7125479133327,76.7668370272502,76.8688057053936,77.3946972623577,77.7431861289429,77.8830824940056,78.2185021807852,78.2623636756871,78.2623636756871,78.2623636756871
288,"GHA","Ghana",91.3688655419028,91.3688655419028,91.3688655419028,91.3688655419028,91.3688655419028,91.3688655419028,91.3688655419028,91.3688655419028,91.3688655419028,91.3688655419028,91.3688655419028,91.3688655419028,91.3688655419028,91.3688655419028,91.3688655419028,91.3688655419028
300,"GRC","Greece",80.5604592233567,85.2110437597297,85.2115342314066,85.2115342314066,85.2115342314066,85.2115342314066,85.2115342314066,85.2115342314066,85.2115342314066,85.2115342314066,85.2115342314066,85.2115342314066,85.2115342314066,85.2115342314066,85.2115342314066,85.2115342314066
304,"GRL","Greenland",41.375394689049,43.9284242334318,43.9284242334318,43.9284242334318,43.9284242334318,43.9284242334318,43.9284242334318,43.9284242334318,43.9284242334318,43.9284242334318,43.9284242334318,43.9284242334318,43.9284242334318,43.9284242334318,43.9284242334318,43.9284242334318
308,"GRD","Grenada",60.4986722677261,60.4986722677261,60.6159413907762,60.6159413907762,60.6159413907762,60.6159413907762,60.6159413907762,60.6159413907762,60.6159403358208,60.6159403358208,60.6159403358208,60.6159403358208,60.6159403358208,60.6159403358208,60.6159403358208,60.6159403358208
320,"GTM","Guatemala",34.589676701227,34.6265287530787,34.637265396284,34.7379784377805,35.3616048250212,35.363971915539,35.4844790319946,35.5513393892135,35.5539263747601,35.6171199484071,35.6178700302055,35.6178700302055,35.6178700302055,35.6178700302055,35.6178700302055,35.6178700302055
831,"GGY","Guernsey",NA,NA,NA,NA,NA,NA,NA,NA,NA,NA,NA,NA,NA,NA,NA,NA
324,"GIN","Guinea",69.3760647468152,69.3760647468152,69.3760647468152,69.3760647468152,69.3760647468152,69.3760647468152,69.3760647468152,69.3760647468152,69.3760647468152,69.3760647468152,69.3760647468152,69.3760647468152,69.3760647468152,69.3760647468152,69.3760647468152,69.3760647468152
624,"GNB","Guinea-Bissau",22.1060976488532,22.1060976488532,22.1060976488532,22.1060976488532,22.1060976488532,23.4409366933222,23.4409366933222,23.4409366933222,23.4409366933222,23.4409366933222,23.4409366933222,23.4409366933222,23.4409366933222,23.4409366933222,23.4409366933222,23.4409366933222
328,"GUY","Guyana",100,100,100,100,100,100,100,100,100,100,100,100,100,100,100,100
332,"HTI","Haiti",4.83709532751586,4.83709532751586,4.83709532751586,10.7901043254176,16.4904418920442,16.5461439222076,16.5461439222076,28.3705511290631,28.3705511290631,28.3705511290631,28.3705511290631,31.3890415479272,31.3890415479272,31.3890415479272,31.3890415479272,31.3890415479272
336,"VAT","Holy See",NA,NA,NA,NA,NA,NA,NA,NA,NA,NA,NA,NA,NA,NA,NA,NA
340,"HND","Honduras",85.5931594698717,85.5931594698717,85.5931594699088,85.5931594698717,85.5931594698717,85.5931594698542,85.5931594698542,85.5931594698171,85.5939079546148,85.5939501248248,85.5939501248248,85.7077207402353,85.7077207402353,85.7077207402353,85.7077207402353,85.7077207402353
344,"HKG","Hong Kong",58.1546018323119,58.1546018323119,58.1546018323119,58.1546018323119,58.1546018323119,58.1546018323119,58.1546018323119,58.1546018323119,58.1546018323119,58.1546018323119,58.1546018323119,58.1546018323119,58.1546018323119,58.1546018323119,58.1546018323119,58.1546018323119
348,"HUN","Hungary",83.4170225736164,83.4177450875426,83.4199209253732,83.4199209258279,83.4204067820129,83.420465324418,83.420465324418,83.4204653248569,83.4205105903223,83.4205105903223,83.420510590102,83.420514996758,83.420514996758,83.4205149971664,83.4205149971664,83.4205149971664
352,"ISL","Iceland",31.9368541976221,32.1396886261458,32.1485360911474,32.1485691940093,32.1485691993498,32.1485691993498,32.1485691981202,32.1485691981202,32.1485691981202,32.1485691977203,32.148569198855,32.1961777271995,32.1961777264476,32.1961777264476,32.1961777264476,32.1961777264476
356,"IND","India",0.8183933105748,0.8183933105748,0.8183933105748,0.8183933105748,0.8183933105748,0.8183933105748,0.8183933105748,0.8183933105748,0.8183933105748,2.1830975044553,2.23125059679227,2.82290010920215,2.86911481750336,2.86911481750336,2.86911481750336,2.86911481750336
360,"IDN","Indonesia",42.4691929851184,42.4772079095327,42.5539460197556,42.5987387620618,42.617939243994,42.7819352767147,42.7837620130948,42.7963452335801,43.9551325510254,43.9551325510254,43.9551325510254,43.9551325510254,43.9551325510254,43.9551325510254,43.9551325510254,43.9551325510254
364,"IRN","Iran",62.4673511905514,62.4673512184236,62.4673512184236,62.4673512184236,62.4673512184236,62.4673512184236,62.4877272921893,62.4877272921893,62.4877272921893,62.4877272921893,62.4877272921893,62.4877272921893,62.4877272921893,62.4877272921893,62.4877272921893,62.4877272921893
368,"IRQ","Iraq",8.29743059235111,8.29743059235111,8.29743059235111,11.3223148009934,16.9657648744709,16.9657648744709,16.9657648744709,16.9657648744709,16.9657648744709,16.9657648744709,16.9657648744709,16.9657648744709,16.9657648744709,16.9657648744709,16.9657648744709,16.9657648744709
372,"IRL","Ireland",54.6229932859198,55.1270757069454,55.1270757069454,55.1270757069454,55.1270757069454,55.1270757069454,55.1462341728101,55.1965004464566,55.933733282981,61.1746814460787,61.1973110236894,64.7015375377158,64.7842684686917,70.0634464298889,70.0634464298889,70.0634464298889
833,"IMN","Isle of Man",NA,NA,NA,NA,NA,NA,NA,NA,NA,NA,NA,NA,NA,NA,NA,NA
376,"ISR","Israel",20.9810690981765,20.9907235457921,20.99523408564,21.7922817653189,21.7922817653189,21.7945725943822,21.8120873230609,22.4838122354038,23.1488270320274,23.6194418730806,23.6194418730806,24.3055658564981,24.6342002435846,24.7985582964248,24.7985582964248,24.7985582964248
380,"ITA","Italy",71.2356211968902,71.2356211969091,71.2486417355809,71.5420071954981,71.6638170176505,72.0407303542719,72.2007528286186,72.6258555168481,73.2350705448365,73.3663715053554,73.5069935845267,73.5500564687662,73.57094579078,73.6190534602248,73.6190534602248,73.6190534602248
388,"JAM","Jamaica",57.5035858707819,57.5035858707819,57.5035858707819,57.5035858707819,57.638908758683,57.638908758683,57.7346801106858,57.7346801106858,57.7346801106858,57.7346801106858,57.7346801106858,58.1151378470577,58.1151378470577,58.1151378470577,58.1151378470577,58.1151378470577
392,"JPN","Japan",13.6386871281199,13.8163726985358,14.0959479843736,23.4173869813325,23.8482378038401,24.0554745780788,24.1261637737613,24.4524537898158,25.4697841740138,25.7802001414495,25.9975687556658,26.1849490902018,26.60883765641,26.884370546029,27.1451992452371,27.1481143781752
832,"JEY","Jersey",NA,NA,NA,NA,NA,NA,NA,NA,NA,NA,NA,NA,NA,NA,NA,NA
400,"JOR","Jordan",7.35895968712429,8.27202681556192,8.52805928643255,8.73008601034829,8.73008601034829,8.73008601034829,8.73008601034829,8.73008601034829,14.913795759103,14.913795759103,14.9376413699251,14.9376413699251,14.9376413699251,14.9376413699251,14.9376413699251,14.9376413699251
398,"KAZ","Kazakhstan",32.7667957325503,33.2821167316383,33.6240371333954,33.6240371333954,33.6240371333954,33.6240371333954,33.6240371333954,33.6240371333954,33.7537801766265,33.7537801766265,33.7537801766265,33.7537801766265,33.7537801766265,33.7537801766265,33.7537801766265,33.7537801766265
404,"KEN","Kenya",56.9883331198689,56.9883331198689,58.8023032094976,58.8535558572816,58.8535558572816,58.8535558572816,58.8535558572816,59.8997626428332,59.8997626428332,59.8997626428332,59.8999597223216,59.8999597223216,59.8999597223216,59.8999597223861,59.8999597220096,59.8999597220096
296,"KIR","Kiribati",29.7160931468576,29.7160931468576,29.7160931468576,29.7160931468576,29.7160931468576,29.7160931468576,29.7160931468576,29.7160931468576,29.7160931468576,29.7160931468576,29.7160931468576,29.7160931468576,29.7160931468576,29.7160931468576,29.7160931468576,29.7160931468576
689,"XKX","Kosovo",2.97833098856752,2.97833098856752,47.6488836073919,47.6488836073919,47.6488836073919,50.232317336436,50.232768378723,50.232768378723,50.2349271812367,50.2349271812367,50.2349271938864,50.234927153379,50.234927153379,50.234927153379,50.234927153379,50.234927153379
414,"KWT","Kuwait",30.5986534569657,85.2495696176378,85.2495696176378,85.2495696176378,85.2495695804496,85.2495695804496,86.7155832553872,86.7155832553872,86.7155832553872,86.7155832553872,86.7155832553872,86.7155832553872,86.7935188951895,86.7935188951895,86.7935188951895,86.7935188951895
417,"KGZ","Kyrgyzstan",13.6733792123036,13.6733792123036,13.6733792123036,13.6733792123036,13.6733792123036,13.6733792123036,13.6733792123036,13.6733792123036,13.6733792123036,13.6733792123036,13.6733792123036,13.6733792123036,13.6733792123036,13.6733792123036,13.6733792123036,13.6733792123036
418,"LAO","Laos",34.6049094683696,34.6049094683696,35.2144191547659,35.2144191547659,35.2144191547659,35.2144191547659,35.2144191547659,35.2144191547659,35.2144191547659,50.1873038702538,52.6082492936278,62.8323935792319,62.8323935792121,62.8323935792121,62.8323935792121,62.8323935792121
428,"LVA","Latvia",95.2355761378205,95.2366195099357,95.2366195099357,95.2447532497966,95.2447532497966,95.2447532497966,95.2447532497966,95.2447532497966,95.2447532497966,95.2447532504792,95.2447532504792,95.2447532504792,95.2447536155953,95.2454522433868,95.2454522434304,95.2454522434304
422,"LBN","Lebanon",5.18977895207377,5.18977895207377,5.60302404958795,7.0671234172541,7.54097554712018,7.55637866098583,7.55637866098583,7.86090807696377,9.17267266243394,9.17267266243394,9.53372535815177,9.53372535815177,9.53372535815177,9.53372535815177,9.53372535815177,9.53372535815177
426,"LSO","Lesotho",66.6748277100791,68.2971636455675,68.2971636455675,68.2971636455675,68.2971636455675,68.2971636455675,68.2971636455675,68.2971636455675,68.2971636455675,68.2971636455675,68.2971636455675,68.2971636455675,68.2971636455675,68.2971636455675,68.2971636455675,68.2971636455675
430,"LBR","Liberia",10.3050737438993,10.3050737438993,10.3050737438993,10.3050737438993,10.3050737438993,10.3050737438993,10.3050737438993,10.3050737438993,10.3050737438993,10.3050737438993,10.3050737438993,10.3050737438993,10.3050737438993,10.3050737438993,10.3050737438993,10.3050737438993
434,"LBY","Libya",0,0,0,0,0,0,0,0,0,0,0,0,0,0,0,0
438,"LIE","Liechtenstein",98.5910158300532,98.5910158300532,98.5910158300532,98.5910158300532,98.5910158300532,98.5910158300532,98.5910158300532,98.5910158300532,98.5910158300532,98.5910158300532,98.5910158300532,98.5910158300532,98.5910158300532,98.5910158300532,98.5910158300532,98.5910158300532
440,"LTU","Lithuania",80.512380111795,80.5125302001726,80.5125302584263,84.6569089623334,84.6569652279131,86.5456716778649,86.5456716786082,86.5456716786082,86.5456716784427,86.5465922433468,86.5466368550972,86.5466664771483,87.2383521292342,87.2383848616823,87.2383848616823,87.2383848616823
442,"LUX","Luxembourg",85.0642770542447,85.0642770542447,85.0643598003224,85.0643598003224,85.0643609786704,85.107405279811,85.1084755413775,85.1088072805045,85.4315092893867,85.4317084731112,85.5917089943974,85.592967784318,85.5929677872901,85.5938138991794,85.614935997733,85.614935997733
446,"MAC","Macao",0,0,0,0,0,0,0,0,0,0,0,0,0,0,0,0
450,"MDG","Madagascar",14.0271512744272,15.2353162940928,17.6917601199733,17.6917601199733,17.6917601199733,40.9624097094383,40.9624097094383,41.6350064834913,41.6358770558943,41.6358770558943,41.9238323032901,43.916765491291,43.916765491291,43.916765491291,43.916765491291,43.916765491291
454,"MWI","Malawi",83.1603295008114,83.1603295008114,83.1603295008114,83.1603295008114,83.1603295008114,83.1603295008114,83.1603295008114,86.1272822258258,86.1272822258258,86.1272822258258,86.1272822258258,86.1272822258258,86.1272822258258,86.1272822258258,86.1272822258258,86.1272822258258
458,"MYS","Malaysia",30.590369866838,31.4598216008457,32.2969907262106,37.3207787956329,38.7891573069898,39.9796788020302,39.981042625184,39.981042625184,39.981042625184,39.981042625184,39.981042625184,39.981042625184,39.981042625184,39.981042625184,39.981042625184,39.981042625184
462,"MDV","Maldives",0,0,0,0,0,0,0,0,0,0,0,0,0,0,0,0
466,"MLI","Mali",16.579042262308,16.579042262308,16.579042249308,16.579042249308,16.579042249308,16.579042249308,16.579042249308,16.579042249308,16.579042249308,16.579042249308,16.579042249308,16.579042249308,16.579042249308,16.579042249308,16.579042249308,16.579042249308
470,"MLT","Malta",42.5602687160172,42.5717484010286,42.5724377956359,42.5724377956359,42.5724377956359,42.5724377956359,99.8101066941743,99.8101066943361,99.8101066942137,99.8101072361629,99.8101072361629,99.8101072362944,99.8102115258624,99.8102115258624,99.8109001413206,99.8109001413206
584,"MHL","Marshall Islands",0.0266331913703699,0.0266331913703699,0.0299993247117499,0.0315814523026743,0.0315814523026743,0.0315814523026743,0.0315814523026743,0.0315814523026743,0.0315814523026743,0.0315814523026743,0.0315814523026743,0.0315814523026743,0.0315814523026743,0.0315814523026743,0.0315814523026743,0.0315814523026743
478,"MRT","Mauritania",52.4601098875425,52.4601098875425,52.4601098875425,52.4601098875425,52.4601098875425,52.4601098875425,52.4601098875425,52.4601098875425,52.4601098875425,52.4601098875425,52.4601098875425,52.4601098875425,52.4601098875425,52.4601098875425,52.4601098875425,52.4601098875425
480,"MUS","Mauritius",6.44873165179022,6.77923503534277,6.77923503534277,6.77923503534277,6.77923503534277,6.77923503534277,6.77923503534277,6.77923503534277,6.77923503534277,6.77923503534277,6.77923503534277,6.77923503534277,6.77923503534277,6.77923503534277,6.77923503534277,6.77923503534277
484,"MEX","Mexico",29.5806015355258,30.1086675246528,30.3291008375554,30.4517125090279,30.4544254251924,30.4847462550157,30.7853325482913,31.0363743547762,31.1897583163163,31.2898845474971,31.2991747706924,31.3155865843924,31.3826651120488,32.4756502168932,32.996675648315,32.996675648315
583,"FSM","Micronesia",0,0,0,0,0,0,0,0,0,0,0,0,0,0,0,0
498,"MDA","Moldova",52.8773883189028,52.8773883189028,52.8773883189028,52.8773883189028,52.8773883189028,52.8773883189028,52.8773883189028,52.8773883189028,52.8773883189028,52.8773883189028,52.8773883189028,52.8773883189028,52.8773883189028,52.8773883189028,52.8773883189028,52.8773883189028
492,"MCO","Monaco",NA,NA,NA,NA,NA,NA,NA,NA,NA,NA,NA,NA,NA,NA,NA,NA
496,"MNG","Mongolia",68.6868468227122,68.6868468137878,68.6967312208003,68.6967312208003,68.6967312208003,68.6967312208003,68.6967312208408,68.6967312208408,68.6967312208408,73.4075717358942,73.4075717358942,73.4075717358942,73.4075717358942,73.4075717358942,73.4075717358942,73.4075717358942
499,"MNE","Montenegro",67.8021766098291,67.8021766098291,67.8021766098291,67.8021766078891,67.8021766077676,67.813634459479,67.813634459479,67.8318231153031,67.8318231153031,73.3498957422781,73.3498957422781,73.3498962575787,73.4081379706831,73.4081379706831,73.4081379706831,73.4081379706831
504,"MAR","Morocco",7.55954693063979,7.55954693063979,7.55954693063979,7.55954693063979,7.55954693063979,7.55954693063979,7.55954693063979,7.55954693063979,7.55954693063979,7.63877725948753,7.63877725948753,7.63877725948753,7.63877725948753,7.63877725948753,7.63877725948753,7.63877725948753
508,"MOZ","Mozambique",77.4898419749757,77.4898419749848,79.2715142380953,81.7908453348598,81.7908453346634,81.7908453346634,81.7908453346634,81.7908453346634,81.7908453346634,81.7908453494908,81.7908453494908,81.7908453494908,81.7908453494908,81.7908453494908,81.7908453494908,81.7908453494908
104,"MMR","Myanmar",25.5506229555189,25.5506229555189,25.5506229555189,25.6284929033923,26.2227480364782,26.2227480364782,26.2965290911851,27.0822294436872,27.08328837383,27.083288373826,28.070267215126,28.070267215126,28.070267215126,28.070267215126,28.070267215126,28.070267215126
516,"NAM","Namibia",97.6424835393925,98.093959029388,98.1775031906179,98.179119977291,98.2862169481127,98.2862169481051,98.2862169481051,98.2862169481489,98.2862169484453,98.2862169484453,98.2862275183145,98.2862275183145,98.3065080615183,98.3065080615183,98.3065080615183,98.3065080615183
520,"NRU","Nauru",0,0,0,0,0,0,0,0,0,0,0,0,0,0,0,0
524,"NPL","Nepal",80.259081542169,80.259081542169,80.259081542169,80.259081542169,80.259081542169,80.259081542169,80.2794356435919,80.2794356435919,80.2794356435919,80.2794356435919,80.2794356435919,80.2794356435919,80.2794356435919,80.2794356435919,80.2794356435919,80.2794356435919
528,"NLD","Netherlands",57.0206142644439,57.0519581017923,57.0519581017923,57.5780431265264,58.2537066423955,58.9690742691867,75.1387789647128,75.8740452206923,76.0014131326384,76.0014131326384,76.0014131326384,81.2898691460191,81.2898694317074,81.2898694317074,81.2898694317074,81.2898694317074
540,"NCL","New Caledonia",3.8908806349073,3.8908806349073,3.92585773468393,5.79414769572269,75.36494101672,75.36494101672,75.36494101672,75.36494101672,75.36494101672,75.7103068463369,75.7103068463369,75.7103068463369,75.7103068463369,75.7103068463369,75.7103068463369,75.7103068463369
554,"NZL","New Zealand",15.7342829271726,15.7379256346007,15.7388724084814,15.7402446075242,15.8202256283842,15.8224945235791,15.8241026939884,15.8241470180004,15.8262225240436,15.8262761648125,15.829797733819,15.829797733819,15.829797733819,15.829797733819,15.829797733819,15.829797733819
558,"NIC","Nicaragua",92.4658190855088,92.4658190855088,92.4658190855088,92.5876537064871,92.5876537064871,92.5876537064871,92.5876537064871,92.5876537064871,92.5876537064871,92.5876537064871,92.5876537064871,92.5876537064871,92.5876537064871,92.5876537064871,92.5876537064871,92.5876537064871
562,"NER","Niger",72.1839919286094,72.1839919286094,72.1839919286094,72.1839919286094,72.1839919286094,72.1839919286094,72.1839919286094,72.2565788103695,72.2565788103695,82.6319017666667,82.6319017666667,82.6319017666667,82.6319017666667,82.6319017666667,82.6319017666667,82.6319017666667
566,"NGA","Nigeria",87.7803330930291,87.7803330930291,87.7803330930291,87.7803330930291,87.7803330930291,87.7803330930291,87.7803330930291,87.7803330930291,87.7803330930291,87.7803330930291,88.4058081241791,88.4058081241791,88.4058081241791,88.4058081241791,88.4058081241791,88.4058081241791
570,"NIU","Niue",0,0,0,0,0,0,0,0,0,0,0,0,0,0,0,0
408,"PRK","North Korea",0,0,0,0,0,0,0,0,0,0,0,0,0,0,0,0
807,"MKD","North Macedonia",45.8148838657816,45.8148838658116,45.8148838658116,45.8148838658116,45.8148838658116,45.8148838658116,45.8148838658116,45.8148838658116,45.8148838658116,45.8148838658116,45.9005520730027,46.3453104433288,46.3453104433288,46.3453104433288,46.3453104433288,46.3453104433288
578,"NOR","Norway",69.1960863518639,69.2012303949491,69.2106255098222,69.2205752321016,95.7287383844291,95.7287766411557,95.752913690759,95.7529167702561,95.812923245714,95.8184202117201,95.8184577474368,95.8609572861412,95.8609572834256,95.8609588380379,95.8609588381128,95.8609588381128
512,"OMN","Oman",10.2235203265877,10.3983375641771,10.3983375641771,10.3997373695032,13.9109326619618,13.9109326619618,13.9109326619618,13.9109326619618,13.9109326619618,14.4118910404707,14.4118910404707,14.534840472381,15.546532771649,53.5046366365391,53.5046366365391,54.2921495556251
586,"PAK","Pakistan",61.0815920725614,61.0815920725614,61.0815920725614,61.8919292951342,61.8919292951342,61.8919292951342,61.8919292951342,61.8919292956944,61.8919292962253,61.8919292962253,61.8919292962253,61.8919292956012,62.2451467983925,62.3879067268362,62.3879067268362,62.3879067268362
585,"PLW","Palau",25.3532415307197,25.3532415307197,25.3532415307182,25.3532415307182,25.3532415307182,97.2878863136713,97.2878863136713,97.2878863136713,97.2878863136713,97.2878863136713,97.2878863136713,97.2878863136713,97.2878863136713,97.2878863136713,97.2878863136713,97.2878863136713
591,"PAN","Panama",80.96496618735,80.96496618735,80.96496618735,80.9649661873275,80.9649661873275,80.9649660467642,80.9993515733667,80.9993515733541,80.9993515733541,83.7473940308527,83.7473940308527,83.7473940308527,83.7473940308527,83.7473940308527,83.7473940308527,83.7473940308527
598,"PNG","Papua New Guinea",3.83694123178249,3.83694123178249,3.83694123178249,3.83694123178249,3.83694123178249,3.83694123178249,3.83694123178249,3.87031152681148,3.87031152681148,3.87031152681148,3.87031152681148,3.87031152681148,3.87031152681148,3.87031152681148,3.87031152681148,3.87031152681148
600,"PRY","Paraguay",61.3469762311688,61.3469762311688,61.3469762311291,61.3621974701861,61.4007638104575,61.400763811012,61.4007638107649,61.4007638107828,61.4007638104986,61.4007638105326,61.4007638107788,61.400763810732,61.4007638107325,61.4034531880451,61.403453184666,61.403453184666
604,"PER","Peru",37.5811601692948,40.2714785539567,40.9258487991572,40.9381784769897,40.9382664105733,43.8977793696266,44.0208889704517,44.0448677713314,46.4951897519859,46.6481618321172,46.656039121325,47.0619149402733,47.0660874090759,47.0811470544712,47.143370743809,47.6563568784625
608,"PHL","Philippines",25.8329255872952,26.1223353159837,26.1225916439495,26.1437013594709,26.1985085108375,26.217887969691,26.2178879696941,26.2178879696941,37.1335485792124,37.1335485792124,37.1335485792124,37.1516036786912,37.1516036786912,37.1516036786912,37.1516036786912,37.1516036786912
616,"POL","Poland",92.5318729227214,92.9853478762657,93.2324780407546,93.2350710232077,93.2350710232387,93.235198894834,93.235198894989,93.2362387799649,93.2441147878823,93.2441147881257,93.2441148473383,93.2441281394212,93.3023887630358,93.4190711224185,93.4192639018367,93.4192639707558
620,"PRT","Portugal",50.0264438195034,66.9257064454372,67.0377922105067,67.0377922106171,67.0377922107217,79.8747811966802,79.9727055714162,79.9727055707282,79.9803519847011,79.9806114786438,79.9806114786438,79.9827851404603,79.9827851398291,79.9827851398291,79.9830105505027,79.9830105505027
634,"QAT","Qatar",94.5490448537642,94.5490448537642,94.5490448537642,94.5490448537642,94.5490448537642,94.5490448537642,94.5490448537642,94.5490448537642,94.5490448537642,94.5490448537642,94.5490448537642,94.5490448537642,94.5490448537642,94.5490448537642,94.5490448537642,94.5490448537642
178,"COG","Republic of Congo",51.6383154471386,51.6383154471386,56.2471930023695,56.248919451046,56.248919451046,56.2489195016817,56.2489195016817,56.6986445837742,56.6986445837742,56.6986445837742,56.6986445837742,56.6986445837742,60.1389333275714,60.619755624735,60.619755624735,60.619755624735
642,"ROU","Romania",73.6972736883734,79.1834560056895,79.1834560056895,79.4701568972576,79.4701568972576,79.4701568972576,79.6282738022328,79.6282738022328,79.6603293459312,79.6603293461183,79.6669807875053,79.6669807875053,81.0639105993137,81.0639105993137,81.1245652834152,81.1245652834152
643,"RUS","Russia",29.2035245864412,29.2224431482069,29.2746403586034,30.2022276464182,30.2621580244206,30.578324531028,30.5792533308853,30.7724042321994,30.9193112550742,30.9623725814947,30.9685676764764,30.9685676764764,30.9685676764764,30.9685676764764,30.9685676764764,30.9685676764764
646,"RWA","Rwanda",50.4810704199966,50.4810704199966,50.4810704199966,50.4810704199966,50.4810704199966,51.1362237793921,51.1362237793921,51.1362237793921,51.1362237793921,51.1362237793921,51.1362237793921,51.1362237793921,51.1362237793921,51.1362237793921,51.1362237793921,51.1362237793921
652,"BLM","Saint Barthelemy",59.8203488677786,59.8203488677786,59.8203488677786,59.8203488677786,59.8203488677786,59.8203488677786,59.8203488677786,59.8203488677786,59.8203488677786,59.8203488677786,59.8203488677786,59.8203488677786,59.8203488677786,59.8203488677786,59.8203488677786,59.8203488677786
659,"KNA","Saint Kitts and Nevis",60.591512489629,60.591512489629,60.591512489629,60.591512489629,60.7281472908437,60.7281472908437,65.45936427243,65.45936427243,65.45936427243,65.45936427243,65.45936427243,65.45936427243,65.45936427243,65.45936427243,65.45936427243,65.45936427243
662,"LCA","Saint Lucia",44.4905258122384,44.4905258122384,44.4905258122384,44.4905258122384,44.4905258122384,44.4905258122384,44.4905258122384,44.4905258122384,44.4905258122384,44.4905258122384,44.4905258122384,44.4905258122384,44.4905258122384,44.4905258122384,44.4905258122384,44.4905258122384
882,"WSM","Samoa",14.5137284123934,14.5137284123934,14.5137284123934,14.5137284123934,14.5137284123934,14.5325640346622,14.5412908378933,14.5412908378933,14.5412908378933,14.5412908378933,14.5412908378933,14.5412908378933,14.5412908378933,14.7288885429883,14.7288885429883,14.7288885429883
674,"SMR","San Marino",NA,NA,NA,NA,NA,NA,NA,NA,NA,NA,NA,NA,NA,NA,NA,NA
678,"STP","Sao Tome and Principe",59.2612350124484,59.2612350124484,59.2612350124484,59.2612350124484,59.2612350124484,59.2612350124484,59.2612350124484,59.2612350124484,59.2612350124484,59.2612350124484,59.2612350124484,59.2612350124484,59.2612350124484,59.2612350124484,59.2612350124484,59.2612350124484
682,"SAU","Saudi Arabia",3.8074666519525,3.8074666519525,3.8074666519525,3.8074666519525,3.8074666519525,3.8074666519525,3.8074666519525,3.8074666519525,3.80919173859161,3.80919173859161,3.80919173859161,3.80919173859161,3.80919173859161,7.42975813086788,7.42975813086788,7.42975813086788
686,"SEN","Senegal",63.6189026722696,63.6254565269052,63.6254565269052,63.6254565269052,63.6254565269052,63.6254565269052,63.6254565269052,64.0673636747539,64.0673636747539,64.0673636747539,64.0673636747539,64.0673636747539,64.0673767746245,64.6809022508778,64.6809022508778,64.6809022508778
688,"SRB","Serbia",45.3416920262936,45.3416920262213,45.3895354906305,45.9665379546638,46.100439177134,46.815537186764,46.8423894991197,46.8423894991987,47.8195719898675,47.9004140010011,48.090413126632,48.9830561472795,49.1982542960611,52.5578504893419,52.8787772761676,52.8787772761676
690,"SYC","Seychelles",43.0364995527046,43.0364995527046,43.0364995527046,43.0364995527046,43.0364995527046,43.0364995527046,43.0364995527046,43.0364995527046,43.0364995527046,43.0364995527046,89.1728555707626,89.1728555707626,89.1728555707626,89.1728555707626,89.1728555707626,89.1728555707626
694,"SLE","Sierra Leone",61.744102327887,61.744102327887,63.2509145646391,63.2509145646391,63.2509145646391,63.2509145646391,63.2509145646391,63.2509145646391,63.2509145646391,63.2509145646391,63.2509145646391,63.2509145646391,63.2509145646391,63.2509145646391,63.2509145646391,63.2509145646391
702,"SGP","Singapore",14.9399045858968,14.9399045858968,14.9399045858968,14.9399045858968,14.9399045858968,14.9399045858968,14.9399045858968,14.9399045858968,14.9399045858968,14.9399045858968,14.9399045858968,14.9399045858968,14.9399045858968,14.9399045858968,14.9399045858968,14.9399045858968
534,"SXM","Sint Maarten",8.68615967891861,8.68615967891861,8.68615967891861,8.68615967891861,8.68615967891861,8.68615967891861,8.68615967891861,8.68615967891861,8.68615967891861,8.68615967891861,8.68615967891861,8.68615967891861,8.68615967891861,8.68615967891861,8.68615967891861,8.68615967891861
703,"SVK","Slovakia",91.2847080516983,91.2847538319146,91.2849739464425,91.2849739464425,91.2849739464425,91.2849739463356,91.3043428348944,91.3043428348723,91.3043428348723,91.3043428348889,91.3044754356334,91.3045045992998,91.3045045990537,91.3155170123482,91.4144691071153,91.4144691071153
705,"SVN","Slovenia",86.8618730877754,86.8618730877754,86.8618797415387,87.2134957040295,87.240703482962,87.2443835129054,87.2485766479852,87.2485767666106,87.2556408374485,87.2556408357561,87.2556408357561,87.2556408349726,87.2556408349726,87.2556408363313,87.2567419199603,87.2567419199603
90,"SLB","Solomon Islands",4.67277214813539,4.67277214813539,4.67277214813539,4.67277214813539,4.67277214813539,4.67277214813539,4.67277214813539,4.67277214813539,4.67277214813539,4.72474161574354,4.72474161574354,4.96765957135421,4.98976730859391,4.98976730859391,4.98976730859391,4.98976730859391
706,"SOM","Somalia",0,0,0,0,0,0,0,0,0,0,0,0,0,0,0,0
710,"ZAF","South Africa",20.0757859844642,20.1127030806713,20.2696790164305,20.4108703466856,21.1342295811234,21.3650124263277,23.2000215886853,23.3207979474828,24.1127721548036,24.3693709026159,24.5742933944025,24.7382925426367,24.8201464306243,24.8987926696232,25.0718887263342,25.1713760837476
410,"KOR","South Korea",32.5008579750134,32.7863354678363,32.7863354671928,32.7892573709152,32.789257370971,32.7897749134892,32.7900168726527,32.7900168724672,32.791145394237,32.9307631905827,32.9307631908667,32.9429813940327,32.943053176607,32.9964418350453,32.9997213439366,32.9997213439366
728,"SSD","South Sudan",64.8337052743935,64.8337052743935,64.8337052743935,64.8337052743935,64.8337052743935,64.8337052743935,64.8337052743935,64.8337052743935,64.8337052743935,64.8337052743935,64.8337052743935,64.8337052743935,64.8337052743935,64.8337052743935,64.8337052743935,64.8337052743935
724,"ESP","Spain",48.0580190654078,48.7465518026428,48.7658827860942,48.8422702100424,61.1343817535697,63.8560798641136,63.9532689865511,64.0941412575927,64.0983828030619,64.1068862859381,64.1453823871326,64.5395916311081,64.6477681345662,64.6717821610391,64.6717821610391,64.6717821610391
144,"LKA","Sri Lanka",41.9734072742374,42.1969478172914,42.8833136896915,48.6879289183658,48.6879289183658,49.8511246196874,49.851124558797,49.851124558797,49.851124558797,49.8836174390379,49.8836174390379,49.8836174390379,49.8836174390379,49.8836174390379,49.8836174390379,49.8836174390379
670,"VCT","St. Vincent and the Grenadines",61.5695353620666,61.5695353620666,61.5695353620666,61.5695353620666,61.5695353620666,61.5695353620666,61.5695353620666,61.5695353620666,61.5695353620666,61.5695353620666,61.5695353620666,61.5695353620666,61.5695353620666,61.5695353620666,61.5695353620666,61.5695353620666
275,"PSE","State of Palestine",0,0,0,0,0,0,0,0,0,0,0,0,0,31.3771081248506,31.3771081248506,31.3771081248506
729,"SDN","Sudan",16.8602430022563,16.8602430022563,16.8602430028168,16.8602430028168,16.8602430028168,16.8602430028168,16.8602430028168,16.8602430028168,16.8602430028168,16.8602430028168,16.8602430028168,16.8602430028168,16.8602430028168,16.8602430028168,16.8602430028168,16.8602430028168
740,"SUR","Suriname",32.6055948295103,32.6055948295103,32.6055948295103,32.6055948295103,32.6055948295103,32.6055948295103,32.6055948295103,32.6055948295103,32.6055948295103,32.6055948295103,32.6055948295103,32.6055948295103,32.6055948295103,32.6055948295103,32.6055948295103,32.6055948295103
752,"SWE","Sweden",65.0539648341541,65.0886443474844,65.0906159627972,65.1010713672601,65.1099947078724,65.1122434543122,67.4418385306479,68.8049821893431,68.8968418072073,68.9551413041075,68.9587959256453,69.2222907508094,69.2296188598302,69.236370976574,69.2457254581081,69.2457254581081
756,"CHE","Switzerland",18.2546756072117,18.2546756072117,18.282305487608,18.282305487608,18.2823054895293,18.2823054895293,18.2823054894475,18.5147480668077,19.4124444367599,19.4241493928449,19.430838450865,19.4675525398541,19.4675525398541,22.4956216130226,22.4956216130226,22.4956216130226
760,"SYR","Syria",0,0,0,0,0,0,0,0,0,0,0,0,0,0,0,0
158,"TWN","Taiwan",79.444736500561,79.444736500561,79.4447365005382,79.4447365005216,79.444736500561,79.444736500561,79.444736500561,79.444736500561,79.444736500561,79.444736500561,79.444736500561,79.444736500561,79.444736500561,79.444736500561,79.444736500561,79.444736500561
762,"TJK","Tajikistan",23.1195294153027,23.1195294153027,23.1195294153027,23.1195294153027,23.1195294153027,23.1195294153027,23.1195294153027,23.1195294153027,23.1195294153027,23.1195294153027,23.1195294153027,23.1195294153027,23.1195294153027,23.1195294153027,23.1195294153027,23.1195294153027
834,"TZA","Tanzania",75.9746295422296,75.9746295422296,75.9746295422296,75.9756254643095,75.9756254643095,75.9756254643095,75.9756254643095,75.9756254643095,75.9756254643095,82.0881119209861,82.0881119209861,82.1284452101692,82.1284452101692,82.1284452101692,82.1284452101692,82.1284452101692
764,"THA","Thailand",69.4350538259009,69.4432509375147,69.4432509375147,69.5459779116596,69.5459779116596,69.5459779116537,69.6073347687765,69.6073347687393,69.618432249018,69.6184322490225,69.6184322490225,69.6184322490231,69.6212219703566,69.6212219704006,69.6212219704006,69.6212219704006
626,"TLS","Timor-Leste",52.6093609925275,52.6093609925275,52.6093609925275,52.6093609925275,52.6093609925275,52.6093609925275,56.1748225592648,56.1748225592648,56.1748225592648,56.1748225592648,56.1748225592648,56.1748225592648,56.1748225592648,56.1748225592648,56.1748225592648,56.1748225592648
768,"TGO","Togo",80.1603240940504,80.1603240940504,80.1603240940504,80.1603240940504,80.1603240940504,80.1603240940504,80.1603240940504,80.1603240940504,80.1603240940504,80.1603240940504,80.1603240940504,80.1603240940504,80.1603240940504,80.1603240940504,80.1603240940504,80.1603240940504
776,"TON","Tonga",0.475371693414381,0.475371693414381,0.475371693414381,0.475371693414381,0.475371693414381,0.475371693414381,0.475371693414381,0.475371693414381,0.475371693414381,0.475371693414381,0.475371693414381,0.475371693414381,0.475371693414381,0.475371693414381,0.475371693414381,0.475371693414381
780,"TTO","Trinidad and Tobago",70.4914234093008,70.4914234093008,70.4914234093008,70.4914234093008,70.4914234093008,70.4914234093008,70.4914234093008,70.4914234093008,70.4914234093008,70.4914234093008,70.4914234093008,70.4914234093008,70.4914234093008,70.4914234093008,70.4914234093008,70.4914234093008
788,"TUN","Tunisia",53.268572297773,53.2685722974688,56.5594833194347,56.8466921981082,56.8466921981082,56.8466921981082,56.8466921981082,56.8466921981082,56.8466921981082,56.8466921981082,56.8466921981082,56.983095476654,56.983095476654,56.983095476654,56.983095476654,56.983095476654
792,"TUR","Turkiye",0.987011374339893,0.987011374339893,0.987011374339893,1.01476138155248,1.01476138155248,1.01476138155248,1.01476138155248,1.01476138155248,1.01476138155248,1.01476138155248,1.01476138155248,1.01476138155248,1.01476138155248,1.01476138155248,1.01476138155248,1.01476138155248
795,"TKM","Turkmenistan",26.0676970744854,26.0676970744854,26.0676970744854,26.0676970744854,26.0676970744854,26.0676970744854,26.0676970744854,26.0676970744854,26.0676970744854,26.0676970744854,26.0676970744854,26.0676970744854,26.0676970744854,26.0676970744854,26.0676970744854,26.0676970744854
796,"TCA","Turks and Caicos Islands",40.5628216569429,40.5628216569429,40.5628216569429,40.5628216569429,40.5628216569429,40.5628216569429,40.5628216569429,40.5628216569429,40.5628216569429,40.5628216569429,40.5628216569429,40.5628216569429,40.5628216569429,40.5628216569429,40.5628216569429,40.5628216569429
798,"TUV","Tuvalu",NA,NA,NA,NA,NA,NA,NA,NA,NA,NA,NA,NA,NA,NA,NA,NA
800,"UGA","Uganda",77.6444290620648,77.6444290620648,77.6444290620648,77.6444290620648,77.6444290620648,77.6444290620648,77.6444290620648,77.6444290620648,77.6444290620648,77.6444290620648,77.6444290620648,77.6444290620648,77.6444290620648,77.6444290620648,77.6444290620648,77.6444290620648
804,"UKR","Ukraine",63.0946325482938,63.3426721126589,63.3715773769412,63.372425573429,63.3730791714617,63.3803518071474,63.3907060579841,63.3907280763373,63.3919034798657,63.4182421320964,63.4183172513705,63.4244700040252,63.5075657588294,63.5075657588421,63.5075657591997,63.5075657591997
784,"ARE","United Arab Emirates",45.3920525328225,45.3920525328225,45.5448192104492,45.5526080512811,55.1665779367149,55.1665779367149,55.1665779367149,95.4129482609435,95.4332623766815,95.4332623766815,95.4332623766815,95.4332623766815,95.4332623766815,95.4332623766815,95.4332623766815,95.4332623766815
826,"GBR","United Kingdom",8.14557281411939,8.14586326933489,97.3005648062914,97.3005746140948,97.3084939808646,97.308493980895,97.3130405398303,97.3130504642329,97.3242932511136,97.3251844675605,97.3251864657868,97.3251949790397,97.3251999337272,97.3252005064398,97.3252005064398,97.3252005064398
840,"USA","United States of America",43.6830778294243,43.6880931938833,43.7067578753716,43.7105968342606,43.7239868696028,43.7271742640844,43.7480366770472,43.7480645685388,43.7480815192711,43.7515604969753,43.7517962378218,43.7517962378191,43.7517962378191,43.7517962378191,43.7517962378191,43.7517962378191
858,"URY","Uruguay",13.6922552593123,13.7355705084315,13.7355705084315,13.7670834908975,14.2143447416597,15.946906034847,15.946906034847,15.9469060315498,15.9469060315498,16.6862045400567,16.6863388735865,16.6863388735865,16.6863388735865,16.6863388735865,16.6863388735865,16.6863388735865
860,"UZB","Uzbekistan",17.2318038311995,17.2318038311995,17.2318038311995,17.2318038311995,17.2318038311995,17.2318038311995,23.14143923607,23.14143923607,23.4887740283395,23.4979720743878,24.4439464378619,25.3613845863132,28.2096119676818,28.2096119676818,28.2096119676818,28.2096119676818
548,"VUT","Vanuatu",2.9384867507572,2.9384867507572,2.9384867507572,2.9384867507572,2.9384867507572,2.9384867507572,2.9384867507572,2.9384867507572,2.9384867507572,2.9384867507572,2.9384867507572,2.9384867507572,2.9384867507572,3.8456403092283,3.8456403092283,3.8456403092283
862,"VEN","Venezuela",75.4837857515845,75.4837857515845,75.4837857515845,75.4837857515805,75.4837857515805,75.4837857515805,75.4837857515805,75.4837857515805,75.4837857515805,75.4837857514705,75.4837857514705,75.4837857514705,75.4837857514705,75.4837857514705,75.4837857514705,75.4837857514705
704,"VNM","Viet Nam",32.0408911529551,33.3897234581619,34.671690841871,39.9071583961839,44.2432431754789,44.2656943838818,44.2656943838818,44.2827921484977,44.2827921484977,44.2827921484977,44.2827921484977,44.2827921484977,44.2827921484977,44.2827921484977,44.2827921484977,44.2827921484977
876,"WLF","Wallis and Futuna Islands",0,0,0,0,0,0,0,0,0,0,0,0,0,0,0,0
732,"ESH","Western Sahara",NA,NA,NA,NA,NA,NA,NA,NA,NA,NA,NA,NA,NA,NA,NA,NA
887,"YEM","Yemen",8.28936471772019,8.28936471772019,8.28936471772019,8.28936471772019,8.28936471772019,8.28936471772019,8.28936471772019,8.28936471772019,8.28936471772019,8.28936471772019,8.28936471772019,8.28936471772019,8.3419977110636,8.3419977110636,8.3419977110636,8.3419977110636
894,"ZMB","Zambia",79.44299608968,79.44299608968,79.44299608968,79.44299608968,79.44299608968,79.44299608968,79.44299608968,79.44299608968,79.44299608968,79.44299608968,79.44299608968,79.44299608968,79.44299608968,79.44299608968,79.44299608968,79.44299608968
716,"ZWE","Zimbabwe",89.5367125790436,89.5367125790436,89.5367125790436,95.3506703763862,95.3506703763862,95.3506703763862,95.3506703763862,95.3506703763862,95.3506703763862,95.3506703763862,95.3506703763862,95.3506703763862,95.3506703763862,95.3506703763862,95.3506703763862,95.3506703763862
