iso,country,PMD.new,HFD.new,OZD.new,NOD.new,COE.new,SOE.new,VOE.new,USD.new,UWD.new,HMT.new,PBD.new,WMG.new,SMW.new,BDH.new,MHP.new,MKP.new,MPE.new,TBN.new,TKP.new,PAR.new,PAC.new,SPI.new,SHI.new,RLI.new,BHI.new,BER.new,FSH.new,FCD.new,BTO.new,BTZ.new,RMS.new,FOR.new,TCL.new,KFL.new,GRS.new,GEL.new,KGL.new,APO.new,NXA.new,SDA.new,AGR.new,SNM.new,PSU.new,RCY.new,PRS.new,WRS.new,WWT.new,PCC.new,CCH.new,CDA.new,CHA.new,NDA.new,FGA.new,BCA.new,GTP.new,GTI.new,GHO.new,LUF.new,EPI.new
AFG,Afghanistan,40.18,4.86,20.28,65.61,49.72,59.17,36.6,30.52,31.82,6.15,6.15,56.2,56.2,19.02,NA,NA,NA,11.68,24.55,16.22,10.58,8.16,96.43,75.45,40.93,45.39,NA,NA,NA,NA,NA,58.73,54.32,66.93,88.24,93.65,81.63,41.96,41.36,42.55,59.93,34.13,100,5.3,51.99,6.06,6.06,38.38,38.38,40.73,47.95,58,8.29,45.11,44.43,38.05,20.26,0,33.14
ALB,Albania,32.07,38.77,60.79,60.26,62.46,44.85,46.1,77.28,71.65,45.87,45.87,91.69,91.69,41.46,NA,20.44,30.23,71.61,49.23,33.87,20.67,64.87,NA,48.69,26.35,25.99,32.47,19.28,8.43,2.18,100,20.84,20.91,20.71,51.07,47.22,55.78,75.13,100,50.26,31.77,23.67,40.69,7.47,65.73,12.72,12.72,61.48,61.48,56,90.3,100,10.61,82.32,58.22,63.02,77.6,76.91,49.22
DZA,Algeria,14.37,100,29.89,47.85,44.5,25.62,29.18,65.69,54.83,28.21,28.21,40,40,40.42,0,0,0,99.71,87.77,37.04,7.62,70.16,100,48.28,49.19,59.94,47.7,33.87,50.41,48.5,58.02,3.5,5.39,0,87.15,89.35,84.47,49.8,46.67,52.93,62.78,37.66,100,4.39,74.61,76.2,76.2,31.57,31.57,33.43,49.59,49.16,16.02,58.89,25.54,30.94,0,53.73,42.74
AGO,Angola,18.77,17.19,26.62,35.63,38.66,58.66,8.41,23.31,22.23,43.54,43.54,43.89,43.89,28.48,0,0,NA,34.11,74.68,27.34,18.54,32.25,46.79,92.08,68.14,76.02,39.4,42.05,43.83,25.9,45.81,12.4,14.3,8.86,80.03,80.32,79.68,60.69,60.79,60.59,60.84,37.46,92.67,3.15,97.81,4.29,4.29,56.47,56.47,58.17,77.94,46.25,9.14,53.58,58.04,59.47,67.36,31.05,39.46
ATG,Antigua & Barbuda,54.22,80.05,100,34.12,82.5,66.15,89.23,58.37,58.02,72.35,72.35,49.5,49.5,48.04,33.2,83.26,0,51.46,82.12,51.26,26.63,7.58,NA,48.99,71.93,69.38,83.93,NA,100,100,51.8,25.8,25.65,26.07,20.03,2.88,40.99,48.59,51.35,45.82,21.77,3.89,41.7,NA,41.19,44.4,44.4,40.03,40.03,42.04,47.03,51.79,50,58.78,26.73,39.94,14.75,100,48.04
ARG,Argentina,33.61,100,49.5,29.12,64.07,68.45,16.96,72.76,66.94,60.68,60.68,89.3,89.3,28.88,45.5,11.78,75.21,27.85,40.2,12.65,12.15,31.87,32.49,54.46,41.92,40.41,36.86,47.78,25.13,25.79,48.72,12.78,13.45,11.53,71.46,77.59,63.96,56.33,48.53,64.13,83.46,83,100,9.66,29.51,23.61,23.61,42.54,42.54,52.01,46.72,38.18,12.32,50.36,33.76,46.12,34.24,28.06,46.06
ARM,Armenia,9.51,69.21,47.22,64.37,58.6,36.36,42.91,66.45,72.38,36.48,36.48,0.2,0.2,56.88,NA,NA,NA,100,65.34,26.93,37.92,62.95,NA,49.11,35.76,33.33,NA,NA,NA,NA,NA,54.56,54.64,54.4,60.83,60.18,61.62,50,0,100,49.5,18.44,93.91,5.05,49.33,0.56,0.56,27.67,27.67,21.32,52.05,65.92,23.35,63.51,23.42,29.74,0,27.85,43.05
AUS,Australia,88.78,97.41,71.06,16.85,82.52,41.68,18.13,82.34,77.14,90.48,90.48,99.78,99.78,53.14,50.59,61.68,29.37,72.69,59.11,33.98,33.53,65.5,46.79,50.32,55.67,52.42,49.1,44.52,53.66,50.42,47.81,2.18,3.35,0,89.26,94.76,82.54,65.6,70.43,60.77,52.1,53.69,54.74,8.06,58.97,95.77,95.77,42.7,42.7,54.98,49.59,29.34,37.92,48.46,18.26,46.57,43.01,43.28,59.4
AUT,Austria,65.21,85.38,39.25,49.28,55.95,61.12,49.86,87.4,91.84,82.25,82.25,99.54,99.54,61.8,NA,NA,NA,87.35,70.85,48.29,28.71,84.58,36.36,82.41,30.47,20.68,NA,NA,NA,NA,NA,12.25,13.47,10,69.83,65.78,74.77,91.63,100,83.25,56.79,68.51,46.33,8.51,71.56,95.82,95.82,63.7,63.7,62.22,60.69,69.82,70.4,98.49,47.13,68.96,76.34,100,66.8
AZE,Azerbaijan,0,53.04,38.55,70.16,61.94,39.49,41.01,39.85,42.75,19.6,19.6,67.66,67.66,48.15,NA,NA,NA,66.63,66.12,21.31,20.87,65.45,77.97,82.55,25.62,23.55,NA,NA,NA,NA,NA,45.9,50.01,38.28,68.25,61.58,76.4,42.02,25.96,58.08,55.18,54.73,60.5,8.2,64.17,37.43,37.43,32.25,32.25,35.89,49,11.1,27.12,42,26.87,36.21,3.4,24.2,39.76
BHS,Bahamas,71.44,86.26,68.22,11.52,78.33,70.83,84.91,70.82,61.21,59.31,59.31,0,0,38.58,11.58,25.41,22.1,82.57,46.19,50.37,48.15,18.04,NA,14.67,59.39,53,86.5,NA,100,100,59.5,15.15,13.58,18.07,71.49,75.69,66.36,48.68,51.08,46.29,39.12,45.14,33.57,NA,23.35,63,63,26.52,26.52,28.79,34.26,28.61,NA,59.59,12.36,27.86,0,100,44.99
BHR,Bahrain,0,81.29,16.03,20.79,39.99,10.18,25.04,72.31,63.76,56.26,56.26,98.51,98.51,11.92,15.1,0,0,8.68,0,28.35,0,25.89,NA,30.68,43.56,24.86,65.01,26.35,67.79,100,65.89,NA,NA,NA,37.35,30.94,45.19,25.76,44.56,6.97,29.14,20.61,36.14,NA,58.45,94.12,94.12,24.66,24.66,34.98,51.28,0,13.57,100,0,21.61,7.66,NA,31.05
BGD,Bangladesh,16.23,7.06,0,80.3,0.82,17.8,14.94,32.91,33.28,17.21,17.21,58.45,58.45,24.51,70.1,31.56,6.74,14.01,23.87,4.47,2.05,19.02,63.68,39.71,0,0.71,55.99,55.83,60.63,58.01,49.48,5.43,8.35,0,14.18,25.78,0,0,0,0,40.8,53.83,26.27,11,56.59,16.34,16.34,30.46,30.46,27.6,44.45,34.63,8.29,42.46,35.2,36.69,0,30.29,23.46
BRB,Barbados,37.17,100,100,31.35,81.57,91.39,95,62.33,58.27,71.34,71.34,84.54,84.54,9.45,0,0,72.04,1.59,1.68,44.41,0.66,0.76,NA,27.98,36.98,0,84.58,75.97,100,100,62.34,19.11,22.17,13.44,11.38,20.69,0,48.77,50.18,47.37,28.05,35.79,20.21,NA,13.47,48.21,48.21,48.73,48.73,50.97,47.02,42.42,NA,54.78,40.98,50.08,41.87,100,41.43
BLR,Belarus,27.34,90.47,70.4,72.31,63.23,50.42,63.59,71.01,73.68,10.73,10.73,99.99,99.99,39.29,NA,NA,NA,30.03,71.21,23.35,7.4,60.49,45.56,100,28.79,9.63,NA,NA,NA,NA,NA,12.97,10.53,17.5,NA,NA,NA,65.59,82.77,48.41,35.04,28.33,42.26,6.3,73.14,83.31,83.31,47.02,47.02,53.96,51.33,44.93,41.4,68.51,33.48,47.56,43.26,42.26,47.03
BEL,Belgium,73.81,95.7,44.61,45.04,58.98,56.22,66.18,91.67,89.76,83.76,83.76,98.14,98.14,43.13,NA,36.36,4.07,54.51,49.54,37.26,9.09,89.68,18.23,88.27,16.29,0,16.75,10.44,3.83,0,52.72,6.6,9.92,0.43,NA,NA,NA,97.16,100,94.32,38.96,43.98,29.85,NA,61.63,85.37,85.37,61.17,61.17,62.6,60.74,74.55,73.74,100,44.97,63.07,77.2,26.28,60.08
BLZ,Belize,23.43,33.53,45.41,38.14,67.44,81.42,17.98,53.33,50.53,60.14,60.14,0,0,60.91,40.89,31.56,100,94.78,43.11,67.3,58.65,89.74,NA,54.95,73.21,72.09,75.68,51.53,100,100,51.2,5.27,5.81,4.26,19.1,17.24,21.36,43.46,40.89,46.04,48.13,66.8,30.7,6.94,42,31.04,31.04,34.32,34.32,40.26,34.4,4.17,NA,49.42,33,36.64,6.93,16.8,41.35
BEN,Benin,31.38,9.71,23.35,77.78,38.33,60.09,21.4,18.49,19.87,49.32,49.32,25,25,67.02,NA,NA,NA,100,100,34.67,25.35,83.42,100,93.41,24.86,16.16,75.99,99.98,97.94,76.86,29.18,9.99,6.58,16.32,44.2,41.79,47.14,51.6,59.1,44.1,68.57,49.43,100,5.38,71.72,6.69,6.69,28.73,28.73,40.66,18.88,0,8.29,43.58,31.38,28.57,0,0,39.85
BTN,Bhutan,3.72,34.54,0,100,15.31,39.61,12.27,25.88,36.23,42.75,42.75,66.05,66.05,63.97,NA,NA,NA,80.15,77.79,38.14,59.59,66.39,100,67.5,51.49,41.6,NA,NA,NA,NA,NA,37.02,36.74,37.55,91.88,91.93,91.82,46.24,41.34,51.14,43.54,26.49,65.73,5.12,74.89,48.76,48.76,45.4,45.4,47.78,52.97,37.7,NA,46.38,42.37,47.07,33.19,30.06,47.74
BOL,Bolivia,14.03,31.29,43.73,38.39,43.37,86.64,0,50.81,51.48,41.45,41.45,78.99,78.99,55.9,NA,NA,NA,84.95,56.82,30.39,38.14,69.24,2.22,56.81,69.89,67.75,NA,NA,NA,NA,NA,3.76,4.83,1.76,69.01,71.35,66.14,39.67,35.14,44.19,73.68,58.11,97.02,NA,42.75,14,14,28.27,28.27,34.08,34.63,0,26.5,63.01,24.69,25.61,0,35.6,39.25
BIH,Bosnia & Herzegovina,11.52,33.1,40.16,79.94,59.1,32.07,34.92,72.48,70.78,39.06,39.06,78.37,78.37,39.96,NA,NA,NA,30.72,82.48,33.66,9.43,46.81,60.53,44.14,25.34,20.3,NA,NA,NA,NA,NA,24.39,32.15,9.98,27.78,22.84,33.82,70.77,90.74,50.8,43.13,40.46,50.75,0.02,52.09,65.31,65.31,47.89,47.89,52.2,58.02,57.79,26.6,83.82,35.52,44.54,43.29,100,42.88
BWA,Botswana,30.57,34.59,33.93,99.45,62.91,45.51,13.52,26.94,29.49,61.67,61.67,76.32,76.32,68.56,NA,NA,NA,82.26,78.79,42.82,43.38,94.24,87.42,93.9,55.07,55.12,NA,NA,NA,NA,NA,53.72,54.38,52.49,100,100,100,86.32,72.65,100,32.4,6.52,57.06,NA,93.76,36,36,37.2,37.2,37.26,66.32,46.03,8.29,50.55,34.47,41.64,19.7,0,51.77
BRA,Brazil,35.13,52.58,35.95,28.42,53.43,43.19,13.85,56.33,57.34,67.35,67.35,79.9,79.9,56.88,44.58,70.95,53.34,76.74,59.83,32.49,52.73,68.29,28.41,30.31,63.22,49.37,42.64,11.32,57.09,53.6,48.54,9.9,11.59,6.75,44.77,39.74,50.92,70.93,65.55,76.31,58.76,77.61,30.71,100,53.48,43.41,43.41,41.5,41.5,53.75,37.11,10.98,30.9,67.47,33.34,41.67,22.83,22.34,48.27
BRN,Brunei Darussalam,49.9,79.1,68.07,51.65,36.8,55.76,0,87.79,84.02,94.72,94.72,100,100,38.83,0,0,NA,100,44.45,14.85,29.33,87.15,NA,44.78,64.12,100,40.66,31.58,49.06,33.24,48.76,24.15,23.95,24.53,NA,NA,NA,1.47,2.94,0,5.85,0.89,10.7,0,22.43,68.14,68.14,14.81,14.81,9.91,75.23,0,14.83,76.33,0,8.71,0,29.91,37.71
BGR,Bulgaria,12.78,54.61,53.47,70.76,57.86,16.58,42.47,86.37,69.68,37.85,37.85,94.04,94.04,72.02,NA,88.47,0,99.94,99.23,37.73,44.95,94.86,66.91,74.17,17.38,12.09,28.78,52.73,9.43,2.95,50,26.45,27.81,23.91,41.75,39.45,44.56,94.85,89.7,100,60.91,61.46,66.16,4.29,70.08,74.64,74.64,64.18,64.18,71.41,63.62,42.42,21.63,68.96,53.44,66.64,97.43,100,59.77
BFA,Burkina Faso,41.54,11.31,33.62,84.45,50.69,74.91,15.23,21.97,23.33,54.1,54.1,17,17,53.98,NA,NA,NA,55.31,88.86,29.14,17.99,83.89,100,94.74,8.7,3.63,NA,NA,NA,NA,NA,NA,NA,NA,47.74,46.91,48.75,21.45,21.18,21.73,67.46,41.97,100,39.3,90.22,2.14,2.14,21.22,21.22,10.42,37.28,39.99,8.29,42.67,34.83,22.13,0,NA,35.24
BDI,Burundi,47.98,6.44,36.79,79.1,19.53,33.83,17.81,14.19,15.13,46.87,46.87,12.53,12.53,37.68,NA,NA,NA,26.44,89.44,24.93,3.9,39.04,NA,70.27,41.5,29.22,NA,NA,NA,NA,NA,22.51,17.31,32.16,14.29,14.29,NA,35.36,32.45,38.26,52.68,53.91,54.6,0.68,77.07,0,0,10.28,10.28,0,17.32,0,8.29,43.56,23.72,10.28,0,14.36,24.39
CPV,Cabo Verde,27.41,24.97,52.19,66.26,78.36,87.92,94.1,33.52,35.8,50.43,50.43,5.1,5.1,19.54,3.02,5.85,15.53,49.71,9.21,21.82,16.32,24.34,NA,62.29,43.81,42.81,52.63,34.82,100,61.13,14.56,NA,NA,NA,82.7,73.51,93.93,12.33,5.51,19.16,27.55,7.04,50.15,NA,51.85,16.47,16.47,39.53,39.53,41.61,34.29,60.9,NA,27.58,40.57,42.11,13.97,NA,32.75
KHM,Cambodia,40.65,10.25,30.24,65.04,45.77,45.42,7.02,40.96,41.66,36.97,36.97,54,54,62.39,NA,63.1,0,100,72.61,33.73,50.15,89.56,38.44,28.24,22.02,32.49,40.98,85.91,16.02,10.72,51.26,3.26,4.04,1.81,5.28,0.42,11.23,0,0,0,70.28,54.62,100,10.86,48.61,46.79,46.79,12.46,12.46,0,37.08,53.85,8.29,46.61,15.87,12.86,0,11.51,31.21
CMR,Cameroon,13.88,9.27,22.67,70.99,38.2,47.64,4.58,15.78,16.33,34.43,34.43,32.85,32.85,36.88,NA,NA,NA,33.06,67.72,24.68,16.53,30.59,29.7,49.11,63.76,72.16,70.6,89.45,88.06,76.19,28.71,18.3,12.79,28.51,42.62,38.06,48.19,48.51,48.52,48.5,65.98,45.97,100,0.83,59.06,0,0,44.09,44.09,51.12,53.74,35.32,10,32.26,46.2,44.47,27.8,38.33,34.9
CAN,Canada,82.98,100,51.13,16.76,57.65,41.76,56.47,86.74,93.95,90.35,90.35,100,100,36.41,23.92,13.94,34.04,40.08,41.13,25.33,14.99,76.2,42.51,88.36,89.69,100,41.71,54.72,34.47,27.97,49.66,5.35,7.78,0.84,90.93,89.67,92.47,86.98,80.62,93.35,60.67,60.11,59.84,100,33.57,68.3,68.3,48.04,48.04,53.88,58.37,32.88,54.58,100,24.26,49.9,47.33,56.44,57.78
CAF,Central African Rep.,33.07,2.32,6.94,70.38,32.9,78.44,0,4.54,4.8,32.95,32.95,5.52,5.52,49.82,NA,NA,NA,39.75,67.54,25.92,30.06,66.76,44.62,93.07,73.34,100,NA,NA,NA,NA,NA,30.47,28.28,34.53,92.32,86.04,100,31.91,34.37,29.45,62.94,30.22,100,NA,93.71,0,0,17.78,17.78,3.83,33.31,69.36,8.29,53.22,39.47,0,17.46,45.29,31.53
TCD,Chad,19.65,3.96,24.42,94.66,53.47,85.78,0,1.54,1.65,28.03,28.03,19.83,19.83,51.44,NA,NA,NA,61.48,71.85,28.41,21.37,72.02,79.57,82.51,35.91,34.33,NA,NA,NA,NA,NA,0.64,0.98,0,76.43,74.16,79.2,23.41,7.58,39.25,60.69,28.02,100,NA,72.98,2.35,2.35,14.52,14.52,34.53,0,0,8.29,42.9,6.71,0,0,0,27.65
CHL,Chile,36.07,63.25,62.13,26.84,24.88,1.08,27.67,73.52,74.05,89.68,89.68,92.68,92.68,41.44,44.31,15.79,91.25,56.13,58.51,30.71,36.03,29.9,63.2,25.19,70.51,89.64,85.46,88.11,94.34,98.8,60.58,21.14,16.93,28.95,84.43,84.03,84.93,55.46,46.27,64.65,36,40.14,34.41,0.03,43.18,87.89,87.89,44.47,44.47,53.6,42.82,63.28,5.04,69.96,35.81,47.36,29.66,46.96,50.95
CHN,China,10.65,41.79,24.96,56.17,4.56,0,29.5,66.71,68.39,45.35,45.35,93.26,93.26,10.6,7.97,18.35,31.87,2.89,3.98,5.8,1.66,10,71.91,45.15,29.9,28.06,40.55,66.32,24.67,25.29,45.94,18.61,17.76,20.18,84,81.65,86.86,92.35,84.69,100,50.24,58.61,32.27,100,60.5,64.03,64.03,29.69,29.69,32.95,45.9,32.41,28.69,88.74,13.8,25.12,0,100,33.88
COL,Colombia,33.26,63.28,59.46,33.74,45.7,57.88,9.25,61.63,54.47,66.71,66.71,84.85,84.85,62.87,50.64,97.53,18.71,85.85,84.53,49.45,28.89,53.34,24.3,25.68,80.93,73.09,52.32,39.36,63.17,50.62,56.12,19.13,19.01,19.35,60.54,54.17,68.33,51.18,48.93,53.43,41.98,48.74,30.2,62.48,48.16,17.21,17.21,37.58,37.58,47.39,31.39,11.62,8.99,93.31,32.72,39.43,9.08,42.75,48.83
COM,Comoros,82.9,13.57,76.9,44.54,78.86,89.82,84.42,21.67,23.49,85.35,85.35,34.97,34.97,44.44,23.35,11.77,100,100,41.12,44.14,48.89,40.55,NA,22.45,54.48,61.29,67.32,0.07,100,100,69.21,21.27,24.17,15.87,48.08,42.49,54.91,22.55,21.38,23.72,68.43,42.24,100,NA,77.78,0,0,9.59,9.59,0,30.86,13.59,50,43.66,4.63,0.06,0,73.22,33.52
CRI,Costa Rica,34.78,58.32,58.67,40.98,63.84,51.85,20.66,76.93,64.66,56,56,88.85,88.85,69.6,44.97,83.13,51.42,84.81,52.04,81.79,92.51,57.36,55.8,47,74.26,82.03,40.68,0,50.58,46.63,65.5,22.98,22.66,23.57,22.17,17.15,28.3,65.84,47.04,84.64,38.34,43.59,34.97,1.98,49.12,24.09,24.09,36.78,36.78,43.01,26.64,40.25,8.65,70.55,32.85,42.87,6.36,57.32,49.28
CIV,Côte d'Ivoire,23.06,10.01,33.05,62.36,46.72,67.59,13.59,21.25,22.15,41.9,41.9,29.39,29.39,48.57,0,NA,NA,75.73,93.6,34.72,23.17,85.33,11.83,69.07,26,15.12,43.66,59.46,69.41,14.77,30.99,5.22,4.65,6.27,46.54,25.21,72.61,15.07,0,30.14,63.98,37.01,100,NA,45.49,18.47,18.47,23.67,23.67,24.35,35.85,0,8.29,18.6,28.8,29.24,0,5.13,30.85
HRV,Croatia,30.47,66.17,37.72,58.23,53.81,42.26,36.57,85.5,73.5,59.46,59.46,89.07,89.07,60.49,37.06,66.44,19.81,100,95,36.65,37.39,83.62,57.61,41.26,16.51,16.2,58.21,66.57,63.3,61.33,41.65,17.54,19.12,14.61,21.83,16.85,27.91,89.84,79.68,100,60.21,63.02,61.92,0.47,78.23,34.28,34.28,47.21,47.21,49.76,61.88,70.6,13.67,85.21,34.91,48.77,32.2,100,52.82
CYP,Cyprus,37.27,100,27.54,42.36,66.63,40.98,44.32,87.99,83.98,71.38,71.38,76.26,76.26,48.3,24.13,7.94,0,100,59.94,36.05,79.44,61.35,NA,47.33,33.97,48.62,37.02,21.89,51.67,74.52,0,21.13,22.66,18.29,62.65,65.53,59.13,84.45,82.88,86.01,20.33,10.22,29.42,NA,48.61,72.72,72.72,43.55,43.55,50.76,27.71,39.28,30.3,64.49,33.76,47.3,28.79,100,53.34
CZE,Czechia,45.5,86.92,39.82,79.29,53.32,41.35,53.53,87.79,68.99,64.16,64.16,100,100,61.44,NA,NA,NA,69.91,98.4,36.57,19.88,95.56,42.25,84.82,21.65,8.71,NA,NA,NA,NA,NA,1.93,2.96,0,24.82,18.41,32.65,97.68,95.36,100,73.23,63.29,86,NA,70.55,91.45,91.45,66.46,66.46,70.45,58.1,91.25,47.65,76.36,50.49,67.9,100,100,62.9
COD,Dem. Rep. Congo,36.42,6.29,12.3,58.23,25.89,28.42,0,27.84,29.51,29.65,29.65,24.6,24.6,49.95,NA,NA,NA,49.44,65.98,27.62,25.33,63.36,74.13,81.64,75.53,88.67,NA,NA,NA,NA,NA,11.53,11.53,NA,75.28,73.77,77.13,27.74,31.99,23.48,62.1,37.37,100,10.61,57.8,15.78,15.78,12.24,12.24,0,12.92,33.85,8.29,14.67,24.7,19.53,0,20.56,30.01
DNK,Denmark,82.04,100,41.19,39.51,65.27,67.52,79.41,93,89.07,93.56,93.56,100,100,49.59,49.93,62.36,7.22,50.32,67.65,27.61,7.49,93.32,67.9,91.93,21.01,1.44,48.29,71.01,41.62,35.78,44.74,11.93,12.82,10.27,40.61,33.38,49.46,80.94,94.97,66.92,54.91,64.06,43.9,35.29,71.23,98.97,98.97,70.92,70.92,68.28,59.73,68.87,93.51,100,52.07,88.79,88.89,15.9,66.57
DJI,Djibouti,9.7,20.88,55.83,48.49,62.45,62.84,58.13,18.14,19.24,68.25,68.25,62,62,5.71,0,0,NA,4.42,2.07,12.86,1.27,4.16,NA,43.08,40.52,42.02,80.61,83.69,100,100,38.76,NA,NA,NA,84.15,100,64.77,12.64,6.7,18.57,55.51,59.48,46.68,NA,86.34,11.07,11.07,32.05,32.05,32.86,29.44,43.98,NA,37.02,34.7,34.58,0,NA,26.92
DMA,Dominica,40.43,41.42,100,9.86,81.79,83.15,81.78,60.34,55.95,57.85,57.85,100,100,39.73,2.47,0,13.94,70.38,89.84,80.95,27.66,25.42,NA,0,75.63,86.26,47.95,28.85,25.4,100,37.54,33.83,31.41,38.34,NA,NA,NA,48.03,50.19,45.86,49.44,41.82,60.38,NA,38.04,39.07,39.07,48.65,48.65,50.38,47.59,42.08,NA,52.43,43.5,49.74,36.28,100,46.06
DOM,Dominican Republic,21.21,35.03,63.11,39.96,63,58.82,29.81,49.97,46.91,20.94,20.94,34.34,34.34,62.18,59.65,86.84,100,70.06,95.84,39.19,27.31,53.28,80.46,7.36,49.82,48.58,88.1,99.25,100,100,53.17,9.05,11.43,4.63,39.77,35.79,44.63,28.76,20.97,36.56,90.72,86.83,100,NA,55.4,34.63,34.63,21.62,21.62,23.77,29.65,4.78,8.29,28.88,17.35,25.7,0,64.52,38.39
ECU,Ecuador,22.64,49.68,66.27,34,49.46,69.22,14.69,57.05,54.71,47.12,47.12,7.8,7.8,52.9,49.43,75.92,13.73,64.44,64.5,38.3,40.64,41.11,21.25,14.99,81.47,83.25,72.34,72.44,91.61,83.2,42.13,22.19,21.18,24.07,60.64,57.54,64.41,54.41,45.48,63.34,39.18,38.61,43.33,16.67,34.19,36.8,36.8,41.92,41.92,42.8,56.78,75.12,8.62,57.57,39.22,43.73,26.52,41.7,45.46
EGY,Egypt,0,56.39,28.79,27.4,25.73,3.01,37.05,50.58,53.72,0,0,26.5,26.5,33.12,17.17,26.61,5.11,42.63,44.56,29.02,24.29,38.98,82.63,73.59,52.13,76.07,37.35,30.5,23.82,30.29,64.79,50.39,49.42,52.19,33.56,27.76,40.63,70.15,57.22,83.08,53.41,55.97,50.93,56.69,44.35,62.61,62.61,42.57,42.57,44.14,64.79,69.7,13.97,46.64,40.5,45.52,23.75,5.02,38.48
SLV,El Salvador,12.73,35.61,41.16,61.8,46.99,36.22,2.93,47.93,48.27,34.82,34.82,72.03,72.03,23.46,0,12.68,100,24.06,45.48,24.57,20.38,16.42,NA,44.31,48.18,38.28,30.72,17.84,19.39,29.94,55.7,24.41,24.55,24.14,1.25,0,2.78,69.02,53.12,84.91,52.19,55.79,54.42,0.35,50.11,2.5,2.5,30.47,30.47,27.31,41.25,61.82,8.45,44.29,29.78,32.56,0,100,29.54
GNQ,Equatorial Guinea,0,45.84,22.64,82.96,52.28,66.2,18.1,35.25,33.97,34.83,34.83,54.74,54.74,48.56,37.78,7.47,100,59.16,100,31.77,27.54,70.54,NA,30.14,72.37,77.62,60.11,95.45,44.29,15.94,84.77,25,19.82,34.61,21.83,34.58,6.24,46.68,44.33,49.03,59.5,26.55,100,NA,64.93,31.09,31.09,44.86,44.86,49.85,53.75,53.05,8.29,48.74,41.19,46.61,43.44,41.3,40.52
EST,Estonia,93.45,72.05,75.23,65.72,60.88,37.75,70.18,71.45,71.16,54.44,54.44,100,100,67.06,82.49,94.17,46.62,65.78,95.6,25.27,15.36,95.49,50.41,93.43,38.23,16.43,60.24,53.94,69.26,90.06,27.71,6.9,4.04,12.22,58.52,55.55,62.15,98.41,96.81,100,55.84,55.39,61.75,0.26,68.74,91.69,91.69,90.58,90.58,100,100,54.67,64.74,90.02,79.65,95.91,100,62.21,74.79
SWZ,Eswatini,21.24,16.76,32.84,90.76,37.74,36.4,17.06,28.37,29.65,55.2,55.2,55.35,55.35,24.61,NA,NA,NA,15.53,28.67,25.25,20.73,15.79,NA,88.3,43.73,44.1,NA,NA,NA,NA,NA,16.3,13.75,21.04,45.99,46.02,45.96,48.95,37.75,60.15,58.78,42.26,77.8,NA,71.77,16.95,16.95,45.3,45.3,42.62,49.73,55.7,NA,60.55,44.3,46.57,28.92,71.66,34.41
ETH,Ethiopia,53.83,8.62,47.55,100,34.57,69.63,13.68,19.89,21.63,50.26,50.26,40,40,39.1,NA,NA,NA,56.5,29.02,25.36,28.77,49.65,100,48.93,39.83,35.13,NA,NA,NA,NA,NA,19.63,23.25,12.9,84.37,90.85,76.46,22.98,15.74,30.21,63.6,46.53,80.49,100,62.78,2.96,2.96,25.81,25.81,29.12,22.65,0.61,50,28.4,30.43,20.71,0,14.72,33.88
FJI,Fiji,31.31,24.91,66.89,38.19,91.91,65.5,49.67,45.7,44.14,34.64,34.64,90.23,90.23,13.51,21.18,4.29,86.73,8.14,5.46,8.9,4.13,3.95,NA,16.4,65.09,82.88,72.13,36.97,100,100,51.55,30.33,25.88,38.59,53.81,56.2,50.87,54.69,53.41,55.97,58.47,70.53,46.91,NA,30.28,39.88,39.88,42.26,42.26,51.21,31.05,27.64,8.29,62.08,39.66,43.68,20.43,100,35.54
FIN,Finland,100,100,80.13,31.06,64.85,69.14,76.1,100,100,90.08,90.08,100,100,51.11,NA,59.68,38.91,43.48,83.93,21.14,15.9,73.21,78.68,93.89,55.71,51.08,78.13,95.58,100,91.3,25.63,13.33,5.75,27.4,99.38,98.87,100,99.25,100,98.51,45.27,39.66,52.17,32.53,58.98,89.53,89.53,66.32,66.32,78.67,8.93,80.68,74.85,96.73,52.2,68.87,100,30.78,71.04
FRA,France,78.31,97.74,56.48,36.87,59.66,63.27,56.13,93.63,89.69,97.59,97.59,98.21,98.21,55.69,72.98,36.78,16.67,86.56,80.15,37.3,28.09,72.65,68.06,49.35,15.65,8.68,44.09,36.15,49.28,46.87,44.08,15.21,17.9,10.21,58.19,54.87,62.25,90.5,100,81,66.05,65.59,63.17,100,59.85,86.75,86.75,73.5,73.5,66.26,62.76,87.67,94.92,100,55.85,87.36,92.89,100,69.82
GAB,Gabon,0,52.45,37.36,59.81,46.91,69.61,8.2,29.62,29.77,55.3,55.3,56,56,68.4,NA,98.18,8.03,73.52,84.1,33.54,35.39,86.52,49.42,83.95,76.47,95.01,56.55,87.38,35.5,32.97,70.34,31.9,30.73,34.06,80.34,79.32,81.58,75.61,72.54,78.69,40.27,31.49,57.26,0.11,32.31,35.91,35.91,40.12,40.12,52.66,43.07,46.01,8.33,76.88,28.35,36.01,22.37,55.83,48.84
GMB,Gambia,28.23,6.91,35.18,71.05,49.9,29.02,28.9,27.86,28.95,42.19,42.19,0,0,20.59,NA,0.27,100,25.1,15.94,28.49,5.81,22.99,NA,90.48,15.24,16.96,81.13,99.98,100,73.52,51,47.09,18.59,100,34.12,40.6,26.21,17.41,13.28,21.54,50,14.48,100,0.21,54.98,10.53,10.53,38.35,38.35,25.39,57.06,92.88,NA,35.78,46.03,44.03,24.62,0,30.19
GEO,Georgia,12.63,40.69,39.62,77.93,63.65,44.92,34.77,62.92,66.63,28.67,28.67,87.88,87.88,45.11,NA,47.51,0,74.93,48.09,33.44,22.85,52.01,66.1,79.85,30.33,29.82,49.25,34.26,76.19,67.1,19.46,48.22,49.89,45.12,68.23,65.31,71.79,49.62,52.85,46.4,31.84,18.28,51.37,0.84,42.08,50.24,50.24,37.74,37.74,35.26,54.97,44.8,23.56,85.01,30.41,39.59,7.97,100,42.67
DEU,Germany,65.49,87.66,42.18,60.88,59.38,62.93,58.57,94.75,93.36,81.61,81.61,100,100,67.72,NA,84.56,0,100,78.26,40.09,33.28,98.17,45.83,89.78,21.8,10.68,43.5,45.42,49.99,25.56,53.02,4.85,6.27,2.22,48.68,46.26,51.63,87.57,100,75.13,68.12,73.6,64.58,44.43,65.37,99.12,99.12,73.04,73.04,72.66,70.58,93.23,75.45,86.15,56.7,75.81,100,100,69.93
GHA,Ghana,13.63,9.66,33.65,69.05,40.31,61.08,18.11,28.12,28.61,45.71,45.71,81.82,81.82,35.57,0,0,NA,49.53,91.37,31.61,14.17,77.59,85.19,62.27,22.58,11.88,51.79,17.38,78.57,72.29,38.92,3.31,2.15,5.46,43.54,38.98,49.12,60.48,31.38,89.59,70.39,53.46,100,8.24,64.89,15.54,15.54,18.41,18.41,14.27,29.34,0,8.39,33.38,22.8,23.42,0,30.36,28.6
GRC,Greece,42.75,100,46.23,36.66,60.76,38,46.69,93.11,99.82,63.04,63.04,98.7,98.7,55.96,34.14,72.19,0,100,85.21,30.64,35.91,58.77,73.44,33.35,28.62,38.76,54.22,42.87,51.46,48.96,73.57,7.84,11.26,1.49,63.41,60.3,67.22,86.86,75.09,98.63,50.56,44.47,60.69,31,50.05,92.11,92.11,72.8,72.8,76.46,56.47,79.25,68.46,100,59.57,73.27,100,100,66.03
GRD,Grenada,31.62,43.64,83.76,8.97,79.46,87.01,87.68,57.03,54.69,57.25,57.25,98.5,98.5,25.98,3.42,0,14.21,27.25,60.62,65.23,20.25,13.04,NA,0,75.79,45.14,68.36,47.74,100,99.99,25.72,31.34,22.48,47.77,NA,NA,NA,48.36,50.76,45.97,48.22,45.41,55.04,NA,21.65,44.47,44.47,27.08,27.08,27.85,28.99,4.82,36.01,51.36,21.21,27.43,0,100,35.67
GTM,Guatemala,22.34,19.85,60.01,64.39,39.78,38.04,1.32,32.33,30.12,42.15,42.15,41.9,41.9,43.93,20.1,55.03,100,66.55,35.62,38.55,47.68,34.52,5.06,14.3,63.29,65.31,42.33,31.19,38.62,43.28,56.22,4.31,6.63,0,7.08,4.56,10.15,28.91,19.35,38.48,54.09,64.47,46.77,13.49,49.45,23.94,23.94,29.96,29.96,34.5,27.66,38.74,14.02,15.98,32.21,35.35,0,18.36,31.49
GIN,Guinea,34.14,4.98,28.26,83.54,36.92,62.6,4.45,22.1,23.32,34.24,34.24,5,5,60.33,27.21,81.06,100,96.28,69.38,34.89,38.32,69.73,66.75,61.55,50.77,57.07,35.75,24.18,44.06,24.57,50.18,2.71,0.75,6.35,22.88,14.43,33.21,19.08,17.35,20.8,61.03,33.32,100,5.97,81.41,0,0,18.51,18.51,26.2,10.63,0,8.29,39,21.72,14.06,0,9.66,30.37
GNB,Guinea-Bissau,27.48,3.65,29.21,81.02,49.91,51.42,13.94,16.65,17.28,27.27,27.27,12.84,12.84,48.72,31.75,47.62,100,87.9,23.44,41.3,35.02,61.29,NA,80.04,47.86,44.57,56.38,93.45,100,13.18,18.9,3.8,5.84,0,27.25,16.71,40.14,24.61,25.01,24.22,54.21,28.71,83.31,NA,76.34,20,20,19.06,19.06,0,34.14,46.96,NA,45.06,35.53,24.83,0,17.45,27.95
GUY,Guyana,8.95,43.61,97.71,23.07,70.78,92.71,19.57,47.89,43.22,37.42,37.42,55,55,48.36,NA,NA,NA,27.85,100,50.61,16.54,36.53,51.41,12.43,96.98,95.78,32.75,25.21,26.37,21.47,57.94,30.42,24.42,41.55,47.91,76.71,12.72,30.54,24.61,36.47,86.3,87.46,100,0.01,51.38,33.41,33.41,3.67,3.67,0,0,35.45,NA,38.57,0,0,0,61.4,30.32
HTI,Haiti,42.87,2.71,40.11,38.44,58.63,76.64,34.53,23.79,24.71,10.62,10.62,0,0,21.84,18.42,16.13,NA,25.01,31.39,29.11,7.39,22.08,NA,0,50.67,48.63,82.01,NA,100,100,46.02,16.69,19.18,12.06,27.12,32.55,20.5,49.05,49.74,48.37,43.11,29.17,53.65,NA,98.26,0,0,47.11,47.11,48.38,47.5,53.05,NA,46.72,48.12,41.55,31.9,100,31.97
HND,Honduras,28.37,20.07,37.74,60.06,55.78,53.2,0,43.15,44.87,29.4,29.4,22.31,22.31,54.04,29.21,78.14,0,59.37,85.71,40.92,40.59,67.53,0,13.41,64.23,54.66,39.76,33.52,55.43,52.45,17.64,4.81,7.4,0,49.12,44.62,54.61,53.75,56.68,50.83,34.87,32.42,41.46,0.12,41.35,19.47,19.47,31.94,31.94,35.26,34.52,39.59,8.29,77.79,33.19,31.21,0.04,32.16,37.37
HUN,Hungary,31.07,55.13,34.29,68.21,56.45,31.98,49.42,72,65.07,40.81,40.81,97.18,97.18,53.26,NA,NA,NA,73.93,83.42,27.04,14.36,84.1,34.11,67.31,0.28,2.32,NA,NA,NA,NA,NA,10.19,10.32,9.95,NA,NA,NA,90.79,81.58,100,69.22,66.78,79.75,3.08,75.62,72.24,72.24,58.53,58.53,60.8,54.46,68.11,46.63,98.52,46.63,58.86,64.26,100,54.78
ISL,Iceland,100,100,56.23,26.17,71.78,88.46,94.14,97.47,96.41,81.85,81.85,71.81,71.81,37.02,30.18,46.01,0,47.61,32.2,33.61,34.84,17.81,100,52.22,80.78,100,50.55,77.15,45.49,29.98,49.58,NA,NA,NA,95.3,100,89.56,68.11,78.59,57.62,15.4,0,30.73,NA,46.78,1.63,1.63,49.87,49.87,48.37,70.63,81.27,59.51,100,29.56,51.49,40.88,NA,58.37
IND,India,0.49,13.95,0,83.49,0,8.94,18.55,27.05,25.88,28.04,28.04,18.4,18.4,9.09,9.54,17.97,48.23,1.13,2.87,3.58,0.6,9.29,72.25,31.62,0.07,3.44,32.69,56.38,20.05,15.62,38.7,17.97,16.71,20.32,52.88,48.7,58,51.99,55.16,48.82,49.2,52.72,38.89,100,45.75,28.83,28.83,28.01,28.01,28.22,36.82,10.35,23.2,54.52,25.36,26.71,0,100,22.46
IDN,Indonesia,9.21,29.91,33.21,60.21,40.77,18.85,10.96,37.81,31.06,33.6,33.6,50.45,50.45,32.82,20.98,35.08,57.15,37.84,43.96,18.32,16.99,42.01,43.96,43.63,57.69,56.67,36.98,55.75,32.22,25.22,34.73,12.71,11.58,14.83,59.02,56.56,62.03,8.34,1.77,14.92,58.37,55.46,56.69,100,59.32,29.77,29.77,16.76,16.76,22.84,4.09,26.8,12.06,34.29,12.82,17.63,0,12.19,26.24
IRN,Iran,7.64,79.67,25.9,45.11,23.29,7.52,22.92,57.32,60.03,37.92,37.92,34,34,35.85,24.28,67.19,64.43,20.26,62.49,19.55,8.12,26.34,100,66.57,37.41,35.24,50.62,60.25,68.03,57.82,16.37,59.77,62.61,54.51,82.43,83.99,80.53,41.84,47.96,35.71,55.68,32.56,79.73,100,50.17,26.39,26.39,24.16,24.16,34.07,36.14,11.22,16.84,61.1,13.17,18.16,0,28.68,38.42
IRQ,Iraq,0,56.33,21.68,45.1,32.12,11.35,22.52,56.89,51.54,22.62,22.62,58.72,58.72,14.89,NA,NA,NA,4.88,16.97,19.7,3,12.97,94.87,38.64,36.56,31.12,NA,NA,NA,NA,NA,69.77,57.59,92.4,79.55,80.52,78.37,13.86,0.85,26.87,42.88,32.36,55.73,3.9,84.25,41.81,41.81,15,15,17.99,40.66,18.04,9.79,6.93,11.55,10.82,0,0,26.55
IRL,Ireland,80.16,100,86.17,49.37,69.51,61.84,83.47,91.86,98.09,80.71,80.71,98.73,98.73,44.8,46.52,34.1,21.7,46.79,70.06,32.37,10.13,75.75,100,74.81,32.68,34.41,44.29,40.08,57.06,27.89,52.1,5.7,8.77,0,41.71,42.14,41.17,89.22,87.54,90.89,45.49,48.83,30.06,100,80.93,50.79,50.79,64.36,64.36,61.32,61.58,75.36,80.41,100,39.46,86.07,70.7,23.47,62.01
ISR,Israel,43.83,100,40.77,42.77,25.28,0,40.92,85.16,85.73,95.77,95.77,100,100,30.13,NA,0,42.93,73.1,24.8,28.59,25.73,35.98,NA,0,36.58,35.38,35.92,20.81,26.09,21.04,75.76,21.07,23.96,15.71,47.78,58.76,34.35,80.2,71.11,89.29,41.91,33.76,56.9,0.27,45.24,94.95,94.95,47.89,47.89,57.5,31.78,52.19,26.97,100,37.91,52.34,42.83,0,51.69
ITA,Italy,49.49,91.47,38.58,47,53.77,50.87,44.11,96.61,97.51,88.08,88.08,91.44,91.44,49.1,39.99,70.6,0,72.07,73.62,33.97,16.77,57.77,85.75,24.28,17.96,15.29,43.32,45.6,30.62,34.57,62.5,16.89,17.75,15.28,57.96,58.62,57.16,96.1,97.14,95.05,49.29,42.53,49.9,100,61.23,70.68,70.68,61.78,61.78,60.8,54.96,80.27,58.91,100,47.6,66.8,69.87,100,61.56
JAM,Jamaica,23.08,41.08,53.25,38.82,65.97,42.38,44.27,52.23,52.14,61.35,61.35,0,0,44.86,10.06,75.97,100,63.39,58.12,40.28,23.14,32.25,NA,0,56.44,65.55,83.46,87.8,100,100,46.04,21.6,22.27,20.36,13.52,10.28,17.48,80.4,60.8,100,44.89,49.48,43.41,0,55.59,33.69,33.69,47.13,47.13,50.21,57.17,46.45,27.07,37.64,43.82,46.39,35.93,100,44.08
JPN,Japan,59.37,98.19,59.76,30.33,58.61,34.9,43.32,85.02,79.29,100,100,95.71,95.71,45.1,63.78,42.55,0,95.79,27.15,27.46,17.07,59.36,43.43,16.13,28.91,29.92,48.43,40.79,54.85,39.84,58.23,26.77,23.73,32.42,63.32,64.66,61.7,100,100,100,39.25,52.31,27.25,5.46,38.45,98.58,98.58,62.86,62.86,66.16,55.32,66.12,43.06,94.58,48.67,65.24,88.23,100,63.15
JOR,Jordan,7.09,100,41.72,44.44,31.18,0,35.81,65.63,61.47,76.89,76.89,55,55,21.47,NA,NA,NA,15.36,14.94,27.99,9.38,18.75,67.73,74.05,43.26,49.43,NA,NA,NA,NA,NA,47.02,48.61,44.06,63.81,62.4,65.54,99.34,98.68,100,47.13,28.95,75.34,0.42,49.87,77.42,77.42,46.03,46.03,60.7,15.7,41.18,8.89,90.87,45.45,46.58,36.9,0,46.72
KAZ,Kazakhstan,11.41,59.5,19.34,77,63.46,34.11,52.32,64.35,69.44,39.92,39.92,79.74,79.74,31.25,NA,NA,NA,32.43,33.75,14.88,10.78,52.13,100,65.58,37.3,30.17,NA,NA,NA,NA,NA,19.91,27.1,6.56,82.95,78.92,87.87,35.48,35.15,35.81,65.65,34.66,100,100,66.4,30.3,30.3,43.3,43.3,59.18,33.76,4.02,22.02,88.15,25.98,44.89,51.92,10.77,41.26
KEN,Kenya,54.04,13.13,51.96,72.99,23.88,47.85,15.8,21.7,22.63,76.17,76.17,68.24,68.24,38.88,13.21,50.68,0,45.38,59.9,28.28,23.16,58.99,100,46.53,39.61,34.27,64.69,69.07,78.4,90.45,20.86,18.54,17.67,20.15,73.61,83.52,61.5,49.37,31.42,67.32,50.28,42.19,49.98,100,83.83,11.18,11.18,24.35,24.35,25.03,22.59,6.85,26.5,32.97,28.62,26.87,0,20.1,36.1
KIR,Kiribati,94.28,11.92,19.48,62.32,91.47,100,100,29.03,29.96,50.43,50.43,53.07,53.07,18.96,7.96,23.61,24.12,58.35,29.72,7.48,2.4,0,NA,25.7,52.09,0,74.36,81.05,100,100,16.4,NA,NA,NA,NA,NA,NA,63.47,71.53,55.41,58.45,23.27,100,NA,77.78,32.9,32.9,33,33,36.98,22.92,20.79,NA,60.56,35.57,33.86,0,NA,36.26
KWT,Kuwait,4.09,100,57.49,6.58,32.1,0,13,82.99,69.13,32.25,32.25,100,100,37,10.17,0,49.34,55.28,86.79,29.78,18.41,65.89,NA,63.9,44.23,36.16,29.45,0,29.57,24.76,63.47,NA,NA,NA,43.68,48.49,37.8,51.61,42.32,60.9,25.96,35.75,7.6,NA,74.98,100,100,22.47,22.47,34.25,50.42,21.57,10.31,100,0,12.07,0,NA,39.19
KGZ,Kyrgyzstan,28.76,18.33,24.24,65.86,60.39,39.34,44.49,52.69,58.43,16.37,16.37,47,47,16.13,NA,NA,NA,11.74,13.67,16.38,3.28,13.68,69.22,64.03,45.42,43.65,NA,NA,NA,NA,NA,57.6,58.11,56.65,87.45,90.13,84.16,71.42,99,43.83,43.41,38.41,53.58,3.67,51.75,21.86,21.86,33.06,33.06,39.02,28.04,29.19,50,46.3,31.93,28.2,2.58,26.06,33.75
LAO,Laos,9.64,4.73,23.03,69.45,24.07,47.05,0,24.59,25.19,25.08,25.08,0,0,49.41,NA,NA,NA,62.6,62.83,26.93,23.97,65.31,45.83,60.23,52.51,69.52,NA,NA,NA,NA,NA,0.59,0.9,0,15.86,12.13,20.42,9.03,0,18.05,59.6,70.56,44.32,NA,72.23,10.3,10.3,8.21,8.21,3.04,30.25,0,NA,57.34,7.18,2.74,0,29.49,21.78
LVA,Latvia,33.2,58.1,72.2,56.11,57.43,56.43,67.12,74.83,74.15,37.69,37.69,99.89,99.89,61.41,NA,85.54,0,62.3,95.25,24.58,18.88,97.98,58.22,95.66,37.39,12.44,67.93,52.14,81.32,87.26,51,5.2,3.12,9.04,NA,NA,NA,61.61,74.27,48.94,64.58,65.02,58.5,100,73.41,96.46,96.46,53.53,53.53,58.9,60.28,36.84,48.65,63.32,43.41,55.65,53.46,42.81,55.51
LBN,Lebanon,12.65,69.26,34.84,23.32,32.77,10.85,46.81,66.22,49.03,65.08,65.08,57,57,13.17,0,9.62,9.09,23.21,9.53,23.02,7.49,11.92,NA,62.52,27.77,25.06,88.23,93.65,100,100,59.26,6.24,8.89,1.32,83.28,82.62,84.08,61.37,61.05,61.7,46.66,44.02,56.92,0.18,37.54,42.8,42.8,45.59,45.59,53.32,49.17,53.38,8.29,56.59,43.98,43.59,41.82,32.96,39.67
LSO,Lesotho,29.84,6.98,19.31,97.4,48.3,16.86,22.56,19.37,20.57,40.55,40.55,35.44,35.44,51.93,NA,NA,NA,77.44,68.3,23.85,29.15,60.75,79.74,82.97,32.64,27.15,NA,NA,NA,NA,NA,39.87,27.45,62.92,79.23,79.06,79.44,40,35.61,44.4,39.28,9.07,71.46,NA,83.97,3.01,3.01,36.65,36.65,39.25,51.24,53.66,NA,50,41.97,24.49,19.96,0,39.01
LBR,Liberia,42.89,4.29,32.47,75.54,45.56,75.98,16.85,20.62,21.1,28.6,28.6,0,0,18.35,0,NA,100,12.69,10.31,24.7,11.95,16.28,100,70.14,30.93,23.51,65.93,95.99,98.97,19.95,48.79,3.79,1.57,7.92,41.81,29.35,57.04,21.93,21.99,21.86,48.36,23.47,79.31,NA,49.81,0,0,30.46,30.46,29.56,29.37,40.87,50,39.86,36.13,26.04,0,24.77,25.27
LTU,Lithuania,44.44,70.5,75.89,68.23,59.13,51.45,69.46,68.13,69.14,34.65,34.65,99.99,99.99,55.45,NA,60.41,48.87,59.5,87.24,25.41,12.11,92.92,66.91,97.41,30.63,5.59,68.12,72.77,89.85,80.93,28.92,5.4,7.25,1.97,54.19,50.45,58.75,66.11,71.67,60.55,76.88,65.96,100,1.92,76.05,95.84,95.84,57.52,57.52,52.75,81.86,99.65,59.61,57.28,45.08,59.82,67.34,46.76,56.78
LUX,Luxembourg,85.36,100,45.06,58.21,57.99,70.48,57.98,96.96,94.41,100,100,100,100,67.4,NA,NA,NA,100,85.61,43.15,21.9,100,NA,89.08,22.6,8.73,NA,NA,NA,NA,NA,8.23,10.84,3.38,NA,NA,NA,98.26,100,96.53,42.65,47.61,37.07,0.02,80.33,98.82,98.82,73.67,73.67,72.54,55.42,82.97,70.92,97.14,49.71,99.94,100,35.49,74.24
MDG,Madagascar,69.09,4.64,53.87,72.99,61,84.39,18.29,12.21,13.26,48.57,48.57,21.01,21.01,31.01,15.32,14.87,11.77,42.32,43.92,28.12,17.64,61.61,11.16,11.2,60.18,67.67,50.05,52.13,52.64,50.4,45.05,2.14,3.3,0,63.75,71.53,54.24,16.39,13.16,19.61,66.08,44,100,1.1,80.55,10.95,10.95,27.83,27.83,26.03,33.34,78.47,8.31,10.03,39.32,22.72,7.77,31.3,31.13
MWI,Malawi,66.41,7.99,53.12,93.03,42.93,64.2,16.19,16.25,17.44,50.67,50.67,4,4,61.22,NA,NA,NA,79.11,86.13,41.27,24.88,79.16,84.46,62.83,43.58,39.01,NA,NA,NA,NA,NA,3.79,5.8,0.07,65.97,62.02,70.81,25.32,19.43,31.22,50.66,46.17,57.12,28.75,65.84,6.44,6.44,9.44,9.44,10.04,5.81,0,8.29,43.31,13.94,4.66,0,7.15,33.21
MYS,Malaysia,18.04,83.42,40.76,50.16,45.84,38.78,0,59.41,49.05,62.91,62.91,16.94,16.94,29.72,14.49,8.81,61.64,42.78,39.98,18.44,16.27,56.61,13.25,38.69,56.65,72.14,54.2,87.02,41.69,38.56,49.51,10.44,7.83,15.3,29.55,28.87,30.37,55.75,51.29,60.22,53.78,64.66,48.72,19.47,19.68,90.61,90.61,36,36,36.33,50.9,78.43,60.59,74.04,20.08,35.57,3.83,20.63,39.52
MDV,Maldives,33.99,59.77,9.44,22.34,73.77,97.9,93.72,59.88,42.49,43.69,43.69,0,0,6.31,1.4,0,17.95,5.56,0,11.64,7.21,0.28,NA,55.19,69.54,1.87,88.58,99.45,100,99.93,54.92,28.37,28.37,NA,NA,NA,NA,55.97,48.72,63.22,54.38,38.02,71.91,NA,77.78,37.08,37.08,11,11,10.59,5.51,35.44,NA,39.68,1.25,9.95,0,95.52,25.06
MLI,Mali,29.6,6.97,29.31,67.64,53.92,81.97,9.68,18.16,19.19,39.63,39.63,13.96,13.96,29.93,NA,NA,NA,18.99,16.58,24.16,9.14,67.03,69.06,91.73,31.62,29.51,NA,NA,NA,NA,NA,41.23,9.59,100,53.98,57.64,49.5,18.16,12,24.32,69,47.01,100,10.78,99.22,6.27,6.27,9.56,9.56,1.56,17.45,0,8.29,42.74,21.97,7.36,0,0,23.56
MLT,Malta,57.63,89.06,42.26,28.53,69.59,47.7,81.12,94.21,95.83,61.55,61.55,96.62,96.62,57.84,57.88,99.21,0,95.28,99.81,29.85,11.27,34.63,NA,43.7,16.33,0,49.52,29.1,73.23,74.04,21.73,NA,NA,NA,NA,NA,NA,82.27,64.53,100,17.01,8.92,24.3,NA,39.48,7.04,7.04,51.65,51.65,39.96,39.2,45.15,60.7,100,35.37,92.47,14.68,NA,59.09
MRT,Mauritania,6.93,13.43,39.98,58.29,67.91,69.8,30.57,21.04,21.73,36.26,36.26,45.3,45.3,27.57,28.28,45.4,100,2.04,52.46,13.97,0.75,4.79,90.25,89.38,46.87,50.49,70.87,51.55,95.95,81.42,54.58,NA,NA,NA,78.67,100,52.61,16.59,12.12,21.06,46.85,24.36,68.86,NA,95.67,0,0,16.36,16.36,6.22,37.35,32.35,8.29,27.99,24.64,18.78,0,NA,25.34
MUS,Mauritius,16.04,78.2,100,22.22,88.67,80.16,99.19,60.44,55.35,48.67,48.67,100,100,10.98,17.3,0.46,0,15.74,6.78,23.49,2.41,12.31,NA,0,27.69,18.05,83.62,69.05,94.6,87.07,83.74,100,100,NA,NA,NA,NA,55.57,61.83,49.31,67.53,84.36,52.75,NA,17.56,26.93,26.93,40.05,40.05,47.98,44.84,19.18,26.53,78.79,31.27,41.55,13.85,42.24,40.86
MEX,Mexico,22.98,47.07,42.44,41.07,39.56,0,10.33,57.66,52.86,47.18,47.18,76.85,76.85,39.37,50.09,57.81,15.76,49.21,33,20.6,20.43,42.47,31.58,12.14,54.94,58.61,37.68,27.48,39.42,33.95,49.87,12.77,15,8.62,81.55,84.61,77.81,82.6,100,65.21,46.5,45.64,52.1,6.81,50.08,64.11,64.11,48.16,48.16,52.8,43.5,46.61,22.84,100,40.23,49.05,37.05,89.03,46.09
MDA,Moldova,28.14,36.09,60.6,72.9,63.27,31.97,63.14,58.22,61.41,22.74,22.74,41.2,41.2,33.74,NA,NA,NA,35.32,52.88,22.47,2.89,65.26,28.3,43.31,0,0,NA,NA,NA,NA,NA,16.91,16.76,17.2,NA,NA,NA,34.49,44.27,24.71,55.82,49.83,68.77,2.08,65.95,41.43,41.43,44.31,44.31,43.41,58,46.38,25.97,74.49,39.41,45.12,25,100,37.98
MNG,Mongolia,0.15,28.37,43.73,72.38,64.91,24.73,55.68,66.53,70.61,28.36,28.36,79.04,79.04,52.99,NA,NA,NA,59.17,73.41,19.16,24.31,81.88,84.64,86.27,49.28,49.68,NA,NA,NA,NA,NA,50.09,45.92,57.82,100,100,100,17.83,9.77,25.9,15.92,1.5,26.09,6.61,88.1,53.16,53.16,8.63,8.63,13.39,0,23.67,NA,32.84,0,0,0,100,34.15
MNE,Montenegro,16.54,37.29,47.21,71.18,62.63,43.48,40.75,92.41,80.22,45.8,45.8,89.35,89.35,47.42,NA,32.26,0,75.74,73.41,40.51,18.01,68.9,NA,38.26,29.82,22.31,46.55,43.04,50.06,46.66,46.46,25.5,25.52,25.46,48.72,42.21,56.67,97.04,94.08,100,17.86,16.37,14.16,16.18,64.14,31.08,31.08,44.34,44.34,40.38,72.06,83.97,19.62,80.37,35.18,45.04,22.05,100,46.38
MAR,Morocco,4.57,54.18,34.12,47.57,49.49,23.5,35.72,55.12,49.66,18.01,18.01,63.1,63.1,24.23,0,5.21,62.82,7.1,7.64,38.78,45.62,55.8,100,26.71,36.31,35.68,47.76,45.21,63.86,38.47,43.5,11.14,10.85,11.69,73.86,76.6,70.52,33.52,35.56,31.49,45.05,33.91,62.11,2.81,62.33,75.33,75.33,31.42,31.42,36.67,28.29,59.34,8.29,46.23,31.71,32.73,0,25.23,33.11
MOZ,Mozambique,76.69,8.85,59.87,76.22,59.12,79.93,17.85,18.81,19.9,57.1,57.1,1.5,1.5,52.19,23.66,36.07,0,89.03,81.79,44.07,42.62,66.77,58.68,63.92,58.53,64.23,50.47,47.2,70.04,67.83,16.82,7.48,8.22,6.1,62.97,61.15,65.19,35.01,25.15,44.87,66.64,33.87,100,100,94.17,21.67,21.67,27.43,27.43,34.03,19.73,40.39,23.3,25.52,33.32,18.27,0,46.05,38.78
MMR,Myanmar,2.3,5.96,12.38,57.5,35.1,48.49,0,33.11,33.89,19.93,19.93,44,44,20.1,2.32,5.15,100,19.76,28.07,11.09,8.63,35,68.72,53.9,39.42,55.77,39.45,52.55,25.83,21.7,57.72,10.96,11.08,10.75,60.3,47.38,76.09,25.65,9.33,41.98,65.52,56.06,73.96,100,58.04,15.19,15.19,43.03,43.03,23.12,72.63,100,26.5,46.65,53.16,48.6,54.97,24.95,28.87
NAM,Namibia,27.62,18.2,26.4,82.08,59.32,67.39,11.66,28.71,29.59,54.66,54.66,60.95,60.95,55.06,0,7.5,41.23,100,98.31,51.65,62.97,82.83,100,91.04,58.57,60.83,38.46,56.04,36.29,19.44,42.05,39.47,35.94,46.02,100,100,100,69.06,44.46,93.66,37.83,9.79,70.21,0.01,97.03,20.7,20.7,31.77,31.77,51.58,19.61,17.39,8.29,32.08,27.85,27.79,1.34,0,42.75
NPL,Nepal,19.63,11.09,0,81.31,0,24.17,7.73,37.76,37.48,37.51,37.51,23.05,23.05,45.03,NA,NA,NA,56.52,80.28,13.42,28.9,43.02,80.1,77.56,35.22,22.93,NA,NA,NA,NA,NA,37.72,38.03,37.14,88.94,86.83,91.52,5.7,11.39,0,71.57,76.46,74.89,0.63,67.03,29.58,29.58,25.75,25.75,0,69.05,59.67,NA,34.99,38.29,36.24,5.83,32.15,33.99
NLD,Netherlands,73.52,100,45.4,31.26,62.96,65.04,68.8,100,100,97.47,97.47,100,100,61.6,96.18,92.63,0.77,86.86,81.29,33.78,13.73,38.52,54.46,89.41,16.52,4.39,28.29,25.43,32.37,7.85,47.51,17.45,19.61,13.44,43.72,39.94,48.33,91.59,100,83.19,35.22,46.16,18.96,NA,55.88,99.81,99.81,74.13,74.13,76.01,75.08,71.43,65.6,100,59.15,85.36,100,2.77,70.49
NZL,New Zealand,79.41,100,63.78,16.4,91.94,45.28,55.27,83.34,77.68,68.54,68.54,100,100,39.02,19.34,16.43,84.88,86.78,15.83,42.86,39.8,48.02,89.49,0,53.84,57.22,35.53,35.07,27.73,24.55,54.79,11.18,14.38,5.23,49.92,53.3,45.78,64.19,79.77,48.62,52.65,53.48,56.12,6.92,62.25,84.53,84.53,51.52,51.52,57.76,61.68,72.26,41.13,58.03,31.52,53.97,59.36,53.88,55.45
NIC,Nicaragua,43.79,20.65,48.88,56.05,66.98,39.46,12.35,43.67,45.81,47.51,47.51,0,0,54.84,44.31,0.3,100,69.55,92.59,53.57,60.08,71.51,0,46.12,65.78,61.54,43.8,39.82,50.41,40.34,44.63,2.7,4.15,0,37.31,48.46,23.68,61.93,47.7,76.16,46.37,36.88,49.97,100,58.83,31.8,31.8,39.2,39.2,50.01,37.33,34.8,8.29,38.35,39.54,38.38,18.82,24.72,41.7
NER,Niger,19.33,4.23,22.99,96.05,50.58,69.9,24.34,9.99,10.73,34.85,34.85,4.1,4.1,58.42,NA,NA,NA,68.29,82.63,29.96,31.61,81.77,78.68,76.81,38.95,36.33,NA,NA,NA,NA,NA,NA,NA,NA,55.97,59.38,51.81,27.37,18.75,35.98,60.65,33.12,100,4.21,77.67,6.84,6.84,12.46,12.46,16.19,14.57,0,8.29,4.15,23.5,1.89,0,NA,31.1
NGA,Nigeria,4.16,12.19,27.71,80.07,19.99,51.39,16.93,19.27,19.25,42,42,32.85,32.85,37.43,0,NA,NA,44.62,88.41,25.96,11.67,64.2,55.8,72.57,19.27,5.75,64.89,95.32,58.21,56.31,49.72,8.37,7.4,10.16,32.12,36.2,27.15,39.07,36.21,41.93,72.5,50.27,100,100,47.25,40.67,40.67,38.11,38.11,34.01,63.81,6.11,10.28,25.42,44.44,45.46,23.87,52.41,32.85
MKD,North Macedonia,10.37,46,55.16,84.84,58.54,21.21,37.1,70.65,66.92,44.63,44.63,67,67,53.89,NA,NA,NA,89.37,46.35,33.76,27.67,76.19,NA,77.51,28.61,32.1,NA,NA,NA,NA,NA,19.38,19.54,19.08,48.06,45.24,51.51,52.03,81.72,22.34,44.72,39.44,55.02,3.08,56.73,4.86,4.86,49.44,49.44,47.69,72.68,95.22,26.77,100,38.95,48.37,32.86,65.76,46.17
NOR,Norway,100,100,58.62,28.41,64.55,54.82,58.42,94.59,91.68,100,100,99.26,99.26,58.92,33.03,93.86,14.3,75.64,95.86,34.03,20.85,58.24,87.24,84.34,63.27,74.03,61.78,91.41,40.05,49.86,65.82,13.52,13.19,14.13,100,100,100,68.39,72.75,64.04,28.75,18.94,44.81,0.35,26.78,73.95,73.95,62.65,62.65,62.55,57.46,56.32,61.08,94.9,43.13,79.94,72.24,49.44,69.24
OMN,Oman,0.25,100,34.09,54.13,52,26.28,34.83,77.13,61.84,52.47,52.47,100,100,55.97,60.06,73.71,12.66,96,54.29,24.89,29.95,56.76,100,66.13,44.77,43.9,78.08,82.54,100,99.99,29.79,NA,NA,NA,46.59,47.86,45.02,74.55,49.1,100,64.34,66.14,70.29,0.37,62.76,100,100,23.47,23.47,34.98,37.84,15.23,14.52,80.69,1.92,21.47,0,NA,48.5
PAK,Pakistan,2.42,11.41,0,76.71,0,9.69,17.7,27.26,26.1,22.5,22.5,27.19,27.19,25.34,0,0.29,25.52,54.05,62.39,13.76,10.47,46.64,52.85,65.06,2.86,8.43,60.19,90.54,53.75,51.4,45.08,52.16,51.16,54,73.95,83.32,62.5,34.13,34.84,33.41,34.21,33.85,37.15,19.61,28.9,38.11,38.11,29.76,29.76,38.97,22.75,6.98,13.55,54.86,31.7,28.46,0,19,29.03
PLW,Palau,46.23,57.78,95.32,6.44,88.29,100,90.75,49.78,35.76,50.23,50.23,90.8,90.8,57.62,93.95,97.9,1.72,30.07,97.29,42.97,27.63,11.99,NA,45.18,69.23,36.56,86.79,99.97,100,100,47.21,41.09,41.09,NA,NA,NA,NA,51.84,52.52,51.16,52.3,29.33,77.84,NA,77.78,55.17,55.17,35.78,35.78,48.24,46.4,47.82,NA,52.3,19.69,17.62,30.79,100,49.47
PAN,Panama,32.27,66.21,62.01,35.59,64.75,65.29,32.68,50.68,49.06,52.95,52.95,0,0,63.01,21.03,76.72,75.39,93.4,83.75,55.02,50.58,71.52,28.52,20.82,72.38,71.41,76.52,46.94,82.33,76.8,100,16.76,16.32,17.58,15.77,9.26,23.72,53.89,42.39,65.39,35.22,30.4,43.29,0.2,53.94,54.4,54.4,33.27,33.27,35.77,38.75,43.1,8.29,55.24,27.62,42.72,0,42.45,45.14
PNG,Papua New Guinea,40.78,3.29,100,62.57,79.33,45.75,0,25.03,26.38,33.52,33.52,12.33,12.33,14.08,4.33,0.05,100,11.84,3.87,11.76,5.9,8.22,66.75,56.97,81.95,99.27,89.57,74.06,98.18,98.85,87.17,21.7,22.61,20.01,45.52,36.07,57.07,50.5,45.58,55.43,73.2,57.65,100,12.2,75.21,7.29,7.29,32.45,32.45,30.94,32,48.76,50,44.57,34.01,31.3,0,40.74,28.94
PRY,Paraguay,21.61,29.17,33.82,46.22,50.41,83.87,0,54.47,54.77,52.78,52.78,57.95,57.95,43.8,NA,NA,NA,48.92,61.4,22.21,27.08,51.53,1.3,84.56,57.65,57.64,NA,NA,NA,NA,NA,6.68,7.44,5.27,28.63,17.68,42.02,38.12,33.94,42.29,80.97,83.33,80.88,59.37,79.74,27.36,27.36,40.01,40.01,41.17,52.79,57.63,8.29,47.42,37.47,43.49,33.87,33.11,38.95
PER,Peru,27.45,45.65,61.29,15.73,54.06,57.15,11.07,51.2,52.74,67.49,67.49,62.94,62.94,44.12,32.15,49.35,45.08,71.19,47.66,23.85,33.24,44.74,25.91,20.94,83.62,85.78,79.58,59.95,94.88,94.81,68.69,19.03,18.76,19.51,71.02,72.26,69.51,40.42,31.58,49.26,38.73,33.88,48.72,8.68,37.4,52.42,52.42,29.52,29.52,29.14,42.29,33.13,9.74,55.86,28.43,33.26,0,46.75,41.01
PHL,Philippines,13.31,16.89,81.7,39.9,60.14,12.73,21.27,45.91,37.03,29.79,29.79,0,0,28.3,5.22,16.74,46.15,51.48,37.15,24.33,20.19,42.7,57.91,38.39,33.38,25.12,76.73,85.31,77.35,76.36,67.9,15.96,18.61,11.03,16.63,13.09,20.96,24.08,23.13,25.02,67.58,73.53,69.68,9.16,49.83,68.05,68.05,25.47,25.47,25.15,38.64,11.92,12.1,50.17,26.27,28.53,0,26.64,27.87
POL,Poland,33.52,71.69,53.66,58.8,57.91,35.4,62.12,82.03,72.03,54.76,54.76,99.8,99.8,72.23,NA,91.21,35.73,100,93.42,35.25,35.48,100,50.41,93.96,23.81,4.28,57.53,77.22,34.06,84.02,34.81,8.34,10.61,4.12,59.19,56.97,61.89,91.34,85.28,97.41,54.95,64.69,47.39,0.93,72.04,79.25,79.25,58.1,58.1,59.33,65.71,66.59,59.96,77.61,41.1,58.78,67.26,100,61.77
PRT,Portugal,67.69,98.59,52.81,29.8,59.55,44.77,48.17,94.49,93.67,70.7,70.7,96,96,53.14,44.3,70.11,1.85,77.25,79.98,33.43,21.24,61.87,68.39,61.06,27.28,31.09,36.21,16.85,37.15,41.71,49.13,0.29,0.45,0,24.03,13.31,37.13,75.43,84.68,66.18,27.55,16.26,39.34,1.68,72.06,85.33,85.33,70.78,70.78,78.08,47.53,77.98,41.06,100,60.81,77.8,100,34.33,62.74
QAT,Qatar,4.88,100,35.31,32,39.19,19.69,20.47,81.72,68.85,73.08,73.08,100,100,44.32,26.76,30.61,54.12,44.93,94.55,28.64,27.38,65.36,NA,29.34,48.24,39.56,79.26,59.68,100,100,57.37,NA,NA,NA,54.61,39.44,73.15,60.36,41.87,78.84,14.4,6.23,21.43,NA,39.88,99.95,99.95,23.58,23.58,32.2,51.79,2,12.09,92.98,0,23.84,0,NA,45.07
COG,Republic of Congo,7.33,14.47,19.54,39.48,31.34,50.94,0,20.49,21.89,35.29,35.29,26.2,26.2,61.87,NA,52.21,11.77,83.24,60.62,39.11,60.82,79.73,59.14,88.27,74.56,86.78,58.4,57.19,63.65,65.18,47.57,17.44,20.14,12.42,85.4,85.04,85.84,32.42,52.08,12.76,61.97,36.37,100,9.47,66.13,7.92,7.92,33.46,33.46,37.7,46.39,40.96,8.46,46.67,35.36,26.82,16.74,45,38.91
ROU,Romania,23.31,63.32,70.83,66.86,58.48,38.53,50.65,63.17,64.59,51.41,51.41,99.61,99.61,58.75,NA,97.06,20.89,68.87,81.12,31.73,20.68,71.68,35.76,55.52,12.84,6.88,34.99,87.35,2.62,0,50,18.08,20.61,13.38,45.19,42.95,47.93,81.63,63.26,100,54.67,59.76,49.04,19.07,84.44,30.68,30.68,56.95,56.95,59.24,59.63,59.88,40.09,60.06,47.37,60.63,60.49,100,53.94
RUS,Russia,34.39,78.56,61.25,51.23,59.19,31.87,56.65,66.51,72.64,28.3,28.3,89.3,89.3,27.95,3.13,7.45,84.12,34.02,30.97,19.84,11.67,58.74,56.55,81.2,69.18,81.76,55.55,19.8,84.68,74.03,43.69,14.57,11.53,20.23,78.33,79.82,76.51,46.98,37.69,56.27,61.98,45.06,79.52,100,52.96,21.45,21.45,34.26,34.26,45.84,41.36,10.19,26.52,38.17,16.26,37.67,20.04,49.83,40.72
RWA,Rwanda,40.26,8.37,33.78,70.9,10.97,0,13.56,20,21.27,49.96,49.96,32.83,32.83,34.3,NA,NA,NA,29.81,51.14,29.43,8.29,50.58,NA,66,32.73,17.65,NA,NA,NA,NA,NA,13.04,12.11,14.76,26.84,21.17,33.78,7.93,15.87,0,55.8,50.71,64.25,29.11,65.86,0,0,23.21,23.21,0,37.34,67.96,50,24.24,35.2,34.85,0,22.19,26.42
KNA,Saint Kitts & Nevis,47.44,78.4,100,12.13,82.49,61.43,90.69,57.8,51.36,60.36,60.36,100,100,36.43,46.32,4.48,0,31.78,65.46,66.67,35.17,15.36,NA,0,66.28,69.42,39.23,5.91,0,100,51,36.61,37.52,34.91,NA,NA,NA,48.17,50.42,45.91,44.33,26.01,63.05,NA,77.78,46.05,46.05,37.34,37.34,45.12,15.97,0,50,52.03,28.64,41.02,13.62,100,44.58
LCA,Saint Lucia,42.53,51.78,100,16.64,81.48,75.84,86.28,55.71,52.43,72.59,72.59,100,100,38,11.69,5.79,100,52.04,44.49,76.87,47.85,21.8,NA,7.99,74.22,59.24,88.99,79.26,100,100,76.69,34.37,35.37,32.52,NA,NA,NA,48.14,50.15,46.14,34.3,29.66,41.68,NA,21.67,34.65,34.65,39.23,39.23,43.33,44.54,34.06,26.5,50.46,33.18,40.53,9.97,100,44.52
WSM,Samoa,68.06,10.63,43.36,62.92,96.73,99.15,100,62.25,49,42.9,42.9,26.6,26.6,9.87,2.26,0.36,0,26.19,14.73,10.68,3.98,8.53,NA,25.97,40.55,17.9,74.79,39,100,100,60.14,NA,NA,NA,NA,NA,NA,64.77,74.06,55.47,46.87,30.45,63.54,NA,77.78,43.81,43.81,55.99,55.99,46.61,80.24,100,NA,61.59,54.7,55.2,57.66,NA,39.29
STP,São Tomé & Príncipe,37.66,15.45,19.86,38.71,66.92,100,86.96,35.83,36.85,48.48,48.48,35.25,35.25,39.26,0,9.09,100,100,59.26,NA,NA,35.06,NA,9.48,NA,NA,72.73,99.66,99.55,64.72,26.98,100,100,100,NA,NA,NA,14.05,8.41,19.7,37.8,21.22,57.64,NA,44.84,6.74,6.74,43.42,43.42,50.02,36.15,19.2,NA,32.25,45.93,46.01,25.19,11.16,41.03
SAU,Saudi Arabia,0,96.35,30.9,37.6,55.06,6.22,42.4,66.18,54.11,35.51,35.51,92.27,92.27,27.82,14.26,1.26,0,39.58,7.43,26.35,34.07,70,100,70.21,44.64,45.04,54.14,50.7,55.49,60.6,49.78,NA,NA,NA,70.4,71.96,68.48,51.13,46.39,55.87,23.26,6.66,43.11,0.61,53.07,58.43,58.43,30.6,30.6,44.15,40.5,14.83,10.9,97.11,4.04,33.98,11.22,NA,38.74
SEN,Senegal,39.64,9.97,35.8,61.96,53.75,14.36,29.43,25.45,26.67,54.77,54.77,5.1,5.1,45.2,26.42,10.19,13.77,91.05,64.68,32.33,32.01,75.79,100,92.69,20.14,26.57,63.44,54.88,79.92,55.19,63.74,19.63,9.73,38.01,69.47,67.76,71.56,18.81,17.16,20.46,67.51,45.81,100,5.69,86.47,17.22,17.22,22.13,22.13,23.63,31.36,12.59,8.29,30.24,27.48,22.74,0,0,33.34
SRB,Serbia,12.85,39.7,56.91,74.93,58.15,24.94,39.77,78.22,72.59,45.67,45.67,99.34,99.34,40.58,NA,NA,NA,42.4,52.88,28.43,9.43,73.56,45.7,72.97,12.25,11.07,NA,NA,NA,NA,NA,20.95,23.99,15.3,32.75,26.67,40.19,77.97,100,55.94,60.73,76.18,48.79,16.18,46.3,34.03,34.03,49.69,49.69,53.32,61.83,39.75,34.74,73.37,37.27,49.71,45.51,100,44.94
SYC,Seychelles,49.96,86.11,54.65,21.02,84.62,96.97,99.41,58.51,46.93,67.31,67.31,84.4,84.4,55.5,50.24,91.38,4.18,73.34,89.17,39.95,28.24,40.54,NA,0,39.67,11.79,75.81,53.91,100,98.02,51.3,66.69,67.21,65.73,65.61,68.21,62.43,10.15,2.89,17.41,50.96,61.55,34.37,NA,77.78,49.7,49.7,31.5,31.5,35.25,26.03,77.47,NA,0,23.12,34.75,0,100,50.03
SLE,Sierra Leone,37.38,4.42,33.49,70.15,34.99,65.39,10.43,10.61,10.9,33.83,33.83,15.07,15.07,31.27,10.7,5.5,4.92,42.79,63.25,24.97,12.34,65.48,100,75.07,26.49,30.27,58.12,96.22,98.69,37.57,0,0,0,0,76.34,63.83,91.64,23.4,22.02,24.78,63.53,35.43,100,NA,52.82,16.45,16.45,28.4,28.4,26.27,22.93,24.28,50,49.23,31.73,28.66,0,30.48,29.26
SGP,Singapore,46.53,91.42,59.16,10.04,58.58,7.67,31.59,96.16,91.46,73.92,73.92,100,100,17.54,0,NA,NA,16.54,14.94,10.71,1.96,56.51,NA,64.15,24.16,18.01,87.06,NA,100,100,61.17,9.79,9.89,9.61,35.11,21.37,51.9,79.49,58.98,100,20.51,34.37,0,NA,46.02,100,100,42.93,42.93,46.76,46.04,70.9,12.77,79.5,18.02,71.44,9.32,8.79,46.06
SVK,Slovakia,36.1,92.78,50.9,80.57,56.08,36.68,46.85,88.12,71.79,53.18,53.18,96.7,96.7,68.05,NA,NA,NA,90.34,91.41,39.55,37.17,99.35,35.4,86.74,19.57,8.57,NA,NA,NA,NA,NA,16.64,18.05,14.03,48.09,47.24,49.13,88.07,76.15,100,76.6,65.19,100,0.5,79.58,81.97,81.97,56.87,56.87,61.86,56.56,38.32,51.6,67.97,45.66,59.69,68.04,58.93,62.37
SVN,Slovenia,52.87,74.65,43.09,71.12,50.25,45.94,37.32,91.69,81.4,94.88,94.88,82.37,82.37,68.57,NA,NA,NA,100,87.26,43.77,36.81,94.3,NA,44.64,25.26,20.01,NA,NA,NA,NA,NA,16.73,20.43,9.86,57.26,56.65,57.99,96.47,100,92.94,39.85,43.5,34.46,15.53,70.88,82.08,82.08,59.85,59.85,60.96,69.6,60.66,63.4,100,45.85,61.54,72.51,21.99,64.95
SLB,Solomon Islands,47.54,0,100,20.12,93.85,97.36,35.22,34.49,36.52,9.12,9.12,9.54,9.54,10.28,2.68,5.88,95.94,1.71,4.99,5.86,1.65,2.85,NA,25.38,87.3,85.94,73.27,45.6,100,100,47.47,13.61,15.23,10.62,NA,NA,NA,66.14,77.51,54.77,51.81,14.22,100,NA,42.06,0,0,42.24,42.24,51.83,20.62,40.15,NA,65.2,42.71,38.85,15.54,34.98,29.23
ZAF,South Africa,10.56,38.05,34.91,54.98,13.33,3.91,19.71,26.28,25.85,54.42,54.42,68.59,68.59,28.92,48.47,16.17,47.73,29.93,25.17,16.62,10.04,38.59,70.56,57.95,39.13,35.18,52.57,57.67,50.51,47.42,54.68,8.14,10.1,4.48,73.06,73,73.13,63.46,71.96,54.96,49.79,46.3,52.6,38.48,73.52,21.59,21.59,44.36,44.36,53.56,55.19,44.84,14.15,92.89,34.75,35.5,42.52,55.74,37.6
KOR,South Korea,37.43,100,38.72,36.56,14.63,0,21.94,90.96,84.99,100,100,94.07,94.07,34.78,17.27,56.33,1.93,58.99,33,21.16,15.31,56.16,60.37,6.86,21.14,18.43,39.3,36.27,39.89,20.11,60.93,21.31,17.09,29.14,13.09,18.35,6.67,100,100,100,36.96,45.47,25.35,33.49,48.26,99.43,99.43,50.44,50.44,57.3,35.72,67.41,31.9,94.76,31.98,54.19,53.28,100,52.65
ESP,Spain,64.01,96.08,39.84,31.19,63.84,46.31,45.37,90.63,92.38,89.33,89.33,100,100,59.9,58.64,92.13,0,93.62,64.67,35.19,24.01,74.36,53.73,34.3,24.33,27.65,38.69,37.67,27.86,39.5,49.73,7.77,8.41,6.59,51.39,50.05,53.02,94.77,89.55,100,40.49,32.08,40.14,100,67.79,81.24,81.24,67.45,67.45,66.44,49.57,70.11,90.58,100,53.19,70.66,85.13,100,66.28
LKA,Sri Lanka,17.85,26.59,32.69,55.97,38.75,20.82,23.32,54.88,48.26,44.66,44.66,22.54,22.54,35.11,12.95,16.55,0,84.32,49.88,35.69,32.49,37.67,93.32,0,19.13,28.04,55.53,60.34,67.46,58.08,36.23,20.42,19.77,21.62,43.99,44.95,42.81,53.34,57.49,49.18,76.6,66.7,100,3.77,61.28,1.11,1.11,48.71,48.71,52.3,43.9,61.53,8.29,57.18,48.83,59.1,36.74,23.1,39.58
VCT,St. Vincent & the Gren.,35.34,57.12,100,17.05,80.75,73.54,89.16,55.29,53.28,48.3,48.3,100,100,38.48,10.73,7.49,13.64,58.08,61.57,81.42,41.89,27.9,NA,0,75.33,47.11,82.3,39.95,99.03,100,90.24,30.62,30.93,30.03,NA,NA,NA,48.61,51.32,45.9,84.88,73.49,100,NA,77.78,36.07,36.07,44.3,44.3,43.99,47.87,49.53,50,54.15,39.33,44.63,20.93,100,46.12
SDN,Sudan,1.73,14.47,28.89,75.91,57.96,63.59,23.57,42.57,45.86,4.39,4.39,27.06,27.06,17.43,15.69,1.72,100,8.27,16.86,14.08,2.07,25.71,91.97,75.46,34.81,32.49,86.96,76.46,100,100,71.38,58.24,35.75,100,64.64,71.37,56.41,50.35,42.62,58.08,60.89,24.3,100,100,74.75,0,0,37.9,37.9,49.25,51.16,46.88,13.42,41.9,46.62,15,35.24,0,31.31
SUR,Suriname,12.69,51.68,94.67,39.12,72.19,83.81,18.52,46.08,39.79,53.11,53.11,5,5,49.91,37.82,57.9,100,34.1,32.61,59.56,31.57,72.09,28.09,33.88,100,100,44.4,41.44,45.07,37.45,53.65,27.11,26.51,28.21,78.85,77.56,80.42,50.23,43.66,56.81,50.47,42.74,69.21,0.03,28.3,23.83,23.83,43.22,43.22,46.37,56.65,44.88,NA,40.89,34.59,42.69,29.11,65.68,44.54
SWE,Sweden,100,100,67.97,35.8,66.33,77.04,76.03,97.02,94.45,92.63,92.63,96.6,96.6,48.29,NA,54.3,10.81,44.6,69.25,24.84,16.56,78.1,35.64,96.9,54.03,59.96,52.01,45.79,50.89,76.35,35.03,8.66,5.63,14.28,97.47,95.39,100,85.28,95.47,75.09,51.96,49.66,57.67,4.68,76.55,92.83,92.83,67.46,67.46,62.39,51.46,57.94,65.69,80.34,50.27,100,67.79,60.81,69.2
CHE,Switzerland,77.71,100,46.96,45.87,58.85,72.28,48.13,100,97.05,85.09,85.09,100,100,36.4,NA,NA,NA,34.01,22.5,50.72,10.05,57.95,40.7,86.35,34.92,26.4,NA,NA,NA,NA,NA,20.75,22.59,17.33,59.11,63.52,53.71,97.08,100,94.15,39.61,41.49,28.3,100,50.89,99.29,99.29,69.12,69.12,64.55,42.4,41.41,64.4,100,52.98,100,74.56,100,64.06
TWN,Taiwan,42.56,58.35,50.2,21.98,40.59,10.13,35.45,69.84,64.1,84.11,84.11,97.88,97.88,33.29,11.15,2.23,48.67,65.39,79.44,18.11,27.71,36.54,19.8,NA,38.64,46.09,34.53,42.52,69.29,26.31,0,31.93,31.78,32.22,15.48,14.25,17,100,100,100,31.72,42.96,17.29,NA,34.79,16.2,16.2,47.54,47.54,53.72,48.86,56.84,37.05,81.93,28.84,52.79,44.88,NA,46.02
TJK,Tajikistan,9.57,12.8,22.8,78.06,52.72,35.2,33.72,37.67,42.37,6.71,6.71,0,0,35.31,NA,NA,NA,52.99,23.12,20.64,29.48,33.06,70.06,95.97,46.28,49.97,NA,NA,NA,NA,NA,59.43,60.1,58.19,81.37,85.98,75.73,7.26,7.5,7.01,50.06,53.34,51.22,0.78,57.24,5.17,5.17,16.21,16.21,1.66,25.29,10.17,100,36.33,18.55,12.14,0,5.16,26.75
TZA,Tanzania,56.88,10.6,54.51,61.35,54.52,70.91,17.28,24.29,25.85,66.04,66.04,7.5,7.5,64.92,37.57,66.24,32.16,98.06,82.13,58.63,63.45,70.97,96.63,36.44,50.82,44.32,60.09,58.28,79.09,77.4,25.61,11.78,10.35,14.44,67.32,59.46,76.93,47.73,25.61,69.85,69.97,42.98,100,NA,99.58,16.12,16.12,15.57,15.57,14.68,12.26,0,NA,29.31,21.95,15.66,0,20.46,38.89
THA,Thailand,21.41,54.07,37.1,46.69,32.05,17.5,11.25,61.86,40.89,76.08,76.08,34.55,34.55,47.13,33.52,68.29,6.36,60.01,69.62,21.5,23.18,68.93,64.96,47.28,20.14,24.29,50.34,77.87,33.81,30.58,59.11,15.41,11.73,22.24,25.43,23.82,27.4,45.84,29.85,61.83,48.41,46.91,55.72,5.82,47.54,33.69,33.69,46.44,46.44,54.58,53.26,74.96,10.44,57.19,38.85,47.98,36.42,19.47,43.74
TLS,Timor-Leste,57.65,6.72,36.89,69.7,76.17,92.57,21.54,38.36,39.95,32.07,32.07,0,0,41.02,NA,50.21,100,53.53,56.17,22.06,15.03,33.47,NA,54.47,39.25,20.82,83.33,NA,100,100,50,23.57,24.6,21.66,21.38,20.56,22.38,52.69,50.4,54.97,53.46,35.18,70.86,NA,97.12,8.68,8.68,51.19,51.19,47.06,70.78,42.1,NA,44.18,55.29,51.01,55.15,15.86,41.53
TGO,Togo,29.73,7.86,25.09,68.39,40.23,59.78,21.63,13.15,13.24,35.33,35.33,13.84,13.84,50.99,NA,NA,NA,82.79,80.16,30.27,10.3,53.08,100,77,26.36,15.24,60.91,86.95,66.25,23.29,67.14,15.66,7.63,30.56,49.39,46.38,53.08,43.94,0,87.89,61.94,30.07,100,NA,76.06,15.94,15.94,17.93,17.93,21.56,15.94,0,8.29,22.21,22.42,16.26,0,31.95,31.3
TON,Tonga,69.1,14.68,49.52,60.36,96.76,100,100,65.6,53.66,36.79,36.79,41.3,41.3,9.61,3.75,0.09,0.96,33.06,0.48,12.39,11.52,3.53,NA,19.59,51.01,8.82,79.32,98.38,100,100,18.9,NA,NA,NA,NA,NA,NA,62.91,70.4,55.43,51.23,52.46,56.1,NA,0,30.16,30.16,34.52,34.52,36.26,44.65,13.32,NA,59.3,35.73,32.29,8.89,NA,33.06
TTO,Trinidad & Tobago,16.93,100,94.01,47.23,77.14,81.81,52.25,62.1,56.58,55.68,55.68,100,100,45.18,7.57,0,100,97.33,70.49,74.23,37.61,32.47,NA,21.29,79.04,56.4,53.97,21.98,78.93,65.15,49.85,28.91,24.49,37.12,NA,NA,NA,59.69,51.08,68.3,12.19,5.01,20.56,0,29.14,38.73,38.73,37.08,37.08,51.45,53.26,51.67,8.29,51.85,12.02,27.18,48.02,100,45.9
TUN,Tunisia,12.7,65.07,30.01,44.71,48.28,20.66,45.24,52.45,47.09,55.38,55.38,79,79,28.21,25.77,14.3,100,21.22,56.98,24.67,4.83,24.02,100,61.67,32.98,24.76,49.62,41.36,55.15,50.39,51.58,7.45,7.22,7.87,74.9,77.03,72.29,57.3,46.15,68.45,38.15,23.11,58.7,2.55,59.72,75.9,75.9,42.6,42.6,48.65,52.29,36.42,8.29,50.37,40.63,44.33,28.44,42.25,41.05
TUR,Türkiye,8.58,91.64,21.3,30.98,60.95,39.67,42.05,66.37,58.32,48.58,48.58,93.48,93.48,9.09,15.87,2.03,54.33,0.64,1.01,15.57,0.11,0.85,69.06,42.85,26.9,25.41,56.66,53.45,54.54,50.59,68.07,12.01,13.38,9.47,71.39,69.46,73.75,47.31,65.16,29.45,51.89,51,54.12,NA,42.91,63.45,63.45,29.71,29.71,34.46,26.86,25.09,17.6,100,19.15,33.31,0,44.73,34.32
TKM,Turkmenistan,0,100,43.79,75.93,63.12,56.66,47.54,53.88,59.03,14.38,14.38,1,1,21.23,NA,NA,NA,10.68,26.07,15.29,6.17,21.32,100,92.71,41.22,50,NA,NA,NA,NA,NA,100,100,100,93.49,97.71,88.34,54.89,42.7,67.09,40.22,34.26,43.66,NA,72.26,34.12,34.12,15.39,15.39,16.65,53.7,43.59,12.33,90.79,0,4.14,0,0,34.64
UGA,Uganda,50.36,11.51,44.86,69.61,27.2,25.63,5.79,24.33,26.12,49.48,49.48,40,40,51.88,NA,NA,NA,59,77.64,31.68,19.07,71.07,100,81.33,39.28,16.68,NA,NA,NA,NA,NA,9.03,9.14,8.84,36.77,23.53,52.94,30.77,22.65,38.89,65.52,40.52,100,12.47,92.74,3.91,3.91,25.38,25.38,28.57,18.28,19,NA,24.42,30.46,24.42,0,34.61,34.69
UKR,Ukraine,18.7,54.1,60.21,65.19,61.73,36.22,62.81,70.98,74.37,36.16,36.16,90.84,90.84,54.03,68.43,92.91,1.15,58.47,63.51,22.94,9.27,80.59,25.5,65.8,2.71,0,36.53,23.25,35.28,39.12,48.46,7.88,12.13,0,45.47,40.9,51.06,90.27,80.53,100,83.13,69.79,100,100,64.68,52.43,52.43,51.67,51.67,53.87,54.63,53.59,0,66.44,50.22,55.33,80.01,40.82,51.12
ARE,United Arab Emirates,2.21,100,32.27,15.44,36.24,14.02,13.95,80.42,64.4,73.59,73.59,100,100,52.02,40.8,93.54,26.86,55.1,95.43,22.92,22.15,34.65,89.49,57.44,39.69,29.68,79.63,88.71,82.93,100,46.88,NA,NA,NA,47.93,41.19,56.16,57.32,60.91,53.74,23.25,15.32,31.48,NA,36.71,94.99,94.99,36.12,36.12,50.91,42.15,37.22,12.21,76.72,8.34,40.39,26.52,NA,50.16
GBR,United Kingdom,63.12,95.49,67.68,27.66,64.83,52.87,71.78,100,98.51,88.25,88.25,97.03,97.03,67.28,82.27,97.14,57.79,87.84,97.33,37.31,27.38,43.76,84.27,86.86,27.34,13.55,48.08,55.85,41.24,32.96,62.28,10.4,10.95,9.4,65.21,63.38,67.45,100,100,100,57.54,57.34,55.34,NA,77.03,97.19,97.19,71,71,71.67,69.1,66.28,68.66,84.33,58.45,80.53,100,19.19,71.51
USA,United States,68.56,100,36.2,22.47,57.4,35.85,34.97,88.03,94.02,82.77,82.77,100,100,38.34,45.08,58.73,58.94,37.81,43.75,14.96,14.24,39.36,45.83,42.77,44.11,39.26,47.3,41.7,50.93,45.66,50.89,11.58,11.43,11.85,81.23,73.61,90.54,96.94,93.88,100,77.95,76.25,82.59,NA,57.76,98.06,98.06,48.64,48.64,56.21,46.34,58.57,41.81,100,24.51,53,49.88,56.28,58.54
URY,Uruguay,45.09,76.89,54.47,32.64,76.55,70.04,39.31,77.86,69.91,58.74,58.74,94.76,94.76,17.17,22.34,15.07,8.5,11.65,16.69,9.26,8.98,16.25,100,72.4,33.29,32.66,34.68,50.81,21.68,24.98,41.26,5.22,8.03,0,56.05,58.77,52.72,38.74,36.83,40.66,48.48,56.7,35.04,NA,73.84,26.3,26.3,31.88,31.88,34.69,44.81,13.93,36.38,63.94,19.14,35.43,15.69,31.61,36.91
UZB,Uzbekistan,0,30.83,45.32,71.4,54.94,30.71,39.4,60.88,68.05,11.61,11.61,86.06,86.06,29.91,NA,NA,NA,37.75,28.21,16.68,9.67,44.58,10.63,91.29,40.41,43.77,NA,NA,NA,NA,NA,63.92,63.47,64.74,91.71,91.97,91.41,19.55,0,39.1,43.81,49.54,36.41,NA,45.71,97.15,97.15,26.08,26.08,33.45,31.4,12.95,29.93,49.58,22.52,20.76,0,10.28,34.79
VUT,Vanuatu,67.33,4.09,60.24,9.91,95.87,83.57,66.09,31.15,31.86,25.05,25.05,1.68,1.68,12.32,2.61,0.76,100,15.88,3.85,8.72,5.77,5.22,NA,12.26,86.42,99.23,79.42,32.33,99.18,100,86.19,33.72,31.62,37.62,60.65,61.19,59.98,63.85,72.38,55.32,51.7,14,100,NA,42.28,13.21,13.21,41.01,41.01,21.7,67.73,96.46,NA,57.88,48.7,38.58,37.6,100,34.1
VNM,Viet Nam,18.96,27.34,37.52,47.72,25.5,33.11,17,53.03,52.19,56.14,56.14,68.25,68.25,23.87,5.53,19.18,0,24.72,44.28,21.49,16.4,41.48,47.47,27.35,27.8,39.08,19.89,27.64,13.94,7.72,30.26,10.09,7.19,15.49,31.32,41.65,18.7,0,0,0,44.55,54.49,30.26,NA,59.44,40.76,40.76,15,15,10.14,46.91,31.68,0,55.89,10.52,15.11,0,7.57,23.82
ZMB,Zambia,37.42,8.46,44.31,77.39,49.61,43.51,13.85,20.3,22.92,46.17,46.17,6,6,77.2,NA,NA,NA,99.24,79.44,53.86,63.54,89.96,79.74,90.45,66.5,72.97,NA,NA,NA,NA,NA,13.8,9.46,21.85,79.86,71.01,90.66,37.25,26.88,47.61,43.06,29.72,54.38,NA,85.87,0.49,0.49,10.65,10.65,0,6.53,27.89,50,15.97,17.63,9,0,24.41,37.17
ZWE,Zimbabwe,60.05,10.62,42.4,93.28,50.02,54.93,18.05,21.5,21.52,50.8,50.8,42.81,42.81,67.04,NA,NA,NA,94,95.35,40.48,39.21,72.22,100,64.61,45.32,38.42,NA,NA,NA,NA,NA,10.76,14.28,4.23,79.71,75.64,84.69,66.53,55.02,78.04,42.36,30.8,52.02,NA,80.77,55.25,55.25,32.93,32.93,37.17,36.09,35.24,8.29,36.42,36.42,32.85,5.69,49.35,46.08
